1998-01-20,43.453125
1998-01-21,42.919010162353516
1998-01-22,42.55720138549805
1998-01-23,42.45378494262695
1998-01-26,42.626121520996094
1998-01-27,43.12575149536133
1998-01-28,43.62540817260742
1998-01-29,43.78046798706055
1998-01-30,43.6856803894043
1998-02-02,44.667816162109375
1998-02-03,45.021018981933594
1998-02-04,44.779781341552734
1998-02-05,44.788421630859375
1998-02-06,45.27088928222656
1998-02-09,45.08992385864258
1998-02-10,45.848052978515625
1998-02-11,45.848052978515625
1998-02-12,46.140926361083984
1998-02-13,46.11510467529297
1998-02-17,46.34774398803711
1998-02-18,46.65782165527344
1998-02-19,46.21849060058594
1998-02-20,46.46828079223633
1998-02-23,46.4510498046875
1998-02-24,46.31322479248047
1998-02-25,46.69232177734375
1998-02-26,46.950714111328125
1998-02-27,47.19192886352539
1998-03-02,47.260833740234375
1998-03-03,47.476234436035156
1998-03-04,47.157535552978516
1998-03-05,46.74396896362305
1998-03-06,47.43315505981445
1998-03-09,47.34701156616211
1998-03-10,47.812232971191406
1998-03-11,47.96726989746094
1998-03-12,47.907020568847656
1998-03-13,47.502098083496094
1998-03-16,48.2256965637207
1998-03-17,48.38941955566406
1998-03-18,48.51002883911133
1998-03-19,48.64786911010742
1998-03-20,49.1561164855957
1998-03-23,48.785736083984375
1998-03-24,49.31114959716797
1998-03-25,49.00107955932617
1998-03-26,48.86324691772461
1998-03-27,48.665042877197266
1998-03-30,48.60477066040039
1998-03-31,48.62201690673828
1998-04-01,49.0355224609375
1998-04-02,49.70748519897461
1998-04-03,49.673004150390625
1998-04-06,49.828067779541016
1998-04-07,49.561058044433594
1998-04-08,49.22502517700195
1998-04-09,49.828067779541016
1998-04-13,49.81084060668945
1998-04-14,50.41390609741211
1998-04-15,50.732608795166016
1998-04-16,50.20713424682617
1998-04-17,50.74981689453125
1998-04-20,50.524959564208984
1998-04-21,50.86223220825195
1998-04-22,50.82765197753906
1998-04-23,50.53361129760742
1998-04-24,50.10990905761719
1998-04-27,49.392250061035156
1998-04-28,49.245208740234375
1998-04-29,49.48736572265625
1998-04-30,50.291542053222656
1998-05-01,50.7238883972168
1998-05-04,50.81034469604492
1998-05-05,50.62876892089844
1998-05-06,49.96293640136719
1998-05-07,49.66029739379883
1998-05-08,50.32612991333008
1998-05-11,50.31748580932617
1998-05-12,50.87086868286133
1998-05-13,51.05246353149414
1998-05-14,50.81034469604492
1998-05-15,50.29758834838867
1998-05-18,50.150455474853516
1998-05-19,50.16777038574219
1998-05-20,50.8428840637207
1998-05-21,50.61787033081055
1998-05-22,50.53996276855469
1998-05-26,49.665733337402344
1998-05-27,49.665733337402344
1998-05-28,49.847530364990234
1998-05-29,49.21561050415039
1998-06-01,49.52725601196289
1998-06-02,49.276222229003906
1998-06-03,48.661685943603516
1998-06-04,49.241600036621094
1998-06-05,50.332210540771484
1998-06-08,50.36683654785156
1998-06-09,50.26300048828125
1998-06-10,49.7176399230957
1998-06-11,48.81747055053711
1998-06-12,49.059814453125
1998-06-15,47.64032745361328
1998-06-16,48.081756591796875
1998-06-17,49.11182403564453
1998-06-18,48.9213752746582
1998-06-19,48.341590881347656
1998-06-22,48.39362716674805
1998-06-23,49.061519622802734
1998-06-24,49.57331466674805
1998-06-25,49.79016876220703
1998-06-26,49.79016876220703
1998-06-29,50.03302001953125
1998-06-30,49.79016876220703
1998-07-01,50.29330062866211
1998-07-02,50.12845230102539
1998-07-06,50.65761184692383
1998-07-07,50.579524993896484
1998-07-08,51.04794692993164
1998-07-09,50.44941329956055
1998-07-10,50.64894104003906
1998-07-13,50.51012420654297
1998-07-14,51.31684494018555
1998-07-15,51.35154342651367
1998-07-16,51.77658462524414
1998-07-17,51.81127166748047
1998-07-20,51.6984977722168
1998-07-21,50.935115814208984
1998-07-22,50.74432373046875
1998-07-23,49.60797882080078
1998-07-24,49.65144348144531
1998-07-27,50.10244369506836
1998-07-28,49.52996826171875
1998-07-29,49.4171257019043
1998-07-30,50.09379196166992
1998-07-31,49.14824676513672
1998-08-03,48.749305725097656
1998-08-04,47.15317916870117
1998-08-05,47.5522575378418
1998-08-06,47.5522575378418
1998-08-07,47.829837799072266
1998-08-10,47.62161636352539
1998-08-11,46.84095764160156
1998-08-12,47.569549560546875
1998-08-13,46.788883209228516
1998-08-14,46.806209564208984
1998-08-17,47.60419845581055
1998-08-18,48.50638961791992
1998-08-19,48.280845642089844
1998-08-20,47.8818473815918
1998-08-21,47.62629318237305
1998-08-24,47.64366149902344
1998-08-25,47.80015182495117
1998-08-26,47.51326370239258
1998-08-27,45.0963134765625
1998-08-28,44.94852066040039
1998-08-31,41.66212463378906
1998-09-01,43.69656753540039
1998-09-02,43.27927017211914
1998-09-03,42.861907958984375
1998-09-04,42.77497482299805
1998-09-08,44.84421157836914
1998-09-09,43.62699508666992
1998-09-10,42.149017333984375
1998-09-11,43.800880432128906
1998-09-14,44.183448791503906
1998-09-15,44.67030334472656
1998-09-16,45.139766693115234
1998-09-17,43.835670471191406
1998-09-18,43.91379165649414
1998-09-21,44.157615661621094
1998-09-22,43.93996047973633
1998-09-23,45.620201110839844
1998-09-24,44.444862365722656
1998-09-25,44.64510726928711
1998-09-28,45.28938293457031
1998-09-29,44.95853042602539
1998-09-30,43.56559371948242
1998-10-01,42.4686164855957
1998-10-02,43.54814529418945
1998-10-05,43.025794982910156
1998-10-06,43.00837707519531
1998-10-07,43.09543228149414
1998-10-08,43.078041076660156
1998-10-09,44.12276077270508
1998-10-12,44.45360565185547
1998-10-13,44.1140251159668
1998-10-14,44.401363372802734
1998-10-15,46.73456954956055
1998-10-16,46.908721923828125
1998-10-19,47.15256118774414
1998-10-20,47.300514221191406
1998-10-21,47.39625549316406
1998-10-22,47.67489242553711
1998-10-23,46.978397369384766
1998-10-26,47.01316452026367
1998-10-27,46.647544860839844
1998-10-28,46.49955368041992
1998-10-29,47.60519790649414
1998-10-30,47.936058044433594
1998-11-02,48.73704147338867
1998-11-03,48.47581481933594
1998-11-04,49.16358184814453
1998-11-05,49.86882781982422
1998-11-06,50.07777786254883
1998-11-09,49.59890365600586
1998-11-10,49.38134002685547
1998-11-11,49.23329162597656
1998-11-12,49.38134002685547
1998-11-13,49.86882781982422
1998-11-16,50.33894348144531
1998-11-17,50.12996292114258
1998-11-18,50.52178955078125
1998-11-19,50.56529998779297
1998-11-20,51.18971252441406
1998-11-23,52.51526641845703
1998-11-24,51.95711898803711
1998-11-25,51.97456741333008
1998-11-27,52.044315338134766
1998-11-30,50.683895111083984
1998-12-01,50.93682098388672
1998-12-02,50.649051666259766
1998-12-03,49.576412200927734
1998-12-04,50.509544372558594
1998-12-07,50.649051666259766
1998-12-08,50.404842376708984
1998-12-09,50.26533889770508
1998-12-10,49.27116012573242
1998-12-11,49.09674835205078
1998-12-14,48.2857551574707
1998-12-15,49.236289978027344
1998-12-16,49.04443359375
1998-12-17,49.51535415649414
1998-12-18,49.599212646484375
1998-12-21,50.21070098876953
1998-12-22,50.50767135620117
1998-12-23,51.468570709228516
1998-12-24,51.48604202270508
1998-12-28,51.39871597290039
1998-12-29,52.26350402832031
1998-12-30,51.78302001953125
1998-12-31,51.171573638916016
1999-01-04,51.40741729736328
1999-01-05,52.114898681640625
1999-01-06,53.47768020629883
1999-01-07,53.25056076049805
1999-01-08,53.95814895629883
1999-01-11,53.862091064453125
1999-01-12,52.84871292114258
1999-01-13,52.18485641479492
1999-01-14,50.804710388183594
1999-01-15,52.341182708740234
1999-01-19,52.11368179321289
1999-01-20,52.42863845825195
1999-01-21,51.58864974975586
1999-01-22,51.13364028930664
1999-01-25,51.676212310791016
1999-01-26,52.481143951416016
1999-01-27,51.343753814697266
1999-01-28,51.78116989135742
1999-01-29,52.236148834228516
1999-02-01,52.27119827270508
1999-02-02,51.88620376586914
1999-02-03,52.56863784790039
1999-02-04,52.3586311340332
1999-02-05,52.11368179321289
1999-02-08,51.97366714477539
1999-02-09,51.16868209838867
1999-02-10,51.308650970458984
1999-02-11,52.6386833190918
1999-02-12,52.02617263793945
1999-02-16,51.91240310668945
1999-02-17,51.763671875
1999-02-18,52.09618377685547
1999-02-19,52.46070861816406
1999-02-22,53.67013931274414
1999-02-23,53.59995651245117
1999-02-24,52.653533935546875
1999-02-25,52.267906188964844
1999-02-26,52.1014289855957
1999-03-01,52.19783020019531
1999-03-02,52.32052230834961
1999-03-03,52.07514953613281
1999-03-04,53.266971588134766
1999-03-05,54.75687026977539
1999-03-08,54.66921615600586
1999-03-09,54.371299743652344
1999-03-10,54.932159423828125
1999-03-11,55.703399658203125
1999-03-12,55.32649230957031
1999-03-15,55.94002151489258
1999-03-16,55.77354431152344
1999-03-17,55.484291076660156
1999-03-18,56.26425552368164
1999-03-19,55.36550521850586
1999-03-22,55.68149948120117
1999-03-23,54.277183532714844
1999-03-24,54.400047302246094
1999-03-25,55.400604248046875
1999-03-26,55.20749282836914
1999-03-29,56.102787017822266
1999-03-30,55.76926040649414
1999-03-31,54.90911865234375
1999-04-01,55.19872283935547
1999-04-05,56.24314880371094
1999-04-06,55.96235275268555
1999-04-07,56.73472213745117
1999-04-08,57.33153533935547
1999-04-09,57.22624206542969
1999-04-12,58.14780044555664
1999-04-13,58.490150451660156
1999-04-14,58.6130485534668
1999-04-15,58.893924713134766
1999-04-16,58.728431701660156
1999-04-19,58.640625
1999-04-20,58.69327926635742
1999-04-21,59.83445739746094
1999-04-22,60.378822326660156
1999-04-23,60.1680793762207
1999-04-26,60.2558708190918
1999-04-27,60.88798904418945
1999-04-28,60.826507568359375
1999-04-29,61.11617660522461
1999-04-30,60.466522216796875
1999-05-03,61.923824310302734
1999-05-04,61.3795280456543
1999-05-05,61.449764251708984
1999-05-06,61.519981384277344
1999-05-07,62.04670333862305
1999-05-10,61.800926208496094
1999-05-11,61.923824310302734
1999-05-12,61.888702392578125
1999-05-13,62.503196716308594
1999-05-14,61.309326171875
1999-05-17,61.09861373901367
1999-05-18,61.1425666809082
1999-05-19,61.27418518066406
1999-05-20,61.13377380371094
1999-05-21,60.945919036865234
1999-05-24,59.890323638916016
1999-05-25,59.151329040527344
1999-05-26,60.2421760559082
1999-05-27,59.04580307006836
1999-05-28,59.19528579711914
1999-06-01,59.731964111328125
1999-06-02,59.6352424621582
1999-06-03,60.101402282714844
1999-06-04,60.92840576171875
1999-06-07,61.3505744934082
1999-06-08,60.664451599121094
1999-06-09,60.31257247924805
1999-06-10,59.802391052246094
1999-06-11,59.09859085083008
1999-06-14,59.50327682495117
1999-06-15,59.87276077270508
1999-06-16,60.68203353881836
1999-06-17,61.20988082885742
1999-06-18,61.13494873046875
1999-06-21,60.941131591796875
1999-06-22,60.3951530456543
1999-06-23,60.025306701660156
1999-06-24,59.53213882446289
1999-06-25,59.593788146972656
1999-06-28,60.13092803955078
1999-06-29,60.65932846069336
1999-06-30,61.645729064941406
1999-07-01,62.40302658081055
1999-07-02,62.93149948120117
1999-07-06,62.7905158996582
1999-07-07,62.87865447998047
1999-07-08,62.64957809448242
1999-07-09,63.16040802001953
1999-07-12,63.03710174560547
1999-07-13,63.07236862182617
1999-07-14,62.93149948120117
1999-07-15,62.95786666870117
1999-07-16,63.16146469116211
1999-07-19,63.01177215576172
1999-07-20,61.82244873046875
1999-07-21,61.98105239868164
1999-07-22,61.69915008544922
1999-07-23,61.487754821777344
1999-07-26,61.13538360595703
1999-07-27,61.804874420166016
1999-07-28,61.69915008544922
1999-07-29,60.765323638916016
1999-07-30,59.95492935180664
1999-08-02,60.078285217285156
1999-08-03,60.166358947753906
1999-08-04,60.131099700927734
1999-08-05,61.082523345947266
1999-08-06,60.377750396728516
1999-08-09,60.39540100097656
1999-08-10,60.183956146240234
1999-08-11,60.888694763183594
1999-08-12,60.83586883544922
1999-08-13,62.016239166259766
1999-08-16,62.38628387451172
1999-08-17,62.72102737426758
1999-08-18,61.954586029052734
1999-08-19,61.87527847290039
1999-08-20,62.79920959472656
1999-08-23,64.0085678100586
1999-08-24,63.80555725097656
1999-08-25,64.19397735595703
1999-08-26,63.311187744140625
1999-08-27,62.71084976196289
1999-08-30,61.61628723144531
1999-08-31,61.15724182128906
1999-09-01,61.89883041381836
1999-09-02,61.245513916015625
1999-09-03,62.88745880126953
1999-09-07,62.28720474243164
1999-09-08,62.322479248046875
1999-09-09,62.4637451171875
1999-09-10,62.322479248046875
1999-09-13,62.322479248046875
1999-09-14,61.77516174316406
1999-09-15,60.9454231262207
1999-09-16,60.75114822387695
1999-09-17,61.30257797241211
1999-09-20,61.10809326171875
1999-09-21,59.87079620361328
1999-09-22,59.47304153442383
1999-09-23,58.08537673950195
1999-09-24,58.05888748168945
1999-09-27,58.315223693847656
1999-09-28,58.120784759521484
1999-09-29,57.69657516479492
1999-09-30,58.61576843261719
1999-10-01,58.03240966796875
1999-10-04,59.05763626098633
1999-10-05,58.8366813659668
1999-10-06,59.88842010498047
1999-10-07,59.5437126159668
1999-10-08,60.29495620727539
1999-10-11,60.171268463134766
1999-10-12,58.95160675048828
1999-10-13,57.731834411621094
1999-10-14,58.05009841918945
1999-10-15,56.584007263183594
1999-10-18,57.22055435180664
1999-10-19,57.82170486450195
1999-10-20,58.68816375732422
1999-10-21,58.529052734375
1999-10-22,59.130252838134766
1999-10-25,58.49366760253906
1999-10-26,58.10465621948242
1999-10-27,58.98883819580078
1999-10-28,60.29731369018555
1999-10-29,60.86308670043945
1999-11-01,60.261898040771484
1999-11-02,59.80215072631836
1999-11-03,60.102725982666016
1999-11-04,60.33269500732422
1999-11-05,60.84544372558594
1999-11-08,60.75705337524414
1999-11-09,60.155845642089844
1999-11-10,59.9790153503418
1999-11-11,60.032073974609375
1999-11-12,61.146018981933594
1999-11-15,61.00457000732422
1999-11-16,62.198158264160156
1999-11-17,61.80031967163086
1999-11-18,62.53416061401367
1999-11-19,62.35841751098633
1999-11-22,62.98725891113281
1999-11-23,62.40267562866211
1999-11-24,62.42927169799805
1999-11-26,62.030731201171875
1999-11-29,62.09274673461914
1999-11-30,61.60563278198242
1999-12-01,62.40267562866211
1999-12-02,62.69495391845703
1999-12-03,64.02349853515625
1999-12-06,63.62492752075195
1999-12-07,63.03156661987305
1999-12-08,62.615325927734375
1999-12-09,63.128944396972656
1999-12-10,63.74885559082031
1999-12-13,63.6071891784668
1999-12-14,63.37693786621094
1999-12-15,63.63375473022461
1999-12-16,63.713470458984375
1999-12-17,64.00524139404297
1999-12-20,63.225154876708984
1999-12-21,63.579708099365234
1999-12-22,63.65065383911133
1999-12-23,64.95379638671875
1999-12-27,64.74986267089844
1999-12-28,65.28182220458984
1999-12-29,65.17539978027344
1999-12-30,64.93599700927734
1999-12-31,65.35270690917969
2000-01-03,64.39524841308594
2000-01-04,62.27650451660156
2000-01-05,63.08326721191406
2000-01-06,63.40243148803711
2000-01-07,65.52997589111328
2000-01-10,65.81369018554688
2000-01-11,65.32615661621094
2000-01-12,65.4945068359375
2000-01-13,65.7427749633789
2000-01-14,66.66473388671875
2000-01-18,65.65412139892578
2000-01-19,65.56549835205078
2000-01-20,64.52826690673828
2000-01-21,64.04749298095703
2000-01-24,62.45069122314453
2000-01-25,62.64589309692383
2000-01-26,62.71684646606445
2000-01-27,62.71684646606445
2000-01-28,60.978145599365234
2000-01-31,62.1668586730957
2000-02-01,62.61039733886719
2000-02-02,62.2733268737793
2000-02-03,62.73453903198242
2000-02-04,62.308780670166016
2000-02-07,61.741058349609375
2000-02-08,62.06045913696289
2000-02-09,60.69425582885742
2000-02-10,60.74747848510742
2000-02-11,59.32817840576172
2000-02-14,59.89591979980469
2000-02-15,60.995914459228516
2000-02-16,60.073299407958984
2000-02-17,59.4878044128418
2000-02-18,58.122352600097656
2000-02-22,58.442108154296875
2000-02-23,58.122352600097656
2000-02-24,57.980247497558594
2000-02-25,56.026248931884766
2000-02-28,56.92328643798828
2000-02-29,57.73153305053711
2000-03-01,57.767051696777344
2000-03-02,57.80257034301758
2000-03-03,59.04595184326172
2000-03-06,57.820343017578125
2000-03-07,55.706504821777344
2000-03-08,55.972957611083984
2000-03-09,57.029876708984375
2000-03-10,56.59467315673828
2000-03-13,56.63020706176758
2000-03-14,55.972957611083984
2000-03-15,57.767051696777344
2000-03-16,60.69811248779297
2000-03-17,60.41435241699219
2000-03-20,60.805782318115234
2000-03-21,62.12224197387695
2000-03-22,61.810855865478516
2000-03-23,63.26079559326172
2000-03-24,63.26079559326172
2000-03-27,62.51359939575195
2000-03-28,62.2645263671875
2000-03-29,63.04732894897461
2000-03-30,62.65584945678711
2000-03-31,62.3001708984375
2000-04-03,64.15036010742188
2000-04-04,63.58101272583008
2000-04-05,62.833805084228516
2000-04-06,63.42980194091797
2000-04-07,63.13624954223633
2000-04-10,63.79450607299805
2000-04-11,64.47049713134766
2000-04-12,62.913875579833984
2000-04-13,62.06886291503906
2000-04-14,58.35967254638672
2000-04-17,60.343231201171875
2000-04-18,60.94810104370117
2000-04-19,60.805782318115234
2000-04-20,61.9526481628418
2000-04-24,62.00604248046875
2000-04-25,63.376461029052734
2000-04-26,62.07722473144531
2000-04-27,61.721290588378906
2000-04-28,61.25859069824219
2000-05-01,61.578887939453125
2000-05-02,60.97374725341797
2000-05-03,59.692359924316406
2000-05-04,59.40760803222656
2000-05-05,60.27976608276367
2000-05-08,60.33307647705078
2000-05-09,60.01274871826172
2000-05-10,58.83808898925781
2000-05-11,60.22634506225586
2000-05-12,60.5109977722168
2000-05-15,61.623374938964844
2000-05-16,62.25523376464844
2000-05-17,61.36530303955078
2000-05-18,61.1873664855957
2000-05-19,60.78459548950195
2000-05-22,60.1964225769043
2000-05-23,59.5724983215332
2000-05-24,60.14291763305664
2000-05-25,59.03776550292969
2000-05-26,58.82382583618164
2000-05-30,60.14291763305664
2000-05-31,60.07162094116211
2000-06-01,60.74897384643555
2000-06-02,61.32831954956055
2000-06-05,61.74723815917969
2000-06-06,61.39961624145508
2000-06-07,61.80071258544922
2000-06-08,60.90945053100586
2000-06-09,60.61527633666992
2000-06-12,60.303348541259766
2000-06-13,60.74897384643555
2000-06-14,61.176780700683594
2000-06-15,60.945068359375
2000-06-16,59.64949417114258
2000-06-19,60.26477813720703
2000-06-20,59.78325271606445
2000-06-21,59.89026641845703
2000-06-22,59.35521697998047
2000-06-23,59.6048583984375
2000-06-26,60.478824615478516
2000-06-27,60.139923095703125
2000-06-28,60.139923095703125
2000-06-29,59.49785614013672
2000-06-30,59.569217681884766
2000-07-03,60.478824615478516
2000-07-05,59.925899505615234
2000-07-06,59.97941589355469
2000-07-07,60.683921813964844
2000-07-10,60.78196716308594
2000-07-11,61.21001434326172
2000-07-12,61.531002044677734
2000-07-13,61.63811111450195
2000-07-14,61.78078079223633
2000-07-17,61.63811111450195
2000-07-18,61.42403793334961
2000-07-19,61.174373626708984
2000-07-20,62.262306213378906
2000-07-21,61.15365219116211
2000-07-24,61.04646682739258
2000-07-25,61.0286979675293
2000-07-26,60.296363830566406
2000-07-27,60.599979400634766
2000-07-28,60.0106086730957
2000-07-31,60.0106086730957
2000-08-01,60.58216857910156
2000-08-02,61.15365219116211
2000-08-03,61.11800003051758
2000-08-04,61.43943405151367
2000-08-07,62.08237075805664
2000-08-08,62.67182540893555
2000-08-09,62.36821365356445
2000-08-10,62.42177200317383
2000-08-11,63.064693450927734
2000-08-14,63.850555419921875
2000-08-15,63.40408706665039
2000-08-16,63.47548294067383
2000-08-17,63.35045623779297
2000-08-18,63.18787384033203
2000-08-21,63.58122253417969
2000-08-22,63.8226432800293
2000-08-23,63.7957763671875
2000-08-24,64.0997314453125
2000-08-25,64.21595001220703
2000-08-28,64.4752426147461
2000-08-29,64.38578033447266
2000-08-30,63.59910583496094
2000-08-31,64.3499984741211
2000-09-01,64.38578033447266
2000-09-05,64.57351684570312
2000-09-06,64.76136779785156
2000-09-07,64.52879333496094
2000-09-08,64.1354751586914
2000-09-11,64.15337371826172
2000-09-12,64.60034942626953
2000-09-13,64.1175537109375
2000-09-14,63.59980010986328
2000-09-15,62.44508361816406
2000-09-18,62.015403747558594
2000-09-19,61.85428237915039
2000-09-20,61.26350402832031
2000-09-21,60.86962127685547
2000-09-22,62.301795959472656
2000-09-25,61.9259147644043
2000-09-26,60.815860748291016
2000-09-27,61.021728515625
2000-09-28,62.069095611572266
2000-09-29,61.08441925048828
2000-10-02,61.35297775268555
2000-10-03,61.31718826293945
2000-10-04,61.80952072143555
2000-10-05,61.56782150268555
2000-10-06,60.833770751953125
2000-10-09,60.61003112792969
2000-10-10,60.099796295166016
2000-10-11,59.8133659362793
2000-10-12,57.503875732421875
2000-10-13,58.36322021484375
2000-10-16,58.837646484375
2000-10-17,57.62922668457031
2000-10-18,57.16374206542969
2000-10-19,58.345306396484375
2000-10-20,58.72629928588867
2000-10-23,59.165550231933594
2000-10-24,59.33585739135742
2000-10-25,59.02211380004883
2000-10-26,59.47926712036133
2000-10-27,60.91333770751953
2000-10-30,62.06060028076172
2000-10-31,62.75975799560547
2000-11-01,62.6163330078125
2000-11-02,62.320533752441406
2000-11-03,62.0786247253418
2000-11-06,63.11819839477539
2000-11-07,62.95695877075195
2000-11-08,62.39225769042969
2000-11-09,62.0786247253418
2000-11-10,60.877498626708984
2000-11-13,60.48308181762695
2000-11-14,61.55869674682617
2000-11-15,61.55869674682617
2000-11-16,61.16429901123047
2000-11-17,61.01810073852539
2000-11-20,60.12955856323242
2000-11-21,60.52446365356445
2000-11-22,59.66289520263672
2000-11-24,60.34501647949219
2000-11-27,60.811676025390625
2000-11-28,60.47063446044922
2000-11-29,60.8654899597168
2000-11-30,59.96807861328125
2000-12-01,59.6270751953125
2000-12-04,60.8654899597168
2000-12-05,62.57071304321289
2000-12-06,61.29631423950195
2000-12-07,60.87446594238281
2000-12-08,60.03981399536133
2000-12-11,61.798866271972656
2000-12-12,62.10396194458008
2000-12-13,62.068111419677734
2000-12-14,61.269378662109375
2000-12-15,59.66664123535156
2000-12-18,61.319828033447266
2000-12-19,60.726837158203125
2000-12-20,59.1994743347168
2000-12-21,60.34050369262695
2000-12-22,61.50850296020508
2000-12-26,61.814002990722656
2000-12-27,62.35300064086914
2000-12-28,62.5327033996582
2000-12-29,61.40068817138672
2001-01-02,61.18508529663086
2001-01-03,62.98197555541992
2001-01-04,62.81127166748047
2001-01-05,61.1131477355957
2001-01-08,61.13111114501953
2001-01-09,60.62801742553711
2001-01-10,61.29283905029297
2001-01-11,60.91549301147461
2001-01-12,60.57405090332031
2001-01-16,61.20308303833008
2001-01-17,60.933502197265625
2001-01-18,61.36476135253906
2001-01-19,60.76762008666992
2001-01-22,61.09148406982422
2001-01-23,61.30731201171875
2001-01-24,61.21734619140625
2001-01-25,61.774993896484375
2001-01-26,61.37928009033203
2001-01-29,61.65269470214844
2001-01-30,62.59108352661133
2001-01-31,62.55646514892578
2001-02-01,63.333683013916016
2001-02-02,62.53342056274414
2001-02-05,63.20695495605469
2001-02-06,63.08037185668945
2001-02-07,63.103336334228516
2001-02-08,62.59108352661133
2001-02-09,62.18230056762695
2001-02-12,63.10909652709961
2001-02-13,62.907676696777344
2001-02-14,62.33199691772461
2001-02-15,62.94221115112305
2001-02-16,62.35128402709961
2001-02-20,61.94767379760742
2001-02-21,60.70814514160156
2001-02-22,60.909912109375
2001-02-23,60.2757453918457
2001-02-26,61.51530075073242
2001-02-27,61.457618713378906
2001-02-28,60.53519821166992
2001-03-01,60.35067367553711
2001-03-02,60.419864654541016
2001-03-05,60.863807678222656
2001-03-06,61.19816589355469
2001-03-07,61.94767379760742
2001-03-08,62.616455078125
2001-03-09,61.19816589355469
2001-03-12,58.74796676635742
2001-03-13,59.301448822021484
2001-03-14,57.76206588745117
2001-03-15,57.88313674926758
2001-03-16,56.804039001464844
2001-03-19,57.59503936767578
2001-03-20,55.984134674072266
2001-03-21,54.736915588378906
2001-03-22,53.95750045776367
2001-03-23,55.025634765625
2001-03-26,56.12271499633789
2001-03-27,57.27169418334961
2001-03-28,56.3883056640625
2001-03-29,56.66545104980469
2001-03-30,57.242862701416016
2001-04-02,56.23240661621094
2001-04-03,54.448280334472656
2001-04-04,55.031429290771484
2001-04-05,57.38722229003906
2001-04-06,56.70012283325195
2001-04-09,57.05810546875
2001-04-10,58.299468994140625
2001-04-11,57.843292236328125
2001-04-12,58.72098922729492
2001-04-16,58.30522918701172
2001-04-17,59.03852081298828
2001-04-18,61.4462776184082
2001-04-19,61.88511657714844
2001-04-20,61.223419189453125
2001-04-23,60.76117706298828
2001-04-24,60.55891799926758
2001-04-25,61.518157958984375
2001-04-26,61.84175491333008
2001-04-27,62.54096221923828
2001-04-30,61.95734405517578
2001-05-01,62.985904693603516
2001-05-02,62.80672073364258
2001-05-03,62.48893356323242
2001-05-04,63.448204040527344
2001-05-07,63.113006591796875
2001-05-08,62.87612533569336
2001-05-09,62.76048278808594
2001-05-10,63.13612747192383
2001-05-11,62.714298248291016
2001-05-14,62.980125427246094
2001-05-15,63.113006591796875
2001-05-16,64.98526000976562
2001-05-17,65.22794342041016
2001-05-18,65.48784637451172
2001-05-21,65.57471466064453
2001-05-22,65.21001434326172
2001-05-23,64.3013916015625
2001-05-24,64.4055404663086
2001-05-25,63.75156021118164
2001-05-29,63.9019889831543
2001-05-30,63.08592987060547
2001-05-31,63.13227081298828
2001-06-01,63.92512512207031
2001-06-04,64.05249786376953
2001-06-05,64.7990951538086
2001-06-06,64.27242279052734
2001-06-07,64.19139099121094
2001-06-08,63.5200080871582
2001-06-11,63.28849411010742
2001-06-12,63.392669677734375
2001-06-13,62.975982666015625
2001-06-14,61.696922302246094
2001-06-15,61.818511962890625
2001-06-18,61.99241256713867
2001-06-19,61.51728820800781
2001-06-20,61.83594512939453
2001-06-21,62.0734748840332
2001-06-22,61.55201721191406
2001-06-25,60.86836624145508
2001-06-26,60.61347198486328
2001-06-27,60.5439453125
2001-06-28,61.23341751098633
2001-06-29,60.97269058227539
2001-07-02,61.53464126586914
2001-07-03,61.44195556640625
2001-07-05,60.630882263183594
2001-07-06,59.41999816894531
2001-07-09,59.5880012512207
2001-07-10,58.9622802734375
2001-07-11,59.4141731262207
2001-07-12,60.92051315307617
2001-07-13,61.227630615234375
2001-07-16,60.862613677978516
2001-07-17,61.499855041503906
2001-07-18,61.18130111694336
2001-07-19,61.64472961425781
2001-07-20,61.36287307739258
2001-07-23,60.26091003417969
2001-07-24,59.53590774536133
2001-07-25,60.28987503051758
2001-07-26,60.690040588378906
2001-07-27,60.5218620300293
2001-07-30,60.35947799682617
2001-07-31,60.916263580322266
2001-08-01,61.067039489746094
2001-08-02,61.24688720703125
2001-08-03,61.119285583496094
2001-08-06,60.28409957885742
2001-08-07,60.64360427856445
2001-08-08,59.71569061279297
2001-08-09,59.825889587402344
2001-08-10,60.45222473144531
2001-08-13,60.429107666015625
2001-08-14,60.49871826171875
2001-08-15,60.06948471069336
2001-08-16,60.463905334472656
2001-08-17,59.51629638671875
2001-08-20,60.143409729003906
2001-08-21,58.93561553955078
2001-08-22,59.73691177368164
2001-08-23,59.48720169067383
2001-08-24,60.75300598144531
2001-08-27,60.33496856689453
2001-08-28,59.41175842285156
2001-08-29,58.75566101074219
2001-08-30,57.634986877441406
2001-08-31,57.99497604370117
2001-09-04,58.0472297668457
2001-09-05,58.389793395996094
2001-09-06,57.10664367675781
2001-09-07,55.654964447021484
2001-09-10,56.00333786010742
2001-09-17,51.73560333251953
2001-09-18,51.909793853759766
2001-09-19,50.78915023803711
2001-09-20,48.571083068847656
2001-09-21,48.1870231628418
2001-09-24,50.165645599365234
2001-09-25,50.57305908203125
2001-09-26,50.078399658203125
2001-09-27,50.48578643798828
2001-09-28,51.41691970825195
2001-10-01,51.60895538330078
2001-10-02,52.20254135131836
2001-10-03,53.07551956176758
2001-10-04,52.90092086791992
2001-10-05,53.028968811035156
2001-10-08,52.784515380859375
2001-10-09,52.7437858581543
2001-10-10,53.861167907714844
2001-10-11,54.8214111328125
2001-10-12,54.4664192199707
2001-10-15,54.45475769042969
2001-10-16,54.675987243652344
2001-10-17,53.54692077636719
2001-10-18,53.53526306152344
2001-10-19,53.540523529052734
2001-10-22,54.793113708496094
2001-10-23,54.53097915649414
2001-10-24,54.44357681274414
2001-10-25,55.33491134643555
2001-10-26,55.486385345458984
2001-10-29,54.21631622314453
2001-10-30,53.10353088378906
2001-10-31,52.82974624633789
2001-11-01,53.89004135131836
2001-11-02,54.420230865478516
2001-11-05,55.05527114868164
2001-11-06,56.01654052734375
2001-11-07,55.783531188964844
2001-11-08,56.06314468383789
2001-11-09,56.109718322753906
2001-11-12,55.65530776977539
2001-11-13,56.977806091308594
2001-11-14,57.41474914550781
2001-11-15,57.75851058959961
2001-11-16,57.680931091308594
2001-11-19,58.39854049682617
2001-11-20,57.83256530761719
2001-11-21,57.40674591064453
2001-11-23,58.28184127807617
2001-11-26,58.22346496582031
2001-11-27,57.710060119628906
2001-11-28,56.764976501464844
2001-11-29,57.640132904052734
2001-11-30,57.517578125
2001-12-03,57.056640625
2001-12-04,58.019264221191406
2001-12-05,59.0402717590332
2001-12-06,59.09861373901367
2001-12-07,58.86524200439453
2001-12-10,57.99006652832031
2001-12-11,57.78594970703125
2001-12-12,57.89094924926758
2001-12-13,56.940032958984375
2001-12-14,57.523406982421875
2001-12-17,57.931785583496094
2001-12-18,58.573524475097656
2001-12-19,59.016841888427734
2001-12-20,58.462650299072266
2001-12-21,58.756771087646484
2001-12-24,58.75089645385742
2001-12-26,59.12508010864258
2001-12-27,59.335548400878906
2001-12-28,59.14261245727539
2001-12-31,58.34749984741211
2002-01-02,58.96135711669922
2002-01-03,59.60445785522461
2002-01-04,60.113162994384766
2002-01-07,59.71555709838867
2002-01-08,59.48167037963867
2002-01-09,58.967220306396484
2002-01-10,58.99059295654297
2002-01-11,58.50541687011719
2002-01-14,57.96748733520508
2002-01-15,58.172096252441406
2002-01-16,56.792362213134766
2002-01-17,57.429588317871094
2002-01-18,57.288612365722656
2002-01-22,56.92580795288086
2002-01-23,56.99602508544922
2002-01-24,57.39393997192383
2002-01-25,57.62797927856445
2002-01-28,57.862022399902344
2002-01-29,56.28790283203125
2002-01-30,57.25345993041992
2002-01-31,58.072757720947266
2002-02-01,58.09614181518555
2002-02-04,56.76190185546875
2002-02-05,56.644893646240234
2002-02-06,56.545345306396484
2002-02-07,56.2762565612793
2002-02-08,57.12470626831055
2002-02-11,57.8444938659668
2002-02-12,57.80940628051758
2002-02-13,58.54673385620117
2002-02-14,58.69297409057617
2002-02-15,58.0982666015625
2002-02-19,57.14310836791992
2002-02-20,58.49083709716797
2002-02-21,57.647071838378906
2002-02-22,58.58464050292969
2002-02-25,59.539703369140625
2002-02-26,59.25263977050781
2002-02-27,59.56313705444336
2002-02-28,59.2408447265625
2002-03-01,60.84642028808594
2002-03-04,62.06523895263672
2002-03-05,61.39725875854492
2002-03-06,62.07109832763672
2002-03-07,61.889427185058594
2002-03-08,62.10624694824219
2002-03-11,62.176536560058594
2002-03-12,62.48125457763672
2002-03-13,61.71361541748047
2002-03-14,61.748756408691406
2002-03-15,62.293975830078125
2002-03-18,62.00056076049805
2002-03-19,62.610870361328125
2002-03-20,61.583892822265625
2002-03-21,61.36671447753906
2002-03-22,61.167213439941406
2002-03-25,60.44544219970703
2002-03-26,60.89723587036133
2002-03-27,61.2083625793457
2002-03-28,60.86204528808594
2002-04-01,60.65669631958008
2002-04-02,60.539337158203125
2002-04-03,60.05807876586914
2002-04-04,59.9935188293457
2002-04-05,60.410213470458984
2002-04-08,60.269371032714844
2002-04-09,60.016998291015625
2002-04-10,60.97359085083008
2002-04-11,59.711856842041016
2002-04-12,59.85270690917969
2002-04-15,59.28346633911133
2002-04-16,60.52752685546875
2002-04-17,60.09910202026367
2002-04-18,59.84682083129883
2002-04-19,60.26268005371094
2002-04-22,59.54603576660156
2002-04-23,59.393348693847656
2002-04-24,58.88237380981445
2002-04-25,59.02923583984375
2002-04-26,58.05421829223633
2002-04-29,57.67826461791992
2002-04-30,58.43599319458008
2002-05-01,59.28766632080078
2002-05-02,59.35820770263672
2002-05-03,58.712059020996094
2002-05-06,57.61953353881836
2002-05-07,57.67826461791992
2002-05-08,59.48736572265625
2002-05-09,59.02923583984375
2002-05-10,58.43599319458008
2002-05-13,59.46382522583008
2002-05-14,60.556365966796875
2002-05-15,60.45648956298828
2002-05-16,60.60335922241211
2002-05-17,60.830894470214844
2002-05-20,60.2780876159668
2002-05-21,59.625221252441406
2002-05-22,59.74873352050781
2002-05-23,60.142765045166016
2002-05-24,59.41350173950195
2002-05-28,58.895965576171875
2002-05-29,58.43130111694336
2002-05-30,58.42546844482422
2002-05-31,58.372520446777344
2002-06-03,57.01982879638672
2002-06-04,57.113914489746094
2002-06-05,57.772605895996094
2002-06-06,56.7728157043457
2002-06-07,56.59046936035156
2002-06-10,56.86692428588867
2002-06-11,56.09056091308594
2002-06-12,56.74928665161133
2002-06-13,56.09648132324219
2002-06-14,55.8729362487793
2002-06-17,57.0903434753418
2002-06-18,57.57854080200195
2002-06-19,56.34931945800781
2002-06-20,55.56123352050781
2002-06-21,54.69038772583008
2002-06-24,54.884849548339844
2002-06-25,53.71818542480469
2002-06-26,53.75353240966797
2002-06-27,54.713932037353516
2002-06-28,54.5195426940918
2002-07-01,53.65340805053711
2002-07-02,53.17612075805664
2002-07-03,53.399986267089844
2002-07-05,55.48588943481445
2002-07-08,54.772865295410156
2002-07-09,53.7299690246582
2002-07-10,52.027164459228516
2002-07-11,51.932857513427734
2002-07-12,51.05500411987305
2002-07-15,51.137474060058594
2002-07-16,50.11227798461914
2002-07-17,50.35380935668945
2002-07-18,49.40515899658203
2002-07-19,47.21726608276367
2002-07-22,46.072227478027344
2002-07-23,45.54695510864258
2002-07-24,48.45673370361328
2002-07-25,48.26782989501953
2002-07-26,48.89936065673828
2002-07-29,51.1834716796875
2002-07-30,51.37830352783203
2002-07-31,51.437286376953125
2002-08-01,50.09158706665039
2002-08-02,49.10597229003906
2002-08-05,47.4946403503418
2002-08-06,48.98787307739258
2002-08-07,49.96173858642578
2002-08-08,51.496315002441406
2002-08-09,51.70289611816406
2002-08-12,51.342899322509766
2002-08-13,50.138832092285156
2002-08-14,51.62615966796875
2002-08-15,52.1337776184082
2002-08-16,51.84413528442383
2002-08-19,53.138370513916016
2002-08-20,52.59467697143555
2002-08-21,53.1561164855957
2002-08-22,53.55790328979492
2002-08-23,52.4292106628418
2002-08-26,52.78974533081055
2002-08-27,52.2992057800293
2002-08-28,51.4600715637207
2002-08-29,51.26504898071289
2002-08-30,51.1291618347168
2002-09-03,49.14354705810547
2002-09-04,49.72270584106445
2002-09-05,49.285396575927734
2002-09-06,49.94723892211914
2002-09-09,50.337284088134766
2002-09-10,51.11140441894531
2002-09-11,50.63270950317383
2002-09-12,49.72270584106445
2002-09-13,49.362205505371094
2002-09-16,49.728599548339844
2002-09-17,48.55260467529297
2002-09-18,48.11528396606445
2002-09-19,47.06339645385742
2002-09-20,47.19191360473633
2002-09-23,46.676597595214844
2002-09-24,45.65182876586914
2002-09-25,46.593624114990234
2002-09-26,47.274864196777344
2002-09-27,45.521541595458984
2002-09-30,45.01803207397461
2002-10-01,47.38741683959961
2002-10-02,46.15531921386719
2002-10-03,45.83550262451172
2002-10-04,44.99431610107422
2002-10-07,44.27168655395508
2002-10-08,44.65666961669922
2002-10-09,43.31206512451172
2002-10-10,44.67447280883789
2002-10-11,46.789154052734375
2002-10-14,46.759525299072266
2002-10-15,49.045963287353516
2002-10-16,47.86127853393555
2002-10-17,49.06966018676758
2002-10-18,49.28615188598633
2002-10-21,50.662071228027344
2002-10-22,50.252872467041016
2002-10-23,50.5494384765625
2002-10-24,49.244606018066406
2002-10-25,50.19355773925781
2002-10-28,49.837677001953125
2002-10-29,49.64790344238281
2002-10-30,50.027462005615234
2002-10-31,49.671634674072266
2002-11-01,50.59088897705078
2002-11-04,50.828155517578125
2002-11-05,51.539913177490234
2002-11-06,52.221954345703125
2002-11-07,51.035762786865234
2002-11-08,50.579105377197266
2002-11-11,49.796173095703125
2002-11-12,49.997833251953125
2002-11-13,50.17572021484375
2002-11-14,50.79850387573242
2002-11-15,51.03989028930664
2002-11-18,50.48102951049805
2002-11-19,50.570228576660156
2002-11-20,51.68199920654297
2002-11-21,52.7580451965332
2002-11-22,52.43111801147461
2002-11-25,52.60346221923828
2002-11-26,51.664119720458984
2002-11-27,53.22780227661133
2002-11-29,52.85321044921875
2002-12-02,52.835323333740234
2002-12-03,52.276493072509766
2002-12-04,52.16949462890625
2002-12-05,51.49766159057617
2002-12-06,51.622535705566406
2002-12-09,50.39188766479492
2002-12-10,50.98043441772461
2002-12-11,51.1231575012207
2002-12-12,50.92097854614258
2002-12-13,50.16001510620117
2002-12-16,51.54522705078125
2002-12-17,50.873443603515625
2002-12-18,50.415645599365234
2002-12-19,49.94596862792969
2002-12-20,50.8697624206543
2002-12-23,50.74460983276367
2002-12-24,50.44063949584961
2002-12-26,50.39299011230469
2002-12-27,49.445335388183594
2002-12-30,49.67776870727539
2002-12-31,49.77314758300781
2003-01-02,51.364524841308594
2003-01-03,51.47174072265625
2003-01-06,52.252498626708984
2003-01-07,52.28234100341797
2003-01-08,51.35851287841797
2003-01-09,52.318092346191406
2003-01-10,52.443294525146484
2003-01-13,52.502845764160156
2003-01-14,52.711483001708984
2003-01-15,52.258522033691406
2003-01-16,52.032039642333984
2003-01-17,51.35747146606445
2003-01-21,50.504634857177734
2003-01-22,49.717281341552734
2003-01-23,49.76504135131836
2003-01-24,48.54833984375
2003-01-27,47.802818298339844
2003-01-28,48.16665267944336
2003-01-29,48.357505798339844
2003-01-30,47.29587173461914
2003-01-31,48.21432876586914
2003-02-03,48.3813362121582
2003-02-04,47.99964141845703
2003-02-05,47.78493881225586
2003-02-06,47.51655960083008
2003-02-07,47.0274658203125
2003-02-10,47.37339401245117
2003-02-11,46.93799591064453
2003-02-12,46.35947799682617
2003-02-13,46.532432556152344
2003-02-14,47.47480392456055
2003-02-18,48.220298767089844
2003-02-19,48.03546142578125
2003-02-20,47.48674392700195
2003-02-21,48.00661087036133
2003-02-24,47.091312408447266
2003-02-25,47.46220397949219
2003-02-26,46.8220329284668
2003-02-27,47.28870391845703
2003-02-28,47.45021057128906
2003-03-03,47.01945495605469
2003-03-04,46.22373962402344
2003-03-05,46.57075881958008
2003-03-06,45.99040985107422
2003-03-07,46.397216796875
2003-03-10,45.3382568359375
2003-03-11,45.08100509643555
2003-03-12,45.320289611816406
2003-03-13,46.929744720458984
2003-03-14,47.240821838378906
2003-03-17,48.73652648925781
2003-03-18,49.14340591430664
2003-03-19,49.61005401611328
2003-03-20,49.72968673706055
2003-03-21,50.99606704711914
2003-03-24,49.26483917236328
2003-03-25,49.60629653930664
2003-03-26,49.34870910644531
2003-03-27,49.139076232910156
2003-03-28,48.863529205322266
2003-03-31,47.8151969909668
2003-04-01,48.3962516784668
2003-04-02,49.570369720458984
2003-04-03,49.34274673461914
2003-04-04,49.654205322265625
2003-04-07,49.678199768066406
2003-04-08,49.839935302734375
2003-04-09,50.079559326171875
2003-04-10,49.39662170410156
2003-04-11,49.24089813232422
2003-04-14,50.22335433959961
2003-04-15,50.55880355834961
2003-04-16,49.54042053222656
2003-04-17,50.07309341430664
2003-04-21,50.10305404663086
2003-04-22,50.93679428100586
2003-04-23,51.11674880981445
2003-04-24,50.64884948730469
2003-04-25,49.881126403808594
2003-04-28,50.85879898071289
2003-04-29,51.050697326660156
2003-04-30,50.90080261230469
2003-05-01,50.7508544921875
2003-05-02,51.470619201660156
2003-05-05,51.284725189208984
2003-05-06,51.57859802246094
2003-05-07,51.50068283081055
2003-05-08,51.0627555847168
2003-05-09,51.68658447265625
2003-05-12,52.388343811035156
2003-05-13,52.20838928222656
2003-05-14,52.08849334716797
2003-05-15,52.376338958740234
2003-05-16,52.258026123046875
2003-05-19,51.16469955444336
2003-05-20,51.10462188720703
2003-05-21,51.18268585205078
2003-05-22,51.68735122680664
2003-05-23,51.80144119262695
2003-05-27,52.786678314208984
2003-05-28,52.86475372314453
2003-05-29,52.504364013671875
2003-05-30,53.36935806274414
2003-06-02,53.6697883605957
2003-06-03,53.795875549316406
2003-06-04,54.4927978515625
2003-06-05,54.51076126098633
2003-06-06,54.588890075683594
2003-06-09,54.20443344116211
2003-06-10,54.68498229980469
2003-06-11,55.333770751953125
2003-06-12,55.525997161865234
2003-06-13,55.015419006347656
2003-06-16,56.16883087158203
2003-06-17,56.14479446411133
2003-06-18,56.02466583251953
2003-06-19,55.33975601196289
2003-06-20,55.317543029785156
2003-06-23,54.751319885253906
2003-06-24,54.92595291137695
2003-06-25,54.26344299316406
2003-06-26,54.709163665771484
2003-06-27,54.130916595458984
2003-06-30,54.154998779296875
2003-07-01,54.558570861816406
2003-07-02,55.209041595458984
2003-07-03,54.6308479309082
2003-07-07,55.630760192871094
2003-07-08,55.69095230102539
2003-07-09,55.31148147583008
2003-07-10,54.56455993652344
2003-07-11,55.046478271484375
2003-07-14,55.32353210449219
2003-07-15,55.16694259643555
2003-07-16,54.980201721191406
2003-07-17,54.64289093017578
2003-07-18,55.38963317871094
2003-07-21,54.97946548461914
2003-07-22,55.28706741333008
2003-07-23,55.52836990356445
2003-07-24,55.03377151489258
2003-07-25,56.041114807128906
2003-07-28,55.89024353027344
2003-07-29,55.65506362915039
2003-07-30,55.58866500854492
2003-07-31,55.775718688964844
2003-08-01,55.36553955078125
2003-08-04,55.45598602294922
2003-08-05,54.303958892822266
2003-08-06,54.683929443359375
2003-08-07,55.22075271606445
2003-08-08,55.606754302978516
2003-08-11,55.757568359375
2003-08-12,56.24614715576172
2003-08-13,56.113426208496094
2003-08-14,56.155696868896484
2003-08-15,56.36952209472656
2003-08-18,56.943275451660156
2003-08-19,57.07006072998047
2003-08-20,56.88287353515625
2003-08-21,57.03987121582031
2003-08-22,56.5990104675293
2003-08-25,56.46004867553711
2003-08-26,56.532535552978516
2003-08-27,56.49030685424805
2003-08-28,56.75603485107422
2003-08-29,57.02177429199219
2003-09-02,57.65597915649414
2003-09-03,57.994232177734375
2003-09-04,58.108882904052734
2003-09-05,57.607669830322266
2003-09-08,58.054527282714844
2003-09-09,57.64991760253906
2003-09-10,57.184852600097656
2003-09-11,57.360008239746094
2003-09-12,57.40834426879883
2003-09-15,57.27543258666992
2003-09-16,57.98207092285156
2003-09-17,57.951908111572266
2003-09-18,58.55590057373047
2003-09-19,58.38396072387695
2003-09-22,57.833274841308594
2003-09-23,57.960365295410156
2003-09-24,57.15544128417969
2003-09-25,56.43522644042969
2003-09-26,56.46552276611328
2003-09-29,56.84081268310547
2003-09-30,56.36262512207031
2003-10-01,57.37938690185547
2003-10-02,57.609344482421875
2003-10-03,58.05120086669922
2003-10-06,58.220603942871094
2003-10-07,58.51716613769531
2003-10-08,58.54136276245117
2003-10-09,58.78950500488281
2003-10-10,58.88032150268555
2003-10-13,59.24949645996094
2003-10-14,59.5278434753418
2003-10-15,59.44314193725586
2003-10-16,59.41887664794922
2003-10-17,58.96078109741211
2003-10-20,59.36677551269531
2003-10-21,59.14262771606445
2003-10-22,58.30025100708008
2003-10-23,58.142765045166016
2003-10-24,58.2821044921875
2003-10-27,58.3487663269043
2003-10-28,59.160743713378906
2003-10-29,59.30615997314453
2003-10-30,59.5667724609375
2003-10-31,59.40315628051758
2003-11-03,59.69407272338867
2003-11-04,59.73647689819336
2003-11-05,59.724334716796875
2003-11-06,59.948516845703125
2003-11-07,59.451622009277344
2003-11-10,59.26987075805664
2003-11-11,59.15475845336914
2003-11-12,59.86978530883789
2003-11-13,59.82128143310547
2003-11-14,59.36677551269531
2003-11-17,59.10624694824219
2003-11-18,58.53665542602539
2003-11-19,59.00923156738281
2003-11-20,58.500247955322266
2003-11-21,58.65836715698242
2003-11-24,59.25410461425781
2003-11-25,59.381752014160156
2003-11-26,59.51552963256836
2003-11-28,59.624908447265625
2003-12-01,60.244964599609375
2003-12-02,60.03216552734375
2003-12-03,60.15377426147461
2003-12-04,60.457794189453125
2003-12-05,60.0626220703125
2003-12-08,60.67662811279297
2003-12-09,60.451698303222656
2003-12-10,60.54892349243164
2003-12-11,61.02306365966797
2003-12-12,61.175148010253906
2003-12-15,61.0656623840332
2003-12-16,61.704010009765625
2003-12-17,61.92283248901367
2003-12-18,62.500362396240234
2003-12-19,62.54729461669922
2003-12-22,63.07695007324219
2003-12-23,62.98556900024414
2003-12-24,62.82735061645508
2003-12-26,62.86994171142578
2003-12-29,63.72834777832031
2003-12-30,63.51519775390625
2003-12-31,63.661346435546875
2004-01-02,63.539588928222656
2004-01-05,64.27626037597656
2004-01-06,64.22750854492188
2004-01-07,64.25788116455078
2004-01-08,64.53803253173828
2004-01-09,63.734405517578125
2004-01-12,64.02666473388672
2004-01-13,63.61871337890625
2004-01-14,64.33106994628906
2004-01-15,64.5075454711914
2004-01-16,64.6470947265625
2004-01-20,64.24501037597656
2004-01-21,64.75669860839844
2004-01-22,64.87246704101562
2004-01-23,64.4887466430664
2004-01-26,65.2928237915039
2004-01-27,64.75062561035156
2004-01-28,64.00745391845703
2004-01-29,64.01349639892578
2004-01-30,64.01349639892578
2004-02-02,64.14755249023438
2004-02-03,64.05615234375
2004-02-04,63.83077621459961
2004-02-05,64.04399108886719
2004-02-06,64.58003234863281
2004-02-09,64.6470947265625
2004-02-10,64.72628021240234
2004-02-11,65.42681884765625
2004-02-12,65.36588287353516
2004-02-13,65.0003662109375
2004-02-17,65.49382019042969
2004-02-18,65.28671264648438
2004-02-19,65.24407196044922
2004-02-20,64.99247741699219
2004-02-23,64.87645721435547
2004-02-24,64.63211822509766
2004-02-25,64.85194396972656
2004-02-26,64.69929504394531
2004-02-27,64.7787094116211
2004-03-01,65.32223510742188
2004-03-02,64.79702758789062
2004-03-03,64.75428009033203
2004-03-04,64.66883087158203
2004-03-05,64.85810852050781
2004-03-08,64.24126434326172
2004-03-09,63.90541458129883
2004-03-10,62.800018310546875
2004-03-11,61.98775863647461
2004-03-12,62.598480224609375
2004-03-15,61.95722961425781
2004-03-16,62.37860870361328
2004-03-17,63.06264877319336
2004-03-18,63.09311294555664
2004-03-19,62.327640533447266
2004-03-22,61.581748962402344
2004-03-23,61.538917541503906
2004-03-24,61.5755500793457
2004-03-25,62.46210861206055
2004-03-26,62.48661422729492
2004-03-29,63.293617248535156
2004-03-30,63.58711624145508
2004-03-31,63.538246154785156
2004-04-01,63.6360969543457
2004-04-02,64.17411804199219
2004-04-05,64.60211181640625
2004-04-06,64.58992767333984
2004-04-07,64.38200378417969
2004-04-08,64.00902557373047
2004-04-12,64.38804626464844
2004-04-13,63.48928451538086
2004-04-14,63.72166442871094
2004-04-15,63.5137825012207
2004-04-16,64.02709197998047
2004-04-19,63.91080856323242
2004-04-20,63.02987289428711
2004-04-21,63.195045471191406
2004-04-22,64.11878967285156
2004-04-23,64.1861343383789
2004-04-26,64.20451354980469
2004-04-27,64.27174377441406
2004-04-28,63.48260498046875
2004-04-29,63.0482177734375
2004-04-30,62.6138916015625
2004-05-03,63.195045471191406
2004-05-04,63.09110641479492
2004-05-05,63.29291915893555
2004-05-06,62.766902923583984
2004-05-07,61.87974166870117
2004-05-10,61.12113571166992
2004-05-11,61.32307052612305
2004-05-12,61.781898498535156
2004-05-13,61.31694030761719
2004-05-14,61.45155334472656
2004-05-17,60.9070930480957
2004-05-18,61.15791702270508
2004-05-19,60.992706298828125
2004-05-20,61.188438415527344
2004-05-21,61.236351013183594
2004-05-24,61.27315902709961
2004-05-25,62.13829803466797
2004-05-26,62.18740463256836
2004-05-27,62.770286560058594
2004-05-28,62.69673156738281
2004-06-01,62.68437576293945
2004-06-02,63.101585388183594
2004-06-03,62.665985107421875
2004-06-04,62.991146087646484
2004-06-07,63.801185607910156
2004-06-08,64.10181427001953
2004-06-09,63.78276062011719
2004-06-10,63.96684265136719
2004-06-14,63.56797409057617
2004-06-15,63.880863189697266
2004-06-16,63.80726623535156
2004-06-17,63.78276062011719
2004-06-18,64.00688171386719
2004-06-21,63.755062103271484
2004-06-22,63.97621536254883
2004-06-23,64.44293975830078
2004-06-24,64.24642181396484
2004-06-25,63.90250778198242
2004-06-28,63.638423919677734
2004-06-29,64.05603790283203
2004-06-30,64.25868225097656
2004-07-01,63.417293548583984
2004-07-02,63.276058197021484
2004-07-06,62.852298736572266
2004-07-07,63.01203536987305
2004-07-08,62.68651580810547
2004-07-09,62.8707275390625
2004-07-12,62.99360656738281
2004-07-13,62.99360656738281
2004-07-14,62.815467834472656
2004-07-15,62.40396499633789
2004-07-16,62.51149368286133
2004-07-19,62.05049133300781
2004-07-20,62.634422302246094
2004-07-21,61.712547302246094
2004-07-22,61.786197662353516
2004-07-23,61.355953216552734
2004-07-26,61.33135986328125
2004-07-27,62.05049133300781
2004-07-28,62.314842224121094
2004-07-29,62.413169860839844
2004-07-30,62.54232406616211
2004-08-02,62.659088134765625
2004-08-03,62.234954833984375
2004-08-04,62.327117919921875
2004-08-05,61.294498443603516
2004-08-06,60.46466827392578
2004-08-09,60.495445251464844
2004-08-10,61.202247619628906
2004-08-11,61.288352966308594
2004-08-12,60.59379577636719
2004-08-13,60.66749572753906
2004-08-16,61.34368133544922
2004-08-17,61.62029266357422
2004-08-18,62.216514587402344
2004-08-19,61.989078521728516
2004-08-20,62.41757583618164
2004-08-23,62.20176315307617
2004-08-24,62.399009704589844
2004-08-25,62.8058967590332
2004-08-26,62.79972839355469
2004-08-27,62.97854232788086
2004-08-30,62.516197204589844
2004-08-31,62.81206130981445
2004-09-01,62.8058967590332
2004-09-02,63.52103805541992
2004-09-03,63.41004943847656
2004-09-07,63.8908805847168
2004-09-08,63.798404693603516
2004-09-09,63.4963493347168
2004-09-10,63.63814163208008
2004-09-13,63.80458450317383
2004-09-14,63.80458450317383
2004-09-15,63.21278381347656
2004-09-16,63.34225845336914
2004-09-17,63.570556640625
2004-09-20,63.03983688354492
2004-09-21,63.175628662109375
2004-09-22,62.391849517822266
2004-09-23,61.99073791503906
2004-09-24,62.15734100341797
2004-09-27,61.811710357666016
2004-09-28,62.26222610473633
2004-09-29,62.620155334472656
2004-09-30,62.24998092651367
2004-10-01,63.0460319519043
2004-10-04,63.13853454589844
2004-10-05,62.97193145751953
2004-10-06,63.34225845336914
2004-10-07,62.6016845703125
2004-10-08,62.145015716552734
2004-10-11,62.41648864746094
2004-10-12,62.36100387573242
2004-10-13,61.76237869262695
2004-10-14,61.20693588256836
2004-10-15,61.385929107666016
2004-10-18,61.537803649902344
2004-10-19,61.210514068603516
2004-10-20,61.08077621459961
2004-10-21,61.1116943359375
2004-10-22,60.38282775878906
2004-10-25,60.333465576171875
2004-10-26,61.19820022583008
2004-10-27,61.8528938293457
2004-10-28,61.933189392089844
2004-10-29,62.0010871887207
2004-11-01,62.20498275756836
2004-11-02,62.093788146972656
2004-11-03,62.82258224487305
2004-11-04,63.817039489746094
2004-11-05,64.37295532226562
2004-11-08,64.41619110107422
2004-11-09,64.36679077148438
2004-11-10,64.47795104980469
2004-11-11,64.91028594970703
2004-11-12,65.25624084472656
2004-11-15,65.4425048828125
2004-11-16,65.07113647460938
2004-11-17,65.54774475097656
2004-11-18,65.6095962524414
2004-11-19,64.93036651611328
2004-11-22,65.07318878173828
2004-11-23,65.19117736816406
2004-11-24,65.21595764160156
2004-11-26,65.14762878417969
2004-11-29,64.86822509765625
2004-11-30,64.78129577636719
2004-12-01,65.61333465576172
2004-12-02,65.71887969970703
2004-12-03,65.62571716308594
2004-12-06,65.41464233398438
2004-12-07,64.83106231689453
2004-12-08,65.20355224609375
2004-12-09,65.43328857421875
2004-12-10,65.50780487060547
2004-12-13,66.09767150878906
2004-12-14,66.29019165039062
2004-12-15,66.34601593017578
2004-12-16,66.53849792480469
2004-12-17,66.24938201904297
2004-12-20,66.30531311035156
2004-12-21,66.8028564453125
2004-12-22,67.16974639892578
2004-12-23,67.25680541992188
2004-12-27,67.01427459716797
2004-12-28,67.41228485107422
2004-12-29,67.31280517578125
2004-12-30,67.07027435302734
2004-12-31,66.85877990722656
2005-01-03,66.74065399169922
2005-01-04,66.1063232421875
2005-01-05,65.73947143554688
2005-01-06,65.94464874267578
2005-01-07,65.8202133178711
2005-01-10,66.04415893554688
2005-01-11,65.6212387084961
2005-01-12,65.93840789794922
2005-01-13,65.26679229736328
2005-01-14,65.57150268554688
2005-01-18,66.01927947998047
2005-01-19,65.4533462524414
2005-01-20,65.14861297607422
2005-01-21,64.6369400024414
2005-01-24,64.5809555053711
2005-01-25,65.10381317138672
2005-01-26,65.228271484375
2005-01-27,65.09136962890625
2005-01-28,65.01043701171875
2005-01-31,65.23452758789062
2005-02-01,65.60806274414062
2005-02-02,65.90678405761719
2005-02-03,65.91925811767578
2005-02-04,66.60398864746094
2005-02-07,66.61017608642578
2005-02-08,66.75959777832031
2005-02-09,66.44212341308594
2005-02-10,66.91522216796875
2005-02-11,67.28241729736328
2005-02-14,67.21391296386719
2005-02-15,67.51902770996094
2005-02-16,67.506591796875
2005-02-17,67.0521469116211
2005-02-18,67.25672912597656
2005-02-22,66.1337661743164
2005-02-23,66.64542388916016
2005-02-24,67.00723266601562
2005-02-25,67.5998764038086
2005-02-28,67.18814849853516
2005-03-01,67.51880645751953
2005-03-02,67.41895294189453
2005-03-03,67.53120422363281
2005-03-04,68.33601379394531
2005-03-07,68.20497131347656
2005-03-08,68.0989761352539
2005-03-09,67.38151550292969
2005-03-10,67.66850280761719
2005-03-11,67.27544403076172
2005-03-14,67.46265411376953
2005-03-15,67.10704040527344
2005-03-16,66.34593963623047
2005-03-17,66.30853271484375
2005-03-18,66.20728302001953
2005-03-21,65.86981964111328
2005-03-22,65.31375885009766
2005-03-23,65.23881530761719
2005-03-24,65.25758361816406
2005-03-28,65.45752716064453
2005-03-29,65.02635192871094
2005-03-30,65.81987762451172
2005-03-31,65.60122680664062
2005-04-01,65.01386260986328
2005-04-04,65.1201171875
2005-04-05,65.3512954711914
2005-04-06,65.61994934082031
2005-04-07,65.93236541748047
2005-04-08,65.32000732421875
2005-04-11,65.27626037597656
2005-04-12,65.60122680664062
2005-04-13,64.97017669677734
2005-04-14,63.9828987121582
2005-04-15,62.966156005859375
2005-04-18,62.87229919433594
2005-04-19,63.310123443603516
2005-04-20,62.61601257324219
2005-04-21,63.85405349731445
2005-04-22,63.67271423339844
2005-04-25,64.02918243408203
2005-04-26,63.47262954711914
2005-04-27,63.71649932861328
2005-04-28,62.85359573364258
2005-04-29,63.704002380371094
2005-05-02,64.1417236328125
2005-05-03,64.3355712890625
2005-05-04,64.88578033447266
2005-05-05,64.71696472167969
2005-05-06,64.67322540283203
2005-05-09,64.87328338623047
2005-05-10,64.21671295166016
2005-05-11,64.41685485839844
2005-05-12,63.73526382446289
2005-05-13,63.57270050048828
2005-05-16,64.1792221069336
2005-05-17,64.710693359375
2005-05-18,65.55484771728516
2005-05-19,65.74243927001953
2005-05-20,65.63267517089844
2005-05-23,66.00277709960938
2005-05-24,65.75807189941406
2005-05-25,65.60760498046875
2005-05-26,66.03410339355469
2005-05-27,66.09690856933594
2005-05-31,65.63267517089844
2005-06-01,66.07174682617188
2005-06-02,66.15958404541016
2005-06-03,65.6891098022461
2005-06-06,65.63267517089844
2005-06-07,65.7894515991211
2005-06-08,65.73930358886719
2005-06-09,65.85220336914062
2005-06-10,65.97134399414062
2005-06-13,66.07803344726562
2005-06-14,66.22234344482422
2005-06-15,66.32890319824219
2005-06-16,66.3540267944336
2005-06-17,66.58888244628906
2005-06-20,66.53865051269531
2005-06-21,66.56378173828125
2005-06-22,66.57632446289062
2005-06-23,65.33928680419922
2005-06-24,64.59197998046875
2005-06-27,64.64852142333984
2005-06-28,65.29522705078125
2005-06-29,65.05669403076172
2005-06-30,64.52289581298828
2005-07-01,64.75528717041016
2005-07-05,65.0755386352539
2005-07-06,64.47267150878906
2005-07-07,64.76781463623047
2005-07-08,65.6595458984375
2005-07-11,66.0865249633789
2005-07-12,65.99864959716797
2005-07-13,66.33139038085938
2005-07-14,66.82746887207031
2005-07-15,66.80489349365234
2005-07-18,66.57234191894531
2005-07-19,66.93688201904297
2005-07-20,67.05632019042969
2005-07-21,66.74205017089844
2005-07-22,66.92427062988281
2005-07-25,66.70435333251953
2005-07-26,66.50947570800781
2005-07-27,66.84256744384766
2005-07-28,67.29513549804688
2005-07-29,67.01862335205078
2005-08-01,66.74205017089844
2005-08-02,67.06888580322266
2005-08-03,67.25113677978516
2005-08-04,66.69805145263672
2005-08-05,66.40264129638672
2005-08-08,66.33348846435547
2005-08-09,66.79231262207031
2005-08-10,66.77352142333984
2005-08-11,67.1694107055664
2005-08-12,66.62882232666016
2005-08-15,67.01229858398438
2005-08-16,66.2454605102539
2005-08-17,66.42147827148438
2005-08-18,66.47174072265625
2005-08-19,66.64762115478516
2005-08-22,66.603515625
2005-08-23,66.36398315429688
2005-08-24,65.67060852050781
2005-08-25,65.84710693359375
2005-08-26,65.49410247802734
2005-08-29,65.96053314208984
2005-08-30,65.55716705322266
2005-08-31,66.11812591552734
2005-09-01,65.93527221679688
2005-09-02,65.93527221679688
2005-09-06,66.71066284179688
2005-09-07,66.96279907226562
2005-09-08,66.76107788085938
2005-09-09,67.29691314697266
2005-09-12,67.32842254638672
2005-09-13,66.88713836669922
2005-09-14,66.5467300415039
2005-09-15,66.603515625
2005-09-16,67.06119537353516
2005-09-19,66.6256103515625
2005-09-20,66.10798645019531
2005-09-21,65.47667694091797
2005-09-22,65.67865753173828
2005-09-23,65.71659851074219
2005-09-26,65.93124389648438
2005-09-27,65.98798370361328
2005-09-28,66.09532928466797
2005-09-29,66.53718566894531
2005-09-30,66.75816345214844
2005-10-03,66.46149444580078
2005-10-04,65.76078033447266
2005-10-05,65.16105651855469
2005-10-06,64.95899200439453
2005-10-07,65.0031967163086
2005-10-10,64.59284973144531
2005-10-11,64.72547912597656
2005-10-12,64.4098129272461
2005-10-13,64.36566925048828
2005-10-14,64.91483306884766
2005-10-17,65.33780670166016
2005-10-18,64.94011688232422
2005-10-19,65.8491439819336
2005-10-20,64.88330078125
2005-10-21,64.56596374511719
2005-10-24,65.58366394042969
2005-10-25,65.57101440429688
2005-10-26,65.44457244873047
2005-10-27,64.69235229492188
2005-10-28,65.64054107666016
2005-10-31,65.68482971191406
2005-11-01,65.83019256591797
2005-11-02,66.18421173095703
2005-11-03,66.52552795410156
2005-11-04,66.49394226074219
2005-11-07,66.75942993164062
2005-11-08,66.75312042236328
2005-11-09,66.75312042236328
2005-11-10,67.37264251708984
2005-11-11,67.6507339477539
2005-11-14,67.76451873779297
2005-11-15,67.71399688720703
2005-11-16,67.66336059570312
2005-11-17,67.87831115722656
2005-11-18,68.14955139160156
2005-11-21,68.54887390136719
2005-11-22,68.85304260253906
2005-11-23,69.19527435302734
2005-11-25,69.2903060913086
2005-11-28,69.10653686523438
2005-11-29,69.01151275634766
2005-11-30,68.58687591552734
2005-12-01,69.11924743652344
2005-12-02,68.9671401977539
2005-12-05,68.69464874267578
2005-12-06,68.89108276367188
2005-12-07,68.51080322265625
2005-12-08,68.21929931640625
2005-12-09,68.28264617919922
2005-12-12,68.26997375488281
2005-12-13,68.69464874267578
2005-12-14,69.08128356933594
2005-12-15,68.93543243408203
2005-12-16,68.9252700805664
2005-12-19,68.73475646972656
2005-12-20,68.53146362304688
2005-12-21,68.69662475585938
2005-12-22,69.05228424072266
2005-12-23,69.07779693603516
2005-12-27,68.44251251220703
2005-12-28,68.50599670410156
2005-12-29,68.39810180664062
2005-12-30,67.93439483642578
2006-01-03,68.81096649169922
2006-01-04,69.0713882446289
2006-01-05,69.16031646728516
2006-01-06,69.56681060791016
2006-01-09,69.85901641845703
2006-01-10,69.92253112792969
2006-01-11,70.1448745727539
2006-01-12,69.7255859375
2006-01-13,69.57951354980469
2006-01-17,69.24288177490234
2006-01-18,68.98239135742188
2006-01-19,69.06501770019531
2006-01-20,67.70418548583984
2006-01-23,67.95219421386719
2006-01-24,68.00303649902344
2006-01-25,68.1366195678711
2006-01-26,68.68344116210938
2006-01-27,69.38301849365234
2006-01-30,69.25579833984375
2006-01-31,68.84881591796875
2006-02-01,69.67545318603516
2006-02-02,68.86790466308594
2006-02-03,68.54354858398438
2006-02-06,68.68983459472656
2006-02-07,68.34646606445312
2006-02-08,69.05229949951172
2006-02-09,69.2112808227539
2006-02-10,69.39572143554688
2006-02-13,69.34477996826172
2006-02-14,70.2032699584961
2006-02-15,70.39405059814453
2006-02-16,70.75650024414062
2006-02-17,70.72722625732422
2006-02-21,70.44055938720703
2006-02-22,70.77815246582031
2006-02-23,70.54888916015625
2006-02-24,70.56155395507812
2006-02-27,70.61886596679688
2006-02-28,70.01365661621094
2006-03-01,70.37044525146484
2006-03-02,70.3194808959961
2006-03-03,70.1219711303711
2006-03-06,69.84169006347656
2006-03-07,69.98188781738281
2006-03-08,70.1410903930664
2006-03-09,69.89262390136719
2006-03-10,70.61886596679688
2006-03-13,70.72090911865234
2006-03-14,71.1094741821289
2006-03-15,71.5617904663086
2006-03-16,71.84208679199219
2006-03-17,71.95636749267578
2006-03-20,71.94994354248047
2006-03-21,71.70736694335938
2006-03-22,72.18620300292969
2006-03-23,72.00743865966797
2006-03-24,71.98831939697266
2006-03-27,71.79679870605469
2006-03-28,71.14550018310547
2006-03-29,71.49027252197266
2006-03-30,71.13910675048828
2006-03-31,71.06884002685547
2006-04-03,71.06884002685547
2006-04-04,71.50946807861328
2006-04-05,71.73934173583984
2006-04-06,71.61793518066406
2006-04-07,71.0241928100586
2006-04-10,71.1966323852539
2006-04-11,70.82624816894531
2006-04-12,71.05609130859375
2006-04-13,71.04972839355469
2006-04-17,70.76244354248047
2006-04-18,71.91808319091797
2006-04-19,72.05850219726562
2006-04-20,72.46076965332031
2006-04-21,72.4805908203125
2006-04-24,72.44861602783203
2006-04-25,72.1226577758789
2006-04-26,72.47418212890625
2006-04-27,72.71710205078125
2006-04-28,72.78736114501953
2006-05-01,72.41669464111328
2006-05-02,72.95994567871094
2006-05-03,72.83850860595703
2006-05-04,73.0749740600586
2006-05-05,73.90589904785156
2006-05-08,73.98259735107422
2006-05-09,74.35968780517578
2006-05-10,74.50028991699219
2006-05-11,73.62469482421875
2006-05-12,72.781005859375
2006-05-15,73.06861114501953
2006-05-16,73.05583953857422
2006-05-17,71.57942962646484
2006-05-18,71.21501922607422
2006-05-19,71.42584228515625
2006-05-22,71.10550689697266
2006-05-23,70.72100830078125
2006-05-24,71.2080078125
2006-05-25,71.79743957519531
2006-05-26,72.26525115966797
2006-05-30,71.01581573486328
2006-05-31,71.59243774414062
2006-06-01,72.0217514038086
2006-06-02,71.99616241455078
2006-06-05,70.92606353759766
2006-06-06,70.47752380371094
2006-06-07,69.96490478515625
2006-06-08,69.84320831298828
2006-06-09,69.73426818847656
2006-06-12,69.17032623291016
2006-06-13,68.5424575805664
2006-06-14,69.41388702392578
2006-06-15,70.70819091796875
2006-06-16,70.57604217529297
2006-06-19,70.05626678466797
2006-06-20,70.49898529052734
2006-06-21,71.04444122314453
2006-06-22,70.71717834472656
2006-06-23,70.56959533691406
2006-06-26,70.84550476074219
2006-06-27,70.11396026611328
2006-06-28,70.47338104248047
2006-06-29,71.74394989013672
2006-06-30,71.7374496459961
2006-07-03,72.0006332397461
2006-07-05,71.53215026855469
2006-07-06,71.99420928955078
2006-07-07,71.20489501953125
2006-07-10,71.32684326171875
2006-07-11,71.53215026855469
2006-07-12,70.80064392089844
2006-07-13,69.49790954589844
2006-07-14,68.86903381347656
2006-07-17,68.99738311767578
2006-07-18,69.42738342285156
2006-07-19,70.61448669433594
2006-07-20,70.2166748046875
2006-07-21,69.759765625
2006-07-24,71.0063705444336
2006-07-25,71.1927261352539
2006-07-26,71.26985168457031
2006-07-27,71.50116729736328
2006-07-28,72.01525115966797
2006-07-31,71.906005859375
2006-08-01,71.46907806396484
2006-08-02,71.95744323730469
2006-08-03,72.34939575195312
2006-08-04,72.27873229980469
2006-08-07,72.18875122070312
2006-08-08,71.86749267578125
2006-08-09,71.29558563232422
2006-08-10,71.5204849243164
2006-08-11,71.35983276367188
2006-08-14,71.42408752441406
2006-08-15,72.13735961914062
2006-08-16,72.85707092285156
2006-08-17,72.9084701538086
2006-08-18,73.28585052490234
2006-08-21,73.09260559082031
2006-08-22,72.95094299316406
2006-08-23,72.84151458740234
2006-08-24,72.64183807373047
2006-08-25,72.66761779785156
2006-08-28,73.0540542602539
2006-08-29,73.09905242919922
2006-08-30,73.26010131835938
2006-08-31,73.29224395751953
2006-09-01,73.86543273925781
2006-09-05,73.88477325439453
2006-09-06,73.50475311279297
2006-09-07,73.1313247680664
2006-09-08,73.33094024658203
2006-09-11,73.38884735107422
2006-09-12,74.04571533203125
2006-09-13,74.36123657226562
2006-09-14,74.38709259033203
2006-09-15,74.57227325439453
2006-09-18,74.52704620361328
2006-09-19,74.41093444824219
2006-09-20,74.8884048461914
2006-09-21,74.43028259277344
2006-09-22,74.1980209350586
2006-09-25,74.57870483398438
2006-09-26,75.21733856201172
2006-09-27,75.46895599365234
2006-09-28,75.41736602783203
2006-09-29,75.31407928466797
2006-10-02,75.23670959472656
2006-10-03,75.57220458984375
2006-10-04,76.378662109375
2006-10-05,76.5270004272461
2006-10-06,76.46247863769531
2006-10-09,76.5270004272461
2006-10-10,76.48829650878906
2006-10-11,76.50123596191406
2006-10-12,77.06896209716797
2006-10-13,77.18502044677734
2006-10-16,77.26893615722656
2006-10-17,77.13990783691406
2006-10-18,77.35276794433594
2006-10-19,77.51409912109375
2006-10-20,77.46696472167969
2006-10-23,78.0740737915039
2006-10-24,78.293701171875
2006-10-25,78.40998840332031
2006-10-26,78.43582153320312
2006-10-27,78.06764221191406
2006-10-30,78.00947570800781
2006-10-31,77.9836654663086
2006-11-01,77.68008422851562
2006-11-02,77.5121841430664
2006-11-03,77.37004089355469
2006-11-06,78.16456604003906
2006-11-07,78.5133285522461
2006-11-08,78.69418334960938
2006-11-09,78.26144409179688
2006-11-10,78.22908782958984
2006-11-13,78.38414764404297
2006-11-14,79.01072692871094
2006-11-15,79.24971008300781
2006-11-16,79.68246459960938
2006-11-17,79.8243179321289
2006-11-20,79.74007415771484
2006-11-21,79.75308990478516
2006-11-22,79.81782531738281
2006-11-24,79.44871520996094
2006-11-27,78.4319076538086
2006-11-28,78.5290756225586
2006-11-29,79.22206115722656
2006-11-30,79.18963623046875
2006-12-01,79.04072570800781
2006-12-04,79.52642059326172
2006-12-05,79.88904571533203
2006-12-06,79.75308990478516
2006-12-07,79.50050354003906
2006-12-08,79.65592193603516
2006-12-11,79.8760986328125
2006-12-12,79.77899169921875
2006-12-13,79.88257598876953
2006-12-14,80.4525375366211
2006-12-15,80.61481475830078
2006-12-18,80.66027069091797
2006-12-19,80.7641372680664
2006-12-20,80.7901382446289
2006-12-21,80.51094818115234
2006-12-22,79.98501586914062
2006-12-26,80.49797058105469
2006-12-27,81.12129211425781
2006-12-28,81.03689575195312
2006-12-29,80.7836685180664
2007-01-03,80.82258605957031
2007-01-04,80.95892333984375
2007-01-05,80.34860229492188
2007-01-08,80.6082992553711
2007-01-09,80.56288146972656
2007-01-10,80.796630859375
2007-01-11,81.16028594970703
2007-01-12,81.5953369140625
2007-01-16,81.62128448486328
2007-01-17,81.65376281738281
2007-01-18,81.4979019165039
2007-01-19,81.57585144042969
2007-01-22,81.05610656738281
2007-01-23,81.43295288085938
2007-01-24,81.9137191772461
2007-01-25,81.19902801513672
2007-01-26,81.06908416748047
2007-01-29,81.10157012939453
2007-01-30,81.32246398925781
2007-01-31,82.02420806884766
2007-02-01,82.34906768798828
2007-02-02,82.21260833740234
2007-02-05,82.3100814819336
2007-02-06,82.2906265258789
2007-02-07,82.38159942626953
2007-02-08,82.17366790771484
2007-02-09,81.790283203125
2007-02-12,81.60184478759766
2007-02-13,82.27762603759766
2007-02-14,82.82992553710938
2007-02-15,83.01831817626953
2007-02-16,83.0378189086914
2007-02-20,83.096435546875
2007-02-21,82.90769958496094
2007-02-22,82.53015899658203
2007-02-23,82.28278350830078
2007-02-26,82.23723602294922
2007-02-27,79.15186309814453
2007-02-28,79.84188842773438
2007-03-01,79.69865417480469
2007-03-02,78.73527526855469
2007-03-05,78.3056640625
2007-03-06,79.45128631591797
2007-03-07,79.41220092773438
2007-03-08,79.93299865722656
2007-03-09,80.05667877197266
2007-03-12,80.16079711914062
2007-03-13,78.77436065673828
2007-03-14,79.19090270996094
2007-03-15,79.27554321289062
2007-03-16,78.97346496582031
2007-03-19,79.77586364746094
2007-03-20,80.12822723388672
2007-03-21,81.08726501464844
2007-03-22,81.19168090820312
2007-03-23,81.34820556640625
2007-03-26,81.1329574584961
2007-03-27,80.82624816894531
2007-03-28,80.24565124511719
2007-03-29,80.44140625
2007-03-30,80.63057708740234
2007-04-02,80.66976928710938
2007-04-03,81.54397583007812
2007-04-04,81.6678695678711
2007-04-05,81.85057830810547
2007-04-09,81.97450256347656
2007-04-10,81.93537902832031
2007-04-11,81.48523712158203
2007-04-12,81.81796264648438
2007-04-13,82.30068969726562
2007-04-16,82.8813705444336
2007-04-17,83.34459686279297
2007-04-18,83.53374481201172
2007-04-19,83.65773010253906
2007-04-20,84.60192108154297
2007-04-23,84.34074401855469
2007-04-24,84.5430908203125
2007-04-25,85.2874755859375
2007-04-26,85.66617584228516
2007-04-27,85.68572235107422
2007-04-30,85.32012176513672
2007-05-01,85.7249526977539
2007-05-02,86.27998352050781
2007-05-03,86.44320678710938
2007-05-04,86.67176055908203
2007-05-07,86.86759948730469
2007-05-08,86.9198989868164
2007-05-09,87.21367645263672
2007-05-10,86.51500701904297
2007-05-11,87.20712280273438
2007-05-14,87.31156921386719
2007-05-15,87.57279205322266
2007-05-16,88.22569274902344
2007-05-17,88.10166931152344
2007-05-18,88.70654296875
2007-05-21,88.51016998291016
2007-05-22,88.48406982421875
2007-05-23,88.51016998291016
2007-05-24,87.97990417480469
2007-05-25,88.30717468261719
2007-05-29,88.5232162475586
2007-05-30,89.21722412109375
2007-05-31,89.22370910644531
2007-06-01,89.43325805664062
2007-06-04,89.40052795410156
2007-06-05,89.02078247070312
2007-06-06,88.04537200927734
2007-06-07,86.76222229003906
2007-06-08,87.79003143310547
2007-06-11,87.88172149658203
2007-06-12,87.01759338378906
2007-06-13,88.24837493896484
2007-06-14,88.83749389648438
2007-06-15,89.26948547363281
2007-06-18,89.10558319091797
2007-06-19,89.32191467285156
2007-06-20,88.39110565185547
2007-06-21,88.73194122314453
2007-06-22,87.81432342529297
2007-06-25,87.58487701416016
2007-06-26,87.04742431640625
2007-06-27,87.9126205444336
2007-06-28,87.89293670654297
2007-06-29,87.96503448486328
2007-07-02,88.66644287109375
2007-07-03,88.94170379638672
2007-07-05,88.85652160644531
2007-07-06,89.23008728027344
2007-07-09,89.45948791503906
2007-07-10,88.5025634765625
2007-07-11,89.07935333251953
2007-07-12,90.67869567871094
2007-07-13,91.05236053466797
2007-07-16,91.41285705566406
2007-07-17,91.6357192993164
2007-07-18,91.32764434814453
2007-07-19,91.69477081298828
2007-07-20,90.9164047241211
2007-07-23,91.35609436035156
2007-07-24,90.08296966552734
2007-07-25,90.23391723632812
2007-07-26,88.40301513671875
2007-07-27,86.69683837890625
2007-07-30,87.63511657714844
2007-07-31,86.73611450195312
2007-08-01,87.54981231689453
2007-08-02,88.44886779785156
2007-08-03,86.74927520751953
2007-08-06,88.06828308105469
2007-08-07,88.62606048583984
2007-08-08,89.61050415039062
2007-08-09,87.14297485351562
2007-08-10,86.58516693115234
2007-08-13,86.74267578125
2007-08-14,85.63362121582031
2007-08-15,84.5573959350586
2007-08-16,84.7542495727539
2007-08-17,85.86246490478516
2007-08-20,86.13212585449219
2007-08-21,85.94799041748047
2007-08-22,87.00688934326172
2007-08-23,86.92794799804688
2007-08-24,87.89485168457031
2007-08-27,87.55274963378906
2007-08-28,85.82305145263672
2007-08-29,87.30288696289062
2007-08-30,87.19103240966797
2007-08-31,87.73692321777344
2007-09-04,88.35516357421875
2007-09-05,87.6185531616211
2007-09-06,87.82244110107422
2007-09-07,86.50043487548828
2007-09-10,86.44125366210938
2007-09-11,87.52645111083984
2007-09-12,87.63832092285156
2007-09-13,88.328857421875
2007-09-14,88.43419647216797
2007-09-17,88.17100524902344
2007-09-18,90.33485412597656
2007-09-19,90.86753845214844
2007-09-20,90.56497955322266
2007-09-21,90.85294342041016
2007-09-24,90.62230682373047
2007-09-25,90.73432922363281
2007-09-26,91.26805114746094
2007-09-27,91.66332244873047
2007-09-28,91.51835632324219
2007-10-01,92.63176727294922
2007-10-02,92.31552124023438
2007-10-03,91.97960662841797
2007-10-04,91.91365051269531
2007-10-05,92.68448638916016
2007-10-08,92.4078140258789
2007-10-09,93.27082824707031
2007-10-10,92.71743774414062
2007-10-11,92.3748550415039
2007-10-12,92.97433471679688
2007-10-15,92.24966430664062
2007-10-16,91.68301391601562
2007-10-17,91.68301391601562
2007-10-18,91.44593048095703
2007-10-19,88.99427032470703
2007-10-22,89.33726501464844
2007-10-23,89.97705078125
2007-10-24,90.02987670898438
2007-10-25,90.29365539550781
2007-10-26,90.98615264892578
2007-10-29,91.44783782958984
2007-10-30,90.90045928955078
2007-10-31,91.64569854736328
2007-11-01,89.60115051269531
2007-11-02,89.73300170898438
2007-11-05,89.1790542602539
2007-11-06,90.03636169433594
2007-11-07,87.95223236083984
2007-11-08,87.35860443115234
2007-11-09,85.94713592529297
2007-11-12,85.59098815917969
2007-11-13,87.81370544433594
2007-11-14,87.53010559082031
2007-11-15,86.71222686767578
2007-11-16,86.94239044189453
2007-11-19,85.7253189086914
2007-11-20,86.20822143554688
2007-11-21,84.52812957763672
2007-11-23,85.60629272460938
2007-11-26,84.30978393554688
2007-11-27,85.54011535644531
2007-11-28,87.86185455322266
2007-11-29,88.08673858642578
2007-11-30,88.74158477783203
2007-12-03,88.1793212890625
2007-12-04,87.59727478027344
2007-12-05,88.93335723876953
2007-12-06,90.01161193847656
2007-12-07,90.21665954589844
2007-12-10,90.884765625
2007-12-11,88.90037536621094
2007-12-12,89.29725646972656
2007-12-13,89.29725646972656
2007-12-14,88.27193450927734
2007-12-17,87.26651000976562
2007-12-18,87.6766357421875
2007-12-19,87.49142456054688
2007-12-20,87.78248596191406
2007-12-21,89.07615661621094
2007-12-24,89.71929931640625
2007-12-26,89.79220581054688
2007-12-27,88.63854217529297
2007-12-28,88.45945739746094
2007-12-31,87.88922882080078
2008-01-02,86.61615753173828
2008-01-03,86.68907928466797
2008-01-04,84.9849853515625
2008-01-07,84.91206359863281
2008-01-08,83.44670104980469
2008-01-09,84.18270111083984
2008-01-10,84.75293731689453
2008-01-11,83.672119140625
2008-01-14,84.54739379882812
2008-01-15,83.08202362060547
2008-01-16,82.65100860595703
2008-01-17,80.74138641357422
2008-01-18,80.03775787353516
2008-01-22,79.14156341552734
2008-01-23,81.45175170898438
2008-01-24,81.936279296875
2008-01-25,81.11318969726562
2008-01-28,82.00263977050781
2008-01-29,82.67317199707031
2008-01-30,82.16862487792969
2008-01-31,83.64232635498047
2008-02-01,84.5915298461914
2008-02-04,83.6622543334961
2008-02-05,81.624267578125
2008-02-06,81.15955352783203
2008-02-07,81.47158813476562
2008-02-08,80.82103729248047
2008-02-11,81.19940948486328
2008-02-12,82.16194915771484
2008-02-13,83.15108489990234
2008-02-14,82.32130432128906
2008-02-15,82.02533721923828
2008-02-19,82.25809478759766
2008-02-20,82.5307846069336
2008-02-21,81.93885803222656
2008-02-22,82.33797454833984
2008-02-25,83.51509094238281
2008-02-26,84.3398666381836
2008-02-27,84.35315704345703
2008-02-28,83.6946792602539
2008-02-29,81.81251525878906
2008-03-03,81.47332763671875
2008-03-04,81.40678405761719
2008-03-05,81.7193603515625
2008-03-06,80.3426742553711
2008-03-07,79.09890747070312
2008-03-10,78.46714782714844
2008-03-11,81.1806640625
2008-03-12,80.74173736572266
2008-03-13,80.81486511230469
2008-03-14,79.82391357421875
2008-03-17,79.8704605102539
2008-03-18,82.5041732788086
2008-03-19,80.76835632324219
2008-03-20,82.07907104492188
2008-03-24,83.56590270996094
2008-03-25,83.42584228515625
2008-03-26,82.61912536621094
2008-03-27,82.10576629638672
2008-03-28,81.4924087524414
2008-03-31,81.60566711425781
2008-04-01,84.05252075195312
2008-04-02,84.13257598876953
2008-04-03,84.22589111328125
2008-04-04,84.07254028320312
2008-04-07,84.03926086425781
2008-04-08,84.09259033203125
2008-04-09,83.77250671386719
2008-04-10,83.97254180908203
2008-04-11,82.2324447631836
2008-04-14,82.11907196044922
2008-04-15,82.32575225830078
2008-04-16,84.43255615234375
2008-04-17,84.47251892089844
2008-04-18,85.35108947753906
2008-04-21,85.46456909179688
2008-04-22,85.02399444580078
2008-04-23,84.97720336914062
2008-04-24,85.51127624511719
2008-04-25,85.978515625
2008-04-28,85.97185516357422
2008-04-29,85.56466674804688
2008-04-30,85.57134246826172
2008-05-01,86.75289154052734
2008-05-02,87.26687622070312
2008-05-05,86.53257751464844
2008-05-06,86.94647216796875
2008-05-07,85.71153259277344
2008-05-08,85.60470581054688
2008-05-09,85.11073303222656
2008-05-12,85.95179748535156
2008-05-13,85.71820068359375
2008-05-14,86.11203002929688
2008-05-15,86.81295013427734
2008-05-16,86.73136901855469
2008-05-19,87.15291595458984
2008-05-20,85.86798095703125
2008-05-21,84.36225891113281
2008-05-22,84.33551025390625
2008-05-23,83.39186096191406
2008-05-27,83.94059753417969
2008-05-28,84.21505737304688
2008-05-29,84.4759750366211
2008-05-30,84.40910339355469
2008-06-02,83.75996398925781
2008-06-03,82.9569091796875
2008-06-04,82.9769515991211
2008-06-05,84.39575958251953
2008-06-06,81.72555541992188
2008-06-09,82.2877197265625
2008-06-10,82.2877197265625
2008-06-11,81.00949096679688
2008-06-12,81.39764404296875
2008-06-13,82.38135528564453
2008-06-16,82.08688354492188
2008-06-17,81.5983657836914
2008-06-18,80.52764129638672
2008-06-19,80.72834777832031
2008-06-20,79.3057861328125
2008-06-23,79.36611938476562
2008-06-24,79.10459899902344
2008-06-25,79.08448028564453
2008-06-26,76.91133117675781
2008-06-27,76.0997314453125
2008-06-30,76.07286834716797
2008-07-01,76.30764770507812
2008-07-02,75.22112274169922
2008-07-03,75.82477569580078
2008-07-07,75.26134490966797
2008-07-08,76.28756713867188
2008-07-09,74.89250183105469
2008-07-10,75.26805877685547
2008-07-11,74.44981384277344
2008-07-14,74.11438751220703
2008-07-15,73.3095932006836
2008-07-16,75.23454284667969
2008-07-17,76.55587768554688
2008-07-18,77.21070098876953
2008-07-21,77.00923156738281
2008-07-22,77.71446228027344
2008-07-23,78.07047271728516
2008-07-24,76.3039321899414
2008-07-25,76.01514434814453
2008-07-28,74.78596496582031
2008-07-29,76.47187805175781
2008-07-30,77.79511260986328
2008-07-31,76.37113189697266
2008-08-01,75.9815673828125
2008-08-04,75.74642944335938
2008-08-05,77.92276763916016
2008-08-06,78.24514770507812
2008-08-07,76.96891021728516
2008-08-08,78.55408477783203
2008-08-11,79.12508392333984
2008-08-12,78.29886627197266
2008-08-13,77.51299285888672
2008-08-14,78.1913833618164
2008-08-15,78.43846130371094
2008-08-18,77.3143310546875
2008-08-19,76.39214324951172
2008-08-20,76.76239776611328
2008-08-21,76.76918029785156
2008-08-22,78.2971420288086
2008-08-25,76.63448333740234
2008-08-26,76.78253936767578
2008-08-27,77.4085693359375
2008-08-28,78.84232330322266
2008-08-29,77.71148681640625
2008-09-02,77.51628875732422
2008-09-03,77.75182342529297
2008-09-04,75.52383422851562
2008-09-05,75.62481689453125
2008-09-08,77.51628875732422
2008-09-09,75.74600982666016
2008-09-10,76.06237030029297
2008-09-11,77.3143310546875
2008-09-12,77.26719665527344
2008-09-15,73.90837097167969
2008-09-16,74.4872055053711
2008-09-17,71.86205291748047
2008-09-18,74.02276611328125
2008-09-19,76.67891693115234
2008-09-22,74.60614776611328
2008-09-23,73.25578308105469
2008-09-24,73.12078857421875
2008-09-25,74.45085906982422
2008-09-26,75.04496002197266
2008-09-29,70.72393035888672
2008-09-30,73.16126251220703
2008-10-01,73.390869140625
2008-10-02,71.07498168945312
2008-10-03,69.67737579345703
2008-10-06,67.44932556152344
2008-10-07,64.188232421875
2008-10-08,61.71038818359375
2008-10-09,57.76067352294922
2008-10-10,56.54539489746094
2008-10-13,64.16130065917969
2008-10-14,63.24300765991211
2008-10-15,57.30156326293945
2008-10-16,60.67739486694336
2008-10-17,59.20704650878906
2008-10-20,63.089237213134766
2008-10-21,61.12791442871094
2008-10-22,57.82733154296875
2008-10-23,59.511356353759766
2008-10-24,56.19731521606445
2008-10-27,54.28327941894531
2008-10-28,61.64186096191406
2008-10-29,60.29594039916992
2008-10-30,62.56173324584961
2008-10-31,63.23805236816406
2008-11-03,63.19072723388672
2008-11-04,65.07093048095703
2008-11-05,62.12208557128906
2008-11-06,58.92972183227539
2008-11-07,60.9587287902832
2008-11-10,60.147132873535156
2008-11-11,58.6727294921875
2008-11-12,56.19731521606445
2008-11-13,59.9915657043457
2008-11-14,56.961578369140625
2008-11-17,56.10261535644531
2008-11-18,57.04275894165039
2008-11-19,54.350887298583984
2008-11-20,51.4426383972168
2008-11-21,54.71941375732422
2008-11-24,57.002166748046875
2008-11-25,57.620460510253906
2008-11-26,59.23067092895508
2008-11-28,59.9915885925293
2008-12-01,55.48031997680664
2008-12-02,57.314720153808594
2008-12-03,58.45616912841797
2008-12-04,56.89347457885742
2008-12-05,58.82984924316406
2008-12-08,60.5486946105957
2008-12-09,59.18306350708008
2008-12-10,59.54316329956055
2008-12-11,58.333831787109375
2008-12-12,58.673587799072266
2008-12-15,58.42215347290039
2008-12-16,60.854469299316406
2008-12-17,60.02559280395508
2008-12-18,58.673587799072266
2008-12-19,58.17335510253906
2008-12-22,57.90070343017578
2008-12-23,57.29416275024414
2008-12-24,57.5735969543457
2008-12-26,57.9756965637207
2008-12-29,57.86664581298828
2008-12-30,59.07289123535156
2008-12-31,59.64541244506836
2009-01-02,61.47179412841797
2009-01-05,61.13104248046875
2009-01-06,61.437740325927734
2009-01-07,59.87709045410156
2009-01-08,59.58403778076172
2009-01-09,58.70492935180664
2009-01-12,57.78485107421875
2009-01-13,57.53266906738281
2009-01-14,55.93796157836914
2009-01-15,56.006126403808594
2009-01-16,56.450592041015625
2009-01-20,54.21138381958008
2009-01-21,56.14333724975586
2009-01-22,55.406097412109375
2009-01-23,54.969139099121094
2009-01-26,55.34461212158203
2009-01-27,55.64498519897461
2009-01-28,57.12641143798828
2009-01-29,55.65863800048828
2009-01-30,54.66878890991211
2009-02-02,54.14995193481445
2009-02-03,55.044212341308594
2009-02-04,54.402549743652344
2009-02-05,54.98965072631836
2009-02-06,56.56661605834961
2009-02-09,56.49156188964844
2009-02-10,54.0611686706543
2009-02-11,54.306968688964844
2009-02-12,54.27280807495117
2009-02-13,53.62424850463867
2009-02-17,51.712806701660156
2009-02-18,51.719600677490234
2009-02-19,51.22125244140625
2009-02-20,50.57978439331055
2009-02-23,48.80992126464844
2009-02-24,50.33971405029297
2009-02-25,49.852622985839844
2009-02-26,49.28327941894531
2009-02-27,48.5423583984375
2009-03-02,46.53233337402344
2009-03-03,46.106998443603516
2009-03-04,47.17718505859375
2009-03-05,45.32497787475586
2009-03-06,45.61994934082031
2009-03-09,44.89277648925781
2009-03-10,47.4310188293457
2009-03-11,47.664276123046875
2009-03-12,49.2352409362793
2009-03-13,49.612571716308594
2009-03-16,49.60564041137695
2009-03-17,50.81991195678711
2009-03-18,51.430503845214844
2009-03-19,50.84050750732422
2009-03-20,50.0201530456543
2009-03-23,53.47215270996094
2009-03-24,52.74325942993164
2009-03-25,53.231536865234375
2009-03-26,54.39365768432617
2009-03-27,53.50654602050781
2009-03-30,51.74616622924805
2009-03-31,52.151893615722656
2009-04-01,53.31401824951172
2009-04-02,54.81308364868164
2009-04-03,55.12256622314453
2009-04-06,54.84748840332031
2009-04-07,53.56157684326172
2009-04-08,53.89165115356445
2009-04-09,55.624568939208984
2009-04-13,55.390743255615234
2009-04-14,54.510528564453125
2009-04-15,55.21880340576172
2009-04-16,55.87898254394531
2009-04-17,56.00571060180664
2009-04-20,54.08395004272461
2009-04-21,54.820960998535156
2009-04-22,54.28371047973633
2009-04-23,54.86231231689453
2009-04-24,55.60618209838867
2009-04-27,55.28247833251953
2009-04-28,55.186038970947266
2009-04-29,56.32251739501953
2009-04-30,56.253662109375
2009-05-01,56.591190338134766
2009-05-04,58.02389907836914
2009-05-05,57.96878433227539
2009-05-06,58.685123443603516
2009-05-07,57.97567367553711
2009-05-08,59.043338775634766
2009-05-11,58.15473556518555
2009-05-12,58.35444259643555
2009-05-13,57.25929641723633
2009-05-14,57.4383659362793
2009-05-15,57.186927795410156
2009-05-18,58.80348587036133
2009-05-19,58.54098892211914
2009-05-20,58.161014556884766
2009-05-21,57.40802001953125
2009-05-22,57.24909973144531
2009-05-26,58.61699295043945
2009-05-27,57.44945526123047
2009-05-28,58.04356384277344
2009-05-29,58.98999786376953
2009-06-01,60.344032287597656
2009-06-02,60.447635650634766
2009-06-03,60.067752838134766
2009-06-04,60.4545783996582
2009-06-05,60.730873107910156
2009-06-08,60.61347579956055
2009-06-09,60.61347579956055
2009-06-10,60.5512809753418
2009-06-11,60.69636154174805
2009-06-12,61.007240295410156
2009-06-15,59.74995422363281
2009-06-16,58.90018081665039
2009-06-17,58.87947082519531
2009-06-18,59.14884948730469
2009-06-19,59.130165100097656
2009-06-22,57.750885009765625
2009-06-23,57.653804779052734
2009-06-24,57.549835205078125
2009-06-25,58.72117233276367
2009-06-26,58.40934371948242
2009-06-29,59.088565826416016
2009-06-30,58.67965316772461
2009-07-01,58.936073303222656
2009-07-02,57.52216720581055
2009-07-06,57.70235061645508
2009-07-07,56.52404022216797
2009-07-08,56.787384033203125
2009-07-09,56.676475524902344
2009-07-10,56.44775390625
2009-07-13,57.74394989013672
2009-07-14,57.98659896850586
2009-07-15,59.7470817565918
2009-07-16,60.460975646972656
2009-07-17,60.70808792114258
2009-07-20,61.31198501586914
2009-07-21,61.8950080871582
2009-07-22,61.69373321533203
2009-07-23,62.908447265625
2009-07-24,63.14451217651367
2009-07-27,63.26243591308594
2009-07-28,63.15835952758789
2009-07-29,62.94316482543945
2009-07-30,63.456809997558594
2009-07-31,63.6303596496582
2009-08-03,64.45639038085938
2009-08-04,64.6854476928711
2009-08-05,64.43553161621094
2009-08-06,64.29669189453125
2009-08-07,65.10189056396484
2009-08-10,64.90055847167969
2009-08-11,64.2620849609375
2009-08-12,65.08796691894531
2009-08-13,65.37954711914062
2009-08-14,64.83815002441406
2009-08-17,63.588706970214844
2009-08-18,64.067626953125
2009-08-19,64.64376068115234
2009-08-20,65.10189056396484
2009-08-21,66.19480895996094
2009-08-24,66.26443481445312
2009-08-25,66.50825500488281
2009-08-26,66.4943618774414
2009-08-27,66.7450942993164
2009-08-28,66.5779037475586
2009-08-31,66.20870208740234
2009-09-01,64.92700958251953
2009-09-02,64.6623306274414
2009-09-03,65.09423065185547
2009-09-04,65.79076385498047
2009-09-08,66.21573638916016
2009-09-09,66.54302978515625
2009-09-10,67.10733795166016
2009-09-11,67.02371215820312
2009-09-14,67.09336853027344
2009-09-15,67.49739837646484
2009-09-16,68.31934356689453
2009-09-17,68.305419921875
2009-09-18,68.46243286132812
2009-09-21,68.20420837402344
2009-09-22,68.53218841552734
2009-09-23,68.0925521850586
2009-09-24,67.68083953857422
2009-09-25,67.50640106201172
2009-09-28,68.27399444580078
2009-09-29,67.99485778808594
2009-09-30,67.75067138671875
2009-10-01,66.37594604492188
2009-10-02,66.19451141357422
2009-10-05,66.96914672851562
2009-10-06,67.89015197753906
2009-10-07,67.88323974609375
2009-10-08,68.32282257080078
2009-10-09,68.86711883544922
2009-10-12,69.04159545898438
2009-10-13,68.9648208618164
2009-10-14,69.9417724609375
2009-10-15,70.23481750488281
2009-10-16,69.83946990966797
2009-10-19,70.44718170166016
2009-10-20,70.11888122558594
2009-10-21,69.44837951660156
2009-10-22,70.36336517333984
2009-10-23,69.727783203125
2009-10-26,69.01532745361328
2009-10-27,69.02233123779297
2009-10-28,68.2260513305664
2009-10-29,69.52522277832031
2009-10-30,67.79304504394531
2009-11-02,68.34478759765625
2009-11-03,68.30989074707031
2009-11-04,68.56831359863281
2009-11-05,69.95828247070312
2009-11-06,70.10494995117188
2009-11-09,71.53681182861328
2009-11-10,71.72537994384766
2009-11-11,72.03268432617188
2009-11-12,71.3622055053711
2009-11-13,71.87907409667969
2009-11-16,72.822021484375
2009-11-17,73.05248260498047
2009-11-18,73.02452850341797
2009-11-19,72.39594268798828
2009-11-20,72.35245513916016
2009-11-23,73.20033264160156
2009-11-24,73.13027954101562
2009-11-25,73.31944274902344
2009-11-27,72.30339050292969
2009-11-30,72.58369445800781
2009-12-01,73.38957977294922
2009-12-02,73.28443908691406
2009-12-03,72.66077423095703
2009-12-04,72.87102508544922
2009-12-07,72.91312408447266
2009-12-08,72.13520812988281
2009-12-09,72.49254608154297
2009-12-10,73.00415802001953
2009-12-11,73.5226821899414
2009-12-14,73.71892547607422
2009-12-15,73.39657592773438
2009-12-16,73.3475112915039
2009-12-17,72.44356536865234
2009-12-18,72.5561294555664
2009-12-21,73.0766830444336
2009-12-22,73.47767639160156
2009-12-23,73.47767639160156
2009-12-24,73.86458587646484
2009-12-28,74.06864929199219
2009-12-29,74.06864929199219
2009-12-30,74.01935577392578
2009-12-31,73.2103271484375
2010-01-04,74.32882690429688
2010-01-05,74.20928955078125
2010-01-06,74.25850677490234
2010-01-07,74.52588653564453
2010-01-08,74.6454849243164
2010-01-11,74.94792175292969
2010-01-12,74.66654968261719
2010-01-13,75.0956802368164
2010-01-14,75.2926025390625
2010-01-15,74.57511901855469
2010-01-19,75.39112854003906
2010-01-20,74.58206939697266
2010-01-21,72.95709228515625
2010-01-22,71.4938735961914
2010-01-25,71.69082641601562
2010-01-26,71.66973876953125
2010-01-27,71.96522521972656
2010-01-28,71.1913833618164
2010-01-29,70.73408508300781
2010-02-01,71.64157104492188
2010-02-02,72.37326049804688
2010-02-03,72.1973876953125
2010-02-04,70.37532806396484
2010-02-05,70.45977020263672
2010-02-08,69.79850006103516
2010-02-09,70.80449676513672
2010-02-10,70.71296691894531
2010-02-11,71.45866394042969
2010-02-12,71.24066162109375
2010-02-16,72.32392883300781
2010-02-17,72.72494506835938
2010-02-18,73.28070831298828
2010-02-19,73.34062194824219
2010-02-22,73.23483276367188
2010-02-23,72.55073547363281
2010-02-24,73.13614654541016
2010-02-25,72.85400390625
2010-02-26,72.85400390625
2010-03-01,73.36177825927734
2010-03-02,73.35474395751953
2010-03-03,73.41117095947266
2010-03-04,73.70033264160156
2010-03-05,74.58895874023438
2010-03-08,74.46905517578125
2010-03-09,74.55368041992188
2010-03-10,74.5960464477539
2010-03-11,74.9556884765625
2010-03-12,75.05445098876953
2010-03-15,75.16026306152344
2010-03-16,75.51286315917969
2010-03-17,75.83021545410156
2010-03-18,76.13346099853516
2010-03-19,75.84866333007812
2010-03-22,76.1667251586914
2010-03-23,76.92981719970703
2010-03-24,76.59777069091797
2010-03-25,76.62601470947266
2010-03-26,76.61892700195312
2010-03-29,76.9652099609375
2010-03-30,77.11357879638672
2010-03-31,76.74613952636719
2010-04-01,77.21955108642578
2010-04-05,77.5375747680664
2010-04-06,77.53048706054688
2010-04-07,77.05709075927734
2010-04-08,77.2831802368164
2010-04-09,77.770751953125
2010-04-12,77.85558319091797
2010-04-13,77.90502166748047
2010-04-14,78.639892578125
2010-04-15,78.83065795898438
2010-04-16,77.9190673828125
2010-04-19,78.38583374023438
2010-04-20,78.56968688964844
2010-04-21,78.61211395263672
2010-04-22,78.74654388427734
2010-04-23,79.17789459228516
2010-04-26,79.26274108886719
2010-04-27,77.69985961914062
2010-04-28,78.18072509765625
2010-04-29,78.9869613647461
2010-04-30,77.86244201660156
2010-05-03,78.88084411621094
2010-05-04,77.33918762207031
2010-05-05,76.94312286376953
2010-05-06,74.43968963623047
2010-05-07,73.39302062988281
2010-05-10,76.37739562988281
2010-05-11,76.14407348632812
2010-05-12,77.2684555053711
2010-05-13,76.44808197021484
2010-05-14,75.32368469238281
2010-05-17,75.3307113647461
2010-05-18,74.53160858154297
2010-05-19,74.09315490722656
2010-05-20,71.50486755371094
2010-05-21,72.29344177246094
2010-05-24,71.47001647949219
2010-05-25,71.31387329101562
2010-05-26,70.7601547241211
2010-05-27,72.91812896728516
2010-05-28,72.03083801269531
2010-06-01,71.21446228027344
2010-06-02,72.84002685546875
2010-06-03,72.89688110351562
2010-06-04,70.58979034423828
2010-06-07,69.75920867919922
2010-06-08,70.58979034423828
2010-06-09,70.3838882446289
2010-06-10,72.32185363769531
2010-06-11,72.62711334228516
2010-06-14,72.50642395019531
2010-06-15,73.94747924804688
2010-06-16,74.03264617919922
2010-06-17,74.22429656982422
2010-06-18,74.30966186523438
2010-06-21,74.28125762939453
2010-06-22,73.20021057128906
2010-06-23,73.24287414550781
2010-06-24,72.2259521484375
2010-06-25,72.33970642089844
2010-06-28,72.14061737060547
2010-06-29,70.21332550048828
2010-06-30,69.5022201538086
2010-07-01,69.22484588623047
2010-07-02,68.89055633544922
2010-07-06,69.30306243896484
2010-07-07,71.32276153564453
2010-07-08,72.19038391113281
2010-07-09,72.61708068847656
2010-07-12,72.71664428710938
2010-07-13,73.7691421508789
2010-07-14,73.78341674804688
2010-07-15,73.74787902832031
2010-07-16,71.89929962158203
2010-07-19,72.33350372314453
2010-07-20,72.83889770507812
2010-07-21,72.0558853149414
2010-07-22,73.49374389648438
2010-07-23,74.21976470947266
2010-07-26,74.92446899414062
2010-07-27,75.05257415771484
2010-07-28,74.80345153808594
2010-07-29,74.50447082519531
2010-07-30,74.52582550048828
2010-08-02,75.97080993652344
2010-08-03,75.72877502441406
2010-08-04,76.1345443725586
2010-08-05,76.07754516601562
2010-08-06,75.94229888916016
2010-08-09,76.24835968017578
2010-08-10,75.92098999023438
2010-08-11,74.12007904052734
2010-08-12,73.63605499267578
2010-08-13,73.56491088867188
2010-08-16,73.51510620117188
2010-08-17,74.262451171875
2010-08-18,74.4333267211914
2010-08-19,73.35844421386719
2010-08-20,72.97550964355469
2010-08-23,72.70401000976562
2010-08-24,71.73235321044922
2010-08-25,71.88240051269531
2010-08-26,71.39654541015625
2010-08-27,72.57543182373047
2010-08-30,71.5680160522461
2010-08-31,71.5895004272461
2010-09-01,73.44710540771484
2010-09-02,73.7900390625
2010-09-03,74.71881866455078
2010-09-07,73.99008178710938
2010-09-08,74.29014587402344
2010-09-09,74.4830322265625
2010-09-10,74.86167907714844
2010-09-13,75.49762725830078
2010-09-14,75.3332748413086
2010-09-15,75.69048309326172
2010-09-16,75.86909484863281
2010-09-17,75.919921875
2010-09-20,76.957763671875
2010-09-21,77.02931213378906
2010-09-22,76.8719253540039
2010-09-23,76.34932708740234
2010-09-24,77.70931243896484
2010-09-27,77.43732452392578
2010-09-28,77.70213317871094
2010-09-29,77.52324676513672
2010-09-30,77.23697662353516
2010-10-01,77.5303726196289
2010-10-04,76.99358367919922
2010-10-05,78.30339813232422
2010-10-06,78.56819152832031
2010-10-07,78.44654083251953
2010-10-08,78.84737396240234
2010-10-11,78.91898345947266
2010-10-12,78.91898345947266
2010-10-13,79.49152374267578
2010-10-14,79.49871063232422
2010-10-15,79.28594970703125
2010-10-18,79.52229309082031
2010-10-19,78.68416595458984
2010-10-20,79.57963562011719
2010-10-21,79.90202331542969
2010-10-22,79.77306365966797
2010-10-25,80.02376556396484
2010-10-26,80.0596694946289
2010-10-27,79.73725128173828
2010-10-28,79.58682250976562
2010-10-29,79.73725128173828
2010-11-01,79.74441528320312
2010-11-02,80.1455307006836
2010-11-03,80.44642639160156
2010-11-04,81.97224426269531
2010-11-05,82.05108642578125
2010-11-08,81.8218002319336
2010-11-09,81.44216918945312
2010-11-10,81.47081756591797
2010-11-11,81.00521087646484
2010-11-12,80.34613800048828
2010-11-15,80.41059875488281
2010-11-16,79.15705108642578
2010-11-17,79.11402893066406
2010-11-18,80.3390121459961
2010-11-19,80.49783325195312
2010-11-22,80.36125183105469
2010-11-23,79.33355712890625
2010-11-24,80.3828125
2010-11-26,79.51324462890625
2010-11-29,79.52042388916016
2010-11-30,79.17540740966797
2010-12-01,80.9721450805664
2010-12-02,81.74110412597656
2010-12-03,81.8847885131836
2010-12-06,81.74110412597656
2010-12-07,81.73393249511719
2010-12-08,81.8488998413086
2010-12-09,81.8704605102539
2010-12-10,82.13636779785156
2010-12-13,82.28007507324219
2010-12-14,82.6538314819336
2010-12-15,82.56758117675781
2010-12-16,82.81914520263672
2010-12-17,82.79963684082031
2010-12-20,82.65557861328125
2010-12-21,83.0589828491211
2010-12-22,83.25346374511719
2010-12-23,83.36149597167969
2010-12-27,83.22462463378906
2010-12-28,83.40470886230469
2010-12-29,83.48269653320312
2010-12-30,83.33834075927734
2010-12-31,83.46824645996094
2011-01-03,84.03130340576172
2011-01-04,84.19730377197266
2011-01-05,84.48604583740234
2011-01-06,84.29837036132812
2011-01-07,84.14677429199219
2011-01-10,83.87969207763672
2011-01-11,84.13235473632812
2011-01-12,84.74595642089844
2011-01-13,84.60159301757812
2011-01-14,84.95526885986328
2011-01-18,85.34508514404297
2011-01-19,85.29454803466797
2011-01-20,85.26568603515625
2011-01-21,85.61548614501953
2011-01-24,86.41046142578125
2011-01-25,86.35982513427734
2011-01-26,86.4466323852539
2011-01-27,86.46832275390625
2011-01-28,85.2974853515625
2011-01-31,85.71664428710938
2011-02-01,86.79353332519531
2011-02-02,86.80072784423828
2011-02-03,86.99588012695312
2011-02-04,87.22720336914062
2011-02-07,87.70416259765625
2011-02-08,88.275146484375
2011-02-09,88.3763198852539
2011-02-10,88.29681396484375
2011-02-11,88.6436996459961
2011-02-14,88.61481475830078
2011-02-15,88.31849670410156
2011-02-16,88.80992889404297
2011-02-17,89.01233673095703
2011-02-18,89.54845428466797
2011-02-22,88.30953979492188
2011-02-23,87.5560531616211
2011-02-24,87.24458312988281
2011-02-25,87.7662353515625
2011-02-28,88.49796295166016
2011-03-01,87.20833587646484
2011-03-02,87.26628112792969
2011-03-03,88.65011596679688
2011-03-04,88.0052719116211
2011-03-07,87.45463562011719
2011-03-08,88.38199615478516
2011-03-09,88.39649963378906
2011-03-10,86.74462127685547
2011-03-11,87.24458312988281
2011-03-14,86.83157348632812
2011-03-15,85.80278015136719
2011-03-16,84.15817260742188
2011-03-17,85.26666259765625
2011-03-18,85.85173797607422
2011-03-21,87.1583023071289
2011-03-22,87.04950714111328
2011-03-23,87.5648422241211
2011-03-24,88.16735076904297
2011-03-25,88.53026580810547
2011-03-28,88.3851547241211
2011-03-29,88.92955017089844
2011-03-30,89.43766021728516
2011-03-31,89.29972839355469
2011-04-01,89.619140625
2011-04-04,89.8368911743164
2011-04-05,89.7570571899414
2011-04-06,90.1345443725586
2011-04-07,89.94580078125
2011-04-08,89.7570571899414
2011-04-11,89.74980926513672
2011-04-12,88.89323425292969
2011-04-13,88.95851135253906
2011-04-14,89.08195495605469
2011-04-15,89.50483703613281
2011-04-18,88.45127868652344
2011-04-19,88.92355346679688
2011-04-20,90.34040069580078
2011-04-21,90.6673583984375
2011-04-25,90.49293518066406
2011-04-26,91.3284683227539
2011-04-27,92.04782104492188
2011-04-28,92.57820129394531
2011-04-29,93.02862548828125
2011-05-02,92.88333129882812
2011-05-03,92.8687515258789
2011-05-04,92.25123596191406
2011-05-05,91.284912109375
2011-05-06,91.74266052246094
2011-05-09,92.06229400634766
2011-05-10,92.59992218017578
2011-05-11,91.77169799804688
2011-05-12,92.26570129394531
2011-05-13,91.51741027832031
2011-05-16,91.16140747070312
2011-05-17,90.68183135986328
2011-05-18,91.33573913574219
2011-05-19,91.67724609375
2011-05-20,91.01024627685547
2011-05-23,90.04075622558594
2011-05-24,89.8803482055664
2011-05-25,90.13548278808594
2011-05-26,90.24481201171875
2011-05-27,90.55831146240234
2011-05-31,91.48413848876953
2011-06-01,89.44300079345703
2011-06-02,89.15142059326172
2011-06-03,88.4370346069336
2011-06-06,88.00695037841797
2011-06-07,87.83200073242188
2011-06-08,87.6934814453125
2011-06-09,88.29124450683594
2011-06-10,87.015625
2011-06-13,87.08113861083984
2011-06-14,87.98506164550781
2011-06-15,86.65836334228516
2011-06-16,87.13220977783203
2011-06-17,87.43741607666016
2011-06-20,88.02159118652344
2011-06-21,88.78834533691406
2011-06-22,88.21875762939453
2011-06-23,87.8609619140625
2011-06-24,87.0431137084961
2011-06-27,87.77332305908203
2011-06-28,88.80294036865234
2011-06-29,89.41633605957031
2011-06-30,90.42404174804688
2011-07-01,91.70197296142578
2011-07-05,91.63621520996094
2011-07-06,92.07434844970703
2011-07-07,92.81189727783203
2011-07-08,92.29347229003906
2011-07-11,91.24188995361328
2011-07-12,90.78914642333984
2011-07-13,91.13241577148438
2011-07-14,90.7015380859375
2011-07-15,91.03922271728516
2011-07-18,90.35221862792969
2011-07-19,91.8212661743164
2011-07-20,91.69703674316406
2011-07-21,92.84452819824219
2011-07-22,92.5302505493164
2011-07-25,91.91624450683594
2011-07-26,91.23657989501953
2011-07-27,89.78211212158203
2011-07-28,89.3727798461914
2011-07-29,88.53227233886719
2011-08-01,88.51766967773438
2011-08-02,86.5808334350586
2011-08-03,86.82929229736328
2011-08-04,83.10907745361328
2011-08-05,83.50376892089844
2011-08-08,78.98695373535156
2011-08-09,82.12971496582031
2011-08-10,78.3290786743164
2011-08-11,81.31112670898438
2011-08-12,82.44392395019531
2011-08-15,83.91303253173828
2011-08-16,83.3795394897461
2011-08-17,83.51106262207031
2011-08-18,80.44871520996094
2011-08-19,79.17131042480469
2011-08-22,79.45745849609375
2011-08-23,81.7098617553711
2011-08-24,82.86907958984375
2011-08-25,81.62916564941406
2011-08-26,82.68571472167969
2011-08-29,84.47577667236328
2011-08-30,84.62991333007812
2011-08-31,85.07015228271484
2011-09-01,84.27775573730469
2011-09-02,82.37751770019531
2011-09-06,81.59248352050781
2011-09-07,83.59542846679688
2011-09-08,82.81035614013672
2011-09-09,80.57267761230469
2011-09-12,81.07888793945312
2011-09-13,81.37967681884766
2011-09-14,82.46556854248047
2011-09-15,83.83019256591797
2011-09-16,84.4255599975586
2011-09-19,83.5876235961914
2011-09-20,83.70524597167969
2011-09-21,81.55155944824219
2011-09-22,78.69965362548828
2011-09-23,78.97901916503906
2011-09-26,81.02976989746094
2011-09-27,82.11021423339844
2011-09-28,80.72832489013672
2011-09-29,81.86764526367188
2011-09-30,80.06682586669922
2011-10-03,78.17781066894531
2011-10-04,79.1774673461914
2011-10-05,80.3240966796875
2011-10-06,81.65449523925781
2011-10-07,81.60307312011719
2011-10-10,83.94782257080078
2011-10-11,83.80081176757812
2011-10-12,84.5211410522461
2011-10-13,84.27859497070312
2011-10-14,85.5134048461914
2011-10-17,83.7199935913086
2011-10-18,84.90335083007812
2011-10-19,84.49173736572266
2011-10-20,84.77103424072266
2011-10-21,86.76246643066406
2011-10-24,87.520751953125
2011-10-25,85.98213958740234
2011-10-26,87.17475128173828
2011-10-27,89.77360534667969
2011-10-28,89.84720611572266
2011-10-31,87.85946655273438
2011-11-01,85.68029022216797
2011-11-02,86.96863555908203
2011-11-03,88.4852523803711
2011-11-04,88.05078125
2011-11-07,88.67658996582031
2011-11-08,89.51594543457031
2011-11-09,86.64466094970703
2011-11-10,87.52810668945312
2011-11-11,89.47174072265625
2011-11-14,88.8680191040039
2011-11-15,88.98583221435547
2011-11-16,87.68274688720703
2011-11-17,86.7477798461914
2011-11-18,86.88433837890625
2011-11-21,84.98760986328125
2011-11-22,84.67764282226562
2011-11-23,82.89912414550781
2011-11-25,82.75892639160156
2011-11-28,84.94335174560547
2011-11-29,85.28280639648438
2011-11-30,88.69978332519531
2011-12-01,88.6554946899414
2011-12-02,88.60379791259766
2011-12-05,89.26068115234375
2011-12-06,89.58538818359375
2011-12-07,90.08718872070312
2011-12-08,88.51528930664062
2011-12-09,89.87317657470703
2011-12-12,88.73663330078125
2011-12-13,88.19792938232422
2011-12-14,87.31969451904297
2011-12-15,87.68132781982422
2011-12-16,87.50811004638672
2011-12-19,86.87154388427734
2011-12-20,89.32904052734375
2011-12-21,89.42528533935547
2011-12-22,89.95823669433594
2011-12-23,90.7724838256836
2011-12-27,90.80206298828125
2011-12-28,89.7509536743164
2011-12-29,90.69104766845703
2011-12-30,90.19508361816406
2012-01-03,91.51268005371094
2012-01-04,91.76435089111328
2012-01-05,91.74954986572266
2012-01-06,91.43867492675781
2012-01-09,91.534912109375
2012-01-10,92.06778717041016
2012-01-11,92.001220703125
2012-01-12,92.1788558959961
2012-01-13,91.90503692626953
2012-01-17,92.24549102783203
2012-01-18,92.98571014404297
2012-01-19,93.39279174804688
2012-01-20,94.10216522216797
2012-01-23,93.990966796875
2012-01-24,93.70928192138672
2012-01-25,94.31706237792969
2012-01-26,94.17623901367188
2012-01-27,93.72412109375
2012-01-30,93.56108093261719
2012-01-31,93.44249725341797
2012-02-01,94.06504821777344
2012-02-02,94.0132064819336
2012-02-03,95.14724731445312
2012-02-06,94.9619369506836
2012-02-07,95.2509765625
2012-02-08,95.39924621582031
2012-02-09,95.43630981445312
2012-02-10,94.7618179321289
2012-02-13,95.31024932861328
2012-02-14,95.36219787597656
2012-02-15,94.76924133300781
2012-02-16,95.6660385131836
2012-02-17,96.03163146972656
2012-02-21,96.12086486816406
2012-02-22,95.9648208618164
2012-02-23,96.29178619384766
2012-02-24,96.32148742675781
2012-02-27,96.3512191772461
2012-02-28,96.4997787475586
2012-02-29,96.07626342773438
2012-03-01,96.28434753417969
2012-03-02,96.26947021484375
2012-03-05,96.17284393310547
2012-03-06,94.70894622802734
2012-03-07,95.28854370117188
2012-03-08,95.80131530761719
2012-03-09,95.97222137451172
2012-03-12,96.20256042480469
2012-03-13,97.85224914550781
2012-03-14,98.00094604492188
2012-03-15,98.39476776123047
2012-03-16,98.31660461425781
2012-03-19,98.33148956298828
2012-03-20,97.8177719116211
2012-03-21,97.52737426757812
2012-03-22,96.91683197021484
2012-03-23,97.23700714111328
2012-03-26,98.34635162353516
2012-03-27,98.03363037109375
2012-03-28,97.5199203491211
2012-03-29,97.63164520263672
2012-03-30,98.13046264648438
2012-04-02,98.50273895263672
2012-04-03,98.03363037109375
2012-04-04,97.16998291015625
2012-04-05,97.08065032958984
2012-04-09,96.13510131835938
2012-04-10,94.56405639648438
2012-04-11,95.18948364257812
2012-04-12,96.58177185058594
2012-04-13,95.59901428222656
2012-04-16,96.09782409667969
2012-04-17,97.49011993408203
2012-04-18,96.90190887451172
2012-04-19,96.44779205322266
2012-04-20,96.88683319091797
2012-04-23,96.17125701904297
2012-04-24,96.69297790527344
2012-04-25,97.37876892089844
2012-04-26,98.28075408935547
2012-04-27,98.39254760742188
2012-04-30,98.24347686767578
2012-05-01,98.78763580322266
2012-05-02,98.69066619873047
2012-05-03,98.25090026855469
2012-05-04,96.9688720703125
2012-05-07,96.78248596191406
2012-05-08,96.21592712402344
2012-05-09,95.66443634033203
2012-05-10,95.73890686035156
2012-05-11,95.54512786865234
2012-05-14,94.62826538085938
2012-05-15,94.1512222290039
2012-05-16,94.05432891845703
2012-05-17,92.8542251586914
2012-05-18,92.23040771484375
2012-05-21,93.35234069824219
2012-05-22,93.36735534667969
2012-05-23,93.27755737304688
2012-05-24,93.58425903320312
2012-05-25,92.94094848632812
2012-05-29,93.94325256347656
2012-05-30,92.73898315429688
2012-05-31,92.5220947265625
2012-06-01,90.51011657714844
2012-06-04,90.33806610107422
2012-06-05,90.56993865966797
2012-06-06,92.69413757324219
2012-06-07,93.13544464111328
2012-06-08,93.81609344482422
2012-06-11,92.7315444946289
2012-06-12,93.93577575683594
2012-06-13,93.41217041015625
2012-06-14,94.51912689208984
2012-06-15,95.4107666015625
2012-06-18,95.25344848632812
2012-06-19,95.95023345947266
2012-06-20,95.87532043457031
2012-06-21,93.98719787597656
2012-06-22,94.57909393310547
2012-06-25,93.47772216796875
2012-06-26,93.71745300292969
2012-06-27,94.4141845703125
2012-06-28,94.2569351196289
2012-06-29,96.2424545288086
2012-07-02,96.17501068115234
2012-07-03,96.7669677734375
2012-07-05,96.48971557617188
2012-07-06,95.58313751220703
2012-07-09,95.33584594726562
2012-07-10,94.66903686523438
2012-07-11,94.3393325805664
2012-07-12,94.0846176147461
2012-07-13,95.62060546875
2012-07-16,95.24594116210938
2012-07-17,95.77043151855469
2012-07-18,96.62460327148438
2012-07-19,96.8943099975586
2012-07-20,96.09131622314453
2012-07-23,95.24329376220703
2012-07-24,94.4552993774414
2012-07-25,94.9431381225586
2012-07-26,96.49661254882812
2012-07-27,97.96752166748047
2012-07-30,97.86243438720703
2012-07-31,97.32958984375
2012-08-01,97.14945220947266
2012-08-02,96.46653747558594
2012-08-03,98.11006927490234
2012-08-06,98.2376937866211
2012-08-07,98.5979232788086
2012-08-08,98.72550201416016
2012-08-09,98.7405014038086
2012-08-10,99.01068878173828
2012-08-13,98.77799987792969
2012-08-14,98.80804443359375
2012-08-15,98.85311126708984
2012-08-16,99.4909896850586
2012-08-17,99.64070892333984
2012-08-20,99.610595703125
2012-08-21,99.1515884399414
2012-08-22,98.92586517333984
2012-08-23,98.10568237304688
2012-08-24,98.85818481445312
2012-08-27,98.61730194091797
2012-08-28,98.46684265136719
2012-08-29,98.51204681396484
2012-08-30,97.75957489013672
2012-08-31,98.48190307617188
2012-09-04,97.99286651611328
2012-09-05,98.09817504882812
2012-09-06,99.94168090820312
2012-09-07,100.03206634521484
2012-09-10,99.68588256835938
2012-09-11,100.14486694335938
2012-09-12,100.35546875
2012-09-13,101.87554931640625
2012-09-14,102.22917938232422
2012-09-17,101.98088073730469
2012-09-18,102.04102325439453
2012-09-19,102.13133239746094
2012-09-20,102.29692077636719
2012-09-21,102.14688110351562
2012-09-24,102.03376770019531
2012-09-25,101.29480743408203
2012-09-26,100.96302032470703
2012-09-27,101.49083709716797
2012-09-28,101.07611083984375
2012-10-01,101.62657928466797
2012-10-02,101.40032196044922
2012-10-03,101.55113983154297
2012-10-04,102.18456268310547
2012-10-05,102.5163345336914
2012-10-08,102.28251647949219
2012-10-09,101.48331451416016
2012-10-10,100.49553680419922
2012-10-11,100.38241577148438
2012-10-12,100.38241577148438
2012-10-15,101.05352783203125
2012-10-16,102.01864624023438
2012-10-17,102.11669921875
2012-10-18,102.06391906738281
2012-10-19,100.50616455078125
2012-10-22,100.49864959716797
2012-10-23,98.71671295166016
2012-10-24,98.5354995727539
2012-10-25,98.74691009521484
2012-10-26,98.7545394897461
2012-10-31,98.61103820800781
2012-11-01,99.6529769897461
2012-11-02,98.66389465332031
2012-11-05,98.81489562988281
2012-11-06,99.70587921142578
2012-11-07,97.59169006347656
2012-11-08,96.64030456542969
2012-11-09,96.58745574951172
2012-11-12,96.67803955078125
2012-11-13,96.29296875
2012-11-14,94.95651245117188
2012-11-15,94.76776885986328
2012-11-16,95.0804443359375
2012-11-19,96.61710357666016
2012-11-20,96.67768096923828
2012-11-21,97.01074981689453
2012-11-23,98.3279800415039
2012-11-26,98.04786682128906
2012-11-27,97.41201782226562
2012-11-28,98.13871002197266
2012-11-29,98.51719665527344
2012-11-30,98.4869613647461
2012-12-03,98.07060241699219
2012-12-04,97.9494857788086
2012-12-05,98.59288024902344
2012-12-06,98.971435546875
2012-12-07,99.59217071533203
2012-12-10,99.72843933105469
2012-12-11,100.30379486083984
2012-12-12,100.31136322021484
2012-12-13,99.78899383544922
2012-12-14,99.5164794921875
2012-12-17,100.25831604003906
2012-12-18,101.0986557006836
2012-12-19,100.39462280273438
2012-12-20,100.82608795166016
2012-12-21,100.07660675048828
2012-12-24,99.45391082763672
2012-12-26,99.33241271972656
2012-12-27,99.17295837402344
2012-12-28,98.01113891601562
2012-12-31,99.15779876708984
2013-01-02,101.58012390136719
2013-01-03,101.4738540649414
2013-01-04,101.80037689208984
2013-01-07,101.38272857666016
2013-01-08,101.04102325439453
2013-01-09,101.53462219238281
2013-01-10,102.16484069824219
2013-01-11,102.30150604248047
2013-01-14,102.43065643310547
2013-01-15,102.57488250732422
2013-01-16,102.43065643310547
2013-01-17,103.14442443847656
2013-01-18,103.4522933959961
2013-01-22,103.9463882446289
2013-01-23,104.49369812011719
2013-01-24,104.91941833496094
2013-01-25,105.37554168701172
2013-01-28,105.39837646484375
2013-01-29,105.83924102783203
2013-01-30,105.48197174072266
2013-01-31,105.21589660644531
2013-02-01,106.22698974609375
2013-02-04,105.33757781982422
2013-02-05,105.96094512939453
2013-02-06,106.10527801513672
2013-02-07,105.8848648071289
2013-02-08,106.21932983398438
2013-02-11,106.05966186523438
2013-02-12,106.46263122558594
2013-02-13,106.32569885253906
2013-02-14,106.31818389892578
2013-02-15,106.27777099609375
2013-02-19,106.6740951538086
2013-02-20,105.84335327148438
2013-02-21,105.56135559082031
2013-02-22,106.5521240234375
2013-02-25,104.91358947753906
2013-02-26,105.76716613769531
2013-02-27,107.15425872802734
2013-02-28,106.91036224365234
2013-03-01,107.26097106933594
2013-03-04,107.512451171875
2013-03-05,108.48029327392578
2013-03-06,108.8613510131836
2013-03-07,109.08999633789062
2013-03-08,109.5625228881836
2013-03-11,110.0197982788086
2013-03-12,110.05028533935547
2013-03-13,110.09602355957031
2013-03-14,110.759033203125
2013-03-15,110.60015869140625
2013-03-18,110.10382843017578
2013-03-19,110.20307922363281
2013-03-20,110.59259033203125
2013-03-21,109.8899154663086
2013-03-22,110.66129302978516
2013-03-25,110.13436126708984
2013-03-26,110.9515151977539
2013-03-27,110.70704650878906
2013-03-28,110.98209381103516
2013-04-01,111.02787017822266
2013-04-02,111.70763397216797
2013-04-03,110.84457397460938
2013-04-04,111.32572174072266
2013-04-05,110.97438049316406
2013-04-08,111.46311950683594
2013-04-09,111.89087677001953
2013-04-10,112.86077117919922
2013-04-11,113.33426666259766
2013-04-12,113.34949493408203
2013-04-15,111.3563461303711
2013-04-16,112.53997802734375
2013-04-17,111.46311950683594
2013-04-18,110.87515258789062
2013-04-19,110.95234680175781
2013-04-22,111.09000396728516
2013-04-23,112.22134399414062
2013-04-24,111.95380401611328
2013-04-25,112.19075775146484
2013-04-26,112.28244018554688
2013-04-29,113.0316390991211
2013-04-30,113.1539535522461
2013-05-01,112.17547607421875
2013-05-02,113.10803985595703
2013-05-03,114.17833709716797
2013-05-06,114.2318115234375
2013-05-07,114.86631774902344
2013-05-08,115.38616943359375
2013-05-09,115.30970001220703
2013-05-10,115.46257781982422
2013-05-13,115.32501220703125
2013-05-14,116.29582977294922
2013-05-15,116.79273986816406
2013-05-16,116.54051208496094
2013-05-17,117.39830780029297
2013-05-20,117.32161712646484
2013-05-21,117.68196105957031
2013-05-22,117.16835021972656
2013-05-23,117.11459350585938
2013-05-24,117.11459350585938
2013-05-28,117.9655532836914
2013-05-29,117.16835021972656
2013-05-30,117.36766052246094
2013-05-31,115.83441162109375
2013-06-03,116.76194763183594
2013-06-04,116.2483901977539
2013-06-05,114.46221160888672
2013-06-06,115.18285369873047
2013-06-07,116.76968383789062
2013-06-10,116.68536376953125
2013-06-11,115.91109466552734
2013-06-12,114.88383483886719
2013-06-13,116.34037017822266
2013-06-14,115.49720001220703
2013-06-17,116.35572814941406
2013-06-18,117.36766052246094
2013-06-19,115.82672119140625
2013-06-20,113.13595581054688
2013-06-21,113.48471069335938
2013-06-24,112.37088012695312
2013-06-25,113.15446472167969
2013-06-26,114.29895782470703
2013-06-27,115.1517562866211
2013-06-28,114.11455535888672
2013-07-01,114.78304290771484
2013-07-02,114.40654754638672
2013-07-03,114.87518310546875
2013-07-05,116.01209259033203
2013-07-08,116.78028106689453
2013-07-09,117.37174987792969
2013-07-10,117.31029510498047
2013-07-11,118.59329223632812
2013-07-12,118.4319076538086
2013-07-15,118.79295349121094
2013-07-16,118.53173065185547
2013-07-17,118.63932037353516
2013-07-18,119.33064270019531
2013-07-19,119.31985473632812
2013-07-22,119.31222534179688
2013-07-23,119.50453186035156
2013-07-24,119.30450439453125
2013-07-25,119.31985473632812
2013-07-26,119.35069274902344
2013-07-29,119.1737289428711
2013-07-30,119.15830993652344
2013-07-31,119.10456085205078
2013-08-01,119.91217041015625
2013-08-02,120.15070343017578
2013-08-05,119.83526611328125
2013-08-06,119.11219024658203
2013-08-07,118.87369537353516
2013-08-08,118.98912811279297
2013-08-09,118.54299926757812
2013-08-12,118.48140716552734
2013-08-13,118.7968978881836
2013-08-14,117.93534851074219
2013-08-15,116.24312591552734
2013-08-16,116.06027221679688
2013-08-19,115.47419738769531
2013-08-20,115.4819107055664
2013-08-21,114.62590789794922
2013-08-22,115.21199035644531
2013-08-23,115.5436782836914
2013-08-26,115.06544494628906
2013-08-27,113.74681091308594
2013-08-28,114.16316986083984
2013-08-29,114.32511901855469
2013-08-30,114.01667785644531
2013-09-03,114.21717834472656
2013-09-04,115.04229736328125
2013-09-05,114.99600982666016
2013-09-06,114.97296142578125
2013-09-09,116.03712463378906
2013-09-10,117.05509948730469
2013-09-11,118.1038589477539
2013-09-12,118.01127624511719
2013-09-13,118.52029418945312
2013-09-16,119.484375
2013-09-17,119.75416564941406
2013-09-18,120.83377075195312
2013-09-19,120.5485610961914
2013-09-20,119.2225570678711
2013-09-23,118.76671600341797
2013-09-24,118.2644271850586
2013-09-25,117.76998901367188
2013-09-26,118.17948150634766
2013-09-27,117.607666015625
2013-09-30,116.6727523803711
2013-10-01,117.15177917480469
2013-10-02,116.65727233886719
2013-10-03,115.64512634277344
2013-10-04,116.2322998046875
2013-10-07,115.12744140625
2013-10-08,113.99166107177734
2013-10-09,114.18478393554688
2013-10-10,116.64187622070312
2013-10-11,117.57678985595703
2013-10-14,118.06354522705078
2013-10-15,116.93547821044922
2013-10-16,118.619873046875
2013-10-17,118.58899688720703
2013-10-18,118.81330108642578
2013-10-21,118.75909423828125
2013-10-22,119.31607818603516
2013-10-23,118.9834976196289
2013-10-24,119.74146270751953
2013-10-25,120.24430847167969
2013-10-28,120.18254089355469
2013-10-29,121.05658721923828
2013-10-30,120.5691909790039
2013-10-31,120.1206283569336
2013-11-01,120.56153106689453
2013-11-04,120.71622467041016
2013-11-05,120.5846176147461
2013-11-06,121.61341094970703
2013-11-07,120.55371856689453
2013-11-08,121.8223876953125
2013-11-11,121.91509246826172
2013-11-12,121.72948455810547
2013-11-13,122.26318359375
2013-11-14,122.7814712524414
2013-11-15,123.45410919189453
2013-11-18,123.56267547607422
2013-11-19,123.47734832763672
2013-11-20,123.04340362548828
2013-11-21,123.88812255859375
2013-11-22,124.30667114257812
2013-11-25,124.46935272216797
2013-11-26,124.38414764404297
2013-11-27,124.6553955078125
2013-11-29,124.55461883544922
2013-12-02,123.93470001220703
2013-12-03,123.21390533447266
2013-12-04,123.03569793701172
2013-12-05,122.53968048095703
2013-12-06,124.12064361572266
2013-12-09,124.17484283447266
2013-12-10,123.77960968017578
2013-12-11,122.68695068359375
2013-12-12,122.03598022460938
2013-12-13,122.17540740966797
2013-12-16,123.14409637451172
2013-12-17,123.05120086669922
2013-12-18,125.36064910888672
2013-12-19,125.45357513427734
2013-12-20,125.86146545410156
2013-12-23,126.33533477783203
2013-12-24,126.7548599243164
2013-12-26,127.76487731933594
2013-12-27,127.77264404296875
2013-12-30,127.86573791503906
2013-12-31,128.5494842529297
2014-01-02,127.49286651611328
2014-01-03,127.71034240722656
2014-01-06,127.32208251953125
2014-01-07,128.1610565185547
2014-01-08,127.67932891845703
2014-01-09,127.55504608154297
2014-01-10,127.5473861694336
2014-01-13,126.04019927978516
2014-01-14,126.98011016845703
2014-01-15,127.85025024414062
2014-01-16,127.39192962646484
2014-01-17,127.57301330566406
2014-01-21,127.30086517333984
2014-01-22,127.09882354736328
2014-01-23,125.73038482666016
2014-01-24,123.2190933227539
2014-01-27,122.86132049560547
2014-01-28,123.5766830444336
2014-01-29,122.14610290527344
2014-01-30,122.97795867919922
2014-01-31,121.87399291992188
2014-02-03,119.37040710449219
2014-02-04,119.79801940917969
2014-02-05,119.87576293945312
2014-02-06,121.3997573852539
2014-02-07,122.6748046875
2014-02-10,122.65148162841797
2014-02-11,124.21428680419922
2014-02-12,124.17536926269531
2014-02-13,124.62630462646484
2014-02-14,125.63709259033203
2014-02-18,125.49710845947266
2014-02-19,124.80516815185547
2014-02-20,125.4193344116211
2014-02-21,125.36870574951172
2014-02-24,126.03140258789062
2014-02-25,125.90657043457031
2014-02-26,126.1717300415039
2014-02-27,126.72526550292969
2014-02-28,127.09161376953125
2014-03-03,125.89889526367188
2014-03-04,127.56721496582031
2014-03-05,127.34890747070312
2014-03-06,127.92588806152344
2014-03-07,128.12066650390625
2014-03-10,127.84782409667969
2014-03-11,127.40348815917969
2014-03-12,127.25540161132812
2014-03-13,125.55577087402344
2014-03-14,125.24395751953125
2014-03-17,126.58495330810547
2014-03-18,127.2944107055664
2014-03-19,126.4446029663086
2014-03-20,127.3099365234375
2014-03-21,127.00690460205078
2014-03-24,126.85845184326172
2014-03-25,127.60041809082031
2014-03-26,126.77262878417969
2014-03-27,126.73360443115234
2014-03-28,127.17872619628906
2014-03-31,128.26414489746094
2014-04-01,128.81871032714844
2014-04-02,129.14666748046875
2014-04-03,129.123291015625
2014-04-04,127.98311614990234
2014-04-07,126.639892578125
2014-04-08,126.77262878417969
2014-04-09,128.1549072265625
2014-04-10,126.10096740722656
2014-04-11,124.96868896484375
2014-04-14,126.0854263305664
2014-04-15,126.79605102539062
2014-04-16,128.09242248535156
2014-04-17,127.98466491699219
2014-04-21,128.20346069335938
2014-04-22,128.80523681640625
2014-04-23,128.6801300048828
2014-04-24,128.7193145751953
2014-04-25,127.67195129394531
2014-04-28,128.31283569335938
2014-04-29,128.9615478515625
2014-04-30,129.31326293945312
2014-05-01,129.1413116455078
2014-05-02,128.7661895751953
2014-05-05,128.90679931640625
2014-05-06,127.96903991699219
2014-05-07,128.98504638671875
2014-05-08,129.23504638671875
2014-05-09,129.5242156982422
2014-05-12,130.3683624267578
2014-05-13,130.5637664794922
2014-05-14,129.8291473388672
2014-05-15,128.6098175048828
2014-05-16,128.9867401123047
2014-05-19,129.06517028808594
2014-05-20,127.9759750366211
2014-05-21,129.27667236328125
2014-05-22,129.4333953857422
2014-05-23,129.9427490234375
2014-05-27,130.44419860839844
2014-05-28,130.1464385986328
2014-05-29,130.68716430664062
2014-05-30,130.8046112060547
2014-06-02,131.01626586914062
2014-06-03,130.87521362304688
2014-06-04,130.9613800048828
2014-06-05,131.75277709960938
2014-06-06,132.489501953125
2014-06-09,132.6147918701172
2014-06-10,132.7009735107422
2014-06-11,131.91737365722656
2014-06-12,131.0867919921875
2014-06-13,131.34539794921875
2014-06-16,131.40023803710938
2014-06-17,131.64308166503906
2014-06-18,132.37191772460938
2014-06-19,132.4971923828125
2014-06-20,132.74542236328125
2014-06-23,132.61184692382812
2014-06-24,131.79542541503906
2014-06-25,132.1173095703125
2014-06-26,131.960205078125
2014-06-27,132.03091430664062
2014-06-30,131.81114196777344
2014-07-01,132.83953857421875
2014-07-02,132.99658203125
2014-07-03,133.83670043945312
2014-07-07,133.35772705078125
2014-07-08,132.56471252441406
2014-07-09,133.13784790039062
2014-07-10,132.6511688232422
2014-07-11,132.83953857421875
2014-07-14,133.69525146484375
2014-07-15,133.7659149169922
2014-07-16,134.30776977539062
2014-07-17,133.16148376464844
2014-07-18,134.06686401367188
2014-07-21,133.7524871826172
2014-07-22,134.19268798828125
2014-07-23,134.0511474609375
2014-07-24,133.95684814453125
2014-07-25,132.95077514648438
2014-07-28,133.1473388671875
2014-07-29,132.65213012695312
2014-07-30,132.41639709472656
2014-07-31,129.90921020507812
2014-08-01,129.34335327148438
2014-08-04,129.9406280517578
2014-08-05,128.83236694335938
2014-08-06,129.05252075195312
2014-08-07,128.54165649414062
2014-08-08,129.94847106933594
2014-08-11,130.11351013183594
2014-08-12,130.06639099121094
2014-08-13,130.85243225097656
2014-08-14,131.3316650390625
2014-08-15,130.9743194580078
2014-08-18,132.32066345214844
2014-08-19,132.97412109375
2014-08-20,133.5331573486328
2014-08-21,133.98988342285156
2014-08-22,133.74578857421875
2014-08-25,134.33621215820312
2014-08-26,134.58038330078125
2014-08-27,134.6432342529297
2014-08-28,134.45436096191406
2014-08-29,134.54095458984375
2014-09-02,134.30479431152344
2014-09-03,134.41500854492188
2014-09-04,134.36769104003906
2014-09-05,134.83233642578125
2014-09-08,134.6826934814453
2014-09-09,133.94259643554688
2014-09-10,134.37562561035156
2014-09-11,134.24961853027344
2014-09-12,133.76939392089844
2014-09-15,134.1000213623047
2014-09-16,134.93463134765625
2014-09-17,135.09214782714844
2014-09-18,135.90306091308594
2014-09-19,136.10272216796875
2014-09-22,135.2819061279297
2014-09-23,134.33489990234375
2014-09-24,135.58187866210938
2014-09-25,133.51409912109375
2014-09-26,134.7215118408203
2014-09-29,134.42958068847656
2014-09-30,134.22434997558594
2014-10-01,132.3382568359375
2014-10-02,132.31442260742188
2014-10-03,133.94813537597656
2014-10-06,133.8297119140625
2014-10-07,131.69102478027344
2014-10-08,133.8692626953125
2014-10-09,131.28060913085938
2014-10-10,130.38876342773438
2014-10-13,128.5892333984375
2014-10-14,128.6681365966797
2014-10-15,127.28702545166016
2014-10-16,127.05023956298828
2014-10-17,128.9996337890625
2014-10-20,129.1575164794922
2014-10-21,130.8543701171875
2014-10-22,129.7336883544922
2014-10-23,131.36732482910156
2014-10-24,132.38548278808594
2014-10-27,132.49583435058594
2014-10-28,133.90074157714844
2014-10-29,133.6956024169922
2014-10-30,135.43186950683594
2014-10-31,136.89193725585938
2014-11-03,136.8208770751953
2014-11-04,136.9000244140625
2014-11-05,137.7600860595703
2014-11-06,138.34414672851562
2014-11-07,138.57305908203125
2014-11-10,138.8650360107422
2014-11-11,138.92030334472656
2014-11-12,138.93605041503906
2014-11-13,139.2517547607422
2014-11-14,139.18069458007812
2014-11-17,139.29116821289062
2014-11-18,139.66212463378906
2014-11-19,139.63848876953125
2014-11-20,139.89109802246094
2014-11-21,140.6015167236328
2014-11-24,140.68069458007812
2014-11-25,140.80735778808594
2014-11-26,140.8468475341797
2014-11-28,140.9180908203125
2014-12-01,140.52239990234375
2014-12-02,141.28196716308594
2014-12-03,141.5985565185547
2014-12-04,141.49566650390625
2014-12-05,142.0336151123047
2014-12-08,141.26626586914062
2014-12-09,140.80735778808594
2014-12-10,138.69476318359375
2014-12-11,139.28013610839844
2014-12-12,136.88278198242188
2014-12-15,135.9253692626953
2014-12-16,135.18167114257812
2014-12-17,137.3496551513672
2014-12-18,140.67274475097656
2014-12-19,140.86550903320312
2014-12-22,142.22142028808594
2014-12-23,142.75259399414062
2014-12-24,142.75259399414062
2014-12-26,142.87948608398438
2014-12-29,142.81610107421875
2014-12-30,142.3006591796875
2014-12-31,141.04788208007812
2015-01-02,141.095458984375
2015-01-05,138.63729858398438
2015-01-06,137.48751831054688
2015-01-07,139.23193359375
2015-01-08,141.74563598632812
2015-01-09,140.52455139160156
2015-01-12,139.74746704101562
2015-01-13,139.541259765625
2015-01-14,138.01881408691406
2015-01-15,137.2258758544922
2015-01-16,138.6210479736328
2015-01-20,138.8035125732422
2015-01-21,139.16064453125
2015-01-22,141.20030212402344
2015-01-23,140.00196838378906
2015-01-26,140.07330322265625
2015-01-27,137.76402282714844
2015-01-28,136.27989196777344
2015-01-29,138.00999450683594
2015-01-30,136.06565856933594
2015-02-02,137.5099334716797
2015-02-03,139.9384765625
2015-02-04,140.0972442626953
2015-02-05,141.7002410888672
2015-02-06,141.33511352539062
2015-02-09,140.54164123535156
2015-02-10,141.66859436035156
2015-02-11,141.8194122314453
2015-02-12,142.7240753173828
2015-02-13,143.12083435058594
2015-02-17,143.30331420898438
2015-02-18,143.2239532470703
2015-02-19,142.9224853515625
2015-02-20,144.14796447753906
2015-02-23,143.97283935546875
2015-02-24,144.7606658935547
2015-02-25,144.80047607421875
2015-02-26,144.84024047851562
2015-02-27,144.18772888183594
2015-03-02,145.37347412109375
2015-03-03,144.7288055419922
2015-03-04,143.8614959716797
2015-03-05,144.1717987060547
2015-03-06,141.967529296875
2015-03-09,143.0815887451172
2015-03-10,140.60675048828125
2015-03-11,140.336181640625
2015-03-12,142.42111206054688
2015-03-13,141.2991485595703
2015-03-16,143.06578063964844
2015-03-17,142.04701232910156
2015-03-18,143.82171630859375
2015-03-19,142.97019958496094
2015-03-20,144.25439453125
2015-03-23,144.1668243408203
2015-03-24,143.3536376953125
2015-03-25,141.03387451171875
2015-03-26,140.68307495117188
2015-03-27,140.9461669921875
2015-03-30,143.00289916992188
2015-03-31,141.56004333496094
2015-04-01,140.8904571533203
2015-04-02,141.3606719970703
2015-04-06,142.3651580810547
2015-04-07,142.22962951660156
2015-04-08,142.49273681640625
2015-04-09,143.01077270507812
2015-04-10,143.78411865234375
2015-04-13,143.2021942138672
2015-04-14,143.63267517089844
2015-04-15,144.1906280517578
2015-04-16,144.21450805664062
2015-04-17,141.93959045410156
2015-04-20,143.60682678222656
2015-04-21,142.99249267578125
2015-04-22,143.63072204589844
2015-04-23,143.8779754638672
2015-04-24,144.01358032226562
2015-04-27,143.71836853027344
2015-04-28,144.25282287597656
2015-04-29,143.638671875
2015-04-30,142.131103515625
2015-05-01,143.5030517578125
2015-05-04,143.933837890625
2015-05-05,142.7930450439453
2015-05-06,142.29856872558594
2015-05-07,143.00852966308594
2015-05-08,145.0585479736328
2015-05-11,144.44427490234375
2015-05-12,144.1571044921875
2015-05-13,144.1810760498047
2015-05-14,145.60885620117188
2015-05-15,145.88314819335938
2015-05-18,146.0430450439453
2015-05-19,146.24282836914062
2015-05-20,146.06700134277344
2015-05-21,146.13096618652344
2015-05-22,145.70724487304688
2015-05-26,144.19630432128906
2015-05-27,145.11569213867188
2015-05-28,144.93177795410156
2015-05-29,143.98837280273438
2015-06-01,144.22024536132812
2015-06-02,144.0204620361328
2015-06-03,144.6039581298828
2015-06-04,143.26890563964844
2015-06-05,142.70126342773438
2015-06-08,142.14981079101562
2015-06-09,142.0698699951172
2015-06-10,143.94854736328125
2015-06-11,144.412109375
2015-06-12,143.20494079589844
2015-06-15,142.3815155029297
2015-06-16,143.26890563964844
2015-06-17,143.48475646972656
2015-06-18,144.96380615234375
2015-06-19,144.08998107910156
2015-06-22,145.01991271972656
2015-06-23,145.18016052246094
2015-06-24,143.80947875976562
2015-06-25,143.20028686523438
2015-06-26,143.5850372314453
2015-06-29,140.78758239746094
2015-06-30,140.93182373046875
2015-07-01,142.19830322265625
2015-07-02,141.91783142089844
2015-07-06,141.6211700439453
2015-07-07,142.3827362060547
2015-07-08,140.2745819091797
2015-07-09,140.4829559326172
2015-07-10,142.2063751220703
2015-07-13,143.96180725097656
2015-07-14,144.54690551757812
2015-07-15,144.55496215820312
2015-07-16,145.1400909423828
2015-07-17,144.85287475585938
2015-07-20,144.97312927246094
2015-07-21,143.59326171875
2015-07-22,143.0556640625
2015-07-23,142.14097595214844
2015-07-24,140.8251953125
2015-07-27,139.79017639160156
2015-07-28,141.2985076904297
2015-07-29,142.22116088867188
2015-07-30,142.18914794921875
2015-07-31,141.75584411621094
2015-08-03,141.00978088378906
2015-08-04,140.6647186279297
2015-08-05,140.6968231201172
2015-08-06,139.78211975097656
2015-08-07,139.47726440429688
2015-08-10,141.36277770996094
2015-08-11,139.69387817382812
2015-08-12,139.77415466308594
2015-08-13,139.85435485839844
2015-08-14,140.3277130126953
2015-08-17,140.96958923339844
2015-08-18,140.67274475097656
2015-08-19,139.39694213867188
2015-08-20,136.5728302001953
2015-08-21,132.33892822265625
2015-08-24,127.48518371582031
2015-08-25,125.96388244628906
2015-08-26,130.93019104003906
2015-08-27,133.98089599609375
2015-08-28,133.8843994140625
2015-08-31,132.9586181640625
2015-09-01,129.15936279296875
2015-09-02,131.57412719726562
2015-09-03,131.74313354492188
2015-09-04,129.5699920654297
2015-09-08,132.7413787841797
2015-09-09,130.81752014160156
2015-09-10,131.51780700683594
2015-09-11,132.32281494140625
2015-09-14,131.82373046875
2015-09-15,133.7073211669922
2015-09-16,134.8341827392578
2015-09-17,134.27064514160156
2015-09-18,131.89794921875
2015-09-21,132.99485778808594
2015-09-22,131.46240234375
2015-09-23,131.13169860839844
2015-09-24,130.55099487304688
2015-09-25,131.36563110351562
2015-09-28,128.87355041503906
2015-09-29,129.22833251953125
2015-09-30,131.1559600830078
2015-10-01,131.0511474609375
2015-10-02,132.73675537109375
2015-10-05,135.1563262939453
2015-10-06,135.24496459960938
2015-10-07,136.26112365722656
2015-10-08,137.40646362304688
2015-10-09,137.7210693359375
2015-10-12,138.05165100097656
2015-10-13,137.62416076660156
2015-10-14,136.35792541503906
2015-10-15,138.17262268066406
2015-10-16,138.68910217285156
2015-10-19,138.88265991210938
2015-10-20,138.79391479492188
2015-10-21,138.36631774902344
2015-10-22,141.04515075683594
2015-10-23,142.31202697753906
2015-10-26,142.02964782714844
2015-10-27,141.74720764160156
2015-10-28,143.36900329589844
2015-10-29,143.1269073486328
2015-10-30,142.4088897705078
2015-11-02,143.72402954101562
2015-11-03,144.4906768798828
2015-11-04,144.15171813964844
2015-11-05,144.1436309814453
2015-11-06,144.5470428466797
2015-11-09,143.15924072265625
2015-11-10,143.44976806640625
2015-11-11,142.98974609375
2015-11-12,140.9402618408203
2015-11-13,139.278076171875
2015-11-16,141.22267150878906
2015-11-17,141.33567810058594
2015-11-18,143.40927124023438
2015-11-19,143.3529510498047
2015-11-20,144.14053344726562
2015-11-23,143.881591796875
2015-11-24,144.07579040527344
2015-11-25,144.03538513183594
2015-11-27,144.01100158691406
2015-11-30,143.46873474121094
2015-12-01,144.74771118164062
2015-12-02,143.51712036132812
2015-12-03,141.52584838867188
2015-12-04,144.4320068359375
2015-12-07,143.55775451660156
2015-12-08,142.2868194580078
2015-12-09,141.6553955078125
2015-12-10,142.37579345703125
2015-12-11,139.82589721679688
2015-12-14,140.77308654785156
2015-12-15,142.035888671875
2015-12-16,143.80055236816406
2015-12-17,141.7445068359375
2015-12-18,138.74876403808594
2015-12-21,139.76303100585938
2015-12-22,141.1911163330078
2015-12-23,142.6515350341797
2015-12-24,142.1728515625
2015-12-28,141.9781036376953
2015-12-29,143.60089111328125
2015-12-30,142.64346313476562
2015-12-31,141.1748809814453
2016-01-04,138.98411560058594
2016-01-05,139.065185546875
2016-01-06,137.07730102539062
2016-01-07,133.84793090820312
2016-01-08,132.45236206054688
2016-01-11,132.9310760498047
2016-01-12,133.83984375
2016-01-13,130.91885375976562
2016-01-14,132.73626708984375
2016-01-15,129.63189697265625
2016-01-19,129.907958984375
2016-01-20,127.95144653320312
2016-01-21,128.75515747070312
2016-01-22,130.5330352783203
2016-01-25,128.8363037109375
2016-01-26,131.14187622070312
2016-01-27,129.32342529296875
2016-01-28,130.30569458007812
2016-01-29,133.4393310546875
2016-02-01,133.4149932861328
2016-02-02,131.03627014160156
2016-02-03,132.4894561767578
2016-02-04,133.2526397705078
2016-02-05,131.46661376953125
2016-02-08,130.1757354736328
2016-02-09,130.08648681640625
2016-02-10,129.39645385742188
2016-02-11,127.2938461303711
2016-02-12,129.8754119873047
2016-02-16,131.67764282226562
2016-02-17,133.89385986328125
2016-02-18,133.56109619140625
2016-02-19,133.39248657226562
2016-02-22,135.21771240234375
2016-02-23,133.75918579101562
2016-02-24,134.182861328125
2016-02-25,135.9511260986328
2016-02-26,135.49481201171875
2016-02-29,134.41920471191406
2016-03-01,137.32005310058594
2016-03-02,137.6215362548828
2016-03-03,137.99642944335938
2016-03-04,138.5423583984375
2016-03-07,139.03121948242188
2016-03-08,138.2163543701172
2016-03-09,138.5423583984375
2016-03-10,138.574951171875
2016-03-11,140.3431396484375
2016-03-14,140.48983764648438
2016-03-15,140.67724609375
2016-03-16,141.35369873046875
2016-03-17,142.55142211914062
2016-03-18,143.47012329101562
2016-03-21,143.73147583007812
2016-03-22,143.4782257080078
2016-03-23,142.75148010253906
2016-03-24,142.857666015625
2016-03-28,143.004638671875
2016-03-29,143.78042602539062
2016-03-30,144.4501190185547
2016-03-31,144.24598693847656
2016-04-01,145.12786865234375
2016-04-04,144.63787841796875
2016-04-05,143.57640075683594
2016-04-06,144.5726318359375
2016-04-07,143.14349365234375
2016-04-08,143.4456787109375
2016-04-11,143.26596069335938
2016-04-12,144.61331176757812
2016-04-13,146.1078338623047
2016-04-14,146.2629852294922
2016-04-15,146.01776123046875
2016-04-18,146.91673278808594
2016-04-19,147.3580780029297
2016-04-20,147.70944213867188
2016-04-21,146.8513946533203
2016-04-22,147.01475524902344
2016-04-25,146.72067260742188
2016-04-26,146.8022918701172
2016-04-27,147.30087280273438
2016-04-28,145.62548828125
2016-04-29,145.12698364257812
2016-05-02,146.03407287597656
2016-05-03,144.89002990722656
2016-05-04,144.0891571044922
2016-05-05,144.18716430664062
2016-05-06,144.92282104492188
2016-05-09,144.62855529785156
2016-05-10,146.4427032470703
2016-05-11,144.89002990722656
2016-05-12,144.9881134033203
2016-05-13,143.40272521972656
2016-05-16,144.8572998046875
2016-05-17,143.46807861328125
2016-05-18,143.52532958984375
2016-05-19,142.74905395507812
2016-05-20,143.3164825439453
2016-05-23,143.3328857421875
2016-05-24,145.0386199951172
2016-05-25,146.20314025878906
2016-05-26,146.03904724121094
2016-05-27,146.38356018066406
2016-05-31,145.6864471435547
2016-06-01,145.7521209716797
2016-06-02,146.20314025878906
2016-06-03,146.0227813720703
2016-06-06,146.941162109375
2016-06-07,147.1051483154297
2016-06-08,147.66287231445312
2016-06-09,147.5152130126953
2016-06-10,146.55587768554688
2016-06-13,145.4486541748047
2016-06-14,144.99757385253906
2016-06-15,144.8008270263672
2016-06-16,145.53073120117188
2016-06-17,145.04991149902344
2016-06-20,146.10177612304688
2016-06-21,146.31549072265625
2016-06-22,145.91281127929688
2016-06-23,147.75338745117188
2016-06-24,142.66700744628906
2016-06-27,140.6784210205078
2016-06-28,142.8312530517578
2016-06-29,145.14854431152344
2016-06-30,147.08790588378906
2016-07-01,147.342529296875
2016-07-05,146.43865966796875
2016-07-06,147.07139587402344
2016-07-07,146.915283203125
2016-07-08,148.97772216796875
2016-07-11,149.65162658691406
2016-07-12,150.69515991210938
2016-07-13,150.8677520751953
2016-07-14,151.9853515625
2016-07-15,152.0304718017578
2016-07-18,152.19500732421875
2016-07-19,152.47451782226562
2016-07-20,152.7705535888672
2016-07-21,152.11277770996094
2016-07-22,152.5485382080078
2016-07-25,151.9729766845703
2016-07-26,151.80027770996094
2016-07-27,151.78387451171875
2016-07-28,151.61932373046875
2016-07-29,151.41371154785156
2016-08-01,151.19998168945312
2016-08-02,150.4599151611328
2016-08-03,150.78057861328125
2016-08-04,150.8545379638672
2016-08-05,152.34291076660156
2016-08-08,152.3594512939453
2016-08-09,152.4169158935547
2016-08-10,152.22787475585938
2016-08-11,153.1981201171875
2016-08-12,152.8692626953125
2016-08-15,153.37918090820312
2016-08-16,152.7541046142578
2016-08-17,153.03375244140625
2016-08-18,153.23104858398438
2016-08-19,152.93081665039062
2016-08-22,152.7657470703125
2016-08-23,152.9141845703125
2016-08-24,152.3860626220703
2016-08-25,152.14675903320312
2016-08-26,151.6927947998047
2016-08-29,152.5262908935547
2016-08-30,152.2622833251953
2016-08-31,151.79183959960938
2016-09-01,151.92396545410156
2016-09-02,152.55117797851562
2016-09-06,152.93081665039062
2016-09-07,152.93081665039062
2016-09-08,152.51820373535156
2016-09-09,149.2914276123047
2016-09-12,151.2637939453125
2016-09-13,149.20068359375
2016-09-14,148.8953399658203
2016-09-15,150.40560913085938
2016-09-16,149.63156127929688
2016-09-19,149.63986206054688
2016-09-20,149.69784545898438
2016-09-21,151.02890014648438
2016-09-22,151.8557586669922
2016-09-23,150.83053588867188
2016-09-26,149.44970703125
2016-09-27,150.48329162597656
2016-09-28,151.3927459716797
2016-09-29,149.83828735351562
2016-09-30,151.1282196044922
2016-10-03,150.74783325195312
2016-10-04,150.05332946777344
2016-10-05,151.02890014648438
2016-10-06,150.9132080078125
2016-10-07,150.6651153564453
2016-10-10,151.40928649902344
2016-10-11,149.82177734375
2016-10-12,149.96231079101562
2016-10-13,149.52415466308594
2016-10-14,149.89625549316406
2016-10-17,149.4249267578125
2016-10-18,149.96231079101562
2016-10-19,150.48329162597656
2016-10-20,150.10293579101562
2016-10-21,149.98704528808594
2016-10-24,150.59957885742188
2016-10-25,150.2022705078125
2016-10-26,150.44229125976562
2016-10-27,150.24356079101562
2016-10-28,150.10296630859375
2016-10-31,149.94569396972656
2016-11-01,149.0766143798828
2016-11-02,148.43934631347656
2016-11-03,148.2406768798828
2016-11-04,147.90965270996094
2016-11-07,150.93051147460938
2016-11-08,151.77471923828125
2016-11-09,153.91000366210938
2016-11-10,155.7060546875
2016-11-11,155.9874725341797
2016-11-14,156.23577880859375
2016-11-15,156.70755004882812
2016-11-16,156.40960693359375
2016-11-17,156.6744384765625
2016-11-18,156.41969299316406
2016-11-21,157.1500701904297
2016-11-22,157.7144317626953
2016-11-23,158.18759155273438
2016-11-25,158.77682495117188
2016-11-28,158.34521484375
2016-11-29,158.68556213378906
2016-11-30,158.85975646972656
2016-12-01,159.27476501464844
2016-12-02,159.14205932617188
2016-12-05,159.5404510498047
2016-12-06,159.76449584960938
2016-12-07,162.2462158203125
2016-12-08,162.91012573242188
2016-12-09,164.08042907714844
2016-12-12,164.4042510986328
2016-12-13,165.35861206054688
2016-12-14,164.4539031982422
2016-12-15,164.88558959960938
2016-12-16,164.85386657714844
2016-12-19,165.19483947753906
2016-12-20,165.87704467773438
2016-12-21,165.6608123779297
2016-12-22,165.502685546875
2016-12-23,165.56922912597656
2016-12-27,165.70236206054688
2016-12-28,164.76254272460938
2016-12-29,164.6875457763672
2016-12-30,164.28822326660156
2017-01-03,165.0452423095703
2017-01-04,165.6524658203125
2017-01-05,165.31971740722656
2017-01-06,165.95184326171875
2017-01-09,165.3280487060547
2017-01-10,165.02853393554688
2017-01-11,165.8022003173828
2017-01-12,165.31971740722656
2017-01-13,165.27818298339844
2017-01-17,164.77072143554688
2017-01-18,164.654296875
2017-01-19,164.09706115722656
2017-01-20,164.82379150390625
2017-01-23,164.6740264892578
2017-01-24,165.55654907226562
2017-01-25,166.87216186523438
2017-01-26,167.1218719482422
2017-01-27,167.0469207763672
2017-01-30,166.00611877441406
2017-01-31,165.1568145751953
2017-02-01,165.38172912597656
2017-02-02,165.3651123046875
2017-02-03,166.8388214111328
2017-02-06,166.75550842285156
2017-02-07,167.00537109375
2017-02-08,166.94705200195312
2017-02-09,167.95448303222656
2017-02-10,168.8037109375
2017-02-13,170.0193634033203
2017-02-14,170.82701110839844
2017-02-15,171.83436584472656
2017-02-16,171.9176788330078
2017-02-17,171.88516235351562
2017-02-21,172.8787078857422
2017-02-22,173.19595336914062
2017-02-23,173.50479125976562
2017-02-24,173.5966796875
2017-02-27,173.89718627929688
2017-02-28,173.63841247558594
2017-03-01,176.17642211914062
2017-03-02,175.23304748535156
2017-03-03,175.2498016357422
2017-03-06,174.89071655273438
2017-03-07,174.6320343017578
2017-03-08,174.16439819335938
2017-03-09,174.21449279785156
2017-03-10,174.61520385742188
2017-03-13,174.4398651123047
2017-03-14,174.10589599609375
2017-03-15,174.97410583496094
2017-03-16,174.85736083984375
2017-03-17,174.71348571777344
2017-03-20,174.671630859375
2017-03-21,172.61375427246094
2017-03-22,172.6640167236328
2017-03-23,172.580322265625
2017-03-24,172.11184692382812
2017-03-27,171.6769256591797
2017-03-28,172.94839477539062
2017-03-29,172.580322265625
2017-03-30,173.12408447265625
2017-03-31,172.60543823242188
2017-04-03,172.53021240234375
2017-04-04,172.86473083496094
2017-04-05,172.53855895996094
2017-04-06,172.69752502441406
2017-04-07,172.63885498046875
2017-04-10,172.647216796875
2017-04-11,172.59710693359375
2017-04-12,172.04489135742188
2017-04-13,170.95745849609375
2017-04-17,172.46328735351562
2017-04-18,171.55145263671875
2017-04-19,170.5225372314453
2017-04-20,172.07008361816406
2017-04-21,171.84571838378906
2017-04-24,173.62899780273438
2017-04-25,175.5546875
2017-04-26,175.37884521484375
2017-04-27,175.45425415039062
2017-04-28,175.05235290527344
2017-05-01,174.91835021972656
2017-05-02,175.09422302246094
2017-05-03,175.1696014404297
2017-05-04,175.14447021484375
2017-05-05,175.63011169433594
2017-05-08,175.75570678710938
2017-05-09,175.50445556640625
2017-05-10,175.3872833251953
2017-05-11,175.21974182128906
2017-05-12,174.9937744140625
2017-05-15,175.76400756835938
2017-05-16,175.7807159423828
2017-05-17,172.8671112060547
2017-05-18,173.27734375
2017-05-19,174.4681396484375
2017-05-22,175.20700073242188
2017-05-23,175.60174560546875
2017-05-24,176.18955993652344
2017-05-25,176.82774353027344
2017-05-26,176.794189453125
2017-05-30,176.51702880859375
2017-05-31,176.3406219482422
2017-06-01,177.5161590576172
2017-06-02,177.94456481933594
2017-06-05,177.90255737304688
2017-06-06,177.4910888671875
2017-06-07,177.78497314453125
2017-06-08,177.90255737304688
2017-06-09,178.5826873779297
2017-06-12,178.35597229003906
2017-06-13,179.17054748535156
2017-06-14,179.5652313232422
2017-06-15,179.43923950195312
2017-06-16,179.6613311767578
2017-06-19,180.80548095703125
2017-06-20,180.3680419921875
2017-06-21,179.93896484375
2017-06-22,179.80435180664062
2017-06-23,179.81280517578125
2017-06-26,179.92213439941406
2017-06-27,179.13133239746094
2017-06-28,180.23338317871094
2017-06-29,178.86212158203125
2017-06-30,179.39222717285156
2017-07-03,180.44371032714844
2017-07-05,180.51939392089844
2017-07-06,179.3080291748047
2017-07-07,180.07354736328125
2017-07-10,180.0230712890625
2017-07-11,180.01480102539062
2017-07-12,181.0662384033203
2017-07-13,181.25975036621094
2017-07-14,181.9327850341797
2017-07-17,181.89903259277344
2017-07-18,181.46163940429688
2017-07-19,181.9832305908203
2017-07-20,181.87384033203125
2017-07-21,181.51681518554688
2017-07-24,181.146240234375
2017-07-25,181.7947540283203
2017-07-26,182.59478759765625
2017-07-27,183.36114501953125
2017-07-28,183.61387634277344
2017-07-31,184.18655395507812
2017-08-01,184.75086975097656
2017-08-02,185.1887664794922
2017-08-03,185.3319091796875
2017-08-04,185.76138305664062
2017-08-07,185.99725341796875
2017-08-08,185.86257934570312
2017-08-09,185.70248413085938
2017-08-10,184.10232543945312
2017-08-11,184.18655395507812
2017-08-14,185.2561798095703
2017-08-15,185.4160919189453
2017-08-16,185.67715454101562
2017-08-17,183.43699645996094
2017-08-18,182.80294799804688
2017-08-21,182.98025512695312
2017-08-22,184.62655639648438
2017-08-23,183.9764404296875
2017-08-24,183.75694274902344
2017-08-25,184.0777130126953
2017-08-28,183.99334716796875
2017-08-29,184.54212951660156
2017-08-30,184.8291015625
2017-08-31,185.3272247314453
2017-09-01,185.6649169921875
2017-09-05,183.765380859375
2017-09-06,184.2550048828125
2017-09-07,184.1369171142578
2017-09-08,184.24661254882812
2017-09-11,186.37408447265625
2017-09-12,186.9312744140625
2017-09-13,187.21827697753906
2017-09-14,187.6910858154297
2017-09-15,188.18853759765625
2017-09-18,188.78924560546875
2017-09-19,189.14453125
2017-09-20,189.4151153564453
2017-09-21,189.05142211914062
2017-09-22,188.82305908203125
2017-09-25,188.5015106201172
2017-09-26,188.39157104492188
2017-09-27,188.75535583496094
2017-09-28,189.1614227294922
2017-09-29,189.34750366210938
2017-10-02,190.54876708984375
2017-10-03,191.39483642578125
2017-10-04,191.5386962890625
2017-10-05,192.57925415039062
2017-10-06,192.50303649902344
2017-10-09,192.486083984375
2017-10-10,193.10374450683594
2017-10-11,193.39981079101562
2017-10-12,193.1629180908203
2017-10-13,193.50135803222656
2017-10-16,194.1103973388672
2017-10-17,194.4487762451172
2017-10-18,195.8108367919922
2017-10-19,195.97154235839844
2017-10-20,197.3795928955078
2017-10-23,196.97315979003906
2017-10-24,198.36166381835938
2017-10-25,197.4049835205078
2017-10-26,197.9891815185547
2017-10-27,198.26004028320312
2017-10-30,197.54884338378906
2017-10-31,197.80288696289062
2017-11-01,198.27699279785156
2017-11-02,198.92892456054688
2017-11-03,199.11514282226562
2017-11-06,199.30999755859375
2017-11-07,199.31832885742188
2017-11-08,199.3522186279297
2017-11-09,198.7256622314453
2017-11-10,198.4801483154297
2017-11-13,198.67489624023438
2017-11-14,198.3531951904297
2017-11-15,197.2355499267578
2017-11-16,198.8865203857422
2017-11-17,198.0735626220703
2017-11-20,198.71849060058594
2017-11-21,200.0594482421875
2017-11-22,199.58421325683594
2017-11-24,199.83883666992188
2017-11-27,200.0594482421875
2017-11-28,202.27455139160156
2017-11-29,203.1911163330078
2017-11-30,206.09353637695312
2017-12-01,205.7626495361328
2017-12-04,206.32275390625
2017-12-05,205.38914489746094
2017-12-06,205.0581817626953
2017-12-07,205.68626403808594
2017-12-08,206.7555389404297
2017-12-11,207.22238159179688
2017-12-12,208.3001708984375
2017-12-13,209.0299835205078
2017-12-14,208.4105224609375
2017-12-15,209.46615600585938
2017-12-18,210.7760009765625
2017-12-19,210.44422912597656
2017-12-20,210.16357421875
2017-12-21,210.66546630859375
2017-12-22,210.44422912597656
2017-12-26,210.31671142578125
2017-12-27,210.5123291015625
2017-12-28,211.06524658203125
2017-12-29,210.42735290527344
2018-01-02,210.97166442871094
2018-01-03,211.7628936767578
2018-01-04,213.166259765625
2018-01-05,214.96966552734375
2018-01-08,214.85902404785156
2018-01-09,215.90530395507812
2018-01-10,215.7351837158203
2018-01-11,217.42796325683594
2018-01-12,219.38433837890625
2018-01-16,219.29930114746094
2018-01-17,222.08078002929688
2018-01-18,221.29827880859375
2018-01-19,221.7442169189453
2018-01-22,222.9698028564453
2018-01-23,222.8760986328125
2018-01-24,223.4720001220703
2018-01-25,224.47621154785156
2018-01-26,226.3145751953125
2018-01-29,224.8252410888672
2018-01-30,221.8123016357422
2018-01-31,222.5103302001953
2018-02-01,222.6633758544922
2018-02-02,216.9696044921875
2018-02-05,207.04586791992188
2018-02-06,211.8885955810547
2018-02-07,211.71832275390625
2018-02-08,203.1308135986328
2018-02-09,205.99044799804688
2018-02-12,209.5139923095703
2018-02-13,209.85446166992188
2018-02-14,212.17799377441406
2018-02-15,214.9014434814453
2018-02-16,214.99107360839844
2018-02-20,212.76405334472656
2018-02-21,211.37319946289062
2018-02-22,212.88339233398438
2018-02-23,215.8017120361328
2018-02-26,219.2232666015625
2018-02-27,216.69760131835938
2018-02-28,213.48936462402344
2018-03-01,209.88853454589844
2018-03-02,209.3508758544922
2018-03-05,212.3288116455078
2018-03-06,212.3288116455078
2018-03-07,211.70591735839844
2018-03-08,212.5847625732422
2018-03-09,216.35623168945312
2018-03-12,214.99107360839844
2018-03-13,213.50636291503906
2018-03-14,211.50970458984375
2018-03-15,212.46539306640625
2018-03-16,212.93893432617188
2018-03-19,210.21202087402344
2018-03-20,211.2292022705078
2018-03-21,210.8188934326172
2018-03-22,204.61276245117188
2018-03-23,200.99691772460938
2018-03-26,206.7157440185547
2018-03-27,203.6982421875
2018-03-28,203.68966674804688
2018-03-29,206.35678100585938
2018-04-02,201.86878967285156
2018-04-03,205.2882080078125
2018-04-04,207.26287841796875
2018-04-05,209.3571014404297
2018-04-06,204.41622924804688
2018-04-09,204.9290771484375
2018-04-10,208.58782958984375
2018-04-11,206.7670440673828
2018-04-12,209.271728515625
2018-04-13,208.22018432617188
2018-04-16,209.9641876220703
2018-04-17,211.8275604248047
2018-04-18,211.46864318847656
2018-04-19,210.77621459960938
2018-04-20,209.1016082763672
2018-04-23,208.99037170410156
2018-04-24,205.3468017578125
2018-04-25,205.86851501464844
2018-04-26,207.9383087158203
2018-04-27,207.7929229736328
2018-04-30,206.58702087402344
2018-05-01,205.91983032226562
2018-05-02,204.50863647460938
2018-05-03,204.5000457763672
2018-05-04,207.42510986328125
2018-05-07,208.19500732421875
2018-05-08,208.19500732421875
2018-05-09,209.88833618164062
2018-05-10,211.6503143310547
2018-05-11,212.573974609375
2018-05-14,213.1983642578125
2018-05-15,211.5220489501953
2018-05-16,212.08645629882812
2018-05-17,211.8898468017578
2018-05-18,211.85293579101562
2018-05-21,214.3745574951172
2018-05-22,212.864990234375
2018-05-23,213.25096130371094
2018-05-24,212.6334228515625
2018-05-25,212.1702117919922
2018-05-29,208.80809020996094
2018-05-30,211.59564208984375
2018-05-31,209.43417358398438
2018-06-01,211.30401611328125
2018-06-04,212.8822021484375
2018-06-05,212.8393096923828
2018-06-06,215.72976684570312
2018-06-07,216.5959930419922
2018-06-08,217.230712890625
2018-06-11,217.3336181640625
2018-06-12,217.2564239501953
2018-06-13,216.29591369628906
2018-06-14,216.13290405273438
2018-06-15,215.38214111328125
2018-06-18,214.51454162597656
2018-06-19,212.06643676757812
2018-06-20,211.7056884765625
2018-06-21,210.0220489501953
2018-06-22,211.04425048828125
2018-06-25,208.1407928466797
2018-06-26,208.4501190185547
2018-06-27,207.11862182617188
2018-06-28,207.94326782226562
2018-06-29,208.50160217285156
2018-07-02,208.50160217285156
2018-07-03,207.5825653076172
2018-07-05,209.2060089111328
2018-07-06,210.10791015625
2018-07-09,212.89102172851562
2018-07-10,214.0850067138672
2018-07-11,212.23817443847656
2018-07-12,214.1450958251953
2018-07-13,214.9182891845703
2018-07-16,215.32196044921875
2018-07-17,215.845947265625
2018-07-18,216.49021911621094
2018-07-19,215.425048828125
2018-07-20,215.3975372314453
2018-07-23,215.24269104003906
2018-07-24,216.91983032226562
2018-07-25,218.47657775878906
2018-07-26,219.42269897460938
2018-07-27,218.68301391601562
2018-07-30,217.48748779296875
2018-07-31,218.6055908203125
2018-08-01,217.6939697265625
2018-08-02,217.68528747558594
2018-08-03,218.79478454589844
2018-08-06,219.19046020507812
2018-08-07,220.28277587890625
2018-08-08,219.8527374267578
2018-08-09,219.4570770263672
2018-08-10,217.85728454589844
2018-08-13,216.773681640625
2018-08-14,217.77996826171875
2018-08-15,216.53285217285156
2018-08-16,220.12794494628906
2018-08-17,221.08297729492188
2018-08-20,221.87579345703125
2018-08-21,222.42752075195312
2018-08-22,221.6604461669922
2018-08-23,221.065673828125
2018-08-24,222.23785400390625
2018-08-27,224.59075927734375
2018-08-28,224.642578125
2018-08-29,225.23719787597656
2018-08-30,224.09954833984375
2018-08-31,223.96163940429688
2018-09-04,223.8582305908203
2018-09-05,224.0219268798828
2018-09-06,224.3409881591797
2018-09-07,223.69442749023438
2018-09-10,223.17726135253906
2018-09-11,224.11679077148438
2018-09-12,224.30638122558594
2018-09-13,225.6250457763672
2018-09-14,225.71990966796875
2018-09-17,224.93556213378906
2018-09-18,226.5989990234375
2018-09-19,227.90042114257812
2018-09-20,230.15869140625
2018-09-21,230.6992645263672
2018-09-24,229.2311553955078
2018-09-25,228.63510131835938
2018-09-26,227.8146209716797
2018-09-27,228.2205810546875
2018-09-28,228.35009765625
2018-10-01,230.36245727539062
2018-10-02,231.08790588378906
2018-10-03,231.41604614257812
2018-10-04,229.94790649414062
2018-10-05,228.28106689453125
2018-10-08,228.721435546875
2018-10-09,228.20326232910156
2018-10-10,221.147216796875
2018-10-11,216.14662170410156
2018-10-12,218.76345825195312
2018-10-15,217.9344482421875
2018-10-16,222.75363159179688
2018-10-17,221.93321228027344
2018-10-18,219.0917205810547
2018-10-19,219.77883911132812
2018-10-22,218.6726837158203
2018-10-23,217.48867797851562
2018-10-24,212.27772521972656
2018-10-25,215.8467559814453
2018-10-26,213.0467987060547
2018-10-29,211.26661682128906
2018-10-30,214.92213439941406
2018-10-31,217.07383728027344
2018-11-01,219.26889038085938
2018-11-02,218.1714324951172
2018-11-05,219.9170379638672
2018-11-06,221.429443359375
2018-11-07,226.22560119628906
2018-11-08,226.50209045410156
2018-11-09,224.76507568359375
2018-11-12,219.6922607421875
2018-11-13,218.68994140625
2018-11-14,216.83197021484375
2018-11-15,218.82821655273438
2018-11-16,220.0677490234375
2018-11-19,216.438232421875
2018-11-20,211.79518127441406
2018-11-21,211.9251251220703
2018-11-23,210.331298828125
2018-11-26,213.432373046875
2018-11-27,214.3938446044922
2018-11-28,219.8858184814453
2018-11-29,219.6693115234375
2018-11-30,221.33250427246094
2018-12-03,224.1217803955078
2018-12-04,217.19190979003906
2018-12-06,216.31698608398438
2018-12-07,211.63063049316406
2018-12-10,211.97714233398438
2018-12-11,211.56134033203125
2018-12-12,212.99057006835938
2018-12-13,213.32847595214844
2018-12-14,209.12718200683594
2018-12-17,204.80462646484375
2018-12-18,205.61024475097656
2018-12-19,202.1973114013672
2018-12-20,198.273193359375
2018-12-21,194.63912963867188
2018-12-24,189.43630981445312
2018-12-26,198.6519012451172
2018-12-27,200.86683654785156
2018-12-28,200.1892547607422
2018-12-31,202.5517578125
2019-01-02,202.6908721923828
2019-01-03,196.9234619140625
2019-01-04,203.48992919921875
2019-01-07,204.42791748046875
2019-01-08,206.6514434814453
2019-01-09,207.52011108398438
2019-01-10,208.45816040039062
2019-01-11,208.3538360595703
2019-01-14,207.53744506835938
2019-01-15,209.01402282714844
2019-01-16,210.07366943359375
2019-01-17,211.75875854492188
2019-01-18,214.73483276367188
2019-01-22,212.08387756347656
2019-01-23,213.57882690429688
2019-01-24,213.36146545410156
2019-01-25,215.03038024902344
2019-01-28,213.0399169921875
2019-01-29,213.57009887695312
2019-01-30,217.45533752441406
2019-01-31,217.4032745361328
2019-02-01,217.71627807617188
2019-02-04,219.3155517578125
2019-02-05,220.74093627929688
2019-02-06,220.66273498535156
2019-02-07,218.95045471191406
2019-02-08,218.44638061523438
2019-02-11,218.1160888671875
2019-02-12,221.2364044189453
2019-02-13,222.34033203125
2019-02-14,221.78402709960938
2019-02-15,225.43421936035156
2019-02-19,225.57369995117188
2019-02-20,226.17501831054688
2019-02-21,225.32965087890625
2019-02-22,226.7590789794922
2019-02-25,227.38658142089844
2019-02-26,227.08157348632812
2019-02-27,226.49752807617188
2019-02-28,225.98336791992188
2019-03-01,226.9770050048828
2019-03-04,225.1117706298828
2019-03-05,225.03329467773438
2019-03-06,223.88275146484375
2019-03-07,222.0873260498047
2019-03-08,222.0001983642578
2019-03-11,223.78701782226562
2019-03-12,223.00253295898438
2019-03-13,224.30120849609375
2019-03-14,224.46678161621094
2019-03-15,225.64146423339844
2019-03-18,226.20932006835938
2019-03-19,226.1131591796875
2019-03-20,224.72442626953125
2019-03-21,226.7245635986328
2019-03-22,222.68939208984375
2019-03-25,222.78536987304688
2019-03-26,223.9994659423828
2019-03-27,223.69371032714844
2019-03-28,224.54095458984375
2019-03-29,226.33151245117188
2019-04-01,229.1789093017578
2019-04-02,228.56759643554688
2019-04-03,228.8382568359375
2019-04-04,230.39295959472656
2019-04-05,230.7248992919922
2019-04-08,229.9038848876953
2019-04-09,228.41029357910156
2019-04-10,228.48895263671875
2019-04-11,228.31427001953125
2019-04-12,230.64625549316406
2019-04-15,230.41909790039062
2019-04-16,231.04808044433594
2019-04-17,231.04808044433594
2019-04-18,232.08631896972656
2019-04-22,231.65806579589844
2019-04-23,232.8903350830078
2019-04-24,232.40101623535156
2019-04-25,231.18614196777344
2019-04-26,231.89405822753906
2019-04-29,231.98150634765625
2019-04-30,232.28732299804688
2019-05-01,230.85401916503906
2019-05-02,229.7440643310547
2019-05-03,231.57061767578125
2019-05-06,230.95887756347656
2019-05-07,226.8076629638672
2019-05-08,226.92996215820312
2019-05-09,225.86375427246094
2019-05-10,227.15724182128906
2019-05-13,221.520263671875
2019-05-14,223.5653076171875
2019-05-15,224.53541564941406
2019-05-16,226.49295043945312
2019-05-17,225.5503387451172
2019-05-20,224.87574768066406
2019-05-21,226.71554565429688
2019-05-22,225.6904296875
2019-05-23,223.2022705078125
2019-05-24,224.39378356933594
2019-05-28,222.07212829589844
2019-05-29,220.14462280273438
2019-05-30,220.6702880859375
2019-05-31,217.4724578857422
2019-06-03,217.71774291992188
2019-06-04,222.22979736328125
2019-06-05,224.0521240234375
2019-06-06,225.79556274414062
2019-06-07,228.01220703125
2019-06-10,228.6605682373047
2019-06-11,228.56431579589844
2019-06-12,228.1875
2019-06-13,229.159912109375
2019-06-14,229.1161346435547
2019-06-17,229.26510620117188
2019-06-18,232.46298217773438
2019-06-19,232.66448974609375
2019-06-20,234.8723907470703
2019-06-21,234.57106018066406
2019-06-24,234.632568359375
2019-06-25,232.9551544189453
2019-06-26,232.9201202392578
2019-06-27,232.85858154296875
2019-06-28,233.4732666015625
2019-07-01,234.45689392089844
2019-07-02,235.06272888183594
2019-07-03,236.7314453125
2019-07-05,236.47671508789062
2019-07-08,235.41412353515625
2019-07-09,235.23851013183594
2019-07-10,235.967529296875
2019-07-11,237.9259033203125
2019-07-12,240.09503173828125
2019-07-15,240.2794952392578
2019-07-16,240.1214599609375
2019-07-17,239.1201629638672
2019-07-18,239.11151123046875
2019-07-19,238.58657836914062
2019-07-22,238.76251220703125
2019-07-23,240.25677490234375
2019-07-24,239.60635375976562
2019-07-25,238.5339813232422
2019-07-26,238.94711303710938
2019-07-29,239.1844482421875
2019-07-30,238.99105834960938
2019-07-31,236.01138305664062
2019-08-01,233.5856170654297
2019-08-02,232.7506103515625
2019-08-05,225.97409057617188
2019-08-06,228.7779083251953
2019-08-07,228.7337646484375
2019-08-08,232.1529541015625
2019-08-09,231.3179473876953
2019-08-12,227.99554443359375
2019-08-13,231.30914306640625
2019-08-14,224.1986083984375
2019-08-15,225.32363891601562
2019-08-16,228.1383514404297
2019-08-19,230.30618286132812
2019-08-20,228.8521270751953
2019-08-21,230.91421508789062
2019-08-22,231.3813018798828
2019-08-23,225.8558807373047
2019-08-26,228.3322296142578
2019-08-27,227.18661499023438
2019-08-28,229.46897888183594
2019-08-29,232.56224060058594
2019-08-30,232.76492309570312
2019-09-03,230.3767852783203
2019-09-04,232.588623046875
2019-09-05,235.8933563232422
2019-09-06,236.45733642578125
2019-09-09,236.88037109375
2019-09-10,237.40029907226562
2019-09-11,239.42718505859375
2019-09-12,239.98228454589844
2019-09-13,240.22909545898438
2019-09-16,238.96897888183594
2019-09-17,239.31263732910156
2019-09-18,239.6739044189453
2019-09-19,239.18922424316406
2019-09-20,237.8439483642578
2019-09-23,237.9410400390625
2019-09-24,236.71310424804688
2019-09-25,238.1353302001953
2019-09-26,237.51695251464844
2019-09-27,236.73085021972656
2019-09-30,237.7819366455078
2019-10-01,234.5313262939453
2019-10-02,230.3087615966797
2019-10-03,231.44834899902344
2019-10-04,234.6726531982422
2019-10-07,233.85989379882812
2019-10-08,231.06857299804688
2019-10-09,232.70266723632812
2019-10-10,234.09835815429688
2019-10-11,236.8809814453125
2019-10-14,236.61590576171875
2019-10-15,238.7007598876953
2019-10-16,238.5769805908203
2019-10-17,238.8421630859375
2019-10-18,236.57310485839844
2019-10-21,237.07684326171875
2019-10-22,236.7321319580078
2019-10-23,237.1033935546875
2019-10-24,236.87350463867188
2019-10-25,238.30548095703125
2019-10-28,239.37509155273438
2019-10-29,239.42803955078125
2019-10-30,240.19705200195312
2019-10-31,239.0834197998047
2019-11-01,241.61135864257812
2019-11-04,242.68093872070312
2019-11-05,242.91073608398438
2019-11-06,242.9019317626953
2019-11-07,244.8907928466797
2019-11-08,244.90830993652344
2019-11-11,244.98789978027344
2019-11-12,245.10276794433594
2019-11-13,245.7747039794922
2019-11-14,245.93370056152344
2019-11-15,247.90321350097656
2019-11-18,248.1954803466797
2019-11-19,247.36300659179688
2019-11-20,246.36239624023438
2019-11-21,245.93731689453125
2019-11-22,246.9468231201172
2019-11-25,248.66477966308594
2019-11-26,249.16067504882812
2019-11-27,249.64784240722656
2019-11-29,248.7976837158203
2019-12-02,246.36239624023438
2019-12-03,243.98020935058594
2019-12-04,245.34390258789062
2019-12-05,245.61846923828125
2019-12-06,248.57638549804688
2019-12-09,247.7439422607422
2019-12-10,247.478271484375
2019-12-11,247.7083740234375
2019-12-12,249.68325805664062
2019-12-13,249.82484436035156
2019-12-16,250.67503356933594
2019-12-17,250.96725463867188
2019-12-18,250.79896545410156
2019-12-19,251.9058837890625
2019-12-20,252.6751708984375
2019-12-23,253.44790649414062
2019-12-24,253.1638946533203
2019-12-26,254.096435546875
2019-12-27,254.33633422851562
2019-12-30,252.7373809814453
2019-12-31,253.24363708496094
2020-01-02,256.3702697753906
2020-01-03,254.3275604248047
2020-01-06,254.91355895996094
2020-01-07,253.8122100830078
2020-01-08,255.28660583496094
2020-01-09,257.2053527832031
2020-01-10,256.03289794921875
2020-01-13,256.7257080078125
2020-01-14,256.9033508300781
2020-01-15,257.9069519042969
2020-01-16,260.1987609863281
2020-01-17,260.62347412109375
2020-01-21,259.3437805175781
2020-01-22,259.3260803222656
2020-01-23,259.08612060546875
2020-01-24,257.53997802734375
2020-01-27,253.5940399169922
2020-01-28,255.30935668945312
2020-01-29,255.30935668945312
2020-01-30,256.4203796386719
2020-01-31,250.98123168945312
2020-02-03,252.36773681640625
2020-02-04,255.9757843017578
2020-02-05,260.25909423828125
2020-02-06,261.041259765625
2020-02-07,258.7752380371094
2020-02-10,260.33905029296875
2020-02-11,260.3303527832031
2020-02-12,262.8008117675781
2020-02-13,262.0010986328125
2020-02-14,261.7521667480469
2020-02-18,260.33905029296875
2020-02-19,261.3611145019531
2020-02-20,260.18804931640625
2020-02-21,258.1956787109375
2020-02-24,249.12388610839844
2020-02-25,241.22850036621094
2020-02-26,240.37301635742188
2020-02-27,229.4655303955078
2020-02-28,226.84568786621094
2020-03-02,237.95802307128906
2020-03-03,231.06959533691406
2020-03-04,241.39779663085938
2020-03-05,232.99447631835938
2020-03-06,230.66864013671875
2020-03-09,212.73016357421875
2020-03-10,223.20089721679688
2020-03-11,210.1637725830078
2020-03-12,189.0172119140625
2020-03-13,206.83984375
2020-03-16,180.4446258544922
2020-03-17,190.22915649414062
2020-03-18,177.68211364746094
2020-03-19,179.39312744140625
2020-03-20,171.52052307128906
2020-03-23,166.36325073242188
2020-03-24,184.69512939453125
2020-03-25,189.53955078125
2020-03-26,201.1678924560547
2020-03-27,193.37391662597656
2020-03-30,199.40708923339844
2020-03-31,195.94802856445312
2020-04-01,187.1442108154297
2020-04-02,191.23776245117188
2020-04-03,188.23460388183594
2020-04-06,202.47280883789062
2020-04-07,202.53536987304688
2020-04-08,209.4444580078125
2020-04-09,211.9560089111328
2020-04-13,209.11378479003906
2020-04-14,214.2262725830078
2020-04-15,210.11483764648438
2020-04-16,210.34725952148438
2020-04-17,216.8040313720703
2020-04-20,211.62611389160156
2020-04-21,205.8847198486328
2020-04-22,209.9537353515625
2020-04-23,210.22203063964844
2020-04-24,212.6903076171875
2020-04-27,215.81138610839844
2020-04-28,215.60569763183594
2020-04-29,220.39906311035156
2020-04-30,217.51051330566406
2020-05-01,212.19833374023438
2020-05-04,212.32354736328125
2020-05-05,213.5577392578125
2020-05-06,211.82273864746094
2020-05-07,213.6561737060547
2020-05-08,217.8682098388672
2020-05-11,216.92027282714844
2020-05-12,212.913818359375
2020-05-13,208.20985412597656
2020-05-14,211.72433471679688
2020-05-15,212.2817840576172
2020-05-18,220.36407470703125
2020-05-19,217.03982543945312
2020-05-20,220.1848602294922
2020-05-21,219.54872131347656
2020-05-22,219.4232177734375
2020-05-26,224.23500061035156
2020-05-27,229.18115234375
2020-05-28,227.90875244140625
2020-05-29,227.8550262451172
2020-06-01,228.7331085205078
2020-06-02,231.044921875
2020-06-03,235.81187438964844
2020-06-04,235.9552001953125
2020-06-05,243.3118438720703
2020-06-08,247.55906677246094
2020-06-09,244.96047973632812
2020-06-10,242.34405517578125
2020-06-11,225.82989501953125
2020-06-12,230.0502471923828
2020-06-15,231.49290466308594
2020-06-16,236.39431762695312
2020-06-17,234.602294921875
2020-06-18,234.270751953125
2020-06-19,232.56588745117188
2020-06-22,233.93191528320312
2020-06-23,234.99221801757812
2020-06-24,228.81875610351562
2020-06-25,231.34384155273438
2020-06-26,224.99949645996094
2020-06-29,229.96893310546875
2020-06-30,231.73025512695312
2020-07-01,231.22702026367188
2020-07-02,232.22442626953125
2020-07-06,236.3401641845703
2020-07-07,232.78167724609375
2020-07-08,234.2913360595703
2020-07-09,231.16409301757812
2020-07-10,234.38121032714844
2020-07-13,234.57888793945312
2020-07-14,239.56634521484375
2020-07-15,241.65106201171875
2020-07-16,240.35711669921875
2020-07-17,239.8903350830078
2020-07-20,239.96243286132812
2020-07-21,241.32925415039062
2020-07-22,242.8042755126953
2020-07-23,239.84544372558594
2020-07-24,238.04672241210938
2020-07-27,239.1798858642578
2020-07-28,237.36314392089844
2020-07-29,238.77520751953125
2020-07-30,236.7786407470703
2020-07-31,237.740966796875
2020-08-03,239.87225341796875
2020-08-04,241.39230346679688
2020-08-05,244.62086486816406
2020-08-06,246.3297119140625
2020-08-07,246.97720336914062
2020-08-10,250.1427764892578
2020-08-11,249.2883758544922
2020-08-12,251.8516082763672
2020-08-13,251.29397583007812
2020-08-14,251.63575744628906
2020-08-17,250.871337890625
2020-08-18,250.1968231201172
2020-08-19,249.50439453125
2020-08-20,249.89993286132812
2020-08-21,251.7242889404297
2020-08-24,255.230224609375
2020-08-25,254.725830078125
2020-08-26,255.45553588867188
2020-08-27,256.90655517578125
2020-08-28,258.40289306640625
2020-08-31,256.2217102050781
2020-09-01,258.48394775390625
2020-09-02,262.4677429199219
2020-09-03,255.3745880126953
2020-09-04,253.95944213867188
2020-09-08,248.23622131347656
2020-09-09,252.22903442382812
2020-09-10,248.5697021484375
2020-09-11,249.74130249023438
2020-09-14,252.8419189453125
2020-09-15,252.8870086669922
2020-09-16,253.29248046875
2020-09-17,251.97666931152344
2020-09-18,249.8236083984375
2020-09-21,245.2340850830078
2020-09-22,246.47193908691406
2020-09-23,241.74671936035156
2020-09-24,242.21652221679688
2020-09-25,245.46896362304688
2020-09-28,249.2635498046875
2020-09-29,247.92645263671875
2020-09-30,250.7089080810547
2020-10-01,251.28724670410156
2020-10-02,250.07655334472656
2020-10-05,254.33192443847656
2020-10-06,250.9077606201172
2020-10-07,255.6058807373047
2020-10-08,256.84356689453125
2020-10-09,258.3253173828125
2020-10-12,260.6109924316406
2020-10-13,259.0570373535156
2020-10-14,257.60247802734375
2020-10-15,257.5209655761719
2020-10-16,258.46746826171875
2020-10-19,254.90628051757812
2020-10-20,255.73779296875
2020-10-21,254.85211181640625
2020-10-22,256.3705139160156
2020-10-23,256.09039306640625
2020-10-26,250.36004638671875
2020-10-27,248.24514770507812
2020-10-28,239.94805908203125
2020-10-29,240.9513397216797
2020-10-30,239.56845092773438
2020-11-02,243.31027221679688
2020-11-03,248.236083984375
2020-11-04,251.72494506835938
2020-11-05,256.6055603027344
2020-11-06,255.98193359375
2020-11-09,263.6645202636719
2020-11-10,266.1861267089844
2020-11-11,265.82452392578125
2020-11-12,263.05889892578125
2020-11-13,266.7646179199219
2020-11-16,271.13018798828125
2020-11-17,269.62060546875
2020-11-18,266.4120178222656
2020-11-19,266.9272766113281
2020-11-20,264.9815673828125
2020-11-23,268.02508544921875
2020-11-24,272.1375732421875
2020-11-25,270.6067199707031
2020-11-27,271.0595397949219
2020-11-30,268.6864929199219
2020-12-01,270.33489990234375
2020-12-02,271.00531005859375
2020-12-03,271.8024597167969
2020-12-04,274.0942687988281
2020-12-07,272.74462890625
2020-12-08,273.740966796875
2020-12-09,272.5452880859375
2020-12-10,272.2371520996094
2020-12-11,272.5905456542969
2020-12-14,270.9328308105469
2020-12-15,274.1213073730469
2020-12-16,273.69549560546875
2020-12-17,274.90936279296875
2020-12-18,274.00006103515625
2020-12-21,274.21783447265625
2020-12-22,272.3392028808594
2020-12-23,273.4371032714844
2020-12-24,274.1087951660156
2020-12-28,275.90606689453125
2020-12-29,275.4158935546875
2020-12-30,276.02398681640625
2020-12-31,277.5304870605469
2021-01-04,274.38104248046875
2021-01-05,275.76068115234375
2021-01-06,279.72698974609375
2021-01-07,281.8052673339844
2021-01-08,282.29541015625
2021-01-11,281.5057373046875
2021-01-12,282.0230407714844
2021-01-13,281.9232482910156
2021-01-14,281.3968505859375
2021-01-15,279.76068115234375
2021-01-19,280.85028076171875
2021-01-20,283.0747375488281
2021-01-21,283.1654968261719
2021-01-22,281.4404296875
2021-01-25,281.1498718261719
2021-01-26,280.91375732421875
2021-01-27,275.34796142578125
2021-01-28,277.8992919921875
2021-01-29,272.21563720703125
2021-02-01,274.22198486328125
2021-02-02,278.5804138183594
2021-02-03,278.9798889160156
2021-02-04,282.075927734375
2021-02-05,282.8659362792969
2021-02-08,284.9996337890625
2021-02-09,285.02691650390625
2021-02-10,285.553466796875
2021-02-11,285.7169494628906
2021-02-12,286.0438232421875
2021-02-16,286.5340576171875
2021-02-17,287.46026611328125
2021-02-18,286.5159606933594
2021-02-19,286.4803771972656
2021-02-22,286.74420166015625
2021-02-23,286.9078674316406
2021-02-24,290.6741943359375
2021-02-25,285.6252746582031
2021-02-26,281.5043640136719
2021-03-01,287.0899963378906
2021-03-02,285.8164367675781
2021-03-03,284.7247619628906
2021-03-04,281.62261962890625
2021-03-05,286.7714538574219
2021-03-08,289.5096740722656
2021-03-09,289.83734130859375
2021-03-10,294.13092041015625
2021-03-11,295.9502258300781
2021-03-12,298.66131591796875
2021-03-15,300.2804260253906
2021-03-16,299.1614990234375
2021-03-17,300.8990173339844
2021-03-18,299.6163635253906
2021-03-19,297.1744079589844
2021-03-22,298.29559326171875
2021-03-23,295.39678955078125
2021-03-24,295.4150390625
2021-03-25,297.33837890625
2021-03-26,301.36749267578125
2021-03-29,302.3245544433594
2021-03-30,301.5589599609375
2021-03-31,300.9754333496094
2021-04-01,302.1331481933594
2021-04-05,305.5516052246094
2021-04-06,304.7948303222656
2021-04-07,304.7948303222656
2021-04-08,305.4877624511719
2021-04-09,307.97613525390625
2021-04-12,307.6935729980469
2021-04-13,307.00079345703125
2021-04-14,307.6753845214844
2021-04-15,310.3280334472656
2021-04-16,311.7249755859375
2021-04-19,310.7129211425781
2021-04-20,308.314697265625
2021-04-21,311.2142333984375
2021-04-22,308.314697265625
2021-04-23,310.421142578125
2021-04-26,309.910400390625
2021-04-27,309.8738098144531
2021-04-28,308.54266357421875
2021-04-29,310.5487365722656
2021-04-30,309.0622253417969
2021-05-03,311.0411682128906
2021-05-04,311.3876037597656
2021-05-05,312.10791015625
2021-05-06,315.05328369140625
2021-05-07,317.2143249511719
2021-05-10,317.086669921875
2021-05-11,312.682373046875
2021-05-12,306.3815002441406
2021-05-13,310.43927001953125
2021-05-14,313.91339111328125
2021-05-17,313.3570861816406
2021-05-18,311.0411682128906
2021-05-19,309.5182189941406
2021-05-20,311.41497802734375
2021-05-21,312.53253173828125
2021-05-24,314.2866516113281
2021-05-25,313.5740966796875
2021-05-26,313.6562805175781
2021-05-27,314.8714599609375
2021-05-28,315.8218688964844
2021-06-01,316.0317687988281
2021-06-02,316.479736328125
2021-06-03,316.1690673828125
2021-06-04,317.8868103027344
2021-06-07,316.68988037109375
2021-06-08,316.46148681640625
2021-06-09,315.04510498046875
2021-06-10,315.2188415527344
2021-06-11,315.3467102050781
2021-06-14,314.5974426269531
2021-06-15,313.78424072265625
2021-06-16,311.36273193359375
2021-06-17,309.43487548828125
2021-06-18,304.6792907714844
2021-06-21,310.0049743652344
2021-06-22,310.6181335449219
2021-06-23,310.0049743652344
2021-06-24,312.9331970214844
2021-06-25,315.193359375
2021-06-28,313.68359375
2021-06-29,313.7384033203125
2021-06-30,315.6509704589844
2021-07-01,316.94110107421875
2021-07-02,318.3868408203125
2021-07-06,316.44696044921875
2021-07-07,317.4534912109375
2021-07-08,315.1292419433594
2021-07-09,319.1098937988281
2021-07-12,320.29931640625
2021-07-13,319.3569030761719
2021-07-14,319.7320556640625
2021-07-15,320.2169189453125
2021-07-16,317.47662353515625
2021-07-19,311.195556640625
2021-07-20,315.9567565917969
2021-07-21,318.62115478515625
2021-07-22,318.8685302734375
2021-07-23,320.9835205078125
2021-07-26,321.7525634765625
2021-07-27,321.0292663574219
2021-07-28,319.8755187988281
2021-07-29,321.2123718261719
2021-07-30,319.98541259765625
2021-08-02,318.9507141113281
2021-08-03,321.4594421386719
2021-08-04,318.62115478515625
2021-08-05,321.01995849609375
2021-08-06,322.3752746582031
2021-08-09,321.514404296875
2021-08-10,322.9609680175781
2021-08-11,324.9847106933594
2021-08-12,325.2501220703125
2021-08-13,325.3966369628906
2021-08-16,326.47705078125
2021-08-17,323.9683532714844
2021-08-18,320.5712890625
2021-08-19,319.98541259765625
2021-08-20,322.0867004394531
2021-08-23,324.18719482421875
2021-08-24,324.45318603515625
2021-08-25,324.8565979003906
2021-08-26,323.0038757324219
2021-08-27,325.21441650390625
2021-08-30,324.7649841308594
2021-08-31,324.6182861328125
2021-09-01,324.2788391113281
2021-09-02,325.4896240234375
2021-09-03,324.82000732421875
2021-09-07,322.3434753417969
2021-09-08,321.6922607421875
2021-09-09,320.38995361328125
2021-09-10,317.9959716796875
2021-09-13,320.3805847167969
2021-09-14,317.784912109375
2021-09-15,319.9405517578125
2021-09-16,319.35345458984375
2021-09-17,317.69525146484375
2021-09-20,311.9599304199219
2021-09-21,311.6932678222656
2021-09-22,314.8091735839844
2021-09-23,319.46002197265625
2021-09-24,319.74505615234375
2021-09-27,320.4251403808594
2021-09-28,315.1952209472656
2021-09-29,315.9764099121094
2021-09-30,310.9396057128906
2021-10-01,315.4342346191406
2021-10-04,312.5205078125
2021-10-05,315.3882141113281
2021-10-06,316.2981262207031
2021-10-07,319.52435302734375
2021-10-08,319.4324645996094
2021-10-11,317.0888366699219
2021-10-12,315.9857482910156
2021-10-13,316.0868225097656
2021-10-14,320.903076171875
2021-10-15,324.4310302734375
2021-10-18,324.10943603515625
2021-10-19,325.9114990234375
2021-10-20,327.35491943359375
2021-10-21,327.2907409667969
2021-10-22,328.0078125
2021-10-25,328.7524719238281
2021-10-26,328.7065734863281
2021-10-27,326.3895263671875
2021-10-28,328.52276611328125
2021-10-29,329.3778076171875
2021-11-01,330.20538330078125
2021-11-02,331.5292663574219
2021-11-03,332.4395751953125
2021-11-04,332.2464599609375
2021-11-05,334.03948974609375
2021-11-08,334.9772644042969
2021-11-09,334.0211181640625
2021-11-10,331.9890441894531
2021-11-11,330.5086364746094
2021-11-12,332.1820373535156
2021-11-15,332.145263671875
2021-11-16,332.77978515625
2021-11-17,330.8673400878906
2021-11-18,330.4076232910156
2021-11-19,327.8843078613281
2021-11-22,328.15142822265625
2021-11-23,329.8280334472656
2021-11-24,329.8373107910156
2021-11-26,321.536865234375
2021-11-29,323.53594970703125
2021-11-30,317.7411804199219
2021-12-01,313.65087890625
2021-12-02,319.316650390625
2021-12-03,318.9757385253906
2021-12-06,325.0376892089844
2021-12-07,329.57012939453125
2021-12-08,329.8006286621094
2021-12-09,329.9110107421875
2021-12-10,331.86407470703125
2021-12-13,328.9252624511719
2021-12-14,328.123779296875
2021-12-15,331.4771728515625
2021-12-16,331.1363220214844
2021-12-17,326.3849182128906
2021-12-20,322.3608093261719
2021-12-21,327.5663146972656
2021-12-22,329.8552551269531
2021-12-23,331.6734313964844
2021-12-27,334.9591064453125
2021-12-28,335.9468078613281
2021-12-29,336.7312927246094
2021-12-30,336.02069091796875
2021-12-31,335.3284606933594
2022-01-03,337.5066833496094
2022-01-04,339.5278625488281
2022-01-05,336.0390930175781
2022-01-06,334.469970703125
2022-01-07,334.3962707519531
2022-01-10,332.9932556152344
2022-01-11,334.6083984375
2022-01-12,334.9869079589844
2022-01-13,333.3717041015625
2022-01-14,331.4704895019531
2022-01-18,326.5879211425781
2022-01-19,323.3575439453125
2022-01-20,320.5702819824219
2022-01-21,316.2088928222656
2022-01-24,317.5574035644531
2022-01-25,316.77215576171875
2022-01-26,315.3868103027344
2022-01-27,315.47003173828125
2022-01-28,320.60540771484375
2022-01-31,324.2723083496094
2022-02-01,326.913818359375
2022-02-02,328.84423828125
2022-02-03,324.1799011230469
2022-02-04,324.0782165527344
2022-02-07,324.1060485839844
2022-02-08,327.4681701660156
2022-02-09,330.3591003417969
2022-02-10,325.6300354003906
2022-02-11,320.7716979980469
2022-02-14,319.4785461425781
2022-02-15,323.47802734375
2022-02-16,322.969970703125
2022-02-17,317.437255859375
2022-02-18,315.41973876953125
2022-02-22,310.8224182128906
2022-02-23,306.6689147949219
2022-02-24,307.42755126953125
2022-02-25,315.0129089355469
2022-02-28,313.9026794433594
2022-03-01,308.18603515625
2022-03-02,313.5881652832031
2022-03-03,312.78350830078125
2022-03-04,311.2478942871094
2022-03-07,303.8475646972656
2022-03-08,302.052978515625
2022-03-09,308.4079895019531
2022-03-10,307.21466064453125
2022-03-11,305.28143310546875
2022-03-14,305.3276672363281
2022-03-15,310.9888916015625
2022-03-16,315.77142333984375
2022-03-17,319.55487060546875
2022-03-18,321.8836364746094
2022-03-21,320.2611999511719
2022-03-22,322.7644348144531
2022-03-23,318.3789978027344
2022-03-24,321.7630310058594
2022-03-25,323.1352844238281
2022-03-28,324.0159912109375
2022-03-29,327.24224853515625
2022-03-30,326.4542541503906
2022-03-31,321.5498962402344
2022-04-01,322.6438293457031
2022-04-04,323.78424072265625
2022-04-05,321.0955505371094
2022-04-06,319.6214904785156
2022-04-07,320.7525329589844
2022-04-08,322.0505065917969
2022-04-11,318.18438720703125
2022-04-12,317.2760314941406
2022-04-13,320.557861328125
2022-04-14,319.31134033203125
2022-04-18,319.1351013183594
2022-04-19,323.79107666015625
2022-04-20,326.0262451171875
2022-04-21,322.4831848144531
2022-04-22,313.7281188964844
2022-04-25,315.8518981933594
2022-04-26,308.33038330078125
2022-04-27,308.8683166503906
2022-04-28,314.6741027832031
2022-04-29,305.7705993652344
2022-05-02,306.7445068359375
2022-05-03,307.21746826171875
2022-05-04,315.8798828125
2022-05-05,306.2806701660156
2022-05-06,305.1956481933594
2022-05-09,299.1950378417969
2022-05-10,298.48095703125
2022-05-11,295.3553161621094
2022-05-12,294.5948181152344
2022-05-13,298.851806640625
2022-05-16,299.3619689941406
2022-05-17,303.3686218261719
2022-05-18,292.6564636230469
2022-05-19,290.4584045410156
2022-05-20,290.4444580078125
2022-05-23,296.4128723144531
2022-05-24,296.92431640625
2022-05-25,298.6813049316406
2022-05-26,303.4875183105469
2022-05-27,308.7122802734375
2022-05-31,306.9738464355469
2022-06-01,305.26318359375
2022-06-02,309.3630676269531
2022-06-03,306.18359375
2022-06-06,306.276611328125
2022-06-07,308.8052978515625
2022-06-08,306.2117004394531
2022-06-09,300.2803039550781
2022-06-10,292.2574157714844
2022-06-13,284.08563232421875
2022-06-14,282.89556884765625
2022-06-15,285.61962890625
2022-06-16,278.8050842285156
2022-06-17,278.350341796875
2022-06-21,284.472412109375
2022-06-22,283.83880615234375
2022-06-23,285.8234558105469
2022-06-24,293.5389099121094
2022-06-27,292.9237976074219
2022-06-28,288.2462463378906
2022-06-29,288.90789794921875
2022-06-30,286.8299560546875
2022-07-01,289.6532287597656
2022-07-05,288.59100341796875
2022-07-06,289.2433166503906
2022-07-07,292.5419006347656
2022-07-08,292.0852966308594
2022-07-11,290.44525146484375
2022-07-12,288.8333740234375
2022-07-13,286.76470947265625
2022-07-14,285.50677490234375
2022-07-15,291.4617004394531
2022-07-18,289.5878601074219
2022-07-19,296.5421142578125
2022-07-20,297.1292724609375
2022-07-21,298.68621826171875
2022-07-22,297.4276428222656
2022-07-25,298.2665710449219
2022-07-26,296.0107421875
2022-07-27,300.1777038574219
2022-07-28,303.1794128417969
2022-07-29,306.3769226074219
2022-08-01,305.7987976074219
2022-08-02,302.0701599121094
2022-08-03,305.9107360839844
2022-08-04,305.1649475097656
2022-08-05,305.733642578125
2022-08-08,306.15313720703125
2022-08-09,305.6777038574219
2022-08-10,310.609130859375
2022-08-11,311.08441162109375
2022-08-12,314.925048828125
2022-08-15,316.3606872558594
2022-08-16,318.5699157714844
2022-08-17,317.1343688964844
2022-08-18,317.48858642578125
2022-08-19,314.7949523925781
2022-08-22,308.9295654296875
2022-08-23,307.3883361816406
2022-08-24,308.08880615234375
2022-08-25,311.1617736816406
2022-08-26,301.6161804199219
2022-08-29,299.9070129394531
2022-08-30,297.0489196777344
2022-08-31,294.8167419433594
2022-09-01,296.13372802734375
2022-09-02,293.05157470703125
2022-09-06,291.5943908691406
2022-09-07,295.4518737792969
2022-09-08,297.2358093261719
2022-09-09,301.00921630859375
2022-09-12,303.14794921875
2022-09-13,291.155517578125
2022-09-14,291.4637145996094
2022-09-15,289.87591552734375
2022-09-16,288.4834289550781
2022-09-19,290.44989013671875
2022-09-20,287.5186767578125
2022-09-21,282.6397399902344
2022-09-22,281.4317321777344
2022-09-23,277.0675354003906
2022-09-26,274.126953125
2022-09-27,272.7973327636719
2022-09-28,277.8824462890625
2022-09-29,273.6494445800781
2022-09-30,269.0513610839844
2022-10-03,276.0655822753906
2022-10-04,283.8852233886719
2022-10-05,283.5574645996094
2022-10-06,280.2236328125
2022-10-07,274.361328125
2022-10-10,273.4153747558594
2022-10-11,273.724365234375
2022-10-12,273.6025390625
2022-10-13,281.4690856933594
2022-10-14,277.96661376953125
2022-10-17,282.8738098144531
2022-10-18,286.06732177734375
2022-10-19,285.018310546875
2022-10-20,284.0444030761719
2022-10-21,291.30853271484375
2022-10-24,295.2157897949219
2022-10-25,298.439208984375
2022-10-26,298.336181640625
2022-10-27,300.28521728515625
2022-10-28,307.8939514160156
2022-10-31,306.80706787109375
2022-11-01,305.86065673828125
2022-11-02,301.1285400390625
2022-11-03,299.73236083984375
2022-11-04,303.7335510253906
2022-11-07,307.7441101074219
2022-11-08,310.8269958496094
2022-11-09,304.8580627441406
2022-11-10,316.0276794433594
2022-11-11,316.5243835449219
2022-11-14,314.6314392089844
2022-11-15,315.0436706542969
2022-11-16,314.9126892089844
2022-11-17,314.94061279296875
2022-11-18,316.7724914550781
2022-11-21,316.47210693359375
2022-11-22,320.143310546875
2022-11-23,321.072998046875
2022-11-25,322.54705810546875
2022-11-28,317.8240661621094
2022-11-29,317.8147277832031
2022-11-30,325.0164489746094
2022-12-01,323.3829040527344
2022-12-02,323.692626953125
2022-12-05,319.270263671875
2022-12-06,315.9181213378906
2022-12-07,315.8993225097656
2022-12-08,317.79595947265625
2022-12-09,314.894775390625
2022-12-12,319.82415771484375
2022-12-13,320.94140625
2022-12-14,319.4484558105469
2022-12-15,312.4815979003906
2022-12-16,309.5830383300781
2022-12-19,308.0867614746094
2022-12-20,309.02783203125
2022-12-21,313.94012451171875
2022-12-22,310.7969970703125
2022-12-23,312.3686218261719
2022-12-27,312.78265380859375
2022-12-28,309.20654296875
2022-12-29,312.49090576171875
2022-12-30,311.80401611328125
2023-01-03,311.7003479003906
2023-01-04,312.9615173339844
2023-01-05,309.818359375
2023-01-06,316.4623107910156
2023-01-09,315.53070068359375
2023-01-10,317.35638427734375
2023-01-11,319.7371520996094
2023-01-12,321.8450622558594
2023-01-13,322.8238830566406
2023-01-17,319.1725158691406
2023-01-18,313.34735107421875
2023-01-19,311.1451721191406
2023-01-20,314.272216796875
2023-01-23,316.626953125
2023-01-24,317.5028381347656
2023-01-25,317.7099304199219
2023-01-26,319.6314392089844
2023-01-27,319.86700439453125
2023-01-30,317.4652404785156
2023-01-31,321.0160217285156
2023-02-01,321.0534973144531
2023-02-02,320.6392517089844
2023-02-03,319.27362060546875
2023-02-06,318.80255126953125
2023-02-07,321.6657409667969
2023-02-08,319.6878662109375
2023-02-09,317.4839782714844
2023-02-10,319.0380859375
2023-02-13,322.63592529296875
2023-02-14,321.30792236328125
2023-02-15,321.7976989746094
2023-02-16,317.7760009765625
2023-02-17,319.1457214355469
2023-02-21,312.50421142578125
2023-02-22,311.8155517578125
2023-02-23,312.90045166015625
2023-02-24,309.5513000488281
2023-02-27,310.4380798339844
2023-02-28,308.08905029296875
2023-03-01,308.4947509765625
2023-03-02,311.74005126953125
2023-03-03,315.29669189453125
2023-03-06,315.74005126953125
2023-03-07,310.2589416503906
2023-03-08,309.90032958984375
2023-03-09,304.7965393066406
2023-03-10,301.6361083984375
2023-03-13,300.777587890625
2023-03-14,303.9569091796875
2023-03-15,301.45684814453125
2023-03-16,304.95697021484375
2023-03-17,301.2754211425781
2023-03-20,304.869873046875
2023-03-21,308.0102233886719
2023-03-22,302.86456298828125
2023-03-23,303.48883056640625
2023-03-24,304.8887939453125
2023-03-27,306.7712097167969
2023-03-28,306.29827880859375
2023-03-29,309.39129638671875
2023-03-30,310.7156066894531
2023-03-31,314.63177490234375
2023-04-03,317.7438659667969
2023-04-04,315.8804016113281
2023-04-05,316.712890625
2023-04-06,316.7884826660156
2023-04-10,317.7911376953125
2023-04-11,318.6803283691406
2023-04-12,318.4061279296875
2023-04-13,321.9626770019531
2023-04-14,320.5153503417969
2023-04-17,321.537109375
2023-04-18,321.42352294921875
2023-04-19,320.65728759765625
2023-04-20,319.673583984375
2023-04-21,319.9991455078125
2023-04-24,320.6048889160156
2023-04-25,317.3680114746094
2023-04-26,315.1155700683594
2023-04-27,320.0843505859375
2023-04-28,322.7627868652344
2023-05-01,322.1285705566406
2023-05-02,318.82562255859375
2023-05-03,316.21331787109375
2023-05-04,313.5823669433594
2023-05-05,318.6930847167969
2023-05-08,318.2103576660156
2023-05-09,317.7844543457031
2023-05-10,317.51947021484375
2023-05-11,315.4751281738281
2023-05-12,315.3520812988281
2023-05-15,315.89154052734375
2023-05-16,312.6548767089844
2023-05-17,316.6865539550781
2023-05-18,318.0589294433594
2023-05-19,316.9739074707031
2023-05-22,315.7503662109375
2023-05-23,313.5782775878906
2023-05-24,311.11224365234375
2023-05-25,310.8656311035156
2023-05-26,313.79644775390625
2023-05-30,313.49298095703125
2023-05-31,312.54449462890625
2023-06-01,313.8912658691406
2023-06-02,320.6539306640625
2023-06-05,318.81390380859375
2023-06-06,318.8518981933594
2023-06-07,319.80035400390625
2023-06-08,321.3558349609375
2023-06-09,321.792236328125
2023-06-12,323.5942687988281
2023-06-13,324.96966552734375
2023-06-14,322.8829040527344
2023-06-15,327.0087585449219
2023-06-16,326.016357421875
2023-06-20,323.64935302734375
2023-06-21,322.670166015625
2023-06-22,322.5845947265625
2023-06-23,320.5122985839844
2023-06-26,320.4933166503906
2023-06-27,322.4800109863281
2023-06-28,321.9097595214844
2023-06-29,324.3146667480469
2023-06-30,326.8719177246094
2023-07-03,327.0810241699219
2023-07-05,325.8831787109375
2023-07-06,322.4800109863281
2023-07-07,320.76898193359375
2023-07-10,322.8127136230469
2023-07-11,325.7217102050781
2023-07-12,326.6628723144531
2023-07-13,326.9384460449219
2023-07-14,328.1268310546875
2023-07-17,328.773193359375
2023-07-18,332.3190002441406
2023-07-19,333.3741760253906
2023-07-20,335.0283203125
2023-07-21,335.0074157714844
2023-07-24,336.8434753417969
2023-07-25,337.0813293457031
2023-07-26,337.966064453125
2023-07-27,335.6066589355469
2023-07-28,337.233642578125
2023-07-31,338.2705078125
2023-08-01,338.86981201171875
2023-08-02,335.5782165527344
2023-08-03,334.86456298828125
2023-08-04,333.58990478515625
2023-08-07,337.3666076660156
2023-08-08,335.8445129394531
2023-08-09,334.1892395019531
2023-08-10,334.7696228027344
2023-08-11,335.8255615234375
2023-08-14,336.0252990722656
2023-08-15,332.6004943847656
2023-08-16,330.8500061035156
2023-08-17,328.2718505859375
2023-08-18,328.8147888183594
2023-08-21,328.3860778808594
2023-08-22,326.7569885253906
2023-08-23,328.5386657714844
2023-08-24,324.91815185546875
2023-08-25,327.271484375
2023-08-28,329.3770751953125
2023-08-29,332.1495056152344
2023-08-30,332.8927001953125
2023-08-31,331.3778076171875
2023-09-01,332.49249267578125
2023-09-05,330.58709716796875
2023-09-06,328.7005310058594
2023-09-07,329.3580017089844
2023-09-08,330.1392517089844
2023-09-11,330.9585876464844
2023-09-12,330.80615234375
2023-09-13,330.1773376464844
2023-09-14,333.4071350097656
2023-09-15,330.6589660644531
2023-09-18,330.6684875488281
2023-09-19,329.63677978515625
2023-09-20,328.9201354980469
2023-09-21,325.3475341796875
2023-09-22,324.3922119140625
2023-09-25,324.7742919921875
2023-09-26,321.01055908203125
2023-09-27,320.42779541015625
2023-09-28,321.5645446777344
2023-09-29,319.9692077636719
2023-10-02,319.1478271484375
2023-10-03,315.2216796875
2023-10-04,316.1863708496094
2023-10-05,316.3584289550781
2023-10-06,319.15728759765625
2023-10-09,321.05841064453125
2023-10-10,322.3575134277344
2023-10-11,322.91162109375
2023-10-12,321.23028564453125
2023-10-13,321.6219482421875
2023-10-16,324.6883544921875
2023-10-17,324.78387451171875
2023-10-18,321.57415771484375
2023-10-19,319.17645263671875
2023-10-20,316.5547180175781
2023-10-23,314.76739501953125
2023-10-24,316.7936096191406
2023-10-25,315.751708984375
2023-10-26,313.3335876464844
2023-10-27,309.8639831542969
2023-10-30,314.6813049316406
2023-10-31,315.8760986328125
2023-11-01,317.9788513183594
2023-11-02,323.4365234375
2023-11-03,325.5583190917969
2023-11-06,325.96942138671875
2023-11-07,326.4473571777344
2023-11-08,326.04583740234375
2023-11-09,324.1246337890625
2023-11-10,327.85235595703125
2023-11-13,328.38763427734375
2023-11-14,333.02325439453125
2023-11-15,334.79156494140625
2023-11-16,334.55255126953125
2023-11-17,334.6645812988281
2023-11-20,336.666259765625
2023-11-21,335.9959716796875
2023-11-22,337.6623840332031
2023-11-24,338.84991455078125
2023-11-27,338.3902587890625
2023-11-28,339.1468811035156
2023-11-29,339.6640625
2023-11-30,344.7879943847656
2023-12-01,347.7090148925781
2023-12-04,347.3164978027344
2023-12-05,346.6173095703125
2023-12-06,345.9564514160156
2023-12-07,346.54071044921875
2023-12-08,347.7761535644531
2023-12-11,349.2799072265625
2023-12-12,350.9271240234375
2023-12-13,356.0318298339844
2023-12-14,357.5547180175781
2023-12-15,357.68243408203125
2023-12-18,358.018310546875
2023-12-19,360.437255859375
2023-12-20,355.9256896972656
2023-12-21,358.88226318359375
2023-12-22,358.80535888671875
2023-12-26,360.2933654785156
2023-12-27,361.4547119140625
2023-12-28,361.9058837890625
2023-12-29,361.752197265625
2024-01-02,361.9634704589844
2024-01-03,359.198974609375
2024-01-04,359.51580810546875
2024-01-05,359.6116943359375
2024-01-08,361.7234802246094
2024-01-09,360.1300964355469
2024-01-10,361.8290710449219
2024-01-11,362.04034423828125
2024-01-12,360.8308410644531
2024-01-16,358.67108154296875
2024-01-17,357.7687072753906
2024-01-18,359.7748718261719
2024-01-19,363.6195068359375
2024-01-22,365.03131103515625
2024-01-23,364.04217529296875
2024-01-24,363.1297607421875
2024-01-25,365.425048828125
2024-01-26,366.0109558105469
2024-01-29,368.1430969238281
2024-01-30,369.2764587402344
2024-01-31,366.2799987792969
2024-02-01,369.8623962402344
2024-02-02,371.1300964355469
2024-02-05,368.4024353027344
2024-02-06,369.8431091308594
2024-02-07,371.3702392578125
2024-02-08,372.0233459472656
2024-02-09,371.4182434082031
2024-02-12,372.753173828125
2024-02-13,367.6725769042969
2024-02-14,369.0843811035156
2024-02-15,372.8876647949219
2024-02-16,371.4947814941406
2024-02-20,371.0138854980469
2024-02-21,371.36016845703125
2024-02-22,375.67919921875
2024-02-23,376.39105224609375
2024-02-26,375.84283447265625
2024-02-27,374.8327331542969
2024-02-28,374.77508544921875
2024-02-29,375.1116943359375
2024-03-01,376.4199523925781
2024-03-04,375.3811340332031
2024-03-05,371.4947814941406
2024-03-06,372.44720458984375
2024-03-07,373.6688232421875
2024-03-08,373.22625732421875
2024-03-11,373.6399230957031
2024-03-12,375.9197082519531
2024-03-13,376.3333740234375
2024-03-14,375.2271423339844
2024-03-15,373.1665344238281
2024-03-18,373.8705139160156
2024-03-19,376.9271240234375
2024-03-20,380.87091064453125
2024-03-21,383.5322570800781
2024-03-22,380.4273986816406
2024-03-25,378.90380859375
2024-03-26,378.8073425292969
2024-03-27,383.34912109375
2024-03-28,383.5418701171875
2024-04-01,381.1988220214844
2024-04-02,377.6310119628906
2024-04-03,377.2742614746094
2024-04-04,372.2215881347656
2024-04-05,374.9600524902344
2024-04-08,375.1915283203125
2024-04-09,374.9407958984375
2024-04-10,370.7655944824219
2024-04-11,370.7944641113281
2024-04-12,366.2913818359375
2024-04-15,363.8227844238281
2024-04-16,364.4690246582031
2024-04-17,363.95794677734375
2024-04-18,364.33392333984375
2024-04-19,366.4159240722656
2024-04-22,368.8953857421875
2024-04-23,371.4519348144531
2024-04-24,370.89239501953125
2024-04-25,367.4964294433594
2024-04-26,368.8374328613281
2024-04-29,370.2749938964844
2024-04-30,364.8048095703125
2024-05-01,365.53802490234375
2024-05-02,368.7602844238281
2024-05-03,373.1402587890625
2024-05-06,374.7611083984375
2024-05-07,375.0408935546875
2024-05-08,376.71966552734375
2024-05-09,380.11553955078125
2024-05-10,381.25390625
2024-05-13,380.559326171875
2024-05-14,381.6398010253906
2024-05-15,385.20953369140625
2024-05-16,385.1418762207031
2024-05-17,386.4308166503906
2024-05-20,384.6433410644531
2024-05-21,385.3003234863281
2024-05-22,383.2520751953125
2024-05-23,377.454833984375
2024-05-24,377.4355163574219
2024-05-28,375.46441650390625
2024-05-29,371.580322265625
2024-05-30,368.5851745605469
2024-05-31,374.4306335449219
2024-06-03,373.184326171875
2024-06-04,374.4113464355469
2024-06-05,375.3968200683594
2024-06-06,376.1698913574219
2024-06-07,375.3582458496094
2024-06-10,376.1311340332031
2024-06-11,374.8558044433594
2024-06-12,374.5852355957031
2024-06-13,373.8026123046875
2024-06-14,373.3968200683594
2024-06-17,375.4451904296875
2024-06-18,375.98626708984375
2024-06-20,378.8171691894531
2024-06-21,378.9566345214844
2024-06-24,381.51312255859375
2024-06-25,378.646728515625
2024-06-26,378.8597717285156
2024-06-27,379.1695861816406
2024-06-28,378.7533264160156
2024-07-01,379.0729064941406
2024-07-02,380.84490966796875
2024-07-03,380.3994445800781
2024-07-05,381.2419128417969
2024-07-08,381.0095520019531
2024-07-09,380.5060729980469
2024-07-10,384.6893615722656
2024-07-11,385.0475158691406
2024-07-12,387.6524353027344
2024-07-15,389.6278991699219
2024-07-16,396.69683837890625
2024-07-17,398.8951721191406
2024-07-18,393.8499450683594
2024-07-19,390.3854675292969
2024-07-22,391.548095703125
2024-07-23,390.9085693359375
2024-07-24,386.2388916015625
2024-07-25,387.03338623046875
2024-07-26,393.311279296875
2024-07-29,392.86566162109375
2024-07-30,394.7064208984375
2024-07-31,395.7526550292969
2024-08-01,390.6567077636719
2024-08-02,384.7469482421875
2024-08-05,374.748779296875
2024-08-06,377.80047607421875
2024-08-07,375.6787414550781
2024-08-08,382.2182922363281
2024-08-09,382.82861328125
2024-08-12,381.4917297363281
2024-08-13,385.3863220214844
2024-08-14,387.6146545410156
2024-08-15,393.2241516113281
2024-08-16,394.3750305175781
2024-08-19,396.67303466796875
2024-08-20,396.1396484375
2024-08-21,396.5566711425781
2024-08-22,395.09246826171875
2024-08-23,399.310302734375
2024-08-26,400.1732177734375
2024-08-27,400.3380432128906
2024-08-28,398.8351745605469
2024-08-29,401.32708740234375
2024-08-30,403.5571594238281
2024-09-03,397.7782897949219
2024-09-04,397.9432067871094
2024-09-05,396.04278564453125
2024-09-06,392.17401123046875
2024-09-09,396.6148376464844
2024-09-10,395.848876953125
2024-09-11,396.82806396484375
2024-09-12,399.44610595703125
2024-09-13,402.3257751464844
2024-09-16,404.69158935546875
2024-09-17,404.5752868652344
2024-09-18,403.537841796875
2024-09-19,408.59906005859375
2024-09-20,408.99591064453125
2024-09-23,409.5209655761719
2024-09-24,410.5129699707031
2024-09-25,407.58575439453125
2024-09-26,410.01690673828125
2024-09-27,411.3104248046875
2024-09-30,411.47564697265625
2024-10-01,409.9002380371094
2024-10-02,410.2989501953125
2024-10-03,408.4220886230469
2024-10-04,411.7577209472656
2024-10-07,408.0622253417969
2024-10-08,409.219482421875
2024-10-09,413.3525390625
2024-10-10,412.9732666015625
2024-10-11,416.9312744140625
2024-10-14,419.0318298339844
2024-10-15,415.7740783691406
2024-10-16,418.86651611328125
2024-10-17,420.5489196777344
2024-10-18,420.87872314453125
2024-10-21,417.6976318359375
2024-10-22,417.63916015625
2024-10-23,413.60211181640625
2024-10-24,412.2595520019531
2024-10-25,409.69134521484375
2024-10-28,412.5416564941406
2024-10-29,411.014404296875
2024-10-30,410.28472900390625
2024-10-31,406.315673828125
2024-11-01,408.9909362792969
2024-11-04,406.6853332519531
2024-11-05,410.8197326660156
2024-11-06,425.343994140625
2024-11-07,425.4995422363281
2024-11-08,428.1456298828125
2024-11-11,430.9667663574219
2024-11-12,427.4452209472656
2024-11-13,427.85369873046875
2024-11-14,425.8011474609375
2024-11-15,422.9549560546875
2024-11-18,422.6434326171875
2024-11-19,421.3293151855469
2024-11-20,422.7407531738281
2024-11-21,427.2962646484375
2024-11-22,431.3749084472656
2024-11-25,435.6578674316406
2024-11-26,436.9427185058594
2024-11-27,435.8330383300781
2024-11-29,438.1205749511719
2024-12-02,436.80645751953125
2024-12-03,435.9790954589844
2024-12-04,438.94793701171875
2024-12-05,436.73834228515625
2024-12-06,435.2587890625
2024-12-09,433.2438049316406
2024-12-10,431.8907470703125
2024-12-11,430.7422180175781
2024-12-12,428.56170654296875
2024-12-13,427.6856994628906
2024-12-16,426.7122497558594
2024-12-17,423.9866943359375
2024-12-18,412.93853759765625
2024-12-19,413.2403259277344
2024-12-20,418.3488464355469
2024-12-23,418.6905517578125
2024-12-24,422.2146911621094
2024-12-26,422.9078369140625
2024-12-27,419.774169921875
2024-12-30,415.6446533203125
2024-12-31,415.381103515625
2025-01-02,413.7215881347656
2025-01-03,417.0016784667969
2025-01-06,416.9723815917969
2025-01-07,415.21514892578125
2025-01-08,415.9961853027344
2025-01-10,409.35791015625
2025-01-13,412.90155029296875
2025-01-14,415.0393981933594
2025-01-15,421.96075439453125
2025-01-16,421.29705810546875
2025-01-17,424.54119873046875
2025-01-21,429.7952880859375
2025-01-22,430.9476013183594
2025-01-23,434.9516296386719
2025-01-24,433.7210998535156
2025-01-27,436.65093994140625
2025-01-28,437.9107666015625
2025-01-29,436.70947265625
2025-01-30,438.3110656738281
2025-01-31,434.9613952636719
2025-02-03,433.86761474609375
2025-02-04,435.0980529785156
2025-02-05,438.1646423339844
2025-02-06,436.8852844238281
2025-02-07,432.7445983886719
2025-02-10,434.36578369140625
2025-02-11,435.66455078125
2025-02-12,433.2426452636719
2025-02-13,436.78765869140625
2025-02-14,435.35205078125
2025-02-18,435.4790344238281
2025-02-19,436.2115173339844
2025-02-20,432.0316467285156
2025-02-21,424.6170959472656
2025-02-24,424.9888000488281
2025-02-25,426.5536193847656
2025-02-26,424.8029479980469
2025-02-27,422.856689453125
2025-02-28,428.7444763183594
2025-03-03,422.6023864746094
2025-03-04,416.2255554199219
2025-03-05,421.0179138183594
2025-03-06,416.5483093261719
2025-03-07,418.8564147949219
2025-03-10,410.2789306640625
2025-03-11,405.6333312988281
2025-03-12,404.8607482910156
2025-03-13,399.8041687011719
2025-03-14,406.2397155761719
2025-03-17,410.0051574707031
2025-03-18,407.384033203125
2025-03-19,411.1886291503906
2025-03-20,410.8952331542969
2025-03-21,411.1901550292969
2025-03-24,416.9422302246094
2025-03-25,417.265625
2025-03-26,415.70751953125
2025-03-27,414.44342041015625
2025-03-28,407.2705078125
2025-03-31,411.4449462890625
2025-04-01,411.1607360839844
2025-04-02,413.5517272949219
2025-04-03,397.0794372558594
2025-04-04,375.52142333984375
2025-04-07,371.94476318359375
2025-04-08,368.9168701171875
2025-04-09,397.92205810546875
2025-04-10,387.7310485839844
2025-04-11,393.8359680175781
2025-04-14,397.2754211425781
2025-04-15,395.5997619628906
2025-04-16,388.7991943359375
2025-04-17,383.6883544921875
2025-04-21,374.1392822265625
2025-04-22,384.1883850097656
2025-04-23,388.1492004394531
2025-04-24,393.11981201171875
2025-04-25,393.1590270996094
2025-04-28,394.384521484375
2025-04-29,397.2668151855469
2025-04-30,398.374755859375
2025-05-01,399.4335632324219
2025-05-02,404.94342041015625
2025-05-05,404.1787109375
2025-05-06,400.2374267578125
2025-05-07,402.99237060546875
2025-05-08,405.7669677734375
2025-05-09,404.3356018066406
2025-05-12,415.9140930175781
2025-05-13,413.2474060058594
2025-05-14,412.30615234375
2025-05-15,415.1787109375
2025-05-16,418.5068054199219
2025-05-19,419.96868896484375
2025-05-20,418.9188232421875
2025-05-21,410.8538513183594
2025-05-22,410.9225769042969
2025-05-23,408.4794921875
2025-05-27,415.8576965332031
2025-05-28,413.4735107421875
2025-05-29,414.493896484375
2025-05-30,414.87652587890625
2025-06-02,415.7203369140625
2025-06-03,417.9770202636719
2025-06-04,416.9271240234375
2025-06-05,415.9754333496094
2025-06-06,420.30230712890625
2025-06-09,420.28265380859375
2025-06-10,421.509033203125
2025-06-11,421.49932861328125
2025-06-12,422.3725280761719
2025-06-13,414.8373107910156
2025-06-16,418.24188232421875
2025-06-17,415.1315612792969
2025-06-18,414.8666687011719
2025-06-20,414.9837951660156
2025-06-23,418.8802490234375
2025-06-24,423.8688049316406
2025-06-25,422.95367431640625
2025-06-26,426.95831298828125
2025-06-27,430.9629211425781
2025-06-30,433.5702819824219
2025-07-01,437.7422180175781
2025-07-02,437.5650939941406
2025-07-03,440.89080810546875
2025-07-07,436.8665466308594
2025-07-08,435.2725524902344
2025-07-09,437.3780517578125
2025-07-10,439.3263244628906
2025-07-11,436.4433898925781
2025-07-14,437.4371337890625
2025-07-15,433.0782775878906
2025-07-16,435.2528076171875
2025-07-17,438.0669250488281
2025-07-18,436.31585693359375
2025-07-21,436.49298095703125
2025-07-22,437.9891052246094
2025-07-23,443.1568603515625
2025-07-24,440.1054992675781
2025-07-25,441.9855651855469
2025-07-28,441.31622314453125
2025-07-29,439.4853210449219
2025-07-30,437.7922058105469
2025-07-31,434.4159851074219
2025-08-01,428.8939514160156
2025-08-04,434.8885498046875
2025-08-05,434.2290344238281
2025-08-06,435.0460205078125
2025-08-07,432.83123779296875
2025-08-08,434.99676513671875
2025-08-11,433.11669921875
2025-08-12,437.7135009765625
2025-08-13,442.3792724609375
2025-08-14,442.1233825683594
2025-08-15,442.7497863769531
2025-08-18,442.2769470214844
2025-08-19,442.513427734375
2025-08-20,442.5823059082031
2025-08-21,441.19354248046875
2025-08-22,449.7525329589844
2025-08-25,446.236328125
2025-08-26,447.63494873046875
2025-08-27,449.1517333984375
2025-08-28,449.9002990722656
2025-08-29,449.2108154296875
2025-09-02,446.7682189941406
2025-09-03,446.4234924316406
2025-09-04,450.1563720703125
2025-09-05,448.1273498535156
2025-09-08,449.3191833496094
2025-09-09,451.1018371582031
2025-09-10,449.05322265625
2025-09-11,454.9529113769531
2025-09-12,452.3921203613281
2025-09-15,453.1307678222656
2025-09-16,451.8602294921875
2025-09-17,454.3028564453125
2025-09-18,455.6521301269531
2025-09-19,457.2602233886719
2025-09-22,457.9812927246094
2025-09-23,457.1910705566406
2025-09-24,455.3637390136719
2025-09-25,453.793212890625
2025-09-26,456.6083068847656
2025-09-29,457.3589782714844
2025-09-30,458.0503845214844
2025-10-01,458.56402587890625
2025-10-02,459.4035339355469
2025-10-03,461.77410888671875
2025-10-06,461.11236572265625
2025-10-07,460.2530517578125
2025-10-08,460.351806640625
2025-10-09,457.8133544921875
2025-10-10,449.2891845703125
2025-10-13,455.0279541015625
2025-10-14,457.0329895019531
2025-10-15,457.0329895019531
2025-10-16,453.921630859375
2025-10-17,456.26837158203125
2025-10-20,461.4457702636719
2025-10-21,463.6195373535156
2025-10-22,460.2205810546875
2025-10-23,461.7125549316406
2025-10-24,466.5738220214844
2025-10-27,469.67633056640625
2025-10-28,471.4548645019531
2025-10-29,470.68414306640625
2025-10-30,469.34039306640625
2025-10-31,469.9925842285156
2025-11-03,467.81884765625
2025-11-04,465.27947998046875
2025-11-05,467.4630432128906
2025-11-06,463.6788024902344
2025-11-07,464.2518310546875
2025-11-10,468.1646728515625
2025-11-11,473.6878356933594
2025-11-12,476.9978942871094
2025-11-13,469.0736389160156
2025-11-14,466.16876220703125
2025-11-17,460.7541809082031
2025-11-18,455.7940368652344
2025-11-19,456.24859619140625
2025-11-20,452.6322021484375
2025-11-21,457.6243591308594
2025-11-24,459.4743347167969
2025-11-25,466.1422424316406
2025-11-26,469.2783203125
2025-11-28,472.07806396484375
2025-12-01,468.2593688964844
2025-12-02,470.17864990234375
2025-12-03,474.2841796875
2025-12-04,473.9478759765625
2025-12-05,474.8976135253906
2025-12-08,473.0376892089844
2025-12-09,471.3262023925781
2025-12-10,476.2035827636719
2025-12-11,482.6537780761719
2025-12-12,480.210205078125
2025-12-15,479.982666015625
2025-12-16,476.8267822265625
2025-12-17,474.6700744628906
2025-12-18,475.37249755859375
2025-12-19,477.0421447753906
2025-12-22,479.3323669433594
2025-12-23,480.0957946777344
2025-12-24,482.85211181640625
2025-12-26,482.87188720703125
2025-12-29,480.4527282714844
2025-12-30,479.4612731933594
2025-12-31,476.4670715332031
2026-01-02,479.5009460449219
2026-01-05,485.5884704589844
2026-01-06,490.3871765136719
2026-01-07,485.7768859863281
2026-01-08,488.3249206542969
2026-01-09,490.7936706542969
2026-01-12,491.6661682128906
2026-01-13,487.739990234375
2026-01-14,487.383056640625
2026-01-15,490.2583312988281
2026-01-16,489.3844909667969
2026-01-20,480.9143371582031
2026-01-21,486.785888671875
2026-01-22,489.6523132324219
2026-01-23,486.9148864746094
2026-01-26,490.0192565917969
2026-01-27,486.0519714355469
2026-01-28,486.1214294433594
2026-01-29,486.20074462890625
2026-01-30,485.0303955078125
2026-02-02,489.9895324707031
2026-02-03,488.2835693359375
2026-02-04,490.7036437988281
2026-02-05,484.911376953125
2026-02-06,496.9322814941406
2026-02-09,497.12066650390625
2026-02-10,497.7951965332031
2026-02-11,497.2298278808594
2026-02-12,490.6242980957031
2026-02-13,491.229248046875
2026-02-17,491.79461669921875
2026-02-18,492.9352722167969
2026-02-19,490.336669921875
2026-02-20,492.63360595703125
2026-02-23,484.6196594238281
2026-02-24,488.3734130859375
2026-02-25,491.38238525390625
2026-02-26,491.42205810546875
2026-02-27,486.2582092285156
2026-03-02,485.7815246582031
2026-03-03,482.1469421386719
2026-03-04,484.35150146484375
2026-03-05,476.50640869140625
2026-03-06,471.928466796875
2026-03-09,474.5600280761719
2026-03-10,474.38128662109375
2026-03-11,471.5113525390625
2026-03-12,464.2322998046875
2026-03-13,463.16973876953125
2026-03-16,467.0326843261719
2026-03-17,467.6285400390625
2026-03-18,459.78338623046875
2026-03-19,457.85687255859375
2026-03-20,453.700927734375
2026-03-23,459.7517395019531
2026-03-24,458.9555969238281
2026-03-25,461.911376953125
2026-03-26,457.1044616699219
2026-03-27,449.22259521484375
2026-03-30,449.88934326171875
2026-03-31,460.96588134765625
2026-04-01,463.244873046875
2026-04-02,462.826904296875
2026-04-06,464.5286560058594
2026-04-07,463.6429748535156
2026-04-08,476.85919189453125
2026-04-09,479.5860290527344
2026-04-10,476.9487609863281
2026-04-13,479.81494140625
2026-04-14,483.1588134765625
2026-04-15,482.3924865722656
2026-04-16,483.29815673828125
2026-04-17,492.05560302734375
2026-04-20,492.1651306152344
2026-04-21,489.2081604003906
2026-04-22,492.59326171875
2026-04-23,490.8409729003906
2026-04-24,490.054443359375
2026-04-27,489.67608642578125
2026-04-28,489.26788330078125
2026-04-29,486.5299377441406
2026-04-30,494.4749755859375
2026-05-01,492.85211181640625
2026-05-04,487.416015625
2026-05-05,490.8011169433594
2026-05-06,496.86444091796875
2026-05-07,493.73822021484375
2026-05-08,493.9572448730469
2026-05-11,494.9329528808594
2026-05-12,495.7095642089844
2026-05-13,494.96282958984375
2026-05-14,498.6067810058594
2026-05-15,493.4725341796875
2026-05-18,495.1062927246094
2026-05-19,492.087890625
2026-05-20,498.3238830566406
2026-05-21,501.182861328125
2026-05-22,504.18133544921875
2026-05-26,503.314697265625
2026-05-27,504.9384460449219
2026-05-28,505.1077880859375
2026-05-29,508.8235168457031
2026-06-01,509.4809875488281
2026-06-02,512.0809936523438
2026-06-03,506.3132019042969
2026-06-04,514.7208251953125
2026-06-05,507.7476501464844
2026-06-08,506.960693359375
2026-06-09,507.4587707519531
2026-06-10,498.3338623046875
2026-06-11,507.4089050292969
2026-06-12,511.0947570800781
2026-06-15,516.4541625976562
2026-06-16,519.4426879882812
2026-06-17,514.3223266601562
2026-06-18,514.9467163085938
2026-06-22,516.5050048828125
2026-06-23,516.0454711914062
2026-06-24,517.943359375
2026-06-25,518.6825561523438
2026-06-26,517.1741943359375
2026-06-29,521.0997924804688
2026-06-30,521.8090209960938
2026-07-01,521.8190307617188
2026-07-02,527.29296875
2026-07-06,529.50048828125
2026-07-07,527.8623046875
2026-07-08,522.1885986328125
2026-07-09,523.6070556640625
2026-07-10,525.1952514648438
2026-07-13,523.88671875
2026-07-14,524.1064453125
2026-07-15,525.3651123046875
2026-07-16,524.246337890625
2026-07-17,520.3785400390625
2026-07-20,517.5109252929688
2026-07-21,521.0779418945312
2026-07-22,521.0379638671875
2026-07-23,515.8323364257812
2026-07-24,518.3302612304688
2026-07-27,520.8281860351562
2026-07-28,526.4534912109375
2026-07-29,514.9829711914062
2026-07-30,521.0779418945312
2026-07-31,523.8856201171875
2026-08-03,530.7799072265625
2026-08-04,539.9822998046875
2026-08-05,542.3602905273438
2026-08-06,537.744140625
2026-08-07,539.1729736328125
2026-08-10,538.54345703125
2026-08-11,536.8348999023438
2026-08-12,536.7050170898438
2026-08-13,537.46435546875
2026-08-14,536.3552856445312
2026-08-17,533.7474365234375
2026-08-18,532.468505859375
2026-08-19,533.827392578125
2026-08-20,527.072998046875
2026-08-21,532.219970703125
2026-08-24,533.6500244140625
2026-08-25,535.239990234375
2026-08-26,534.22998046875
2026-08-27,535.219970703125
2026-08-28,535.0599975585938
2026-08-31,531.5700073242188
2026-09-01,527.75
2026-09-02,530.6199951171875
2026-09-03,536.9299926757812
2026-09-04,534.0800170898438
2026-09-08,528.030029296875