2003-04-14,7.199284076690674
2003-04-15,7.284819602966309
2003-04-16,7.368930339813232
2003-04-17,7.421676158905029
2003-04-21,7.418824672698975
2003-04-22,7.4437761306762695
2003-04-23,7.478699207305908
2003-04-24,7.331151485443115
2003-04-25,7.209975719451904
2003-04-28,7.3290114402771
2003-04-29,7.537863254547119
2003-04-30,7.516479969024658
2003-05-01,7.4872517585754395
2003-05-02,7.602015495300293
2003-05-05,7.683990955352783
2003-05-06,7.723187446594238
2003-05-07,7.7089362144470215
2003-05-08,7.641217231750488
2003-05-09,7.7310333251953125
2003-05-12,7.8386664390563965
2003-05-13,7.794469833374023
2003-05-14,7.755265712738037
2003-05-15,7.770948886871338
2003-05-16,7.776650428771973
2003-05-19,7.591320037841797
2003-05-20,7.629104137420654
2003-05-21,7.63551664352417
2003-05-22,7.704657077789307
2003-05-23,7.783780097961426
2003-05-27,8.062483787536621
2003-05-28,8.097411155700684
2003-05-29,8.108104705810547
2003-05-30,8.202190399169922
2003-06-02,8.261357307434082
2003-06-03,8.198629379272461
2003-06-04,8.30412483215332
2003-06-05,8.312678337097168
2003-06-06,8.390369415283203
2003-06-09,8.318382263183594
2003-06-10,8.403914451599121
2003-06-11,8.411043167114258
2003-06-12,8.474486351013184
2003-06-13,8.47163200378418
2003-06-16,8.562871932983398
2003-06-17,8.738931655883789
2003-06-18,8.706854820251465
2003-06-19,8.706854820251465
2003-06-20,8.706854820251465
2003-06-23,8.49301528930664
2003-06-24,8.430290222167969
2003-06-25,8.500144004821777
2003-06-26,8.592094421386719
2003-06-27,8.552180290222168
2003-06-30,8.546475410461426
2003-07-01,8.639139175415039
2003-07-02,8.84228801727295
2003-07-03,8.867236137390137
2003-07-07,9.086779594421387
2003-07-08,9.112436294555664
2003-07-09,9.091055870056152
2003-07-10,8.931389808654785
2003-07-11,9.006231307983398
2003-07-14,9.164470672607422
2003-07-15,9.049003601074219
2003-07-16,9.056127548217773
2003-07-17,8.819477081298828
2003-07-18,8.937088012695312
2003-07-21,8.818766593933105
2003-07-22,8.924259185791016
2003-07-23,8.867236137390137
2003-07-24,8.910004615783691
2003-07-25,9.056127548217773
2003-07-28,9.106023788452148
2003-07-29,9.054704666137695
2003-07-30,8.988411903381348
2003-07-31,9.03117847442627
2003-08-01,9.05113410949707
2003-08-04,9.011220932006836
2003-08-05,8.914281845092773
2003-08-06,8.874364852905273
2003-08-07,8.939229011535645
2003-08-08,8.999103546142578
2003-08-11,9.038308143615723
2003-08-12,9.073945999145508
2003-08-13,9.202252388000488
2003-08-14,9.323431015014648
2003-08-15,9.230762481689453
2003-08-18,9.427496910095215
2003-08-19,9.47382926940918
2003-08-20,9.47525691986084
2003-08-21,9.649178504943848
2003-08-22,9.698359489440918
2003-08-25,9.622803688049316
2003-08-26,9.5051908493042
2003-08-27,9.61567497253418
2003-08-28,9.682679176330566
2003-08-29,9.752532958984375
2003-09-02,9.897231101989746
2003-09-03,9.975642204284668
2003-09-04,10.011281967163086
2003-09-05,10.002013206481934
2003-09-08,10.191617965698242
2003-09-09,10.014842987060547
2003-09-10,9.848048210144043
2003-09-11,9.836640357971191
2003-09-12,9.906499862670898
2003-09-15,9.76037311553955
2003-09-16,9.961383819580078
2003-09-17,9.918614387512207
2003-09-18,10.032666206359863
2003-09-19,9.986332893371582
2003-09-22,9.823099136352539
2003-09-23,9.847335815429688
2003-09-24,9.865156173706055
2003-09-25,9.719030380249023
2003-09-26,9.65131664276123
2003-09-29,9.719743728637695
2003-09-30,9.68909740447998
2003-10-01,9.943563461303711
2003-10-02,10.086122512817383
2003-10-03,10.18591594696045
2003-10-06,10.225117683410645
2003-10-07,10.214428901672363
2003-10-08,10.29069709777832
2003-10-09,10.463908195495605
2003-10-10,10.59221076965332
2003-10-13,10.752593040466309
2003-10-14,10.547308921813965
2003-10-15,10.674894332885742
2003-10-16,10.67204475402832
2003-10-17,10.607178688049316
2003-10-20,10.666343688964844
2003-10-21,10.719802856445312
2003-10-22,10.562272071838379
2003-10-23,10.406886100769043
2003-10-24,10.351998329162598
2003-10-27,10.471034049987793
2003-10-28,10.61430835723877
2003-10-29,10.70269775390625
2003-10-30,10.664205551147461
2003-10-31,10.578669548034668
2003-11-03,10.830999374389648
2003-11-04,10.86093521118164
2003-11-05,10.875192642211914
2003-11-06,10.797499656677246
2003-11-07,10.808904647827148
2003-11-10,10.659927368164062
2003-11-11,10.5230712890625
2003-11-12,10.710538864135742
2003-11-13,10.793222427368164
2003-11-14,10.738337516784668
2003-11-17,10.528770446777344
2003-11-18,10.549444198608398
2003-11-19,10.4810152053833
2003-11-20,10.3455810546875
2003-11-21,10.435394287109375
2003-11-24,10.54872989654541
2003-11-25,10.585084915161133
2003-11-26,10.682025909423828
2003-11-28,10.77754020690918
2003-12-01,11.08618450164795
2003-12-02,11.036999702453613
2003-12-03,10.99850845336914
2003-12-04,10.922953605651855
2003-12-05,10.902283668518066
2003-12-08,10.923667907714844
2003-12-09,10.878047943115234
2003-12-10,10.834564208984375
2003-12-11,11.032011032104492
2003-12-12,11.082620620727539
2003-12-15,11.091175079345703
2003-12-16,11.044845581054688
2003-12-17,10.916539192199707
2003-12-18,11.092595100402832
2003-12-19,11.119685173034668
2003-12-22,11.276700019836426
2003-12-23,11.307486534118652
2003-12-24,11.344002723693848
2003-12-26,11.372638702392578
2003-12-29,11.544480323791504
2003-12-30,11.599607467651367
2003-12-31,11.745844841003418
2004-01-02,12.007376670837402
2004-01-05,12.42868709564209
2004-01-06,12.288250923156738
2004-01-07,12.316914558410645
2004-01-08,12.363484382629395
2004-01-09,12.34127140045166
2004-01-12,12.330522537231445
2004-01-13,12.260310173034668
2004-01-14,12.279651641845703
2004-01-15,12.028874397277832
2004-01-16,12.08045768737793
2004-01-20,12.43155574798584
2004-01-21,12.448033332824707
2004-01-22,12.416507720947266
2004-01-23,12.39572525024414
2004-01-26,12.478124618530273
2004-01-27,12.415074348449707
2004-01-28,12.239524841308594
2004-01-29,12.046782493591309
2004-01-30,12.030306816101074
2004-02-02,12.033166885375977
2004-02-03,11.965818405151367
2004-02-04,11.858343124389648
2004-02-05,11.854753494262695
2004-02-06,12.124885559082031
2004-02-09,12.299714088439941
2004-02-10,12.288969039916992
2004-02-11,12.479560852050781
2004-02-12,12.473108291625977
2004-02-13,12.481709480285645
2004-02-17,12.732486724853516
2004-02-18,12.559093475341797
2004-02-19,12.449469566345215
2004-02-20,12.309745788574219
2004-02-23,12.2022705078125
2004-02-24,12.137781143188477
2004-02-25,12.270339965820312
2004-02-26,12.331244468688965
2004-02-27,12.506071090698242
2004-03-01,12.791245460510254
2004-03-02,12.689501762390137
2004-03-03,12.61068344116211
2004-03-04,12.696664810180664
2004-03-05,12.74323558807373
2004-03-08,12.621430397033691
2004-03-09,12.539033889770508
2004-03-10,12.252422332763672
2004-03-11,11.987313270568848
2004-03-12,12.087628364562988
2004-03-15,11.861920356750488
2004-03-16,12.008810997009277
2004-03-17,12.173604965209961
2004-03-18,12.245258331298828
2004-03-19,12.0840425491333
2004-03-22,11.890583992004395
2004-03-23,12.010239601135254
2004-03-24,12.019556999206543
2004-03-25,12.137064933776855
2004-03-26,12.114852905273438
2004-03-29,12.270339965820312
2004-03-30,12.42081069946289
2004-03-31,12.574857711791992
2004-04-01,12.67732048034668
2004-04-02,12.804142951965332
2004-04-05,12.893701553344727
2004-04-06,12.965360641479492
2004-04-07,12.918784141540527
2004-04-08,12.92953109741211
2004-04-12,13.029129981994629
2004-04-13,12.87723159790039
2004-04-14,12.687348365783691
2004-04-15,12.582023620605469
2004-04-16,12.67516803741455
2004-04-19,12.696664810180664
2004-04-20,12.585604667663574
2004-04-21,12.49245834350586
2004-04-22,12.488871574401855
2004-04-23,12.582023620605469
2004-04-26,12.40289306640625
2004-04-27,12.336974143981934
2004-04-28,11.983731269836426
2004-04-29,11.588932037353516
2004-04-30,11.342449188232422
2004-05-03,11.456377983093262
2004-05-04,11.680642127990723
2004-05-05,11.709303855895996
2004-05-06,11.46640682220459
2004-05-07,11.208459854125977
2004-05-10,10.66749095916748
2004-05-11,10.9841890335083
2004-05-12,10.987777709960938
2004-05-13,10.959115982055664
2004-05-14,10.670357704162598
2004-05-17,10.243311882019043
2004-05-18,10.547831535339355
2004-05-19,10.839455604553223
2004-05-20,10.772819519042969
2004-05-21,10.949797630310059
2004-05-24,11.120330810546875
2004-05-25,11.365376472473145
2004-05-26,11.320952415466309
2004-05-27,11.500083923339844
2004-05-28,11.475003242492676
2004-06-01,11.395469665527344
2004-06-02,11.395469665527344
2004-06-03,11.14254093170166
2004-06-04,11.306626319885254
2004-06-07,11.697126388549805
2004-06-08,11.534477233886719
2004-06-09,11.273661613464355
2004-06-10,11.286559104919434
2004-06-14,10.851634979248047
2004-06-15,11.061574935913086
2004-06-16,10.913257598876953
2004-06-17,10.967716217041016
2004-06-18,10.90537166595459
2004-06-21,10.955530166625977
2004-06-22,11.071603775024414
2004-06-23,11.268645286560059
2004-06-24,11.313786506652832
2004-06-25,11.428431510925293
2004-06-28,11.330984115600586
2004-06-29,11.417684555053711
2004-06-30,11.581050872802734
2004-07-01,11.436308860778809
2004-07-02,11.43559741973877
2004-07-06,11.313069343566895
2004-07-07,11.460673332214355
2004-07-08,11.297311782836914
2004-07-09,11.357498168945312
2004-07-12,11.328117370605469
2004-07-13,11.37971019744873
2004-07-14,11.270797729492188
2004-07-15,11.212043762207031
2004-07-16,11.335284233093262
2004-07-19,11.318087577819824
2004-07-20,11.366094589233398
2004-07-21,11.234969139099121
2004-07-22,11.234969139099121
2004-07-23,11.041515350341797
2004-07-26,10.939050674438477
2004-07-27,11.14755630493164
2004-07-28,11.143975257873535
2004-07-29,11.213476181030273
2004-07-30,11.159738540649414
2004-08-02,11.103850364685059
2004-08-03,11.116745948791504
2004-08-04,11.127494812011719
2004-08-05,11.0558443069458
2004-08-06,10.975592613220215
2004-08-09,11.067307472229004
2004-08-10,11.191980361938477
2004-08-11,11.088085174560547
2004-08-12,10.964130401611328
2004-08-13,10.9813232421875
2004-08-16,11.131078720092773
2004-08-17,11.205596923828125
2004-08-18,11.338146209716797
2004-08-19,11.350330352783203
2004-08-20,11.406935691833496
2004-08-23,11.468558311462402
2004-08-24,11.43559741973877
2004-08-25,11.571734428405762
2004-08-26,11.587498664855957
2004-08-27,11.566004753112793
2004-08-30,11.50366497039795
2004-08-31,11.553824424743652
2004-09-01,11.649117469787598
2004-09-02,11.793856620788574
2004-09-03,11.668462753295898
2004-09-07,11.758027076721191
2004-09-08,11.750862121582031
2004-09-09,11.786693572998047
2004-09-10,11.898468017578125
2004-09-13,12.007376670837402
2004-09-14,12.003079414367676
2004-09-15,11.950057029724121
2004-09-16,12.099806785583496
2004-09-17,12.180773735046387
2004-09-20,12.19295597076416
2004-09-21,12.320491790771484
2004-09-22,12.134200096130371
2004-09-23,12.187936782836914
2004-09-24,12.153545379638672
2004-09-27,12.081174850463867
2004-09-28,12.230931282043457
2004-09-29,12.295416831970215
2004-09-30,12.359902381896973
2004-10-01,12.596353530883789
2004-10-04,12.811308860778809
2004-10-05,12.716727256774902
2004-10-06,12.863611221313477
2004-10-07,12.753986358642578
2004-10-08,12.660839080810547
2004-10-11,12.72675895690918
2004-10-12,12.52613353729248
2004-10-13,12.356317520141602
2004-10-14,12.187936782836914
2004-10-15,12.35058307647705
2004-10-18,12.481709480285645
2004-10-19,12.421521186828613
2004-10-20,12.343422889709473
2004-10-21,12.521119117736816
2004-10-22,12.43155574798584
2004-10-25,12.465229988098145
2004-10-26,12.510374069213867
2004-10-27,12.72532844543457
2004-10-28,12.662272453308105
2004-10-29,12.711709976196289
2004-11-01,12.806291580200195
2004-11-02,12.835667610168457
2004-11-03,13.02268123626709
2004-11-04,13.219722747802734
2004-11-05,13.269883155822754
2004-11-08,13.120121955871582
2004-11-09,13.204673767089844
2004-11-10,13.219722747802734
2004-11-11,13.370190620422363
2004-11-12,13.595890998840332
2004-11-15,13.608794212341309
2004-11-16,13.45330810546875
2004-11-17,13.757105827331543
2004-11-18,13.782187461853027
2004-11-19,13.585144996643066
2004-11-22,13.638162612915039
2004-11-23,13.661813735961914
2004-11-24,13.807267189025879
2004-11-26,14.036548614501953
2004-11-29,13.950569152832031
2004-11-30,13.976359367370605
2004-12-01,14.083124160766602
2004-12-02,14.062346458435059
2004-12-03,14.126116752624512
2004-12-06,14.10604476928711
2004-12-07,13.889665603637695
2004-12-08,13.816582679748535
2004-12-09,13.591594696044922
2004-12-10,13.57797908782959
2004-12-13,13.784339904785156
2004-12-14,13.91115951538086
2004-12-15,14.103897094726562
2004-12-16,14.03297233581543
2004-12-17,14.000716209411621
2004-12-20,14.18343734741211
2004-12-21,14.319572448730469
2004-12-22,14.315995216369629
2004-12-23,14.413392066955566
2004-12-27,14.402523040771484
2004-12-28,14.477219581604004
2004-12-29,14.557002067565918
2004-12-30,14.520014762878418
2004-12-31,14.639678955078125
2005-01-03,14.487373352050781
2005-01-04,14.04133129119873
2005-01-05,13.869437217712402
2005-01-06,13.860010147094727
2005-01-07,13.886846542358398
2005-01-10,13.904253005981445
2005-01-11,13.878138542175293
2005-01-12,14.048580169677734
2005-01-13,13.990561485290527
2005-01-14,14.240777969360352
2005-01-18,14.215399742126465
2005-01-19,14.019572257995605
2005-01-20,13.845505714416504
2005-01-21,14.034078598022461
2005-01-24,14.01231861114502
2005-01-25,14.139242172241211
2005-01-26,14.345938682556152
2005-01-27,14.359728813171387
2005-01-28,14.37277889251709
2005-01-31,14.562077522277832
2005-02-01,14.6868257522583
2005-02-02,14.73323917388916
2005-02-03,14.71801471710205
2005-02-04,14.947920799255371
2005-02-07,14.995062828063965
2005-02-08,15.024077415466309
2005-02-09,14.975481033325195
2005-02-10,15.04801082611084
2005-02-11,15.194517135620117
2005-02-14,15.303311347961426
2005-02-15,15.339573860168457
2005-02-16,15.292431831359863
2005-02-17,15.267049789428711
2005-02-18,15.454887390136719
2005-02-22,15.398319244384766
2005-02-23,15.46939754486084
2005-02-24,15.709461212158203
2005-02-25,15.998846054077148
2005-02-28,15.972007751464844
2005-03-01,16.016977310180664
2005-03-02,15.752968788146973
2005-03-03,15.796500205993652
2005-03-04,15.98507022857666
2005-03-07,16.090232849121094
2005-03-08,15.967660903930664
2005-03-09,15.876276016235352
2005-03-10,15.723971366882324
2005-03-11,15.635488510131836
2005-03-14,15.515820503234863
2005-03-15,15.129246711730957
2005-03-16,15.000868797302246
2005-03-17,15.27429485321045
2005-03-18,15.205390930175781
2005-03-21,14.985641479492188
2005-03-22,14.708584785461426
2005-03-23,14.522183418273926
2005-03-24,14.506231307983398
2005-03-28,14.606316566467285
2005-03-29,14.228450775146484
2005-03-30,14.552648544311523
2005-03-31,14.708584785461426
2005-04-01,14.795618057250977
2005-04-04,14.828251838684082
2005-04-05,14.824625968933105
2005-04-06,15.027708053588867
2005-04-07,15.179286003112793
2005-04-08,15.107481956481934
2005-04-11,14.962424278259277
2005-04-12,15.15100383758545
2005-04-13,14.849286079406738
2005-04-14,14.469242095947266
2005-04-15,14.164626121520996
2005-04-18,14.33216667175293
2005-04-19,14.572226524353027
2005-04-20,14.228450775146484
2005-04-21,14.638232231140137
2005-04-22,14.476495742797852
2005-04-25,14.750650405883789
2005-04-26,14.59979248046875
2005-04-27,14.467792510986328
2005-04-28,14.237149238586426
2005-04-29,14.5250883102417
2005-05-02,14.621552467346191
2005-05-03,14.607771873474121
2005-05-04,15.005942344665527
2005-05-05,15.085001945495605
2005-05-06,15.125618934631348
2005-05-09,15.139395713806152
2005-05-10,14.799241065979004
2005-05-11,14.868147850036621
2005-05-12,14.614300727844238
2005-05-13,14.464162826538086
2005-05-16,14.636053085327148
2005-05-17,14.639678955078125
2005-05-18,14.931244850158691
2005-05-19,14.985641479492188
2005-05-20,14.947920799255371
2005-05-23,14.997237205505371
2005-05-24,14.953728675842285
2005-05-25,14.846381187438965
2005-05-26,15.01319694519043
2005-05-27,15.11473560333252
2005-05-31,14.984196662902832
2005-06-01,15.161154747009277
2005-06-02,15.276473045349121
2005-06-03,15.197419166564941
2005-06-06,15.350455284118652
2005-06-07,15.27429485321045
2005-06-08,15.216277122497559
2005-06-09,15.296053886413574
2005-06-10,15.339573860168457
2005-06-13,15.400497436523438
2005-06-14,15.46359634399414
2005-06-15,15.578911781311035
2005-06-16,15.718162536621094
2005-06-17,15.907459259033203
2005-06-20,15.763855934143066
2005-06-21,15.68770980834961
2005-06-22,15.835667610168457
2005-06-23,15.557154655456543
2005-06-24,15.502763748168945
2005-06-27,15.60067367553711
2005-06-28,15.718162536621094
2005-06-29,15.626781463623047
2005-06-30,15.578911781311035
2005-07-01,15.635488510131836
2005-07-05,15.705108642578125
2005-07-06,15.628958702087402
2005-07-07,15.674651145935059
2005-07-08,15.837837219238281
2005-07-11,16.079355239868164
2005-07-12,16.27082633972168
2005-07-13,16.259950637817383
2005-07-14,16.353504180908203
2005-07-15,16.26430320739746
2005-07-18,16.214252471923828
2005-07-19,16.399200439453125
2005-07-20,16.401378631591797
2005-07-21,16.579795837402344
2005-07-22,16.540624618530273
2005-07-25,16.397024154663086
2005-07-26,16.490581512451172
2005-07-27,16.579795837402344
2005-07-28,16.786495208740234
2005-07-29,16.775617599487305
2005-08-01,17.049776077270508
2005-08-02,17.35221290588379
2005-08-03,17.308692932128906
2005-08-04,17.156391143798828
2005-08-05,16.840890884399414
2005-08-08,16.956212997436523
2005-08-09,17.297813415527344
2005-08-10,17.482765197753906
2005-08-11,17.38485336303711
2005-08-12,17.199905395507812
2005-08-15,17.31956672668457
2005-08-16,17.01931381225586
2005-08-17,17.030183792114258
2005-08-18,16.71687126159668
2005-08-19,16.651592254638672
2005-08-22,16.858304977416992
2005-08-23,16.699460983276367
2005-08-24,16.48188018798828
2005-08-25,16.666831970214844
2005-08-26,16.645063400268555
2005-08-29,16.827842712402344
2005-08-30,16.651592254638672
2005-08-31,16.99754524230957
2005-09-01,17.232540130615234
2005-09-02,17.38485336303711
2005-09-06,17.602432250976562
2005-09-07,17.624187469482422
2005-09-08,17.595901489257812
2005-09-09,17.854827880859375
2005-09-12,17.828716278076172
2005-09-13,17.628543853759766
2005-09-14,17.56544303894043
2005-09-15,17.667709350585938
2005-09-16,17.939687728881836
2005-09-19,17.913570404052734
2005-09-20,17.961442947387695
2005-09-21,18.131160736083984
2005-09-22,17.950565338134766
2005-09-23,17.93533706665039
2005-09-26,18.094165802001953
2005-09-27,17.974496841430664
2005-09-28,18.17902946472168
2005-09-29,18.498870849609375
2005-09-30,18.468408584594727
2005-10-03,18.585899353027344
2005-10-04,18.41183853149414
2005-10-05,17.852651596069336
2005-10-06,17.228193283081055
2005-10-07,17.65464973449707
2005-10-10,17.595901489257812
2005-10-11,17.672061920166016
2005-10-12,17.13027572631836
2005-10-13,17.023664474487305
2005-10-14,16.958385467529297
2005-10-17,17.1455078125
2005-10-18,16.710346221923828
2005-10-19,17.03671646118164
2005-10-20,16.351327896118164
2005-10-21,16.786495208740234
2005-10-24,17.239065170288086
2005-10-25,16.899641036987305
2005-10-26,16.960554122924805
2005-10-27,16.55803108215332
2005-10-28,16.993202209472656
2005-10-31,17.297813415527344
2005-11-01,17.602432250976562
2005-11-02,17.87441062927246
2005-11-03,17.893991470336914
2005-11-04,17.85700225830078
2005-11-07,17.870059967041016
2005-11-08,17.702518463134766
2005-11-09,17.967966079711914
2005-11-10,17.99625587463379
2005-11-11,18.035417556762695
2005-11-14,17.987550735473633
2005-11-15,17.885290145874023
2005-11-16,18.03759765625
2005-11-17,18.303043365478516
2005-11-18,18.35308837890625
2005-11-21,18.363967895507812
2005-11-22,18.35527229309082
2005-11-23,18.548913955688477
2005-11-25,18.53586196899414
2005-11-28,18.418363571166992
2005-11-29,18.255172729492188
2005-11-30,18.29869270324707
2005-12-01,18.777376174926758
2005-12-02,18.755617141723633
2005-12-05,18.907926559448242
2005-12-06,19.081995010375977
2005-12-07,18.901399612426758
2005-12-08,18.759971618652344
2005-12-09,18.951440811157227
2005-12-12,19.06023597717285
2005-12-13,19.310449600219727
2005-12-14,19.18208122253418
2005-12-15,19.103750228881836
2005-12-16,19.038475036621094
2005-12-19,18.99495506286621
2005-12-20,19.15814971923828
2005-12-21,19.469289779663086
2005-12-22,19.473644256591797
2005-12-23,19.589807510375977
2005-12-27,19.371990203857422
2005-12-28,19.424800872802734
2005-12-29,19.426998138427734
2005-12-30,19.415998458862305
2006-01-03,20.142038345336914
2006-01-04,20.32464027404785
2006-01-05,20.428050994873047
2006-01-06,20.85487174987793
2006-01-09,21.059478759765625
2006-01-10,20.80647087097168
2006-01-11,21.050682067871094
2006-01-12,20.75806999206543
2006-01-13,20.780071258544922
2006-01-17,20.417049407958984
2006-01-18,20.406047821044922
2006-01-19,21.066085815429688
2006-01-20,20.439050674438477
2006-01-23,21.033079147338867
2006-01-24,21.363100051879883
2006-01-25,21.374094009399414
2006-01-26,21.880130767822266
2006-01-27,22.130935668945312
2006-01-30,22.027530670166016
2006-01-31,22.17274284362793
2006-02-01,22.161739349365234
2006-02-02,21.591907501220703
2006-02-03,21.29709243774414
2006-02-06,21.803123474121094
2006-02-07,21.23109245300293
2006-02-08,21.29709243774414
2006-02-09,21.352100372314453
2006-02-10,21.3190975189209
2006-02-13,20.79326820373535
2006-02-14,21.3190975189209
2006-02-15,21.209095001220703
2006-02-16,21.759119033813477
2006-02-17,21.730518341064453
2006-02-21,21.539106369018555
2006-02-22,21.655702590942383
2006-02-23,21.64910888671875
2006-02-24,21.69091796875
2006-02-27,21.8889217376709
2006-02-28,21.3190975189209
2006-03-01,21.90873146057129
2006-03-02,21.92633056640625
2006-03-03,21.561113357543945
2006-03-06,21.23109245300293
2006-03-07,20.483055114746094
2006-03-08,20.60405731201172
2006-03-09,20.395044326782227
2006-03-10,20.82406997680664
2006-03-13,20.802066802978516
2006-03-14,21.451101303100586
2006-03-15,21.69970703125
2006-03-16,21.506101608276367
2006-03-17,21.657909393310547
2006-03-20,21.781118392944336
2006-03-21,21.341094970703125
2006-03-22,21.576507568359375
2006-03-23,21.37629508972168
2006-03-24,21.561113357543945
2006-03-27,21.6931209564209
2006-03-28,21.29709243774414
2006-03-29,21.70411491394043
2006-03-30,21.814119338989258
2006-03-31,21.781118392944336
2006-04-03,22.397151947021484
2006-04-04,22.529155731201172
2006-04-05,22.760169982910156
2006-04-06,22.643566131591797
2006-04-07,22.298147201538086
2006-04-10,22.221145629882812
2006-04-11,22.03193473815918
2006-04-12,22.15953826904297
2006-04-13,22.265146255493164
2006-04-17,22.529155731201172
2006-04-18,23.27720069885254
2006-04-19,23.420207977294922
2006-04-20,23.33660125732422
2006-04-21,23.519210815429688
2006-04-24,23.211191177368164
2006-04-25,22.892175674438477
2006-04-26,23.34320068359375
2006-04-27,22.97578239440918
2006-04-28,23.200193405151367
2006-05-01,23.19359016418457
2006-05-02,23.602807998657227
2006-05-03,23.62921905517578
2006-05-04,23.860233306884766
2006-05-05,24.245250701904297
2006-05-08,24.421255111694336
2006-05-09,24.443256378173828
2006-05-10,24.179235458374023
2006-05-11,23.563213348388672
2006-05-12,22.947185516357422
2006-05-15,22.397151947021484
2006-05-16,22.509353637695312
2006-05-17,21.737112045288086
2006-05-18,21.3190975189209
2006-05-19,21.778919219970703
2006-05-22,20.753664016723633
2006-05-23,20.527053833007812
2006-05-24,20.38404655456543
2006-05-25,21.250892639160156
2006-05-26,21.187088012695312
2006-05-30,20.27404022216797
2006-05-31,20.615060806274414
2006-06-01,21.03748321533203
2006-06-02,21.253089904785156
2006-06-05,20.351041793823242
2006-06-06,20.201438903808594
2006-06-07,19.75701141357422
2006-06-08,19.404998779296875
2006-06-09,19.151979446411133
2006-06-12,18.439144134521484
2006-06-13,18.029926300048828
2006-06-14,18.546951293945312
2006-06-15,19.62721061706543
2006-06-16,19.51500129699707
2006-06-19,18.788965225219727
2006-06-20,19.019983291625977
2006-06-21,19.636009216308594
2006-06-22,19.283994674682617
2006-06-23,19.250991821289062
2006-06-26,19.250991821289062
2006-06-27,18.887971878051758
2006-06-28,19.47979736328125
2006-06-29,20.637065887451172
2006-06-30,20.6590633392334
2006-07-03,21.116683959960938
2006-07-05,20.4610538482666
2006-07-06,20.879074096679688
2006-07-07,20.483055114746094
2006-07-10,20.648059844970703
2006-07-11,20.747066497802734
2006-07-12,20.285043716430664
2006-07-13,19.48200225830078
2006-07-14,19.58100700378418
2006-07-17,19.272991180419922
2006-07-18,19.541400909423828
2006-07-19,20.747066497802734
2006-07-20,20.150840759277344
2006-07-21,19.759220123291016
2006-07-24,20.648059844970703
2006-07-25,20.70306396484375
2006-07-26,20.615060806274414
2006-07-27,20.898876190185547
2006-07-28,21.347698211669922
2006-07-31,21.14308738708496
2006-08-01,20.802066802978516
2006-08-02,21.077075958251953
2006-08-03,21.055084228515625
2006-08-04,21.099084854125977
2006-08-07,20.96708106994629
2006-08-08,20.96708106994629
2006-08-09,21.04627799987793
2006-08-10,21.26189422607422
2006-08-11,21.004480361938477
2006-08-14,21.08808135986328
2006-08-15,21.60511589050293
2006-08-16,21.81632423400879
2006-08-17,21.847122192382812
2006-08-18,21.640308380126953
2006-08-21,21.528104782104492
2006-08-22,21.521507263183594
2006-08-23,21.1320858001709
2006-08-24,21.07488250732422
2006-08-25,21.134286880493164
2006-08-28,21.374094009399414
2006-08-29,21.44670295715332
2006-08-30,21.539106369018555
2006-08-31,21.47750473022461
2006-09-01,21.717315673828125
2006-09-05,21.836124420166016
2006-09-06,21.209095001220703
2006-09-07,20.96708106994629
2006-09-08,21.13868522644043
2006-09-11,20.68326187133789
2006-09-12,21.03748321533203
2006-09-13,21.352100372314453
2006-09-14,21.176088333129883
2006-09-15,21.301494598388672
2006-09-18,21.541303634643555
2006-09-19,21.209095001220703
2006-09-20,21.644710540771484
2006-09-21,21.116683959960938
2006-09-22,20.8482723236084
2006-09-25,21.090286254882812
2006-09-26,21.338899612426758
2006-09-27,21.29049301147461
2006-09-28,21.46210479736328
2006-09-29,21.29049301147461
2006-10-02,21.25528907775879
2006-10-03,20.96708106994629
2006-10-04,21.528104782104492
2006-10-05,21.814119338989258
2006-10-06,21.759119033813477
2006-10-09,21.677711486816406
2006-10-10,21.87352180480957
2006-10-11,21.75691795349121
2006-10-12,22.287145614624023
2006-10-13,22.41914939880371
2006-10-16,22.480756759643555
2006-10-17,22.185943603515625
2006-10-18,22.403745651245117
2006-10-19,22.50275421142578
2006-10-20,22.397151947021484
2006-10-23,22.377349853515625
2006-10-24,22.504959106445312
2006-10-25,22.76677894592285
2006-10-26,22.821773529052734
2006-10-27,22.441152572631836
2006-10-30,22.364151000976562
2006-10-31,22.793174743652344
2006-11-01,22.564350128173828
2006-11-02,22.6347599029541
2006-11-03,22.705169677734375
2006-11-06,23.244197845458984
2006-11-07,23.145187377929688
2006-11-08,23.204593658447266
2006-11-09,23.283802032470703
2006-11-10,23.316801071166992
2006-11-13,23.3960018157959
2006-11-14,23.76122283935547
2006-11-15,23.80522346496582
2006-11-16,23.565406799316406
2006-11-17,23.53900718688965
2006-11-20,23.446609497070312
2006-11-21,23.82062339782715
2006-11-22,23.987831115722656
2006-11-24,23.983430862426758
2006-11-27,23.530214309692383
2006-11-28,23.66661834716797
2006-11-29,24.049434661865234
2006-11-30,24.157241821289062
2006-12-01,24.058237075805664
2006-12-04,24.559864044189453
2006-12-05,24.98887825012207
2006-12-06,24.817272186279297
2006-12-07,24.72926902770996
2006-12-08,24.619272232055664
2006-12-11,24.63027000427246
2006-12-12,24.333251953125
2006-12-13,24.46525764465332
2006-12-14,24.88327980041504
2006-12-15,24.993289947509766
2006-12-18,24.819477081298828
2006-12-19,24.663270950317383
2006-12-20,24.936166763305664
2006-12-21,24.89153480529785
2006-12-22,24.980798721313477
2006-12-26,25.212875366210938
2006-12-27,25.572126388549805
2006-12-28,25.523038864135742
2006-12-29,25.476186752319336
2007-01-03,25.692625045776367
2007-01-04,25.337825775146484
2007-01-05,24.59699058532715
2007-01-08,24.775510787963867
2007-01-09,24.22211456298828
2007-01-10,24.16632843017578
2007-01-11,24.472030639648438
2007-01-12,24.969640731811523
2007-01-16,25.058897018432617
2007-01-17,24.954025268554688
2007-01-18,24.690711975097656
2007-01-19,25.134761810302734
2007-01-22,25.10576057434082
2007-01-23,25.677005767822266
2007-01-24,25.900144577026367
2007-01-25,25.10352325439453
2007-01-26,25.257495880126953
2007-01-29,24.922780990600586
2007-01-30,25.308822631835938
2007-01-31,25.505186080932617
2007-02-01,25.81758689880371
2007-02-02,25.73948097229004
2007-02-05,25.76403045654297
2007-02-06,26.01841163635254
2007-02-07,25.91799545288086
2007-02-08,25.779651641845703
2007-02-09,25.471712112426758
2007-02-12,25.29766273498535
2007-02-13,25.699325561523438
2007-02-14,26.252714157104492
2007-02-15,26.268333435058594
2007-02-16,26.32857894897461
2007-02-20,26.39775848388672
2007-02-21,26.475854873657227
2007-02-22,26.408910751342773
2007-02-23,26.219242095947266
2007-02-26,26.20808219909668
2007-02-27,24.07707405090332
2007-02-28,24.67955780029297
2007-03-01,24.324756622314453
2007-03-02,24.099380493164062
2007-03-05,23.481281280517578
2007-03-06,24.51219940185547
2007-03-07,24.362695693969727
2007-03-08,24.991960525512695
2007-03-09,25.036592483520508
2007-03-12,25.159313201904297
2007-03-13,24.427404403686523
2007-03-14,24.628231048583984
2007-03-15,24.829057693481445
2007-03-16,24.61707878112793
2007-03-19,25.157089233398438
2007-03-20,25.32220458984375
2007-03-21,26.08089256286621
2007-03-22,25.969314575195312
2007-03-23,26.089820861816406
2007-03-26,26.07419776916504
2007-03-27,25.958160400390625
2007-03-28,25.4940185546875
2007-03-29,26.00056266784668
2007-03-30,25.99609375
2007-04-02,26.174610137939453
2007-04-03,26.603042602539062
2007-04-04,26.77040672302246
2007-04-05,26.794950485229492
2007-04-09,26.94890785217285
2007-04-10,27.07611083984375
2007-04-11,26.826187133789062
2007-04-12,27.274703979492188
2007-04-13,27.408594131469727
2007-04-16,27.734376907348633
2007-04-17,27.584871292114258
2007-04-18,27.379581451416016
2007-04-19,27.15867042541504
2007-04-20,27.482227325439453
2007-04-23,27.372886657714844
2007-04-24,27.36842155456543
2007-04-25,27.707597732543945
2007-04-26,27.633955001831055
2007-04-27,27.49561882019043
2007-04-30,26.96453857421875
2007-05-01,27.071643829345703
2007-05-02,27.609413146972656
2007-05-03,27.841476440429688
2007-05-04,27.832561492919922
2007-05-07,28.013307571411133
2007-05-08,27.649581909179688
2007-05-09,28.095869064331055
2007-05-10,27.408594131469727
2007-05-11,28.10478973388672
2007-05-14,27.825864791870117
2007-05-15,27.859329223632812
2007-05-16,28.263233184814453
2007-05-17,28.160579681396484
2007-05-18,28.305614471435547
2007-05-21,28.35694122314453
2007-05-22,28.361412048339844
2007-05-23,28.3167724609375
2007-05-24,27.636194229125977
2007-05-25,28.06016731262207
2007-05-29,27.964221954345703
2007-05-30,28.249845504760742
2007-05-31,28.330175399780273
2007-06-01,29.03752899169922
2007-06-04,28.908113479614258
2007-06-05,28.807695388793945
2007-06-06,28.082483291625977
2007-06-07,27.649581909179688
2007-06-08,28.13826560974121
2007-06-11,28.379262924194336
2007-06-12,27.886106491088867
2007-06-13,28.44397735595703
2007-06-14,28.890249252319336
2007-06-15,29.54853057861328
2007-06-18,29.57530403137207
2007-06-19,29.608787536621094
2007-06-20,29.35662269592285
2007-06-21,29.72258186340332
2007-06-22,29.32984733581543
2007-06-25,29.106708526611328
2007-06-26,28.85232162475586
2007-06-27,29.262910842895508
2007-06-28,29.269590377807617
2007-06-29,29.37224006652832
2007-07-02,29.96803855895996
2007-07-03,30.2067928314209
2007-07-05,30.340679168701172
2007-07-06,30.860605239868164
2007-07-09,31.15960693359375
2007-07-10,30.54596519470215
2007-07-11,30.798120498657227
2007-07-12,31.4742488861084
2007-07-13,31.864749908447266
2007-07-16,31.552349090576172
2007-07-17,31.527795791625977
2007-07-18,31.14176368713379
2007-07-19,31.451940536499023
2007-07-20,31.23548126220703
2007-07-23,32.13920974731445
2007-07-24,31.039113998413086
2007-07-25,31.217618942260742
2007-07-26,29.626619338989258
2007-07-27,29.242828369140625
2007-07-30,30.20010757446289
2007-07-31,29.58200454711914
2007-08-01,29.465953826904297
2007-08-02,29.7917423248291
2007-08-03,28.506452560424805
2007-08-06,29.015220642089844
2007-08-07,29.231672286987305
2007-08-08,30.213489532470703
2007-08-09,28.963890075683594
2007-08-10,28.461824417114258
2007-08-13,28.742977142333984
2007-08-14,27.999923706054688
2007-08-15,26.899824142456055
2007-08-16,26.44239044189453
2007-08-17,27.279178619384766
2007-08-20,27.334949493408203
2007-08-21,27.234542846679688
2007-08-22,28.406028747558594
2007-08-23,28.55107307434082
2007-08-24,29.231672286987305
2007-08-27,29.36554527282715
2007-08-28,28.171737670898438
2007-08-29,29.287443161010742
2007-08-30,29.137943267822266
2007-08-31,29.88992691040039
2007-09-04,30.39423370361328
2007-09-05,29.934568405151367
2007-09-06,30.168859481811523
2007-09-07,29.488283157348633
2007-09-10,29.510595321655273
2007-09-11,30.10637664794922
2007-09-12,30.213489532470703
2007-09-13,30.54819679260254
2007-09-14,30.608449935913086
2007-09-17,30.414321899414062
2007-09-18,31.887054443359375
2007-09-19,32.032100677490234
2007-09-20,31.931684494018555
2007-09-21,32.355648040771484
2007-09-24,32.75732421875
2007-09-25,32.63458251953125
2007-09-26,33.0697135925293
2007-09-27,33.56062698364258
2007-09-28,33.3486442565918
2007-10-01,34.39741134643555
2007-10-02,34.6317138671875
2007-10-03,33.58293533325195
2007-10-04,33.91766357421875
2007-10-05,35.048988342285156
2007-10-08,34.676326751708984
2007-10-09,35.216346740722656
2007-10-10,35.263214111328125
2007-10-11,34.953041076660156
2007-10-12,35.59122848510742
2007-10-15,35.156089782714844
2007-10-16,34.50452423095703
2007-10-17,35.3011360168457
2007-10-18,35.479652404785156
2007-10-19,33.9622802734375
2007-10-22,34.207740783691406
2007-10-23,35.156089782714844
2007-10-24,34.92625427246094
2007-10-25,35.37031173706055
2007-10-26,36.37221145629883
2007-10-29,37.209007263183594
2007-10-30,36.506107330322266
2007-10-31,37.307186126708984
2007-11-01,35.80097579956055
2007-11-02,36.00403594970703
2007-11-05,34.75221252441406
2007-11-06,36.070980072021484
2007-11-07,34.92179489135742
2007-11-08,35.100311279296875
2007-11-09,34.274681091308594
2007-11-12,32.37797927856445
2007-11-13,34.66518783569336
2007-11-14,34.698646545410156
2007-11-15,33.89979934692383
2007-11-16,34.31930923461914
2007-11-19,32.73722457885742
2007-11-20,33.63650131225586
2007-11-21,31.94285011291504
2007-11-23,32.88673400878906
2007-11-26,31.581357955932617
2007-11-27,32.79079055786133
2007-11-28,34.58708190917969
2007-11-29,34.163116455078125
2007-11-30,34.45320129394531
2007-12-03,34.15418243408203
2007-12-04,34.064918518066406
2007-12-05,35.57783508300781
2007-12-06,36.13792419433594
2007-12-07,35.70948028564453
2007-12-10,35.720645904541016
2007-12-11,34.207740783691406
2007-12-12,35.23419189453125
2007-12-13,34.265750885009766
2007-12-14,33.44906234741211
2007-12-17,32.0231819152832
2007-12-18,32.9023551940918
2007-12-19,33.11658477783203
2007-12-20,33.297325134277344
2007-12-21,34.301456451416016
2007-12-24,34.881622314453125
2007-12-26,35.06241226196289
2007-12-27,34.253326416015625
2007-12-28,34.38213348388672
2007-12-31,33.96855926513672
2008-01-02,33.40806579589844
2008-01-03,33.70864486694336
2008-01-04,32.69613265991211
2008-01-07,32.93571472167969
2008-01-08,32.680328369140625
2008-01-09,33.75159454345703
2008-01-10,34.14936447143555
2008-01-11,33.18883514404297
2008-01-14,33.677005767822266
2008-01-15,32.15373229980469
2008-01-16,30.81578826904297
2008-01-17,29.91853904724121
2008-01-18,30.60107421875
2008-01-22,29.832660675048828
2008-01-23,30.022504806518555
2008-01-24,30.605602264404297
2008-01-25,30.14002799987793
2008-01-28,30.885845184326172
2008-01-29,30.734416961669922
2008-01-30,30.329875946044922
2008-01-31,30.937820434570312
2008-02-01,31.55482292175293
2008-02-04,31.65201187133789
2008-02-05,29.947921752929688
2008-02-06,29.45749282836914
2008-02-07,29.95696449279785
2008-02-08,29.90045738220215
2008-02-11,30.271114349365234
2008-02-12,30.759292602539062
2008-02-13,31.450862884521484
2008-02-14,31.046302795410156
2008-02-15,31.267791748046875
2008-02-19,31.67686653137207
2008-02-20,31.941293716430664
2008-02-21,31.493804931640625
2008-02-22,31.916431427001953
2008-02-25,32.51082992553711
2008-02-26,32.94022750854492
2008-02-27,33.21821594238281
2008-02-28,32.86113739013672
2008-02-29,31.55482292175293
2008-03-03,31.726585388183594
2008-03-04,30.98981285095215
2008-03-05,31.640705108642578
2008-03-06,30.555875778198242
2008-03-07,30.133251190185547
2008-03-10,29.604389190673828
2008-03-11,31.59549903869629
2008-03-12,31.010154724121094
2008-03-13,30.72764778137207
2008-03-14,29.6383056640625
2008-03-17,28.906049728393555
2008-03-18,30.40898323059082
2008-03-19,28.58285903930664
2008-03-20,29.064245223999023
2008-03-24,30.178449630737305
2008-03-25,30.641761779785156
2008-03-26,30.39315414428711
2008-03-27,30.246252059936523
2008-03-28,30.19200897216797
2008-03-31,30.370553970336914
2008-04-01,31.5367374420166
2008-04-02,31.559335708618164
2008-04-03,31.94354248046875
2008-04-04,31.814725875854492
2008-04-07,32.23735809326172
2008-04-08,32.06107711791992
2008-04-09,31.561603546142578
2008-04-10,32.013614654541016
2008-04-11,31.491540908813477
2008-04-14,31.41695213317871
2008-04-15,31.785341262817383
2008-04-16,32.72551345825195
2008-04-17,32.488216400146484
2008-04-18,32.9786491394043
2008-04-21,33.1458854675293
2008-04-22,32.83852767944336
2008-04-23,33.31088638305664
2008-04-24,32.88372802734375
2008-04-25,33.12555694580078
2008-04-28,33.062278747558594
2008-04-29,32.47690963745117
2008-04-30,33.1458854675293
2008-05-01,33.49846649169922
2008-05-02,33.819400787353516
2008-05-05,33.79454040527344
2008-05-06,34.171966552734375
2008-05-07,33.154937744140625
2008-05-08,33.496192932128906
2008-05-09,33.22274398803711
2008-05-12,33.649879455566406
2008-05-13,33.81034469604492
2008-05-14,33.8917121887207
2008-05-15,34.61266326904297
2008-05-16,35.05338668823242
2008-05-19,35.06015396118164
2008-05-20,34.45220184326172
2008-05-21,34.101905822753906
2008-05-22,34.20133972167969
2008-05-23,33.60469436645508
2008-05-27,33.55044937133789
2008-05-28,34.00245666503906
2008-05-29,34.0770378112793
2008-05-30,34.194576263427734
2008-06-02,33.78776168823242
2008-06-03,33.17753601074219
2008-06-04,32.88825225830078
2008-06-05,33.93464279174805
2008-06-06,32.70519256591797
2008-06-09,32.62156295776367
2008-06-10,31.868968963623047
2008-06-11,31.392108917236328
2008-06-12,31.575157165527344
2008-06-13,31.916431427001953
2008-06-16,32.0249137878418
2008-06-17,32.16050338745117
2008-06-18,32.00457000732422
2008-06-19,32.054283142089844
2008-06-20,31.00789451599121
2008-06-23,31.098285675048828
2008-06-24,30.960424423217773
2008-06-25,31.580366134643555
2008-06-26,30.496843338012695
2008-06-27,30.791723251342773
2008-06-30,31.024885177612305
2008-07-01,30.471683502197266
2008-07-02,29.60303497314453
2008-07-03,29.518451690673828
2008-07-07,29.41329002380371
2008-07-08,29.774477005004883
2008-07-09,29.173269271850586
2008-07-10,29.701332092285156
2008-07-11,29.50245475769043
2008-07-14,29.465877532958984
2008-07-15,28.97439956665039
2008-07-16,29.811054229736328
2008-07-17,29.950496673583984
2008-07-18,29.692184448242188
2008-07-21,30.060224533081055
2008-07-22,30.078510284423828
2008-07-23,30.1219425201416
2008-07-24,29.008682250976562
2008-07-25,29.20755958557129
2008-07-28,28.71379280090332
2008-07-29,30.304828643798828
2008-07-30,29.989356994628906
2008-07-31,29.317289352416992
2008-08-01,29.11842155456543
2008-08-04,28.226890563964844
2008-08-05,28.590349197387695
2008-08-06,29.159555435180664
2008-08-07,28.158309936523438
2008-08-08,28.226890563964844
2008-08-11,27.93199920654297
2008-08-12,27.698829650878906
2008-08-13,27.69198226928711
2008-08-14,28.055444717407227
2008-08-15,27.61654281616211
2008-08-18,27.15020751953125
2008-08-19,26.923898696899414
2008-08-20,27.60968017578125
2008-08-21,27.56855010986328
2008-08-22,27.54796600341797
2008-08-25,26.978759765625
2008-08-26,27.02676773071289
2008-08-27,27.60283088684082
2008-08-28,27.79485321044922
2008-08-29,27.465665817260742
2008-09-02,26.63587188720703
2008-09-03,26.196971893310547
2008-09-04,24.98998260498047
2008-09-05,25.346595764160156
2008-09-08,25.66205406188965
2008-09-09,24.221914291381836
2008-09-10,24.612804412841797
2008-09-11,24.24933624267578
2008-09-12,25.058568954467773
2008-09-15,23.090362548828125
2008-09-16,23.289243698120117
2008-09-17,21.636499404907227
2008-09-18,23.4606876373291
2008-09-19,26.382131576538086
2008-09-22,24.660804748535156
2008-09-23,23.89273452758789
2008-09-24,24.167041778564453
2008-09-25,25.408321380615234
2008-09-26,24.544227600097656
2008-09-29,21.677654266357422
2008-09-30,23.433252334594727
2008-10-01,23.714431762695312
2008-10-02,21.636499404907227
2008-10-03,21.067296981811523
2008-10-06,19.483139038085938
2008-10-07,17.967552185058594
2008-10-08,17.967552185058594
2008-10-09,16.643991470336914
2008-10-10,16.83601188659668
2008-10-13,20.66954231262207
2008-10-14,19.6408748626709
2008-10-15,16.465686798095703
2008-10-16,17.27490997314453
2008-10-17,16.733137130737305
2008-10-20,17.905834197998047
2008-10-21,16.479400634765625
2008-10-22,14.744368553161621
2008-10-23,15.155838012695312
2008-10-24,13.59225082397461
2008-10-27,13.235639572143555
2008-10-28,16.006210327148438
2008-10-29,15.49872875213623
2008-10-30,17.590370178222656
2008-10-31,17.439502716064453
2008-11-03,17.281776428222656
2008-11-04,18.85907554626465
2008-11-05,16.458826065063477
2008-11-06,15.629023551940918
2008-11-07,16.89773178100586
2008-11-10,17.055469512939453
2008-11-11,15.992493629455566
2008-11-12,14.806090354919434
2008-11-13,16.856584548950195
2008-11-14,15.23813247680664
2008-11-17,14.984390258789062
2008-11-18,14.764941215515137
2008-11-19,13.4893798828125
2008-11-20,12.52242660522461
2008-11-21,14.326035499572754
2008-11-24,15.196985244750977
2008-11-25,14.908958435058594
2008-11-26,16.047351837158203
2008-11-28,15.738752365112305
2008-12-01,14.223172187805176
2008-12-02,15.12154769897461
2008-12-03,15.244991302490234
2008-12-04,14.593493461608887
2008-12-05,15.457582473754883
2008-12-08,16.445114135742188
2008-12-09,16.218801498413086
2008-12-10,17.18575668334961
2008-12-11,16.746854782104492
2008-12-12,16.98002815246582
2008-12-15,16.75371551513672
2008-12-16,18.09099578857422
2008-12-17,17.775531768798828
2008-12-18,17.38463592529297
2008-12-19,17.446359634399414
2008-12-22,16.79486656188965
2008-12-23,16.65576934814453
2008-12-24,16.774003982543945
2008-12-26,16.718364715576172
2008-12-29,16.690547943115234
2008-12-30,17.1356258392334
2008-12-31,17.365123748779297
2009-01-02,18.192699432373047
2009-01-05,18.42914581298828
2009-01-06,18.846406936645508
2009-01-07,17.76152229309082
2009-01-08,17.685026168823242
2009-01-09,17.302534103393555
2009-01-12,16.57232093811035
2009-01-13,16.62100601196289
2009-01-14,15.814295768737793
2009-01-15,15.995109558105469
2009-01-16,16.16896629333496
2009-01-20,14.965855598449707
2009-01-21,15.779522895812988
2009-01-22,15.257944107055664
2009-01-23,15.452664375305176
2009-01-26,15.633480072021484
2009-01-27,15.911656379699707
2009-01-28,16.718364715576172
2009-01-29,15.869930267333984
2009-01-30,15.751705169677734
2009-02-02,15.591754913330078
2009-02-03,16.057695388793945
2009-02-04,16.175922393798828
2009-02-05,16.516687393188477
2009-02-06,17.34425926208496
2009-02-09,17.253854751586914
2009-02-10,16.210689544677734
2009-02-11,16.6975040435791
2009-02-12,16.593191146850586
2009-02-13,16.676637649536133
2009-02-17,15.612614631652832
2009-02-18,15.501347541809082
2009-02-19,15.355297088623047
2009-02-20,14.965855598449707
2009-02-23,14.597277641296387
2009-02-24,15.397027015686035
2009-02-25,15.132762908935547
2009-02-26,15.000630378723145
2009-02-27,14.764178276062012
2009-03-02,13.867059707641602
2009-03-03,14.061784744262695
2009-03-04,15.049304008483887
2009-03-05,14.430368423461914
2009-03-06,14.67377758026123
2009-03-09,14.388644218444824
2009-03-10,15.556981086730957
2009-03-11,15.556981086730957
2009-03-12,16.155057907104492
2009-03-13,16.245468139648438
2009-03-16,16.259374618530273
2009-03-17,16.61404800415039
2009-03-18,16.96176528930664
2009-03-19,16.85049819946289
2009-03-20,16.62100601196289
2009-03-23,18.157922744750977
2009-03-24,17.594615936279297
2009-03-25,17.858890533447266
2009-03-26,18.34568977355957
2009-03-27,17.803247451782227
2009-03-30,16.885272979736328
2009-03-31,17.253854751586914
2009-04-01,17.82411003112793
2009-04-02,18.790771484375
2009-04-03,19.02027130126953
2009-04-06,18.7838191986084
2009-04-07,18.35264778137207
2009-04-08,18.62386703491211
2009-04-09,19.437538146972656
2009-04-13,19.555753707885742
2009-04-14,19.24281120300293
2009-04-15,19.520986557006836
2009-04-16,19.68788719177246
2009-04-17,19.54880714416504
2009-04-20,18.59605598449707
2009-04-21,18.992446899414062
2009-04-22,18.832494735717773
2009-04-23,19.124588012695312
2009-04-24,19.486215591430664
2009-04-27,18.832494735717773
2009-04-28,18.76991081237793
2009-04-29,19.757436752319336
2009-04-30,19.938249588012695
2009-05-01,20.230329513549805
2009-05-04,21.628170013427734
2009-05-05,21.43344497680664
2009-05-06,21.802026748657227
2009-05-07,21.25958824157715
2009-05-08,21.968931198120117
2009-05-11,21.454309463500977
2009-05-12,21.607303619384766
2009-05-13,20.814504623413086
2009-05-14,21.113544464111328
2009-05-15,20.91881561279297
2009-05-18,22.080198287963867
2009-05-19,22.3305606842041
2009-05-20,22.400108337402344
2009-05-21,21.982845306396484
2009-05-22,22.080198287963867
2009-05-26,22.344470977783203
2009-05-27,22.087160110473633
2009-05-28,22.76869010925293
2009-05-29,23.116403579711914
2009-06-01,24.090023040771484
2009-06-02,23.7423038482666
2009-06-03,22.900821685791016
2009-06-04,23.325042724609375
2009-06-05,23.373714447021484
2009-06-08,23.012088775634766
2009-06-09,23.05381965637207
2009-06-10,23.34589958190918
2009-06-11,23.846620559692383
2009-06-12,23.464134216308594
2009-06-15,22.622642517089844
2009-06-16,22.28188133239746
2009-06-17,22.031522750854492
2009-06-18,21.968931198120117
2009-06-19,22.080198287963867
2009-06-22,21.280445098876953
2009-06-23,21.418561935424805
2009-06-24,21.8882999420166
2009-06-25,22.540325164794922
2009-06-26,22.659509658813477
2009-06-29,22.827774047851562
2009-06-30,22.59640884399414
2009-07-01,23.01005744934082
2009-07-02,22.379066467285156
2009-07-06,22.32999038696289
2009-07-07,21.804166793823242
2009-07-08,21.55177116394043
2009-07-09,21.9373779296875
2009-07-10,21.677968978881836
2009-07-13,21.832204818725586
2009-07-14,22.07058334350586
2009-07-15,23.25543785095215
2009-07-16,23.297508239746094
2009-07-17,23.535877227783203
2009-07-20,24.3772029876709
2009-07-21,24.307096481323242
2009-07-22,24.251007080078125
2009-07-23,24.938077926635742
2009-07-24,24.81889533996582
2009-07-27,25.036231994628906
2009-07-28,24.92405891418457
2009-07-29,24.363187789916992
2009-07-30,24.966121673583984
2009-07-31,25.085311889648438
2009-08-03,26.02478790283203
2009-08-04,25.786407470703125
2009-08-05,25.56906509399414
2009-08-06,25.358734130859375
2009-08-07,25.611135482788086
2009-08-10,25.323688507080078
2009-08-11,24.846939086914062
2009-08-12,25.071290969848633
2009-08-13,25.50596809387207
2009-08-14,25.043245315551758
2009-08-17,24.06170082092285
2009-08-18,24.5875301361084
2009-08-19,24.6506290435791
2009-08-20,25.078298568725586
2009-08-21,25.456897735595703
2009-08-24,25.56906509399414
2009-08-25,25.512981414794922
2009-08-26,25.43585777282715
2009-08-27,25.386777877807617
2009-08-28,25.253578186035156
2009-08-31,24.75579071044922
2009-09-01,24.286056518554688
2009-09-02,24.545459747314453
2009-09-03,25.036231994628906
2009-09-04,25.51999282836914
2009-09-08,26.045812606811523
2009-09-09,26.18603515625
2009-09-10,26.529577255249023
2009-09-11,26.543594360351562
2009-09-14,26.445436477661133
2009-09-15,26.760934829711914
2009-09-16,27.433990478515625
2009-09-17,27.28675651550293
2009-09-18,27.363880157470703
2009-09-21,27.12550163269043
2009-09-22,27.539161682128906
2009-09-23,27.12550163269043
2009-09-24,26.592676162719727
2009-09-25,26.704849243164062
2009-09-28,27.04838752746582
2009-09-29,27.111480712890625
2009-09-30,27.279743194580078
2009-10-01,26.536582946777344
2009-10-02,26.543594360351562
2009-10-05,27.160558700561523
2009-10-06,27.6092586517334
2009-10-07,27.58122444152832
2009-10-08,27.91775131225586
2009-10-09,27.93878173828125
2009-10-12,28.170143127441406
2009-10-13,28.21921730041504
2009-10-14,29.130647659301758
2009-10-15,28.96939468383789
2009-10-16,28.569772720336914
2009-10-19,29.11662483215332
2009-10-20,28.731029510498047
2009-10-21,28.5767879486084
2009-10-22,28.815156936645508
2009-10-23,28.5767879486084
2009-10-26,28.21921730041504
2009-10-27,27.72845458984375
2009-10-28,26.45946502685547
2009-10-29,27.630298614501953
2009-10-30,26.340274810791016
2009-11-02,26.732906341552734
2009-11-03,26.774959564208984
2009-11-04,27.27274513244629
2009-11-05,27.833616256713867
2009-11-06,27.798566818237305
2009-11-09,28.822162628173828
2009-11-10,28.688955307006836
2009-11-11,28.934341430664062
2009-11-12,28.28934097290039
2009-11-13,28.77309226989746
2009-11-16,29.49521255493164
2009-11-17,29.390050888061523
2009-11-18,29.158695220947266
2009-11-19,28.618850708007812
2009-11-20,28.499658584594727
2009-11-23,29.095590591430664
2009-11-24,28.934341430664062
2009-11-25,29.27086639404297
2009-11-27,28.135087966918945
2009-11-30,28.408527374267578
2009-12-01,29.221797943115234
2009-12-02,29.340972900390625
2009-12-03,29.067554473876953
2009-12-04,29.333972930908203
2009-12-07,29.081565856933594
2009-12-08,28.54172706604004
2009-12-09,28.717004776000977
2009-12-10,28.885265350341797
2009-12-11,28.990428924560547
2009-12-14,29.186744689941406
2009-12-15,28.885265350341797
2009-12-16,29.053531646728516
2009-12-17,28.21921730041504
2009-12-18,28.296340942382812
2009-12-21,28.26128578186035
2009-12-22,28.54610824584961
2009-12-23,28.828821182250977
2009-12-24,29.118589401245117
2009-12-28,29.217533111572266
2009-12-29,29.11290740966797
2009-12-30,29.240156173706055
2009-12-31,29.339120864868164
2010-01-04,30.194564819335938
2010-01-05,30.413726806640625
2010-01-06,30.47735595703125
2010-01-07,30.30061149597168
2010-01-08,30.540983200073242
2010-01-11,30.47735595703125
2010-01-12,29.98954200744629
2010-01-13,30.081443786621094
2010-01-14,30.003679275512695
2010-01-15,29.65727424621582
2010-01-19,30.258188247680664
2010-01-20,29.530017852783203
2010-01-21,28.639238357543945
2010-01-22,28.002965927124023
2010-01-25,28.207990646362305
2010-01-26,27.6212100982666
2010-01-27,27.55051040649414
2010-01-28,27.35962677001953
2010-01-29,27.062692642211914
2010-02-01,27.79088020324707
2010-02-02,28.017099380493164
2010-02-03,27.854501724243164
2010-02-04,26.596101760864258
2010-02-05,26.299179077148438
2010-02-08,26.03760528564453
2010-02-09,26.885955810546875
2010-02-10,26.81525993347168
2010-02-11,27.52222442626953
2010-02-12,27.17580795288086
2010-02-16,27.875713348388672
2010-02-17,27.974687576293945
2010-02-18,28.08072853088379
2010-02-19,27.84035873413086
2010-02-22,27.875713348388672
2010-02-23,27.232370376586914
2010-02-24,27.493955612182617
2010-02-25,27.26771354675293
2010-02-26,27.54343032836914
2010-03-01,28.010032653808594
2010-03-02,28.32816505432129
2010-03-03,28.36351776123047
2010-03-04,28.215057373046875
2010-03-05,28.950307846069336
2010-03-08,28.971515655517578
2010-03-09,29.134111404418945
2010-03-10,29.339120864868164
2010-03-11,29.34620475769043
2010-03-12,29.247230529785156
2010-03-15,29.035139083862305
2010-03-16,29.40983009338379
2010-03-17,29.727964401245117
2010-03-18,29.501733779907227
2010-03-19,29.119970321655273
2010-03-22,29.22601890563965
2010-03-23,29.431039810180664
2010-03-24,28.992721557617188
2010-03-25,28.91495132446289
2010-03-26,29.056344985961914
2010-03-29,29.57950782775879
2010-03-30,29.6926212310791
2010-03-31,29.777454376220703
2010-04-01,30.55511474609375
2010-04-05,30.830833435058594
2010-04-06,30.922733306884766
2010-04-07,30.654096603393555
2010-04-08,30.760133743286133
2010-04-09,30.95101547241211
2010-04-12,30.70359230041504
2010-04-13,30.639955520629883
2010-04-14,31.092409133911133
2010-04-15,30.922733306884766
2010-04-16,30.017822265625
2010-04-19,29.897642135620117
2010-04-20,30.25111198425293
2010-04-21,30.152143478393555
2010-04-22,30.279401779174805
2010-04-23,30.44200325012207
2010-04-26,30.44200325012207
2010-04-27,29.35327911376953
2010-04-28,29.600706100463867
2010-04-29,30.088512420654297
2010-04-30,29.727964401245117
2010-05-03,29.890575408935547
2010-05-04,28.51905632019043
2010-05-05,28.002965927124023
2010-05-06,26.857677459716797
2010-05-07,26.999073028564453
2010-05-10,28.9432373046875
2010-05-11,28.420074462890625
2010-05-12,28.7735652923584
2010-05-13,28.50490379333496
2010-05-14,27.91813087463379
2010-05-17,27.74845314025879
2010-05-18,27.16874122619629
2010-05-19,26.90717124938965
2010-05-20,25.57100486755371
2010-05-21,26.398149490356445
2010-05-24,26.122432708740234
2010-05-25,25.839643478393555
2010-05-26,25.82550811767578
2010-05-27,27.387907028198242
2010-05-28,26.935443878173828
2010-06-01,26.440570831298828
2010-06-02,27.366689682006836
2010-06-03,27.26771354675293
2010-06-04,26.299179077148438
2010-06-07,25.889135360717773
2010-06-08,26.48298454284668
2010-06-09,26.341590881347656
2010-06-10,27.260652542114258
2010-06-11,27.402034759521484
2010-06-14,27.40911102294922
2010-06-15,28.236257553100586
2010-06-16,28.236257553100586
2010-06-17,28.09486961364746
2010-06-18,28.22212028503418
2010-06-21,28.709932327270508
2010-06-22,28.15849494934082
2010-06-23,28.23108673095703
2010-06-24,27.732938766479492
2010-06-25,28.06029510498047
2010-06-28,27.86814308166504
2010-06-29,26.73661994934082
2010-06-30,26.558712005615234
2010-07-01,26.750856399536133
2010-07-02,26.86471939086914
2010-07-06,27.362876892089844
2010-07-07,27.9677734375
2010-07-08,28.102991104125977
2010-07-09,28.444581985473633
2010-07-12,28.21685791015625
2010-07-13,28.544219970703125
2010-07-14,28.48727798461914
2010-07-15,28.352066040039062
2010-07-16,27.50520133972168
2010-07-19,27.86814308166504
2010-07-20,28.522859573364258
2010-07-21,28.23108673095703
2010-07-22,29.085071563720703
2010-07-23,29.284326553344727
2010-07-26,29.48359489440918
2010-07-27,29.433773040771484
2010-07-28,29.270097732543945
2010-07-29,29.319910049438477
2010-07-30,29.462236404418945
2010-08-02,30.223709106445312
2010-08-03,30.081371307373047
2010-08-04,30.12406349182129
2010-08-05,29.98886489868164
2010-08-06,29.946151733398438
2010-08-09,30.102720260620117
2010-08-10,29.689966201782227
2010-08-11,28.743471145629883
2010-08-12,28.79328727722168
2010-08-13,28.949851989746094
2010-08-16,29.220273971557617
2010-08-17,29.526294708251953
2010-08-18,29.504934310913086
2010-08-19,29.2772159576416
2010-08-20,29.191804885864258
2010-08-23,28.928524017333984
2010-08-24,28.55845069885254
2010-08-25,28.373422622680664
2010-08-26,28.195505142211914
2010-08-27,28.814647674560547
2010-08-30,28.33783531188965
2010-08-31,28.50862693786621
2010-09-01,29.512056350708008
2010-09-02,29.561874389648438
2010-09-03,29.91057014465332
2010-09-07,29.476472854614258
2010-09-08,29.796707153320312
2010-09-09,29.967504501342773
2010-09-10,30.07425308227539
2010-09-13,30.79302215576172
2010-09-14,30.778785705566406
2010-09-15,30.821483612060547
2010-09-16,30.664915084838867
2010-09-17,30.6151065826416
2010-09-20,31.099031448364258
2010-09-21,31.00650978088379
2010-09-22,31.02786636352539
2010-09-23,30.82860565185547
2010-09-24,31.39792823791504
2010-09-27,31.34098243713379
2010-09-28,31.568716049194336
2010-09-29,31.67546844482422
2010-09-30,31.860488891601562
2010-10-01,32.330177307128906
2010-10-04,32.23055648803711
2010-10-05,32.814109802246094
2010-10-06,32.79987335205078
2010-10-07,32.50809097290039
2010-10-08,32.899505615234375
2010-10-11,32.878150939941406
2010-10-12,32.7429313659668
2010-10-13,33.34783172607422
2010-10-14,33.29090118408203
2010-10-15,33.24821472167969
2010-10-18,33.2624397277832
2010-10-19,32.209197998046875
2010-10-20,32.721588134765625
2010-10-21,32.721588134765625
2010-10-22,32.75716781616211
2010-10-25,33.11298751831055
2010-10-26,33.08453369140625
2010-10-27,32.52231979370117
2010-10-28,32.728702545166016
2010-10-29,32.82122802734375
2010-11-01,33.18415832519531
2010-11-02,33.59691619873047
2010-11-03,33.80330276489258
2010-11-04,34.571868896484375
2010-11-05,34.50782775878906
2010-11-08,34.36550521850586
2010-11-09,33.9314079284668
2010-11-10,34.18046569824219
2010-11-11,33.84600067138672
2010-11-12,33.027591705322266
2010-11-15,33.01336669921875
2010-11-16,32.14515686035156
2010-11-17,32.308834075927734
2010-11-18,33.07740783691406
2010-11-19,33.098758697509766
2010-11-22,32.9991340637207
2010-11-23,31.9530086517334
2010-11-24,32.69312286376953
2010-11-26,31.881845474243164
2010-11-29,32.130916595458984
2010-11-30,31.867616653442383
2010-12-01,32.77851104736328
2010-12-02,33.42610549926758
2010-12-03,33.54711151123047
2010-12-06,33.49016571044922
2010-12-07,33.3336181640625
2010-12-08,33.120113372802734
2010-12-09,33.00625228881836
2010-12-10,33.15568923950195
2010-12-13,33.369197845458984
2010-12-14,33.419002532958984
2010-12-15,32.878150939941406
2010-12-16,32.97066879272461
2010-12-17,33.02047348022461
2010-12-20,32.871036529541016
2010-12-21,33.350860595703125
2010-12-22,33.465614318847656
2010-12-23,33.42975997924805
2010-12-27,33.32217025756836
2010-12-28,33.350860595703125
2010-12-29,33.77783203125
2010-12-30,33.9500617980957
2010-12-31,34.18687057495117
2011-01-03,34.5169792175293
2011-01-04,34.67485046386719
2011-01-05,34.58872604370117
2011-01-06,34.222755432128906
2011-01-07,33.90699768066406
2011-01-10,33.55537033081055
2011-01-11,33.91417694091797
2011-01-12,34.59591293334961
2011-01-13,34.29451370239258
2011-01-14,34.394981384277344
2011-01-18,34.34474182128906
2011-01-19,34.0792236328125
2011-01-20,33.706077575683594
2011-01-21,33.35443878173828
2011-01-24,33.612789154052734
2011-01-25,33.411861419677734
2011-01-26,33.706077575683594
2011-01-27,33.59126281738281
2011-01-28,32.529197692871094
2011-01-31,32.8736457824707
2011-02-01,33.670188903808594
2011-02-02,33.41903305053711
2011-02-03,33.375980377197266
2011-02-04,33.36880111694336
2011-02-07,33.411861419677734
2011-02-08,33.42620086669922
2011-02-09,32.65837478637695
2011-02-10,32.34979248046875
2011-02-11,32.74447250366211
2011-02-14,32.57941818237305
2011-02-15,32.644020080566406
2011-02-16,32.916709899902344
2011-02-17,33.031517028808594
2011-02-18,33.23245620727539
2011-02-22,32.1703987121582
2011-02-23,32.1990966796875
2011-02-24,32.27803421020508
2011-02-25,32.665550231933594
2011-02-28,32.85929870605469
2011-03-01,32.52201461791992
2011-03-02,32.9669189453125
2011-03-03,33.619964599609375
2011-03-04,33.655845642089844
2011-03-07,33.182212829589844
2011-03-08,33.627140045166016
2011-03-09,33.69173049926758
2011-03-10,32.694252014160156
2011-03-11,33.031517028808594
2011-03-14,33.22528076171875
2011-03-15,32.672725677490234
2011-03-16,32.005340576171875
2011-03-17,32.4000244140625
2011-03-18,32.45743942260742
2011-03-21,33.08175277709961
2011-03-22,33.182212829589844
2011-03-23,33.619964599609375
2011-03-24,34.00747299194336
2011-03-25,33.97158432006836
2011-03-28,33.79936218261719
2011-03-29,34.18687057495117
2011-03-30,34.62461471557617
2011-03-31,34.926002502441406
2011-04-01,35.48574447631836
2011-04-04,35.787132263183594
2011-04-05,35.71537780761719
2011-04-06,35.909122467041016
2011-04-07,35.873252868652344
2011-04-08,35.909122467041016
2011-04-11,35.48574447631836
2011-04-12,34.8183708190918
2011-04-13,35.10541534423828
2011-04-14,35.213050842285156
2011-04-15,35.25611114501953
2011-04-18,34.37343215942383
2011-04-19,34.86860656738281
2011-04-20,35.693851470947266
2011-04-21,36.00959396362305
2011-04-25,35.71537780761719
2011-04-26,36.023948669433594
2011-04-27,35.95935821533203
2011-04-28,35.66514205932617
2011-04-29,35.88042449951172
2011-05-02,35.88759994506836
2011-05-03,35.09105682373047
2011-05-04,34.509788513183594
2011-05-05,34.17969512939453
2011-05-06,34.62461471557617
2011-05-09,34.68920135498047
2011-05-10,35.098228454589844
2011-05-11,34.32321548461914
2011-05-12,34.42367935180664
2011-05-13,33.670188903808594
2011-05-16,33.619964599609375
2011-05-17,33.72760772705078
2011-05-18,34.27297592163086
2011-05-19,34.05051803588867
2011-05-20,33.77783203125
2011-05-23,33.07457733154297
2011-05-24,33.40468215942383
2011-05-25,33.476444244384766
2011-05-26,33.90699768066406
2011-05-27,34.26580810546875
2011-05-31,34.82553482055664
2011-06-01,34.201229095458984
2011-06-02,34.52413558959961
2011-06-03,34.35191345214844
2011-06-06,33.79936218261719
2011-06-07,34.064884185791016
2011-06-08,33.82088851928711
2011-06-09,34.08640670776367
2011-06-10,33.34727096557617
2011-06-13,33.28987121582031
2011-06-14,33.79219055175781
2011-06-15,33.06739044189453
2011-06-16,32.81623458862305
2011-06-17,32.85929870605469
2011-06-20,32.80906295776367
2011-06-21,33.411861419677734
2011-06-22,33.07917785644531
2011-06-23,33.03569412231445
2011-06-24,32.97770309448242
2011-06-27,33.361846923828125
2011-06-28,33.818458557128906
2011-06-29,34.13010787963867
2011-06-30,34.499755859375
2011-07-01,34.905635833740234
2011-07-05,34.89113235473633
2011-07-06,34.65920639038086
2011-07-07,35.1375732421875
2011-07-08,34.73893356323242
2011-07-11,33.76771926879883
2011-07-12,33.42706298828125
2011-07-13,33.970664978027344
2011-07-14,33.60826873779297
2011-07-15,33.818458557128906
2011-07-18,33.42706298828125
2011-07-19,33.912689208984375
2011-07-20,34.01414489746094
2011-07-21,34.557735443115234
2011-07-22,34.53599166870117
2011-07-25,34.4635124206543
2011-07-26,34.57948303222656
2011-07-27,33.970664978027344
2011-07-28,33.99965286254883
2011-07-29,34.144615173339844
2011-08-01,34.11561584472656
2011-08-02,33.06468963623047
2011-08-03,32.94871139526367
2011-08-04,31.06427764892578
2011-08-05,30.8613338470459
2011-08-08,28.28835105895996
2011-08-09,29.948104858398438
2011-08-10,28.360830307006836
2011-08-11,29.926361083984375
2011-08-12,29.911865234375
2011-08-15,30.607654571533203
2011-08-16,30.346736907958984
2011-08-17,30.564176559448242
2011-08-18,29.121850967407227
2011-08-19,28.75946807861328
2011-08-22,28.7304744720459
2011-08-23,29.7379207611084
2011-08-24,29.448001861572266
2011-08-25,28.875429153442383
2011-08-26,29.368289947509766
2011-08-29,30.317745208740234
2011-08-30,30.361236572265625
2011-08-31,30.984554290771484
2011-09-01,30.817848205566406
2011-09-02,30.12205696105957
2011-09-06,29.81039047241211
2011-09-07,30.694639205932617
2011-09-08,30.01333999633789
2011-09-09,28.99863624572754
2011-09-12,28.940654754638672
2011-09-13,28.984146118164062
2011-09-14,28.9044246673584
2011-09-15,29.324800491333008
2011-09-16,29.375532150268555
2011-09-19,28.50578498840332
2011-09-20,28.295602798461914
2011-09-21,27.24466323852539
2011-09-22,25.33123207092285
2011-09-23,26.005273818969727
2011-09-26,26.39665985107422
2011-09-27,27.237415313720703
2011-09-28,26.418407440185547
2011-09-29,26.78079605102539
2011-09-30,25.439943313598633
2011-10-03,24.903600692749023
2011-10-04,25.287738800048828
2011-10-05,25.87481689453125
2011-10-06,26.730070114135742
2011-10-07,26.411157608032227
2011-10-10,27.592561721801758
2011-10-11,27.607057571411133
2011-10-12,28.38257598876953
2011-10-13,28.12889289855957
2011-10-14,28.69423484802246
2011-10-17,27.723020553588867
2011-10-18,28.462289810180664
2011-10-19,27.918710708618164
2011-10-20,27.382373809814453
2011-10-21,28.16514015197754
2011-10-24,29.266799926757812
2011-10-25,28.68698501586914
2011-10-26,29.216081619262695
2011-10-27,30.991798400878906
2011-10-28,30.730880737304688
2011-10-31,29.578468322753906
2011-11-01,28.860929489135742
2011-11-02,29.745166778564453
2011-11-03,30.049577713012695
2011-11-04,29.8538761138916
2011-11-07,30.107555389404297
2011-11-08,30.462705612182617
2011-11-09,28.67973518371582
2011-11-10,28.86817169189453
2011-11-11,29.56397247314453
2011-11-14,29.158092498779297
2011-11-15,29.339282989501953
2011-11-16,28.54927635192871
2011-11-17,27.824485778808594
2011-11-18,27.933202743530273
2011-11-21,27.034467697143555
2011-11-22,27.12870216369629
2011-11-23,26.251710891723633
2011-11-25,26.164730072021484
2011-11-28,27.418611526489258
2011-11-29,27.295392990112305
2011-11-30,28.99863624572754
2011-12-01,28.911663055419922
2011-12-02,28.824695587158203
2011-12-05,29.29580307006836
2011-12-06,28.897178649902344
2011-12-07,29.01313591003418
2011-12-08,27.969446182250977
2011-12-09,28.534765243530273
2011-12-12,27.462095260620117
2011-12-13,27.208425521850586
2011-12-14,26.81703758239746
2011-12-15,26.99098777770996
2011-12-16,27.19392967224121
2011-12-19,26.490880966186523
2011-12-20,27.600919723510742
2011-12-21,27.6887264251709
2011-12-22,28.054603576660156
2011-12-23,28.164358139038086
2011-12-27,27.893613815307617
2011-12-28,27.425304412841797
2011-12-29,27.739948272705078
2011-12-30,27.76189422607422
2012-01-03,28.610708236694336
2012-01-04,28.449731826782227
2012-01-05,28.325336456298828
2012-01-06,27.966781616210938
2012-01-09,28.259471893310547
2012-01-10,28.874128341674805
2012-01-11,28.896087646484375
2012-01-12,29.013164520263672
2012-01-13,28.749744415283203
2012-01-17,29.298538208007812
2012-01-18,30.0375919342041
2012-01-19,30.301013946533203
2012-01-20,30.279064178466797
2012-01-23,30.571748733520508
2012-01-24,30.61566162109375
2012-01-25,30.95957374572754
2012-01-26,30.83517837524414
2012-01-27,30.996150970458984
2012-01-30,30.5498046875
2012-01-31,30.813217163085938
2012-02-01,31.493743896484375
2012-02-02,31.58155059814453
2012-02-03,32.1083869934082
2012-02-06,31.837648391723633
2012-02-07,31.903499603271484
2012-02-08,32.13033676147461
2012-02-09,32.11570739746094
2012-02-10,31.405921936035156
2012-02-13,31.918136596679688
2012-02-14,31.654712677001953
2012-02-15,31.742515563964844
2012-02-16,32.08643341064453
2012-02-17,32.14497375488281
2012-02-21,32.01326370239258
2012-02-22,32.07180404663086
2012-02-23,32.01326370239258
2012-02-24,32.335227966308594
2012-02-27,32.01326370239258
2012-02-28,32.45960998535156
2012-02-29,32.43766784667969
2012-03-01,32.74498748779297
2012-03-02,32.66450500488281
2012-03-05,32.10106658935547
2012-03-06,31.025434494018555
2012-03-07,31.398605346679688
2012-03-08,32.057167053222656
2012-03-09,32.04254150390625
2012-03-12,31.691299438476562
2012-03-13,32.55474090576172
2012-03-14,32.04254150390625
2012-03-15,32.29864501953125
2012-03-16,32.262046813964844
2012-03-19,32.13766098022461
2012-03-20,31.58155059814453
2012-03-21,31.640087127685547
2012-03-22,31.157135009765625
2012-03-23,31.391292572021484
2012-03-26,31.94009017944336
2012-03-27,31.77179527282715
2012-03-28,31.237625122070312
2012-03-29,31.201038360595703
2012-03-30,31.427871704101562
2012-04-02,31.859601974487305
2012-04-03,31.676666259765625
2012-04-04,31.105911254882812
2012-04-05,31.27420425415039
2012-04-09,30.813217163085938
2012-04-10,30.213197708129883
2012-04-11,30.542484283447266
2012-04-12,31.325435638427734
2012-04-13,30.84980583190918
2012-04-16,30.696147918701172
2012-04-17,31.04737663269043
2012-04-18,30.901023864746094
2012-04-19,30.761999130249023
2012-04-20,30.97420310974121
2012-04-23,30.38150978088379
2012-04-24,30.447355270385742
2012-04-25,30.725414276123047
2012-04-26,30.915668487548828
2012-04-27,30.95957374572754
2012-04-30,30.893714904785156
2012-05-01,31.098604202270508
2012-05-02,31.040058135986328
2012-05-03,30.805912017822266
2012-05-04,30.264419555664062
2012-05-07,30.37418556213379
2012-05-08,29.891233444213867
2012-05-09,29.503419876098633
2012-05-10,29.627822875976562
2012-05-11,29.24732208251953
2012-05-14,28.581439971923828
2012-05-15,28.3326473236084
2012-05-16,27.93018913269043
2012-05-17,27.549701690673828
2012-05-18,27.286279678344727
2012-05-21,27.937519073486328
2012-05-22,27.644826889038086
2012-05-23,27.454578399658203
2012-05-24,27.31554412841797
2012-05-25,27.1838321685791
2012-05-29,27.952157974243164
2012-05-30,27.46921157836914
2012-05-31,27.586286544799805
2012-06-01,26.847230911254883
2012-06-04,26.964317321777344
2012-06-05,27.037485122680664
2012-06-06,27.8277587890625
2012-06-07,27.996051788330078
2012-06-08,27.75458526611328
2012-06-11,27.35213279724121
2012-06-12,27.92288589477539
2012-06-13,27.82044792175293
2012-06-14,28.018009185791016
2012-06-15,28.530216217041016
2012-06-18,28.588764190673828
2012-06-19,29.049747467041016
2012-06-20,28.954622268676758
2012-06-21,27.894241333007812
2012-06-22,27.983102798461914
2012-06-25,27.464765548706055
2012-06-26,27.701717376708984
2012-06-27,27.879438400268555
2012-06-28,27.74614906311035
2012-06-29,28.975357055664062
2012-07-02,28.975357055664062
2012-07-03,29.55293846130371
2012-07-05,29.24193572998047
2012-07-06,28.70879364013672
2012-07-09,28.605112075805664
2012-07-10,28.286705017089844
2012-07-11,28.434803009033203
2012-07-12,27.960886001586914
2012-07-13,28.501449584960938
2012-07-16,28.434803009033203
2012-07-17,28.812454223632812
2012-07-18,28.738393783569336
2012-07-19,29.004981994628906
2012-07-20,28.575496673583984
2012-07-23,27.827604293823242
2012-07-24,27.709129333496094
2012-07-25,27.842405319213867
2012-07-26,28.47182846069336
2012-07-27,29.271556854248047
2012-07-30,29.10123634338379
2012-07-31,28.967952728271484
2012-08-01,29.019790649414062
2012-08-02,28.67916488647461
2012-08-03,29.567752838134766
2012-08-06,29.752878189086914
2012-08-07,29.834325790405273
2012-08-08,29.893571853637695
2012-08-09,30.019445419311523
2012-08-10,30.160140991210938
2012-08-13,29.893571853637695
2012-08-14,29.88616180419922
2012-08-15,29.84173583984375
2012-08-16,30.115705490112305
2012-08-17,29.96761703491211
2012-08-20,29.952796936035156
2012-08-21,29.90837287902832
2012-08-22,29.92317771911621
2012-08-23,29.649206161499023
2012-08-24,29.656600952148438
2012-08-27,29.353008270263672
2012-08-28,29.29376792907715
2012-08-29,29.1530704498291
2012-08-30,28.812454223632812
2012-08-31,29.086429595947266
2012-09-04,28.923526763916016
2012-09-05,28.77543067932129
2012-09-06,29.41224479675293
2012-09-07,30.09349250793457
2012-09-10,29.70844841003418
2012-09-11,30.06387710571289
2012-09-12,30.19717025756836
2012-09-13,31.0117130279541
2012-09-14,31.374542236328125
2012-09-17,31.033910751342773
2012-09-18,31.048738479614258
2012-09-19,31.048738479614258
2012-09-20,30.863603591918945
2012-09-21,30.93765640258789
2012-09-24,30.908035278320312
2012-09-25,30.448936462402344
2012-09-26,30.308246612548828
2012-09-27,30.78955841064453
2012-09-28,30.604440689086914
2012-10-01,30.908035278320312
2012-10-02,30.952468872070312
2012-10-03,30.745126724243164
2012-10-04,31.06353759765625
2012-10-05,31.06353759765625
2012-10-08,30.78955841064453
2012-10-09,30.560012817382812
2012-10-10,30.374887466430664
2012-10-11,30.656267166137695
2012-10-12,30.560012817382812
2012-10-15,30.73772621154785
2012-10-16,31.05613136291504
2012-10-17,31.300500869750977
2012-10-18,31.211641311645508
2012-10-19,30.730316162109375
2012-10-22,31.026508331298828
2012-10-23,30.38970375061035
2012-10-24,30.419309616088867
2012-10-25,30.75253677368164
2012-10-26,30.51557731628418
2012-10-31,30.471145629882812
2012-11-01,30.967273712158203
2012-11-02,30.80436897277832
2012-11-05,30.952468872070312
2012-11-06,31.19683074951172
2012-11-07,30.685895919799805
2012-11-08,30.30083656311035
2012-11-09,30.360082626342773
2012-11-12,30.471145629882812
2012-11-13,30.19717025756836
2012-11-14,29.73065948486328
2012-11-15,29.834325790405273
2012-11-16,29.92317771911621
2012-11-19,30.448936462402344
2012-11-20,30.38970375061035
2012-11-21,30.330455780029297
2012-11-23,30.826581954956055
2012-11-26,30.826581954956055
2012-11-27,30.56740951538086
2012-11-28,30.73772621154785
2012-11-29,30.959869384765625
2012-11-30,30.945056915283203
2012-12-03,30.93025016784668
2012-12-04,31.019115447998047
2012-12-05,31.35232925415039
2012-12-06,31.589292526245117
2012-12-07,31.685556411743164
2012-12-10,31.863271713256836
2012-12-11,32.02616882324219
2012-12-12,32.12242889404297
2012-12-13,31.98174285888672
2012-12-14,32.12242889404297
2012-12-17,32.20389175415039
2012-12-18,32.428890228271484
2012-12-19,32.413970947265625
2012-12-20,32.60768127441406
2012-12-21,32.23518753051758
2012-12-24,32.16813278198242
2012-12-26,32.26498031616211
2012-12-27,32.44681167602539
2012-12-28,32.5660514831543
2012-12-31,33.050437927246094
2013-01-02,33.69878387451172
2013-01-03,33.46031951904297
2013-01-04,33.52739334106445
2013-01-07,33.27399826049805
2013-01-08,32.97591781616211
2013-01-09,33.11750793457031
2013-01-10,33.40815353393555
2013-01-11,33.13987731933594
2013-01-14,33.28145980834961
2013-01-15,33.13987731933594
2013-01-16,33.11005783081055
2013-01-17,33.29636764526367
2013-01-18,33.37089157104492
2013-01-22,33.318721771240234
2013-01-23,33.13987731933594
2013-01-24,33.020633697509766
2013-01-25,32.908843994140625
2013-01-28,32.67782974243164
2013-01-29,33.042991638183594
2013-01-30,32.88648986816406
2013-01-31,32.95355987548828
2013-02-01,33.1696891784668
2013-02-04,32.72999954223633
2013-02-05,32.76726150512695
2013-02-06,32.72999954223633
2013-02-07,32.43937301635742
2013-02-08,32.67782974243164
2013-02-11,32.66292190551758
2013-02-12,32.752349853515625
2013-02-13,32.91630172729492
2013-02-14,32.90140151977539
2013-02-15,32.78216552734375
2013-02-19,32.849239349365234
2013-02-20,32.55860137939453
2013-02-21,32.111473083496094
2013-02-22,32.25305938720703
2013-02-25,31.820829391479492
2013-02-26,31.999685287475586
2013-02-27,32.349937438964844
2013-02-28,32.200897216796875
2013-03-01,32.27541732788086
2013-03-04,31.969877243041992
2013-03-05,32.35738754272461
2013-03-06,32.513877868652344
2013-03-07,32.60330581665039
2013-03-08,32.88648986816406
2013-03-11,32.707637786865234
2013-03-12,32.33502960205078
2013-03-13,32.02948760986328
2013-03-14,32.16362762451172
2013-03-15,31.87299346923828
2013-03-18,31.515291213989258
2013-03-19,31.29172134399414
2013-03-20,31.4705753326416
2013-03-21,31.15013313293457
2013-03-22,31.269372940063477
2013-03-25,31.23956298828125
2013-03-26,31.686689376831055
2013-03-27,31.805919647216797
2013-03-28,31.87299346923828
2013-04-01,31.530193328857422
2013-04-02,31.54509925842285
2013-04-03,31.172481536865234
2013-04-04,31.08306312561035
2013-04-05,31.008541107177734
2013-04-08,31.060705184936523
2013-04-09,31.36624526977539
2013-04-10,31.664329528808594
2013-04-11,31.69414710998535
2013-04-12,31.20975685119629
2013-04-15,30.449630737304688
2013-04-16,31.07562255859375
2013-04-17,30.583776473999023
2013-04-18,30.583776473999023
2013-04-19,31.030895233154297
2013-04-22,31.17994499206543
2013-04-23,31.328989028930664
2013-04-24,31.515291213989258
2013-04-25,31.798477172851562
2013-04-26,31.47803497314453
2013-04-29,31.805919647216797
2013-04-30,32.26050567626953
2013-05-01,31.910253524780273
2013-05-02,32.16362762451172
2013-05-03,32.431907653808594
2013-05-06,32.476627349853516
2013-05-07,32.707637786865234
2013-05-08,32.961021423339844
2013-05-09,32.72254180908203
2013-05-10,32.46916961669922
2013-05-13,32.171085357666016
2013-05-14,32.320133209228516
2013-05-15,32.327571868896484
2013-05-16,32.21579360961914
2013-05-17,32.35738754272461
2013-05-20,32.43937301635742
2013-05-21,32.372283935546875
2013-05-22,32.01459503173828
2013-05-23,31.7761173248291
2013-05-24,31.50038719177246
2013-05-28,31.671785354614258
2013-05-29,31.269372940063477
2013-05-30,31.269372940063477
2013-05-31,30.7030086517334
2013-06-03,31.157583236694336
2013-06-04,30.77752685546875
2013-06-05,30.2260684967041
2013-06-06,30.479433059692383
2013-06-07,30.32295036315918
2013-06-10,29.91307258605957
2013-06-11,29.346710205078125
2013-06-12,29.145498275756836
2013-06-13,29.764022827148438
2013-06-14,29.294544219970703
2013-06-17,29.56281280517578
2013-06-18,29.689510345458984
2013-06-19,28.77288818359375
2013-06-20,27.483671188354492
2013-06-21,27.878625869750977
2013-06-24,27.312259674072266
2013-06-25,27.89353370666504
2013-06-26,28.333213806152344
2013-06-27,28.9017333984375
2013-06-28,29.067832946777344
2013-07-01,29.158424377441406
2013-07-02,28.637479782104492
2013-07-03,28.373228073120117
2013-07-05,28.19202423095703
2013-07-08,28.229774475097656
2013-07-09,28.59972381591797
2013-07-10,28.327924728393555
2013-07-11,29.717144012451172
2013-07-12,29.400033950805664
2013-07-15,29.70203971862793
2013-07-16,29.82284164428711
2013-07-17,30.09464454650879
2013-07-18,29.739791870117188
2013-07-19,29.6567440032959
2013-07-22,29.95118522644043
2013-07-23,30.275836944580078
2013-07-24,29.966293334960938
2013-07-25,30.13994026184082
2013-07-26,30.07199478149414
2013-07-29,29.69448471069336
2013-07-30,29.62653160095215
2013-07-31,29.452877044677734
2013-08-01,29.988943099975586
2013-08-02,29.98138999938965
2013-08-05,29.79263687133789
2013-08-06,29.41513442993164
2013-08-07,29.0980281829834
2013-08-08,29.6567440032959
2013-08-09,29.717144012451172
2013-08-12,29.996490478515625
2013-08-13,30.177698135375977
2013-08-14,30.275836944580078
2013-08-15,29.928543090820312
2013-08-16,29.67182731628418
2013-08-19,29.113134384155273
2013-08-20,29.060279846191406
2013-08-21,28.38077735900879
2013-08-22,28.841331481933594
2013-08-23,29.181081771850586
2013-08-26,28.863977432250977
2013-08-27,28.199581146240234
2013-08-28,28.25996971130371
2013-08-29,28.486469268798828
2013-08-30,28.705429077148438
2013-09-03,28.886634826660156
2013-09-04,29.400033950805664
2013-09-05,29.747337341308594
2013-09-06,30.18524169921875
2013-09-09,30.978010177612305
2013-09-10,31.21205711364746
2013-09-11,31.23470115661621
2013-09-12,30.872299194335938
2013-09-13,31.07615852355957
2013-09-16,31.4234619140625
2013-09-17,31.35550880432129
2013-09-18,32.669227600097656
2013-09-19,32.49556350708008
2013-09-20,31.770761489868164
2013-09-23,31.884016036987305
2013-09-24,31.612207412719727
2013-09-25,31.370607376098633
2013-09-26,31.49895477294922
2013-09-27,31.12900733947754
2013-09-30,30.774150848388672
2013-10-01,31.385709762573242
2013-10-02,31.506515502929688
2013-10-03,31.385709762573242
2013-10-04,31.793407440185547
2013-10-07,31.52161407470703
2013-10-08,31.21961212158203
2013-10-09,31.45366859436035
2013-10-10,32.193565368652344
2013-10-11,32.33702850341797
2013-10-14,32.52577209472656
2013-10-15,32.20866394042969
2013-10-16,32.46536636352539
2013-10-17,32.669227600097656
2013-10-18,32.69942855834961
2013-10-21,32.646575927734375
2013-10-22,32.96367263793945
2013-10-23,32.193565368652344
2013-10-24,32.125614166259766
2013-10-25,32.27662658691406
2013-10-28,32.46536636352539
2013-10-29,32.57107162475586
2013-10-30,32.38986587524414
2013-10-31,32.057674407958984
2013-11-01,32.07276916503906
2013-11-04,32.269065856933594
2013-11-05,31.61975860595703
2013-11-06,31.717920303344727
2013-11-07,31.144102096557617
2013-11-08,31.07615852355957
2013-11-11,30.91761016845703
2013-11-12,30.75149917602539
2013-11-13,30.804349899291992
2013-11-14,31.302658081054688
2013-11-15,31.89911460876465
2013-11-18,32.1860237121582
2013-11-19,31.989707946777344
2013-11-20,31.551815032958984
2013-11-21,31.52161407470703
2013-11-22,31.74811553955078
2013-11-25,31.340408325195312
2013-11-26,31.446109771728516
2013-11-27,31.64996337890625
2013-11-29,31.974620819091797
2013-12-02,31.302658081054688
2013-12-03,31.196956634521484
2013-12-04,31.15920639038086
2013-12-05,30.978010177612305
2013-12-06,31.665058135986328
2013-12-09,31.710365295410156
2013-12-10,31.725465774536133
2013-12-11,31.0233097076416
2013-12-12,30.842098236083984
2013-12-13,30.91761016845703
2013-12-16,31.12145233154297
2013-12-17,30.849647521972656
2013-12-18,31.46369171142578
2013-12-19,30.884693145751953
2013-12-20,30.8389892578125
2013-12-23,31.067527770996094
2013-12-24,31.25037384033203
2013-12-26,30.983728408813477
2013-12-27,31.46369171142578
2013-12-30,31.60082244873047
2013-12-31,31.8446044921875
2014-01-02,30.618057250976562
2014-01-03,30.564722061157227
2014-01-06,30.275230407714844
2014-01-07,30.404739379882812
2014-01-08,30.30569076538086
2014-01-09,30.145719528198242
2014-01-10,30.678998947143555
2014-01-13,30.31332015991211
2014-01-14,30.640914916992188
2014-01-15,30.633291244506836
2014-01-16,30.46568489074707
2014-01-17,30.31332015991211
2014-01-21,30.26760482788086
2014-01-22,30.671384811401367
2014-01-23,29.917158126831055
2014-01-24,29.132484436035156
2014-01-27,29.018207550048828
2014-01-28,29.20104217529297
2014-01-29,28.78204345703125
2014-01-30,29.048688888549805
2014-01-31,29.094388961791992
2014-02-03,28.271617889404297
2014-02-04,28.842985153198242
2014-02-05,28.736330032348633
2014-02-06,29.33817481994629
2014-02-07,29.505781173706055
2014-02-10,29.178186416625977
2014-02-11,29.81051254272461
2014-02-12,29.818132400512695
2014-02-13,29.84859848022461
2014-02-14,30.214292526245117
2014-02-18,29.932401657104492
2014-02-19,29.726707458496094
2014-02-20,29.833364486694336
2014-02-21,30.039060592651367
2014-02-24,30.039060592651367
2014-02-25,29.69623374938965
2014-02-26,29.719091415405273
2014-02-27,30.282846450805664
2014-02-28,30.07715606689453
2014-03-03,29.54387092590332
2014-03-04,30.046672821044922
2014-03-05,30.069538116455078
2014-03-06,30.496164321899414
2014-03-07,30.10763168334961
2014-03-10,29.901935577392578
2014-03-11,29.566728591918945
2014-03-12,29.627668380737305
2014-03-13,29.094388961791992
2014-03-14,29.254371643066406
2014-03-17,29.61244010925293
2014-03-18,30.023818969726562
2014-03-19,29.38388442993164
2014-03-20,29.513399124145508
2014-03-21,29.69623374938965
2014-03-24,29.985733032226562
2014-03-25,30.328556060791016
2014-03-26,30.39712142944336
2014-03-27,30.793277740478516
2014-03-28,31.037063598632812
2014-03-31,31.242765426635742
2014-04-01,31.608442306518555
2014-04-02,31.669382095336914
2014-04-03,31.54749870300293
2014-04-04,31.46369171142578
2014-04-07,31.60082244873047
2014-04-08,31.966493606567383
2014-04-09,32.21028137207031
2014-04-10,31.867454528808594
2014-04-11,31.867454528808594
2014-04-14,31.798891067504883
2014-04-15,31.318941116333008
2014-04-16,31.7150936126709
2014-04-17,32.00459671020508
2014-04-21,31.80650520324707
2014-04-22,31.72271156311035
2014-04-23,31.494159698486328
2014-04-24,31.524641036987305
2014-04-25,31.098003387451172
2014-04-28,31.25037384033203
2014-04-29,31.54749870300293
2014-04-30,31.486534118652344
2014-05-01,31.524641036987305
2014-05-02,31.699859619140625
2014-05-05,31.524641036987305
2014-05-06,31.669382095336914
2014-05-07,31.83698844909668
2014-05-08,31.76079559326172
2014-05-09,31.707473754882812
2014-05-12,32.24076843261719
2014-05-13,32.362648010253906
2014-05-14,32.59120178222656
2014-05-15,32.286476135253906
2014-05-16,32.713096618652344
2014-05-19,32.713096618652344
2014-05-20,32.44645309448242
2014-05-21,32.69785690307617
2014-05-22,32.92640686035156
2014-05-23,32.86545944213867
2014-05-27,32.58357238769531
2014-05-28,32.774044036865234
2014-05-29,32.86545944213867
2014-05-30,32.41598129272461
2014-06-02,32.51500701904297
2014-06-03,32.69785690307617
2014-06-04,32.51500701904297
2014-06-05,32.85783386230469
2014-06-06,33.185428619384766
2014-06-09,33.30733108520508
2014-06-10,33.482540130615234
2014-06-11,33.36826705932617
2014-06-12,33.208282470703125
2014-06-13,33.2235221862793
2014-06-16,33.07115936279297
2014-06-17,33.078773498535156
2014-06-18,33.444454193115234
2014-06-19,33.253997802734375
2014-06-20,33.185428619384766
2014-06-23,33.11686325073242
2014-06-24,33.10163116455078
2014-06-25,33.17150115966797
2014-06-26,33.20989227294922
2014-06-27,33.28668212890625
2014-06-30,33.19453811645508
2014-07-01,33.509361267089844
2014-07-02,33.70900344848633
2014-07-03,33.90864944458008
2014-07-07,33.885616302490234
2014-07-08,33.7320442199707
2014-07-09,33.92400360107422
2014-07-10,33.73971939086914
2014-07-11,33.70132827758789
2014-07-14,33.962406158447266
2014-07-15,33.93937301635742
2014-07-16,34.023834228515625
2014-07-17,33.38650131225586
2014-07-18,33.90864944458008
2014-07-21,34.023834228515625
2014-07-22,34.33864212036133
2014-07-23,34.36935806274414
2014-07-24,34.52293014526367
2014-07-25,34.38471984863281
2014-07-28,34.62275314331055
2014-07-29,34.41543197631836
2014-07-30,34.246498107910156
2014-07-31,33.6475715637207
2014-08-01,33.83185958862305
2014-08-04,34.14668655395508
2014-08-05,33.62455368041992
2014-08-06,33.39418411254883
2014-08-07,33.26365280151367
2014-08-08,33.5631103515625
2014-08-11,33.99311065673828
2014-08-12,34.0315055847168
2014-08-13,34.215789794921875
2014-08-14,34.26955032348633
2014-08-15,34.177398681640625
2014-08-18,34.50758743286133
2014-08-19,34.66883087158203
2014-08-20,34.5997200012207
2014-08-21,34.453819274902344
2014-08-22,34.3616828918457
2014-08-25,34.61507797241211
2014-08-26,34.82239532470703
2014-08-27,34.9990119934082
2014-08-28,34.653472900390625
2014-08-29,34.5997200012207
2014-09-02,34.54596710205078
2014-09-03,34.9990119934082
2014-09-04,34.906864166259766
2014-09-05,35.20632553100586
2014-09-08,34.79168701171875
2014-09-09,34.3616828918457
2014-09-10,34.215789794921875
2014-09-11,33.98542785644531
2014-09-12,33.62455368041992
2014-09-15,33.45560836791992
2014-09-16,33.89329528808594
2014-09-17,33.57847595214844
2014-09-18,33.62455368041992
2014-09-19,33.37114715576172
2014-09-22,32.86436080932617
2014-09-23,32.6800651550293
2014-09-24,33.148460388183594
2014-09-25,32.42668151855469
2014-09-26,32.572566986083984
2014-09-29,31.912212371826172
2014-09-30,31.912212371826172
2014-10-01,31.259532928466797
2014-10-02,31.428466796875
2014-10-03,31.697216033935547
2014-10-06,32.111854553222656
2014-10-07,31.827749252319336
2014-10-08,32.30381774902344
2014-10-09,31.797040939331055
2014-10-10,31.105958938598633
2014-10-13,31.42078971862793
2014-10-14,31.60507583618164
2014-10-15,31.205778121948242
2014-10-16,30.921676635742188
2014-10-17,31.2672119140625
2014-10-20,31.359357833862305
2014-10-21,31.489898681640625
2014-10-22,31.282573699951172
2014-10-23,31.274892807006836
2014-10-24,31.497568130493164
2014-10-27,31.251855850219727
2014-10-28,31.881511688232422
2014-10-29,31.927574157714844
2014-10-30,32.2270393371582
2014-10-31,32.365257263183594
2014-11-03,32.096492767333984
2014-11-04,32.127220153808594
2014-11-05,31.843114852905273
2014-11-06,31.45149803161621
2014-11-07,31.65114402770996
2014-11-10,31.73560333251953
2014-11-11,31.704891204833984
2014-11-12,31.643468856811523
2014-11-13,31.559001922607422
2014-11-14,31.820077896118164
2014-11-17,31.482215881347656
2014-11-18,31.65114402770996
2014-11-19,31.635786056518555
2014-11-20,31.58203887939453
2014-11-21,32.58792495727539
2014-11-24,32.319175720214844
2014-11-25,32.111854553222656
2014-11-26,32.51882553100586
2014-11-28,31.86614990234375
2014-12-01,31.320972442626953
2014-12-02,31.313276290893555
2014-12-03,31.39775276184082
2014-12-04,31.45149803161621
2014-12-05,31.390066146850586
2014-12-08,30.929357528686523
2014-12-09,30.637569427490234
2014-12-10,30.18453598022461
2014-12-11,29.93113899230957
2014-12-12,29.439706802368164
2014-12-15,29.01738739013672
2014-12-16,28.971311569213867
2014-12-17,29.637283325195312
2014-12-18,30.042301177978516
2014-12-19,30.252614974975586
2014-12-22,30.673213958740234
2014-12-23,30.392812728881836
2014-12-24,30.462923049926758
2014-12-26,30.704383850097656
2014-12-29,30.51744270324707
2014-12-30,30.579748153686523
2014-12-31,30.60311508178711
2015-01-02,30.19808578491211
2015-01-05,29.660640716552734
2015-01-06,29.536012649536133
2015-01-07,30.174726486206055
2015-01-08,30.688796997070312
2015-01-09,30.587533950805664
2015-01-12,30.338293075561523
2015-01-13,30.60311508178711
2015-01-14,30.431760787963867
2015-01-15,30.50185775756836
2015-01-16,30.758893966674805
2015-01-20,30.712158203125
2015-01-21,31.389812469482422
2015-01-22,31.989561080932617
2015-01-23,31.748109817504883
2015-01-26,31.763675689697266
2015-01-27,31.592330932617188
2015-01-28,31.249605178833008
2015-01-29,31.249605178833008
2015-01-30,30.392812728881836
2015-02-02,30.938047409057617
2015-02-03,31.5222225189209
2015-02-04,31.366443634033203
2015-02-05,31.553377151489258
2015-02-06,31.01593589782715
2015-02-09,30.96919822692871
2015-02-10,30.89131736755371
2015-02-11,30.665422439575195
2015-02-12,31.319711685180664
2015-02-13,31.67799949645996
2015-02-17,31.607908248901367
2015-02-18,31.600120544433594
2015-02-19,31.467700958251953
2015-02-20,31.67799949645996
2015-02-23,31.35865020751953
2015-02-24,31.810420989990234
2015-02-25,31.748109817504883
2015-02-26,31.755905151367188
2015-02-27,31.732532501220703
2015-03-02,31.685794830322266
2015-03-03,31.444332122802734
2015-03-04,31.101619720458984
2015-03-05,31.054887771606445
2015-03-06,30.579748153686523
2015-03-09,30.462923049926758
2015-03-10,29.785274505615234
2015-03-11,30.011146545410156
2015-03-12,30.19808578491211
2015-03-13,29.831998825073242
2015-03-16,30.1903018951416
2015-03-17,30.54080581665039
2015-03-18,31.288555145263672
2015-03-19,30.758893966674805
2015-03-20,31.21845054626465
2015-03-23,31.311918258666992
2015-03-24,31.43654441833496
2015-03-25,30.938047409057617
2015-03-26,30.649843215942383
2015-03-27,30.735530853271484
2015-03-30,31.32750701904297
2015-03-31,31.25740623474121
2015-04-01,31.646846771240234
2015-04-02,32.12199020385742
2015-04-06,32.53479766845703
2015-04-07,32.3712272644043
2015-04-08,33.04887390136719
2015-04-09,33.37601089477539
2015-04-10,33.39937973022461
2015-04-13,33.20466232299805
2015-04-14,33.3526496887207
2015-04-15,33.5863151550293
2015-04-16,33.85114669799805
2015-04-17,33.25917434692383
2015-04-20,33.22802734375
2015-04-21,33.42274475097656
2015-04-22,33.78104782104492
2015-04-23,34.03029251098633
2015-04-24,34.1549186706543
2015-04-27,34.287330627441406
2015-04-28,34.34184265136719
2015-04-29,33.913455963134766
2015-04-30,33.39937973022461
2015-05-01,33.601890563964844
2015-05-04,33.79662322998047
2015-05-05,33.43053436279297
2015-05-06,33.01771926879883
2015-05-07,32.97098159790039
2015-05-08,33.391597747802734
2015-05-11,33.07223892211914
2015-05-12,32.96320724487305
2015-05-13,33.025516510009766
2015-05-14,33.3526496887207
2015-05-15,33.60969161987305
2015-05-18,33.2669677734375
2015-05-19,33.321495056152344
2015-05-20,33.298133850097656
2015-05-21,33.18129348754883
2015-05-22,33.29032897949219
2015-05-26,32.76068115234375
2015-05-27,32.768463134765625
2015-05-28,32.340084075927734
2015-05-29,32.02850341796875
2015-06-01,31.903884887695312
2015-06-02,32.02850341796875
2015-06-03,31.864946365356445
2015-06-04,31.382022857666016
2015-06-05,31.241823196411133
2015-06-08,31.23402976989746
2015-06-09,31.047094345092773
2015-06-10,31.498855590820312
2015-06-11,31.343080520629883
2015-06-12,31.343080520629883
2015-06-15,30.99256706237793
2015-06-16,31.00035858154297
2015-06-17,31.187294006347656
2015-06-18,31.475482940673828
2015-06-19,31.20287322998047
2015-06-22,31.654630661010742
2015-06-23,31.966196060180664
2015-06-24,31.740314483642578
2015-06-25,31.631250381469727
2015-06-26,31.333059310913086
2015-06-29,30.634666442871094
2015-06-30,31.089805603027344
2015-07-01,31.066265106201172
2015-07-02,31.21534538269043
2015-07-06,30.34433364868164
2015-07-07,29.889211654663086
2015-07-08,28.86125373840332
2015-07-09,29.418394088745117
2015-07-10,30.163848876953125
2015-07-13,30.36787986755371
2015-07-14,30.422805786132812
2015-07-15,30.077537536621094
2015-07-16,30.454198837280273
2015-07-17,30.414960861206055
2015-07-20,30.218788146972656
2015-07-21,30.22663116455078
2015-07-22,29.7950439453125
2015-07-23,29.504703521728516
2015-07-24,29.080968856811523
2015-07-27,28.53168487548828
2015-07-28,28.822019577026367
2015-07-29,29.104515075683594
2015-07-30,28.81417465209961
2015-07-31,29.12804412841797
2015-08-03,28.641536712646484
2015-08-04,28.74355125427246
2015-08-05,28.75139808654785
2015-08-06,28.50029182434082
2015-08-07,28.484596252441406
2015-08-10,28.963268280029297
2015-08-11,28.327655792236328
2015-08-12,27.888227462768555
2015-08-13,27.84113883972168
2015-08-14,27.880374908447266
2015-08-17,27.574350357055664
2015-08-18,27.276161193847656
2015-08-19,26.938739776611328
2015-08-20,26.515003204345703
2015-08-21,25.698915481567383
2015-08-24,24.576799392700195
2015-08-25,24.890676498413086
2015-08-26,25.714611053466797
2015-08-27,26.852426528930664
2015-08-28,26.50715446472168
2015-08-31,26.554237365722656
2015-09-01,25.52627944946289
2015-09-02,25.89508628845215
2015-09-03,25.99710464477539
2015-09-04,25.22024917602539
2015-09-08,26.020641326904297
2015-09-09,25.88724136352539
2015-09-10,26.154041290283203
2015-09-11,26.25605010986328
2015-09-14,26.216815948486328
2015-09-15,26.467924118041992
2015-09-16,27.11136817932129
2015-09-17,27.04859733581543
2015-09-18,26.5463924407959
2015-09-21,26.499309539794922
2015-09-22,26.004947662353516
2015-09-23,25.58905601501465
2015-09-24,25.479198455810547
2015-09-25,25.424270629882812
2015-09-28,24.882823944091797
2015-09-29,25.000532150268555
2015-09-30,25.722455978393555
2015-10-01,25.86370086669922
2015-10-02,26.554237365722656
2015-10-05,27.127071380615234
2015-10-06,27.079980850219727
2015-10-07,27.801918029785156
2015-10-08,28.1000919342041
2015-10-09,28.202106475830078
2015-10-12,27.990236282348633
2015-10-13,27.535112380981445
2015-10-14,27.746978759765625
2015-10-15,28.421825408935547
2015-10-16,28.44536018371582
2015-10-19,28.1550235748291
2015-10-20,28.14717674255371
2015-10-21,27.7391300201416
2015-10-22,28.311965942382812
2015-10-23,28.47675895690918
2015-10-26,28.217796325683594
2015-10-27,27.896066665649414
2015-10-28,27.574350357055664
2015-10-29,27.315406799316406
2015-10-30,27.362470626831055
2015-11-02,27.903919219970703
2015-11-03,28.272720336914062
2015-11-04,28.04517364501953
2015-11-05,28.092247009277344
2015-11-06,27.69989585876465
2015-11-09,27.00935935974121
2015-11-10,26.89166259765625
2015-11-11,26.94658660888672
2015-11-12,26.68762969970703
2015-11-13,26.318822860717773
2015-11-16,26.828880310058594
2015-11-17,26.750415802001953
2015-11-18,27.040752410888672
2015-11-19,27.284013748168945
2015-11-20,27.55865478515625
2015-11-23,27.299707412719727
2015-11-24,27.440946578979492
2015-11-25,27.22908592224121
2015-11-27,26.632701873779297
2015-11-30,26.67194366455078
2015-12-01,26.875967025756836
2015-12-02,26.554237365722656
2015-12-03,26.40514373779297
2015-12-04,26.58562469482422
2015-12-07,26.146188735961914
2015-12-08,25.855850219726562
2015-12-09,25.64398956298828
2015-12-10,25.471355438232422
2015-12-11,24.757278442382812
2015-12-14,25.157474517822266
2015-12-15,25.541975021362305
2015-12-16,26.044179916381836
2015-12-17,25.706764221191406
2015-12-18,25.620445251464844
2015-12-21,25.820472717285156
2015-12-22,26.027673721313477
2015-12-23,26.394258499145508
2015-12-24,26.298627853393555
2015-12-28,26.115341186523438
2015-12-29,26.13924789428711
2015-12-30,25.73281478881836
2015-12-31,25.65311622619629
2016-01-04,24.95182228088379
2016-01-05,25.00760269165039
2016-01-06,24.529451370239258
2016-01-07,23.772369384765625
2016-01-08,23.517351150512695
2016-01-11,23.509382247924805
2016-01-12,23.55720329284668
2016-01-13,23.310152053833008
2016-01-14,23.61298179626465
2016-01-15,22.680574417114258
2016-01-19,23.01528549194336
2016-01-20,22.513219833374023
2016-01-21,22.600881576538086
2016-01-22,23.373905181884766
2016-01-25,22.97544288635254
2016-01-26,23.310152053833008
2016-01-27,23.230457305908203
2016-01-28,23.597047805786133
2016-01-29,24.36209487915039
2016-02-01,24.13098907470703
2016-02-02,23.349994659423828
2016-02-03,24.011444091796875
2016-02-04,24.194738388061523
2016-02-05,23.915809631347656
2016-02-08,23.589075088500977
2016-02-09,23.262338638305664
2016-02-10,23.35796546936035
2016-02-11,22.967472076416016
2016-02-12,23.365934371948242
2016-02-16,23.883935928344727
2016-02-17,24.354122161865234
2016-02-18,24.210676193237305
2016-02-19,24.099111557006836
2016-02-22,24.69680404663086
2016-02-23,24.17083168029785
2016-02-24,24.115047454833984
2016-02-25,24.194738388061523
2016-02-26,23.95566177368164
2016-02-29,24.162858963012695
2016-03-01,25.023544311523438
2016-03-02,25.358253479003906
2016-03-03,25.64514923095703
2016-03-04,26.155183792114258
2016-03-07,26.115341186523438
2016-03-08,25.669055938720703
2016-03-09,25.82844352722168
2016-03-10,25.8682918548584
2016-03-11,26.410202026367188
2016-03-14,26.250818252563477
2016-03-15,25.87626075744629
2016-03-16,26.394258499145508
2016-03-17,26.97602081298828
2016-03-18,27.119468688964844
2016-03-21,27.175249099731445
2016-03-22,27.11149787902832
2016-03-23,26.64928436279297
2016-03-24,26.585527420043945
2016-03-28,26.673185348510742
2016-03-29,27.03976821899414
2016-03-30,27.318695068359375
2016-03-31,27.294795989990234
2016-04-01,27.215099334716797
2016-04-04,26.888364791870117
2016-04-05,26.36238670349121
2016-04-06,26.6811580657959
2016-04-07,26.147218704223633
2016-04-08,26.601465225219727
2016-04-11,26.944141387939453
2016-04-12,27.358543395996094
2016-04-13,27.844669342041016
2016-04-14,27.709197998046875
2016-04-15,27.5498104095459
2016-04-18,27.67731285095215
2016-04-19,28.099687576293945
2016-04-20,27.972177505493164
2016-04-21,27.693256378173828
2016-04-22,27.525897979736328
2016-04-25,27.350574493408203
2016-04-26,27.645435333251953
2016-04-27,27.81279754638672
2016-04-28,27.525897979736328
2016-04-29,27.406360626220703
2016-05-02,27.334640502929688
2016-05-03,26.56161880493164
2016-05-04,26.131275177001953
2016-05-05,26.123306274414062
2016-05-06,26.16315460205078
2016-05-09,25.82844352722168
2016-05-10,26.322538375854492
2016-05-11,26.258779525756836
2016-05-12,26.187057495117188
2016-05-13,25.71687126159668
2016-05-16,26.027673721313477
2016-05-17,25.908130645751953
2016-05-18,25.65311622619629
2016-05-19,25.414043426513672
2016-05-20,25.669055938720703
2016-05-23,25.62124252319336
2016-05-24,25.884225845336914
2016-05-25,26.195030212402344
2016-05-26,26.37035369873047
2016-05-27,26.36238670349121
2016-05-31,26.394258499145508
2016-06-01,26.37832260131836
2016-06-02,26.5935001373291
2016-06-03,26.999927520751953
2016-06-06,27.286821365356445
2016-06-07,27.533864974975586
2016-06-08,27.733097076416016
2016-06-09,27.414323806762695
2016-06-10,26.72100067138672
2016-06-13,26.346445083618164
2016-06-14,26.258779525756836
2016-06-15,26.537710189819336
2016-06-16,26.44207763671875
2016-06-17,26.51380157470703
2016-06-20,26.983991622924805
2016-06-21,27.191186904907227
2016-06-22,27.26026153564453
2016-06-23,27.918880462646484
2016-06-24,26.224153518676758
2016-06-27,25.886810302734375
2016-06-28,26.64983558654785
2016-06-29,27.324520111083984
2016-06-30,27.597604751586914
2016-07-01,27.862655639648438
2016-07-05,27.268299102783203
2016-07-06,27.196006774902344
2016-07-07,27.12372398376465
2016-07-08,27.710046768188477
2016-07-11,27.975101470947266
2016-07-12,28.36866569519043
2016-07-13,28.320478439331055
2016-07-14,28.7300968170166
2016-07-15,28.665842056274414
2016-07-18,28.922868728637695
2016-07-19,28.625690460205078
2016-07-20,28.770263671875
2016-07-21,28.681907653808594
2016-07-22,28.89073944091797
2016-07-25,28.601593017578125
2016-07-26,28.82647705078125
2016-07-27,28.922868728637695
2016-07-28,28.93090057373047
2016-07-29,29.083507537841797
2016-08-01,29.027284622192383
2016-08-02,28.818450927734375
2016-08-03,28.914838790893555
2016-08-04,29.075471878051758
2016-08-05,29.412809371948242
2016-08-08,29.621652603149414
2016-08-09,29.822439193725586
2016-08-10,29.830472946166992
2016-08-11,30.21600341796875
2016-08-12,30.10355567932129
2016-08-15,30.41679573059082
2016-08-16,30.280254364013672
2016-08-17,30.087491989135742
2016-08-18,30.36861801147461
2016-08-19,30.199934005737305
2016-08-22,29.798341751098633
2016-08-23,29.677867889404297
2016-08-24,29.758188247680664
2016-08-25,29.78228187561035
2016-08-26,29.52526092529297
2016-08-29,29.750150680541992
2016-08-30,29.669830322265625
2016-08-31,29.34052276611328
2016-09-01,29.5654239654541
2016-09-02,30.04732894897461
2016-09-06,30.689882278442383
2016-09-07,30.5935001373291
2016-09-08,30.51318359375
2016-09-09,29.48509407043457
2016-09-12,29.685897827148438
2016-09-13,28.938922882080078
2016-09-14,29.027284622192383
2016-09-15,29.52526092529297
2016-09-16,29.324460983276367
2016-09-19,29.55739402770996
2016-09-20,29.573448181152344
2016-09-21,30.400739669799805
2016-09-22,30.61760711669922
2016-09-23,30.22403907775879
2016-09-26,29.78228187561035
2016-09-27,30.20797348022461
2016-09-28,30.48105239868164
2016-09-29,29.950944900512695
2016-09-30,30.07946014404297
2016-10-03,30.288291931152344
2016-10-04,29.950944900512695
2016-10-05,30.384674072265625
2016-10-06,30.408761978149414
2016-10-07,30.272216796875
2016-10-10,30.601533889770508
2016-10-11,29.894729614257812
2016-10-12,29.8385009765625
2016-10-13,29.573448181152344
2016-10-14,29.621652603149414
2016-10-17,29.589515686035156
2016-10-18,30.111589431762695
2016-10-19,30.296321868896484
2016-10-20,30.20797348022461
2016-10-21,30.199934005737305
2016-10-24,30.32845115661621
2016-10-25,30.360578536987305
2016-10-26,30.039302825927734
2016-10-27,29.78228187561035
2016-10-28,29.66179847717285
2016-10-31,29.830472946166992
2016-11-01,29.589515686035156
2016-11-02,29.23611068725586
2016-11-03,29.155794143676758
2016-11-04,28.858612060546875
2016-11-07,29.90275764465332
2016-11-08,30.09552764892578
2016-11-09,29.115631103515625
2016-11-10,28.288352966308594
2016-11-11,27.75020980834961
2016-11-14,27.54941177368164
2016-11-15,28.10361671447754
2016-11-16,27.870689392089844
2016-11-17,27.910852432250977
2016-11-18,27.782333374023438
2016-11-21,28.05542755126953
2016-11-22,28.48111343383789
2016-11-23,28.1759033203125
2016-11-25,28.31244468688965
2016-11-28,28.424888610839844
2016-11-29,28.46505355834961
2016-11-30,28.513235092163086
2016-12-01,28.1759033203125
2016-12-02,28.208023071289062
2016-12-05,28.440954208374023
2016-12-06,28.59356117248535
2016-12-07,29.075471878051758
2016-12-08,29.203983306884766
2016-12-09,29.051372528076172
2016-12-12,28.858612060546875
2016-12-13,29.179889678955078
2016-12-14,28.31244468688965
2016-12-15,28.360631942749023
2016-12-16,28.232118606567383
2016-12-19,28.039352416992188
2016-12-20,28.1357421875
2016-12-21,28.018760681152344
2016-12-22,27.685688018798828
2016-12-23,27.848161697387695
2016-12-27,27.970016479492188
2016-12-28,28.181230545043945
2016-12-29,28.644287109375
2016-12-30,28.441190719604492
2017-01-03,28.78240203857422
2017-01-04,29.001733779907227
2017-01-05,29.318557739257812
2017-01-06,29.196697235107422
2017-01-09,29.172327041625977
2017-01-10,29.34292221069336
2017-01-11,29.69224739074707
2017-01-12,29.822227478027344
2017-01-13,29.7978515625
2017-01-17,29.781606674194336
2017-01-18,29.61913299560547
2017-01-19,29.529775619506836
2017-01-20,29.586633682250977
2017-01-23,30.025320053100586
2017-01-24,30.212167739868164
2017-01-25,30.545238494873047
2017-01-26,30.415260314941406
2017-01-27,30.439634323120117
2017-01-30,30.27715492248535
2017-01-31,30.334026336669922
2017-02-01,30.35026741027832
2017-02-02,30.48025131225586
2017-02-03,30.667104721069336
2017-02-06,30.59398078918457
2017-02-07,30.439634323120117
2017-02-08,30.626474380493164
2017-02-09,30.764575958251953
2017-02-10,31.048908233642578
2017-02-13,31.14640235900879
2017-02-14,31.17890167236328
2017-02-15,31.43072509765625
2017-02-16,31.316993713378906
2017-02-17,31.18701934814453
2017-02-21,31.528215408325195
2017-02-22,31.625707626342773
2017-02-23,31.633817672729492
2017-02-24,31.2601261138916
2017-02-27,31.162647247314453
2017-02-28,30.86206817626953
2017-03-01,31.34136962890625
2017-03-02,30.78894805908203
2017-03-03,31.024534225463867
2017-03-06,31.04079246520996
2017-03-07,31.073284149169922
2017-03-08,30.78083038330078
2017-03-09,30.537124633789062
2017-03-10,30.878314971923828
2017-03-13,31.30887794494629
2017-03-14,31.13014793395996
2017-03-15,31.94253158569336
2017-03-16,32.13750457763672
2017-03-17,32.080631256103516
2017-03-20,32.454322814941406
2017-03-21,32.09687042236328
2017-03-22,32.251224517822266
2017-03-23,32.259342193603516
2017-03-24,32.340576171875
2017-03-27,32.251224517822266
2017-03-28,32.340576171875
2017-03-29,32.39744567871094
2017-03-30,32.22684860229492
2017-03-31,31.9993896484375
2017-04-03,32.1781120300293
2017-04-04,32.194358825683594
2017-04-05,32.09687042236328
2017-04-06,32.040016174316406
2017-04-07,31.983142852783203
2017-04-10,31.853160858154297
2017-04-11,31.780046463012695
2017-04-12,31.934398651123047
2017-04-13,31.796300888061523
2017-04-17,32.12937545776367
2017-04-18,31.72318458557129
2017-04-19,31.528215408325195
2017-04-20,31.918155670166016
2017-04-21,31.918155670166016
2017-04-24,32.373077392578125
2017-04-25,32.657405853271484
2017-04-26,32.535552978515625
2017-04-27,32.49493408203125
2017-04-28,32.543678283691406
2017-05-01,32.730525970458984
2017-05-02,32.96611404418945
2017-05-03,32.74678039550781
2017-05-04,32.38120651245117
2017-05-05,32.64929962158203
2017-05-08,32.64116287231445
2017-05-09,33.055477142333984
2017-05-10,33.27481460571289
2017-05-11,33.34792709350586
2017-05-12,33.48603057861328
2017-05-15,33.82722473144531
2017-05-16,33.8597297668457
2017-05-17,33.282936096191406
2017-05-18,32.730525970458984
2017-05-19,33.42916488647461
2017-05-22,33.46165466308594
2017-05-23,33.49415969848633
2017-05-24,33.624141693115234
2017-05-25,33.786617279052734
2017-05-26,33.90846633911133
2017-05-30,33.72974395751953
2017-05-31,33.469791412353516
2017-06-01,33.754112243652344
2017-06-02,33.924713134765625
2017-06-05,33.88410186767578
2017-06-06,33.90033721923828
2017-06-07,33.8597297668457
2017-06-08,34.06282424926758
2017-06-09,33.8028564453125
2017-06-12,33.624141693115234
2017-06-13,33.786617279052734
2017-06-14,33.77848434448242
2017-06-15,33.42916488647461
2017-06-16,33.48603057861328
2017-06-19,33.81910705566406
2017-06-20,33.445316314697266
2017-06-21,33.518768310546875
2017-06-22,33.69015121459961
2017-06-23,33.86970901489258
2017-06-26,34.1961555480957
2017-06-27,33.79625701904297
2017-06-28,34.057411193847656
2017-06-29,33.62487030029297
2017-06-30,33.77993392944336
2017-07-03,33.975807189941406
2017-07-05,33.9105110168457
2017-07-06,33.502445220947266
2017-07-07,33.56773376464844
2017-07-10,33.88602828979492
2017-07-11,34.163516998291016
2017-07-12,34.8245964050293
2017-07-13,34.995975494384766
2017-07-14,35.43669509887695
2017-07-17,35.273468017578125
2017-07-18,35.379554748535156
2017-07-19,35.67336654663086
2017-07-20,35.63256072998047
2017-07-21,35.60808181762695
2017-07-24,35.71418380737305
2017-07-25,35.6244010925293
2017-07-26,35.918212890625
2017-07-27,35.72233963012695
2017-07-28,35.706016540527344
2017-07-31,35.746822357177734
2017-08-01,35.85292053222656
2017-08-02,35.88557052612305
2017-08-03,35.73866653442383
2017-08-04,35.86924743652344
2017-08-07,36.11408233642578
2017-08-08,36.12224578857422
2017-08-09,35.7957878112793
2017-08-10,34.9470100402832
2017-08-11,35.028621673583984
2017-08-14,35.387725830078125
2017-08-15,35.428524017333984
2017-08-16,35.7957878112793
2017-08-17,35.33875274658203
2017-08-18,35.64072799682617
2017-08-21,35.771305084228516
2017-08-22,36.171207427978516
2017-08-23,36.34260559082031
2017-08-24,36.45686340332031
2017-08-25,36.6690559387207
2017-08-28,36.538475036621094
2017-08-29,36.47317886352539
2017-08-30,36.53031539916992
2017-08-31,36.58744430541992
2017-09-01,36.856773376464844
2017-09-05,36.375247955322266
2017-09-06,36.61193084716797
2017-09-07,36.88124465942383
2017-09-08,36.63641357421875
2017-09-11,37.1260986328125
2017-09-12,37.08528137207031
2017-09-13,36.889427185058594
2017-09-14,36.98735046386719
2017-09-15,37.20771789550781
2017-09-18,37.338294982910156
2017-09-19,37.419898986816406
2017-09-20,37.24850845336914
2017-09-21,37.24850845336914
2017-09-22,37.03632736206055
2017-09-25,36.40789031982422
2017-09-26,36.30996322631836
2017-09-27,36.17937469482422
2017-09-28,36.1548957824707
2017-09-29,36.57112503051758
2017-10-02,36.579288482666016
2017-10-03,37.15874099731445
2017-10-04,37.15058517456055
2017-10-05,37.428070068359375
2017-10-06,37.2403564453125
2017-10-09,37.21587371826172
2017-10-10,37.583126068115234
2017-10-11,37.754520416259766
2017-10-12,37.73820495605469
2017-10-13,38.08097839355469
2017-10-16,38.056495666503906
2017-10-17,37.86061477661133
2017-10-18,37.95039749145508
2017-10-19,37.61577606201172
2017-10-20,37.754520416259766
2017-10-23,37.45254898071289
2017-10-24,37.45254898071289
2017-10-25,37.37093734741211
2017-10-26,37.11793518066406
2017-10-27,37.656585693359375
2017-10-30,37.419898986816406
2017-10-31,37.770851135253906
2017-11-01,37.96671676635742
2017-11-02,38.015682220458984
2017-11-03,37.81981658935547
2017-11-06,38.24420166015625
2017-11-07,37.999366760253906
2017-11-08,38.17890548706055
2017-11-09,37.942230224609375
2017-11-10,37.77900695800781
2017-11-13,37.6973876953125
2017-11-14,37.44439697265625
2017-11-15,37.24850845336914
2017-11-16,38.02384567260742
2017-11-17,38.21156311035156
2017-11-20,38.40742874145508
2017-11-21,38.921600341796875
2017-11-22,39.0195426940918
2017-11-24,38.937923431396484
2017-11-27,38.36662673950195
2017-11-28,38.652278900146484
2017-11-29,38.0401725769043
2017-11-30,37.623939514160156
2017-12-01,37.411739349365234
2017-12-04,37.485191345214844
2017-12-05,37.460716247558594
2017-12-06,36.95470428466797
2017-12-07,37.06080627441406
2017-12-08,37.49335861206055
2017-12-11,37.68107604980469
2017-12-12,37.428070068359375
2017-12-13,37.87693786621094
2017-12-14,37.599456787109375
2017-12-15,37.68107604980469
2017-12-18,38.10546112060547
2017-12-19,37.90413284301758
2017-12-20,37.95384979248047
2017-12-21,38.202396392822266
2017-12-22,38.5255126953125
2017-12-26,38.492374420166016
2017-12-27,38.59178924560547
2017-12-28,38.85691833496094
2017-12-29,39.0391845703125
2018-01-02,39.77655029296875
2018-01-03,40.15766525268555
2018-01-04,40.35650634765625
2018-01-05,40.70449447631836
2018-01-08,40.70449447631836
2018-01-09,40.63820266723633
2018-01-10,40.38136672973633
2018-01-11,40.62991714477539
2018-01-12,41.019309997558594
2018-01-16,40.86189651489258
2018-01-17,41.400421142578125
2018-01-18,41.450130462646484
2018-01-19,41.78982162475586
2018-01-22,42.03008270263672
2018-01-23,42.22893524169922
2018-01-24,42.58518981933594
2018-01-25,42.56032943725586
2018-01-26,43.1485710144043
2018-01-29,42.494056701660156
2018-01-30,41.914100646972656
2018-01-31,42.27864074707031
2018-02-01,41.70697021484375
2018-02-02,40.63820266723633
2018-02-05,39.21316909790039
2018-02-06,40.489070892333984
2018-02-07,39.21316909790039
2018-02-08,37.854427337646484
2018-02-09,38.45923614501953
2018-02-12,39.06404113769531
2018-02-13,39.362308502197266
2018-02-14,40.348228454589844
2018-02-15,41.17673873901367
2018-02-16,41.04417037963867
2018-02-20,40.48078918457031
2018-02-21,40.447635650634766
2018-02-22,40.472496032714844
2018-02-23,41.19329833984375
2018-02-26,41.57441329956055
2018-02-27,40.36479187011719
2018-02-28,39.78483963012695
2018-03-01,39.710269927978516
2018-03-02,39.875980377197266
2018-03-05,39.93397521972656
2018-03-06,40.30680465698242
2018-03-07,40.348228454589844
2018-03-08,40.35650634765625
2018-03-09,41.21815872192383
2018-03-12,41.31757736206055
2018-03-13,40.94475173950195
2018-03-14,41.01103210449219
2018-03-15,40.86189651489258
2018-03-16,40.77076721191406
2018-03-19,40.33164978027344
2018-03-20,40.77904510498047
2018-03-21,41.019309997558594
2018-03-22,39.65228271484375
2018-03-23,38.8486328125
2018-03-26,40.10796356201172
2018-03-27,39.37887191772461
2018-03-28,39.18003463745117
2018-03-29,40.00025177001953
2018-04-02,39.279449462890625
2018-04-03,39.66884994506836
2018-04-04,39.6854248046875
2018-04-05,39.78483963012695
2018-04-06,39.006046295166016
2018-04-09,39.0474739074707
2018-04-10,39.8096923828125
2018-04-11,39.826255798339844
2018-04-12,39.8096923828125
2018-04-13,39.41201400756836
2018-04-16,39.461734771728516
2018-04-17,39.54457473754883
2018-04-18,39.88425827026367
2018-04-19,39.65228271484375
2018-04-20,39.155181884765625
2018-04-23,38.84035873413086
2018-04-24,38.65807342529297
2018-04-25,38.35980987548828
2018-04-26,38.91490173339844
2018-04-27,39.155181884765625
2018-04-30,38.87348556518555
2018-05-01,38.682918548583984
2018-05-02,38.376380920410156
2018-05-03,38.29353332519531
2018-05-04,38.46752166748047
2018-05-07,38.24382400512695
2018-05-08,38.45923614501953
2018-05-09,38.53379821777344
2018-05-10,39.33743667602539
2018-05-11,39.27116775512695
2018-05-14,39.32087707519531
2018-05-15,38.508949279785156
2018-05-16,39.088897705078125
2018-05-17,38.492374420166016
2018-05-18,38.16925048828125
2018-05-21,38.40122985839844
2018-05-22,38.53379821777344
2018-05-23,38.51722717285156
2018-05-24,38.31010437011719
2018-05-25,38.46752166748047
2018-05-29,37.57271957397461
2018-05-30,37.87099075317383
2018-05-31,37.854427337646484
2018-06-01,38.384666442871094
2018-06-04,38.7740592956543
2018-06-05,38.47580337524414
2018-06-06,39.05575180053711
2018-06-07,38.45923614501953
2018-06-08,38.384666442871094
2018-06-11,38.384666442871094
2018-06-12,38.285247802734375
2018-06-13,38.02840042114258
2018-06-14,37.77157211303711
2018-06-15,37.47330856323242
2018-06-18,37.01763153076172
2018-06-19,36.60901641845703
2018-06-20,36.767452239990234
2018-06-21,36.250431060791016
2018-06-22,36.62568664550781
2018-06-25,36.1336784362793
2018-06-26,35.991912841796875
2018-06-27,35.29976272583008
2018-06-28,35.5999641418457
2018-06-29,36.1336784362793
2018-07-02,35.77509307861328
2018-07-03,35.800113677978516
2018-07-05,35.708377838134766
2018-07-06,36.20038604736328
2018-07-09,36.85084533691406
2018-07-10,36.767452239990234
2018-07-11,36.05028533935547
2018-07-12,36.54228591918945
2018-07-13,36.567317962646484
2018-07-16,36.3671760559082
2018-07-17,36.634033203125
2018-07-18,36.59233093261719
2018-07-19,36.14201354980469
2018-07-20,36.6590461730957
2018-07-23,36.417213439941406
2018-07-24,36.9509162902832
2018-07-25,37.55133819580078
2018-07-26,37.13438034057617
2018-07-27,37.26780319213867
2018-07-30,37.209434509277344
2018-07-31,37.40957260131836
2018-08-01,37.07600784301758
2018-08-02,36.58399200439453
2018-08-03,36.86751937866211
2018-08-06,36.58399200439453
2018-08-07,36.95925521850586
2018-08-08,36.90922546386719
2018-08-09,36.80081558227539
2018-08-10,36.01692581176758
2018-08-13,35.42483901977539
2018-08-14,35.641666412353516
2018-08-15,34.61595153808594
2018-08-16,34.832763671875
2018-08-17,35.199684143066406
2018-08-20,35.35813903808594
2018-08-21,35.808448791503906
2018-08-22,36.09197998046875
2018-08-23,35.50823974609375
2018-08-24,36.16703414916992
2018-08-27,36.68406295776367
2018-08-28,36.55064010620117
2018-08-29,36.775787353515625
2018-08-30,35.81679153442383
2018-08-31,36.00025177001953
2018-09-04,35.29976272583008
2018-09-05,34.79106521606445
2018-09-06,34.824424743652344
2018-09-07,34.6493034362793
2018-09-10,34.30739974975586
2018-09-11,34.38245391845703
2018-09-12,34.55757522583008
2018-09-13,35.02456283569336
2018-09-14,34.9912109375
2018-09-17,34.674320220947266
2018-09-18,35.007877349853516
2018-09-19,35.49155807495117
2018-09-20,35.88349914550781
2018-09-21,36.05028533935547
2018-09-24,35.641666412353516
2018-09-25,35.7834358215332
2018-09-26,35.85849380493164
2018-09-27,36.033607482910156
2018-09-28,35.79177474975586
2018-10-01,35.800113677978516
2018-10-02,35.34980010986328
2018-10-03,35.057926177978516
2018-10-04,34.182308197021484
2018-10-05,34.05722427368164
2018-10-08,34.10725784301758
2018-10-09,33.98217010498047
2018-10-10,32.97312545776367
2018-10-11,32.63956069946289
2018-10-12,33.59856033325195
2018-10-15,33.239986419677734
2018-10-16,34.07389450073242
2018-10-17,33.65694046020508
2018-10-18,32.77299499511719
2018-10-19,33.0815315246582
2018-10-22,33.440120697021484
2018-10-23,33.07318878173828
2018-10-24,32.00577926635742
2018-10-25,32.622886657714844
2018-10-26,32.24761962890625
2018-10-29,31.68889045715332
2018-10-30,32.30599594116211
2018-10-31,32.6562385559082
2018-11-01,33.82372283935547
2018-11-02,34.04054260253906
2018-11-05,34.13227462768555
2018-11-06,34.07389450073242
2018-11-07,34.71602249145508
2018-11-08,33.81538772583008
2018-11-09,33.189945220947266
2018-11-12,32.72294998168945
2018-11-13,33.09821319580078
2018-11-14,33.2983512878418
2018-11-15,34.04054260253906
2018-11-16,34.10725784301758
2018-11-19,33.648597717285156
2018-11-20,32.92308044433594
2018-11-21,33.5318489074707
2018-11-23,33.139915466308594
2018-11-26,33.548526763916016
2018-11-27,33.78202819824219
2018-11-28,34.5909309387207
2018-11-29,34.29072570800781
2018-11-30,34.25736618041992
2018-12-03,34.94950866699219
2018-12-04,34.20732498168945
2018-12-06,33.89043426513672
2018-12-07,33.256656646728516
2018-12-10,32.90641403198242
2018-12-11,33.15658950805664
2018-12-12,33.69863510131836
2018-12-13,33.6903076171875
2018-12-14,33.214969635009766
2018-12-17,32.90641403198242
2018-12-18,33.12987518310547
2018-12-19,32.579689025878906
2018-12-20,32.83362579345703
2018-12-21,32.60507583618164
2018-12-24,32.300357818603516
2018-12-26,32.94365310668945
2018-12-27,32.90133285522461
2018-12-28,33.214515686035156
2018-12-31,33.06216812133789
2019-01-02,33.14680480957031
2019-01-03,32.54582977294922
2019-01-04,33.59541702270508
2019-01-07,33.67159652709961
2019-01-08,33.798561096191406
2019-01-09,34.399539947509766
2019-01-10,34.64501190185547
2019-01-11,34.47572708129883
2019-01-14,34.18793487548828
2019-01-15,34.424930572509766
2019-01-16,34.84815979003906
2019-01-17,35.00052261352539
2019-01-18,35.16980743408203
2019-01-22,34.56037139892578
2019-01-23,34.91586685180664
2019-01-24,35.25445556640625
2019-01-25,35.72000503540039
2019-01-28,35.34756088256836
2019-01-29,35.40681838989258
2019-01-30,36.17707824707031
2019-01-31,36.48179626464844
2019-02-01,36.194000244140625
2019-02-04,36.253265380859375
2019-02-05,36.752662658691406
2019-02-06,36.253265380859375
2019-02-07,35.8892936706543
2019-02-08,35.68614196777344
2019-02-11,35.5676383972168
2019-02-12,35.863887786865234
2019-02-13,35.609954833984375
2019-02-14,35.677677154541016
2019-02-15,35.62688064575195
2019-02-19,35.906219482421875
2019-02-20,36.10935974121094
2019-02-21,36.033180236816406
2019-02-22,36.431007385253906
2019-02-25,36.83729934692383
2019-02-26,36.7103385925293
2019-02-27,36.39716339111328
2019-02-28,35.92314910888672
2019-03-01,35.96546936035156
2019-03-04,36.01625061035156
2019-03-05,36.371768951416016
2019-03-06,36.16861343383789
2019-03-07,35.49992370605469
2019-03-08,35.24599075317383
2019-03-11,35.906219482421875
2019-03-12,36.092437744140625
2019-03-13,36.13475036621094
2019-03-14,35.9400749206543
2019-03-15,36.46487808227539
2019-03-18,36.87116622924805
2019-03-19,36.888092041015625
2019-03-20,36.94734191894531
2019-03-21,36.99812698364258
2019-03-22,35.9146842956543
2019-03-25,35.999324798583984
2019-03-26,36.10935974121094
2019-03-27,35.72000503540039
2019-03-28,35.956993103027344
2019-03-29,36.32944107055664
2019-04-01,36.930419921875
2019-04-02,36.81190872192383
2019-04-03,37.06584548950195
2019-04-04,37.29438400268555
2019-04-05,37.582183837890625
2019-04-08,37.582183837890625
2019-04-09,37.50599670410156
2019-04-10,37.68375015258789
2019-04-11,37.277462005615234
2019-04-12,37.548316955566406
2019-04-15,37.353641510009766
2019-04-16,37.63296890258789
2019-04-17,37.74300765991211
2019-04-18,37.71760559082031
2019-04-22,37.47213363647461
2019-04-23,37.556785583496094
2019-04-24,37.048919677734375
2019-04-25,36.99812698364258
2019-04-26,37.142024993896484
2019-04-29,37.21820831298828
2019-04-30,37.18435287475586
2019-05-01,36.9050178527832
2019-05-02,36.98966598510742
2019-05-03,37.4298210144043
2019-05-06,36.6595458984375
2019-05-07,35.9400749206543
2019-05-08,35.8892936706543
2019-05-09,35.32216262817383
2019-05-10,35.53376770019531
2019-05-13,34.348758697509766
2019-05-14,34.83123016357422
2019-05-15,34.898948669433594
2019-05-16,34.729652404785156
2019-05-17,34.1032829284668
2019-05-20,33.95940017700195
2019-05-21,34.39107894897461
2019-05-22,34.2217903137207
2019-05-23,33.78163528442383
2019-05-24,33.815494537353516
2019-05-28,33.933998107910156
2019-05-29,34.15407180786133
2019-05-30,34.34029006958008
2019-05-31,34.45878982543945
2019-06-03,34.7719841003418
2019-06-04,34.84815979003906
2019-06-05,34.5688362121582
2019-06-06,34.58575439453125
2019-06-07,34.85662841796875
2019-06-10,35.22059631347656
2019-06-11,35.61842346191406
2019-06-12,35.23752975463867
2019-06-13,35.17827606201172
2019-06-14,34.788902282714844
2019-06-17,34.92622756958008
2019-06-18,35.77059555053711
2019-06-19,36.06911087036133
2019-06-20,36.59790802001953
2019-06-21,36.47850036621094
2019-06-24,36.427330017089844
2019-06-25,36.05205154418945
2019-06-26,36.393211364746094
2019-06-27,36.64908981323242
2019-06-28,36.59790802001953
2019-07-01,37.032894134521484
2019-07-02,36.939064025878906
2019-07-03,36.87083435058594
2019-07-05,36.614967346191406
2019-07-08,36.393211364746094
2019-07-09,36.2823371887207
2019-07-10,36.58938217163086
2019-07-11,36.52114486694336
2019-07-12,36.54673767089844
2019-07-15,36.68320083618164
2019-07-16,36.63202667236328
2019-07-17,36.52114486694336
2019-07-18,36.7429084777832
2019-07-19,36.555267333984375
2019-07-22,36.56379318237305
2019-07-23,36.60643768310547
2019-07-24,36.6661376953125
2019-07-25,36.342037200927734
2019-07-26,36.418800354003906
2019-07-29,36.35056686401367
2019-07-30,36.06911087036133
2019-07-31,35.6255989074707
2019-08-01,34.92622756958008
2019-08-02,34.58506393432617
2019-08-05,33.30571746826172
2019-08-06,33.78334426879883
2019-08-07,33.93686294555664
2019-08-08,34.354774475097656
2019-08-09,34.005088806152344
2019-08-12,33.595706939697266
2019-08-13,34.022151947021484
2019-08-14,33.041316986083984
2019-08-15,33.2630729675293
2019-08-16,33.72364044189453
2019-08-19,33.86009216308594
2019-08-20,33.92832946777344
2019-08-21,34.252437591552734
2019-08-22,33.808937072753906
2019-08-23,33.30571746826172
2019-08-26,33.48482894897461
2019-08-27,33.54452896118164
2019-08-28,33.63834762573242
2019-08-29,34.01362228393555
2019-08-30,34.27802658081055
2019-09-03,34.064796447753906
2019-09-04,34.6362419128418
2019-09-05,35.02857208251953
2019-09-06,35.182090759277344
2019-09-09,35.292972564697266
2019-09-10,35.31855773925781
2019-09-11,35.56590270996094
2019-09-12,35.82176971435547
2019-09-13,36.02647018432617
2019-09-16,35.744998931884766
2019-09-17,35.744998931884766
2019-09-18,35.60002517700195
2019-09-19,35.45502853393555
2019-09-20,35.4891357421875
2019-09-23,35.52325439453125
2019-09-24,35.14797592163086
2019-09-25,35.12239456176758
2019-09-26,35.113861083984375
2019-09-27,34.66182327270508
2019-09-30,34.857994079589844
2019-10-01,34.610660552978516
2019-10-02,34.34624481201172
2019-10-03,34.78976821899414
2019-10-04,34.94328689575195
2019-10-07,34.653297424316406
2019-10-08,34.40596008300781
2019-10-09,34.67035675048828
2019-10-10,35.02857208251953
2019-10-11,35.59148406982422
2019-10-14,35.437965393066406
2019-10-15,35.7535400390625
2019-10-16,35.85588455200195
2019-10-17,35.99235153198242
2019-10-18,35.80470657348633
2019-10-21,36.128814697265625
2019-10-22,36.1544075012207
2019-10-23,36.162933349609375
2019-10-24,36.162933349609375
2019-10-25,36.418800354003906
2019-10-28,36.63202667236328
2019-10-29,36.44438552856445
2019-10-30,36.60643768310547
2019-10-31,36.31645202636719
2019-11-01,36.86231231689453
2019-11-04,37.22905349731445
2019-11-05,37.442283630371094
2019-11-06,37.3228759765625
2019-11-07,37.59579849243164
2019-11-08,37.25464630126953
2019-11-11,36.9902458190918
2019-11-12,36.751434326171875
2019-11-13,36.469970703125
2019-11-14,36.49556350708008
2019-11-15,36.785545349121094
2019-11-18,36.72583770751953
2019-11-19,36.802608489990234
2019-11-20,36.64055252075195
2019-11-21,36.56379318237305
2019-11-22,36.56379318237305
2019-11-25,36.9305305480957
2019-11-26,36.81965637207031
2019-11-27,36.86231231689453
2019-11-29,36.2823371887207
2019-12-02,36.273807525634766
2019-12-03,36.08617401123047
2019-12-04,36.359100341796875
2019-12-05,36.52114486694336
2019-12-06,36.734371185302734
2019-12-09,36.58938217163086
2019-12-10,36.717308044433594
2019-12-11,37.25464630126953
2019-12-12,37.90283966064453
2019-12-13,37.88578796386719
2019-12-16,38.20722579956055
2019-12-17,38.55567932128906
2019-12-18,38.76474380493164
2019-12-19,38.782169342041016
2019-12-20,38.860565185546875
2019-12-23,38.91283416748047
2019-12-24,38.825714111328125
2019-12-26,39.10447692871094
2019-12-27,39.26128387451172
2019-12-30,38.99995040893555
2019-12-31,39.08705520629883
2020-01-02,39.8797721862793
2020-01-03,39.13932418823242
2020-01-06,39.04351043701172
2020-01-07,39.017364501953125
2020-01-08,39.243865966796875
2020-01-09,39.50518798828125
2020-01-10,39.71426773071289
2020-01-13,40.332759857177734
2020-01-14,40.10626983642578
2020-01-15,39.79267120361328
2020-01-16,40.0452880859375
2020-01-17,40.27177810668945
2020-01-21,39.2525749206543
2020-01-22,39.57488250732422
2020-01-23,39.16545867919922
2020-01-24,38.85185623168945
2020-01-27,37.510337829589844
2020-01-28,37.82394027709961
2020-01-29,38.00687026977539
2020-01-30,37.440643310546875
2020-01-31,36.68278121948242
2020-02-03,37.09220504760742
2020-02-04,38.05043411254883
2020-02-05,38.26820755004883
2020-02-06,38.30305099487305
2020-02-07,37.77166748046875
2020-02-10,37.980735778808594
2020-02-11,38.47726821899414
2020-02-12,38.99995040893555
2020-02-13,38.485984802246094
2020-02-14,38.503421783447266
2020-02-18,38.25078582763672
2020-02-19,38.5295524597168
2020-02-20,37.928470611572266
2020-02-21,37.710697174072266
2020-02-24,36.29948425292969
2020-02-25,36.01201248168945
2020-02-26,36.29948425292969
2020-02-27,35.4283561706543
2020-02-28,35.297698974609375
2020-03-02,36.06427764892578
2020-03-03,35.820369720458984
2020-03-04,36.45627975463867
2020-03-05,35.68970489501953
2020-03-06,34.95795822143555
2020-03-09,32.57109832763672
2020-03-10,34.22622299194336
2020-03-11,32.63207244873047
2020-03-12,29.36538314819336
2020-03-13,31.482196807861328
2020-03-16,27.553455352783203
2020-03-17,29.45249366760254
2020-03-18,26.908832550048828
2020-03-19,27.117900848388672
2020-03-20,27.318254470825195
2020-03-23,26.6649169921875
2020-03-24,28.66849136352539
2020-03-25,29.678985595703125
2020-03-26,30.802724838256836
2020-03-27,29.05177879333496
2020-03-30,29.530893325805664
2020-03-31,29.73125648498535
2020-04-01,28.45941925048828
2020-04-02,29.417654037475586
2020-04-03,28.86013412475586
2020-04-06,30.436857223510742
2020-04-07,30.593658447265625
2020-04-08,30.907258987426758
2020-04-09,30.79401969909668
2020-04-13,30.83757209777832
2020-04-14,31.543180465698242
2020-04-15,30.7330322265625
2020-04-16,30.8985538482666
2020-04-17,31.58673667907715
2020-04-20,31.186017990112305
2020-04-21,30.323612213134766
2020-04-22,31.15117835998535
2020-04-23,31.03792953491211
2020-04-24,30.994375228881836
2020-04-27,31.621583938598633
2020-04-28,31.68255615234375
2020-04-29,32.60594177246094
2020-04-30,31.917755126953125
2020-05-01,30.76788902282715
2020-05-04,31.098907470703125
2020-05-05,31.273130416870117
2020-05-06,31.17731285095215
2020-05-07,31.429941177368164
2020-05-08,32.09198760986328
2020-05-11,31.882909774780273
2020-05-12,31.760957717895508
2020-05-13,31.69997787475586
2020-05-14,31.821941375732422
2020-05-15,31.386377334594727
2020-05-18,32.614654541015625
2020-05-19,32.353309631347656
2020-05-20,32.78016662597656
2020-05-21,32.40558624267578
2020-05-22,31.734825134277344
2020-05-26,32.43172836303711
2020-05-27,32.53624725341797
2020-05-28,32.30976486206055
2020-05-29,32.867271423339844
2020-06-01,33.62514877319336
2020-06-02,34.426578521728516
2020-06-03,35.228004455566406
2020-06-04,34.73147201538086
2020-06-05,35.646148681640625
2020-06-08,35.86391830444336
2020-06-09,35.62001419067383
2020-06-10,35.88134765625
2020-06-11,34.008445739746094
2020-06-12,34.73147201538086
2020-06-15,34.416046142578125
2020-06-16,34.63508987426758
2020-06-17,34.96803665161133
2020-06-18,34.985565185546875
2020-06-19,34.97679901123047
2020-06-22,35.406124114990234
2020-06-23,35.747833251953125
2020-06-24,35.274696350097656
2020-06-25,35.42364501953125
2020-06-26,34.99432373046875
2020-06-29,35.152034759521484
2020-06-30,35.03812789916992
2020-07-01,35.43240737915039
2020-07-02,36.23848342895508
2020-07-06,37.798072814941406
2020-07-07,37.167232513427734
2020-07-08,38.13102340698242
2020-07-09,38.13102340698242
2020-07-10,37.88568878173828
2020-07-13,37.63159942626953
2020-07-14,37.68416976928711
2020-07-15,37.798072814941406
2020-07-16,37.26360321044922
2020-07-17,37.47388458251953
2020-07-20,37.95579147338867
2020-07-21,38.30625915527344
2020-07-22,38.13977813720703
2020-07-23,37.8331184387207
2020-07-24,37.798072814941406
2020-07-27,38.38511276245117
2020-07-28,38.06968688964844
2020-07-29,38.683013916015625
2020-07-30,38.19235610961914
2020-07-31,37.92950439453125
2020-08-03,38.19235610961914
2020-08-04,38.70052719116211
2020-08-05,39.121089935302734
2020-08-06,39.24374771118164
2020-08-07,38.437679290771484
2020-08-10,38.534061431884766
2020-08-11,38.42892074584961
2020-08-12,38.945858001708984
2020-08-13,38.83195495605469
2020-08-14,38.761863708496094
2020-08-17,39.25252151489258
2020-08-18,39.20871353149414
2020-08-19,38.72682189941406
2020-08-20,38.604156494140625
2020-08-21,38.796913146972656
2020-08-24,39.22623825073242
2020-08-25,39.62051010131836
2020-08-26,39.725650787353516
2020-08-27,39.39270782470703
2020-08-28,39.90964889526367
2020-08-31,39.02470397949219
2020-09-01,39.69059753417969
2020-09-02,39.58546829223633
2020-09-03,38.83195495605469
2020-09-04,38.8494758605957
2020-09-08,38.174827575683594
2020-09-09,38.74433898925781
2020-09-10,38.12226104736328
2020-09-11,38.49025344848633
2020-09-14,39.112327575683594
2020-09-15,39.52412796020508
2020-09-16,39.4715690612793
2020-09-17,39.31385803222656
2020-09-18,39.0071907043457
2020-09-21,38.64795684814453
2020-09-22,38.35882568359375
2020-09-23,37.763023376464844
2020-09-24,37.587791442871094
2020-09-25,37.622833251953125
2020-09-28,38.04340362548828
2020-09-29,38.017112731933594
2020-09-30,38.630435943603516
2020-10-01,38.98966598510742
2020-10-02,38.54281997680664
2020-10-05,39.05976486206055
2020-10-06,39.129859924316406
2020-10-07,39.55918502807617
2020-10-08,39.88336944580078
2020-10-09,40.15498352050781
2020-10-12,40.50545120239258
2020-10-13,40.33897399902344
2020-10-14,40.06735610961914
2020-10-15,39.77821731567383
2020-10-16,39.91841125488281
2020-10-19,39.80450439453125
2020-10-20,40.24259567260742
2020-10-21,40.356502532958984
2020-10-22,40.34772872924805
2020-10-23,40.58430480957031
2020-10-26,40.05860137939453
2020-10-27,40.233829498291016
2020-10-28,39.22623825073242
2020-10-29,39.62051010131836
2020-10-30,39.17365646362305
2020-11-02,39.6730842590332
2020-11-03,39.84831237792969
2020-11-04,41.10124206542969
2020-11-05,41.80217742919922
2020-11-06,41.994937896728516
2020-11-09,42.28407669067383
2020-11-10,41.80217742919922
2020-11-11,42.07379150390625
2020-11-12,41.75837326049805
2020-11-13,42.34540939331055
2020-11-16,42.87111282348633
2020-11-17,42.82730484008789
2020-11-18,42.6783447265625
2020-11-19,42.748443603515625
2020-11-20,42.98501205444336
2020-11-23,43.09891891479492
2020-11-24,43.67719268798828
2020-11-25,43.43185806274414
2020-11-27,43.843666076660156
2020-11-30,42.69587707519531
2020-12-01,43.53700256347656
2020-12-02,43.59832763671875
2020-12-03,44.09775161743164
2020-12-04,44.5533561706543
2020-12-07,44.5533561706543
2020-12-08,44.570884704589844
2020-12-09,44.185367584228516
2020-12-10,44.7548828125
2020-12-11,44.43946075439453
2020-12-14,44.208412170410156
2020-12-15,44.68643569946289
2020-12-16,44.89889144897461
2020-12-17,45.19102096557617
2020-12-18,45.13790512084961
2020-12-21,44.4739875793457
2020-12-22,44.11988830566406
2020-12-23,44.571353912353516
2020-12-24,44.376609802246094
2020-12-28,44.50054168701172
2020-12-29,45.164459228515625
2020-12-30,45.76642608642578
2020-12-31,45.7398567199707
2021-01-04,46.031982421875
2021-01-05,47.13853454589844
2021-01-06,46.74017333984375
2021-01-07,47.18278503417969
2021-01-08,48.43096160888672
2021-01-11,47.77589416503906
2021-01-12,48.24506378173828
2021-01-13,48.35129165649414
2021-01-14,48.802757263183594
2021-01-15,48.11228561401367
2021-01-19,48.90898132324219
2021-01-20,49.76766586303711
2021-01-21,49.85618209838867
2021-01-22,49.42242431640625
2021-01-25,49.79421615600586
2021-01-26,49.431278228759766
2021-01-27,48.05916976928711
2021-01-28,48.39555358886719
2021-01-29,47.19164276123047
2021-02-01,48.466373443603516
2021-02-02,49.094886779785156
2021-02-03,49.342750549316406
2021-02-04,49.36045455932617
2021-02-05,49.785369873046875
2021-02-08,49.8738899230957
2021-02-09,50.405033111572266
2021-02-10,50.58207321166992
2021-02-11,51.12206268310547
2021-02-12,51.166324615478516
2021-02-16,51.29025650024414
2021-02-17,51.30796432495117
2021-02-18,50.59977722167969
2021-02-19,50.92730712890625
2021-02-22,49.431278228759766
2021-02-23,49.6525764465332
2021-02-24,49.333900451660156
2021-02-25,48.209659576416016
2021-02-26,47.563438415527344
2021-03-01,48.838165283203125
2021-03-02,48.36014175415039
2021-03-03,48.26276397705078
2021-03-04,47.13853454589844
2021-03-05,47.65195846557617
2021-03-08,46.36837387084961
2021-03-09,47.38638687133789
2021-03-10,47.17393493652344
2021-03-11,48.6611328125
2021-03-12,47.793601989746094
2021-03-15,47.908668518066406
2021-03-16,48.11228561401367
2021-03-17,48.17424011230469
2021-03-18,47.28901290893555
2021-03-19,47.873268127441406
2021-03-22,47.73162841796875
2021-03-23,46.819847106933594
2021-03-24,45.748714447021484
2021-03-25,45.96116638183594
2021-03-26,47.1562385559082
2021-03-29,46.82869338989258
2021-03-30,46.97918701171875
2021-03-31,47.218196868896484
2021-04-01,47.67852020263672
2021-04-05,47.86441421508789
2021-04-06,48.129981994628906
2021-04-07,47.42179870605469
2021-04-08,47.81129455566406
2021-04-09,47.40408706665039
2021-04-12,47.120819091796875
2021-04-13,47.315574645996094
2021-04-14,47.554588317871094
2021-04-15,47.98835372924805
2021-04-16,48.11228561401367
2021-04-19,47.93523406982422
2021-04-20,47.545738220214844
2021-04-21,47.83785629272461
2021-04-22,47.66966247558594
2021-04-23,48.36014175415039
2021-04-26,48.42211151123047
2021-04-27,48.39555358886719
2021-04-28,48.75850296020508
2021-04-29,48.6434211730957
2021-04-30,47.78474044799805
2021-05-03,47.78474044799805
2021-05-04,47.2447509765625
2021-05-05,47.466068267822266
2021-05-06,47.91753005981445
2021-05-07,48.41325378417969
2021-05-10,47.545738220214844
2021-05-11,47.41294479370117
2021-05-12,46.102813720703125
2021-05-13,46.040836334228516
2021-05-14,46.87295913696289
2021-05-17,46.82869338989258
2021-05-18,47.45721435546875
2021-05-19,47.315574645996094
2021-05-20,47.589988708496094
2021-05-21,47.0411491394043
2021-05-24,47.4306526184082
2021-05-25,47.89982604980469
2021-05-26,48.2539176940918
2021-05-27,48.26276397705078
2021-05-28,48.57259750366211
2021-06-01,49.572914123535156
2021-06-02,49.6525764465332
2021-06-03,49.12144470214844
2021-06-04,49.56406021118164
2021-06-07,49.31618881225586
2021-06-08,49.077178955078125
2021-06-09,48.935543060302734
2021-06-10,49.32763671875
2021-06-11,49.15871810913086
2021-06-14,49.29206848144531
2021-06-15,48.95421600341797
2021-06-16,48.287384033203125
2021-06-17,48.554115295410156
2021-06-18,48.216251373291016
2021-06-21,48.420753479003906
2021-06-22,48.19847869873047
2021-06-23,48.491886138916016
2021-06-24,48.93643569946289
2021-06-25,49.34541702270508
2021-06-28,49.389869689941406
2021-06-29,49.354312896728516
2021-06-30,49.034236907958984
2021-07-01,48.75860595703125
2021-07-02,48.70526123046875
2021-07-06,47.851722717285156
2021-07-07,47.798377990722656
2021-07-08,46.80257797241211
2021-07-09,47.61166000366211
2021-07-12,47.65612030029297
2021-07-13,47.70058059692383
2021-07-14,47.90507125854492
2021-07-15,48.020652770996094
2021-07-16,47.64722442626953
2021-07-19,46.84703063964844
2021-07-20,46.9981803894043
2021-07-21,47.300479888916016
2021-07-22,47.38938903808594
2021-07-23,46.68698501586914
2021-07-26,45.797882080078125
2021-07-27,44.87321472167969
2021-07-28,46.0912971496582
2021-07-29,46.322452545166016
2021-07-30,45.87791061401367
2021-08-02,46.206878662109375
2021-08-03,46.40247344970703
2021-08-04,46.642539978027344
2021-08-05,46.571414947509766
2021-08-06,46.18020248413086
2021-08-09,46.33134460449219
2021-08-10,46.39358901977539
2021-08-11,46.51805877685547
2021-08-12,46.10906982421875
2021-08-13,45.99348831176758
2021-08-16,45.57561111450195
2021-08-17,44.7398567199707
2021-08-18,44.810977935791016
2021-08-19,44.046348571777344
2021-08-20,44.010780334472656
2021-08-23,44.677608489990234
2021-08-24,45.69118881225586
2021-08-25,45.74454116821289
2021-08-26,45.30888748168945
2021-08-27,45.869014739990234
2021-08-30,45.966819763183594
2021-08-31,46.598087310791016
2021-09-01,47.19378662109375
2021-09-02,46.98040008544922
2021-09-03,47.22935104370117
2021-09-07,47.50497055053711
2021-09-08,46.81147003173828
2021-09-09,46.722557067871094
2021-09-10,46.66920852661133
2021-09-13,46.79368591308594
2021-09-14,46.40247344970703
2021-09-15,46.39358901977539
2021-09-16,45.869014739990234
2021-09-17,45.67341232299805
2021-09-20,44.44644546508789
2021-09-21,44.775413513183594
2021-09-22,45.335548400878906
2021-09-23,45.69118881225586
2021-09-24,45.14883041381836
2021-09-27,45.44224548339844
2021-09-28,44.85543441772461
2021-09-29,44.43754959106445
2021-09-30,44.79319381713867
2021-10-01,44.748741149902344
2021-10-04,44.090797424316406
2021-10-05,44.40198516845703
2021-10-06,44.153038024902344
2021-10-07,45.01546859741211
2021-10-08,45.18440246582031
2021-10-11,45.09549331665039
2021-10-12,44.86432647705078
2021-10-13,45.48670196533203
2021-10-14,45.62895584106445
2021-10-15,46.18020248413086
2021-10-18,46.06461715698242
2021-10-19,46.678104400634766
2021-10-20,46.66920852661133
2021-10-21,46.366905212402344
2021-10-22,46.26911544799805
2021-10-25,46.509178161621094
2021-10-26,46.26911544799805
2021-10-27,45.895687103271484
2021-10-28,45.94013977050781
2021-10-29,45.273311614990234
2021-11-01,45.62895584106445
2021-11-02,45.219970703125
2021-11-03,45.433349609375
2021-11-04,45.326663970947266
2021-11-05,45.273311614990234
2021-11-08,45.69118881225586
2021-11-09,45.513362884521484
2021-11-10,45.326663970947266
2021-11-11,46.10906982421875
2021-11-12,46.233543395996094
2021-11-15,46.0823974609375
2021-11-16,46.14463806152344
2021-11-17,45.904579162597656
2021-11-18,45.344444274902344
2021-11-19,45.273311614990234
2021-11-22,44.908775329589844
2021-11-23,44.86432647705078
2021-11-24,44.80208969116211
2021-11-26,43.29949951171875
2021-11-29,43.46842956542969
2021-11-30,43.42396926879883
2021-12-01,43.58401107788086
2021-12-02,44.11747360229492
2021-12-03,43.49510192871094
2021-12-06,43.83296203613281
2021-12-07,44.52646255493164
2021-12-08,44.70428466796875
2021-12-09,44.490901947021484
2021-12-10,44.52646255493164
2021-12-13,43.82032775878906
2021-12-14,43.721126556396484
2021-12-15,43.59486389160156
2021-12-16,43.64897537231445
2021-12-17,43.432533264160156
2021-12-20,42.783206939697266
2021-12-21,43.50468063354492
2021-12-22,43.71210479736328
2021-12-23,43.937564849853516
2021-12-27,44.13597106933594
2021-12-28,43.99167251586914
2021-12-29,43.79327392578125
2021-12-30,44.294960021972656
2021-12-31,44.07840347290039
2022-01-03,44.39421844482422
2022-01-04,44.24081802368164
2022-01-05,43.518959045410156
2022-01-06,43.717472076416016
2022-01-07,44.114498138427734
2022-01-10,44.114498138427734
2022-01-11,45.134117126464844
2022-01-12,45.8830451965332
2022-01-13,45.233375549316406
2022-01-14,45.21532440185547
2022-01-18,44.412261962890625
2022-01-19,44.601749420166016
2022-01-20,44.86342239379883
2022-01-21,44.21375274658203
2022-01-24,43.59115219116211
2022-01-25,43.50994110107422
2022-01-26,42.95952606201172
2022-01-27,42.4632453918457
2022-01-28,42.670780181884766
2022-01-31,44.06937789916992
2022-02-01,44.3400764465332
2022-02-02,44.26789474487305
2022-02-03,43.798683166503906
2022-02-04,43.90696334838867
2022-02-07,43.81673812866211
2022-02-08,44.24081802368164
2022-02-09,44.93560791015625
2022-02-10,44.63783645629883
2022-02-11,43.96110153198242
2022-02-14,43.65431594848633
2022-02-15,44.601749420166016
2022-02-16,44.92658615112305
2022-02-17,44.403236389160156
2022-02-18,43.96110153198242
2022-02-22,43.338497161865234
2022-02-23,42.83319854736328
2022-02-24,41.94892120361328
2022-02-25,42.724918365478516
2022-02-28,42.16548156738281
2022-03-01,41.606040954589844
2022-03-02,41.678226470947266
2022-03-03,41.09171676635742
2022-03-04,40.26158142089844
2022-03-07,38.75470733642578
2022-03-08,38.88103103637695
2022-03-09,39.98186492919922
2022-03-10,39.23294448852539
2022-03-11,38.411827087402344
2022-03-14,37.4824333190918
2022-03-15,37.53657150268555
2022-03-16,40.559349060058594
2022-03-17,40.3518180847168
2022-03-18,40.92930221557617
2022-03-21,40.29767990112305
2022-03-22,41.02855682373047
2022-03-23,40.75785827636719
2022-03-24,40.974422454833984
2022-03-25,40.64958572387695
2022-03-28,40.78492736816406
2022-03-29,41.47971725463867
2022-03-30,41.36241149902344
2022-03-31,40.739810943603516
2022-04-01,41.41655731201172
2022-04-04,42.147438049316406
2022-04-05,41.371437072753906
2022-04-06,40.83004379272461
2022-04-07,40.50520706176758
2022-04-08,40.54130935668945
2022-04-11,40.036006927490234
2022-04-12,39.90968322753906
2022-04-13,40.43302917480469
2022-04-14,39.90968322753906
2022-04-18,39.77432632446289
2022-04-19,39.57582092285156
2022-04-20,39.341217041015625
2022-04-21,38.58325958251953
2022-04-22,38.240386962890625
2022-04-25,37.960662841796875
2022-04-26,37.13052749633789
2022-04-27,37.56364822387695
2022-04-28,38.10503387451172
2022-04-29,38.240386962890625
2022-05-02,38.18624496459961
2022-05-03,38.46596145629883
2022-05-04,38.88103103637695
2022-05-05,37.44634246826172
2022-05-06,36.9320182800293
2022-05-09,35.867279052734375
2022-05-10,36.038719177246094
2022-05-11,35.78607177734375
2022-05-12,35.55146789550781
2022-05-13,36.534996032714844
2022-05-16,36.39063262939453
2022-05-17,37.28392791748047
2022-05-18,36.39063262939453
2022-05-19,36.96811294555664
2022-05-20,37.12150573730469
2022-05-23,37.40122604370117
2022-05-24,36.751556396484375
2022-05-25,36.9320182800293
2022-05-26,37.50950622558594
2022-05-27,37.9426155090332
2022-05-31,38.47499465942383
2022-06-01,38.204280853271484
2022-06-02,38.86298751831055
2022-06-03,38.231361389160156
2022-06-06,38.43889236450195
2022-06-07,38.556190490722656
2022-06-08,38.763729095458984
2022-06-09,37.84646224975586
2022-06-10,37.42786407470703
2022-06-13,36.11747741699219
2022-06-14,36.61796951293945
2022-06-15,37.10027313232422
2022-06-16,35.9627799987793
2022-06-17,36.09927749633789
2022-06-21,36.681678771972656
2022-06-22,36.02648162841797
2022-06-23,36.135677337646484
2022-06-24,36.99107360839844
2022-06-27,37.03656768798828
2022-06-28,36.80907440185547
2022-06-29,36.663475036621094
2022-06-30,36.490577697753906
2022-07-01,36.26307678222656
2022-07-05,35.980979919433594
2022-07-06,35.7625846862793
2022-07-07,36.48147964477539
2022-07-08,36.48147964477539
2022-07-11,35.50778579711914
2022-07-12,35.37128448486328
2022-07-13,35.289390563964844
2022-07-14,34.97089385986328
2022-07-15,35.15288543701172
2022-07-18,35.398590087890625
2022-07-19,35.980979919433594
2022-07-20,35.8262825012207
2022-07-21,36.235774993896484
2022-07-22,35.87178421020508
2022-07-25,35.99918746948242
2022-07-26,35.71708297729492
2022-07-27,36.381378173828125
2022-07-28,36.53608322143555
2022-07-29,36.3631706237793
2022-08-01,36.05378341674805
2022-08-02,35.880882263183594
2022-08-03,36.16297912597656
2022-08-04,36.41777420043945
2022-08-05,36.45417785644531
2022-08-08,36.49967956542969
2022-08-09,36.3631706237793
2022-08-10,36.81816864013672
2022-08-11,36.963768005371094
2022-08-12,37.355064392089844
2022-08-15,37.182167053222656
2022-08-16,37.17306900024414
2022-08-17,37.01837158203125
2022-08-18,36.80907440185547
2022-08-19,36.3085823059082
2022-08-22,35.99008560180664
2022-08-23,36.18117904663086
2022-08-24,36.172080993652344
2022-08-25,36.95466995239258
2022-08-26,36.40867614746094
2022-08-29,36.18117904663086
2022-08-30,35.75348663330078
2022-08-31,35.880882263183594
2022-09-01,35.59878158569336
2022-09-02,35.27119064331055
2022-09-06,34.852596282958984
2022-09-07,35.16199493408203
2022-09-08,34.97089385986328
2022-09-09,35.48958969116211
2022-09-12,36.01738357543945
2022-09-13,34.907196044921875
2022-09-14,35.0800895690918
2022-09-15,34.707000732421875
2022-09-16,34.38850402832031
2022-09-19,34.49769592285156
2022-09-20,34.30659866333008
2022-09-21,33.73330307006836
2022-09-22,33.56951141357422
2022-09-23,32.74141311645508
2022-09-26,32.34103012084961
2022-09-27,32.304622650146484
2022-09-28,32.58671569824219
2022-09-29,31.858726501464844
2022-09-30,31.74043083190918
2022-10-03,32.25912094116211
2022-10-04,33.3147087097168
2022-10-05,33.332916259765625
2022-10-06,33.132713317871094
2022-10-07,32.441123962402344
2022-10-10,31.986125946044922
2022-10-11,31.47652816772461
2022-10-12,31.512937545776367
2022-10-13,31.60393524169922
2022-10-14,31.1307373046875
2022-10-17,31.986125946044922
2022-10-18,31.99522590637207
2022-10-19,31.412832260131836
2022-10-20,31.613035202026367
2022-10-21,32.09532928466797
2022-10-24,30.875938415527344
2022-10-25,31.1307373046875
2022-10-26,31.640329360961914
2022-10-27,31.394636154174805
2022-10-28,31.203536987304688
2022-10-31,31.112531661987305
2022-11-01,31.685832977294922
2022-11-02,31.42192840576172
2022-11-03,31.60393524169922
2022-11-04,32.941612243652344
2022-11-07,32.95981979370117
2022-11-08,33.196414947509766
2022-11-09,32.62311553955078
2022-11-10,33.80610656738281
2022-11-11,34.72519302368164
2022-11-14,34.515899658203125
2022-11-15,35.30759048461914
2022-11-16,34.7433967590332
2022-11-17,34.80710220336914
2022-11-18,34.60689926147461
2022-11-21,34.170108795166016
2022-11-22,34.25200271606445
2022-11-23,34.53409957885742
2022-11-25,34.37030029296875
2022-11-28,34.21560287475586
2022-11-29,34.952693939208984
2022-11-30,35.9627799987793
2022-12-01,35.844486236572266
2022-12-02,35.980979919433594
2022-12-05,35.57148742675781
2022-12-06,35.52598190307617
2022-12-07,35.31669235229492
2022-12-08,35.744380950927734
2022-12-09,35.50778579711914
2022-12-12,35.398590087890625
2022-12-13,35.651729583740234
2022-12-14,35.67020034790039
2022-12-15,34.84796905517578
2022-12-16,34.949588775634766
2022-12-19,34.9773063659668
2022-12-20,34.96807098388672
2022-12-21,35.28218460083008
2022-12-22,34.96807098388672
2022-12-23,34.921875
2022-12-27,35.439239501953125
2022-12-28,34.921875
2022-12-29,35.503910064697266
2022-12-30,35.01426315307617
2023-01-03,35.309898376464844
2023-01-04,36.37233352661133
2023-01-05,36.261470794677734
2023-01-06,37.0190315246582
2023-01-09,37.29619598388672
2023-01-10,37.564117431640625
2023-01-11,37.72117614746094
2023-01-12,37.905941009521484
2023-01-13,38.1553840637207
2023-01-17,37.94289779663086
2023-01-18,37.6842155456543
2023-01-19,37.97060775756836
2023-01-20,38.552642822265625
2023-01-23,38.82979965209961
2023-01-24,38.857521057128906
2023-01-25,38.89447021484375
2023-01-26,39.264015197753906
2023-01-27,39.07923889160156
2023-01-30,38.29396057128906
2023-01-31,38.2108154296875
2023-02-01,38.681983947753906
2023-02-02,38.45101547241211
2023-02-03,37.76736068725586
2023-02-06,37.21304702758789
2023-02-07,37.36086654663086
2023-02-08,37.31467056274414
2023-02-09,37.49020767211914
2023-02-10,37.12989807128906
2023-02-13,37.434776306152344
2023-02-14,37.3701057434082
2023-02-15,37.05599594116211
2023-02-16,37.06523132324219
2023-02-17,36.65873336791992
2023-02-21,36.19680404663086
2023-02-22,36.02127456665039
2023-02-23,36.19680404663086
2023-02-24,35.38380813598633
2023-02-27,35.56857681274414
2023-02-28,35.319129943847656
2023-03-01,36.07670593261719
2023-03-02,36.20603942871094
2023-03-03,36.52939224243164
2023-03-06,36.400054931640625
2023-03-07,35.790306091308594
2023-03-08,35.93812561035156
2023-03-09,35.14360046386719
2023-03-10,34.958839416503906
2023-03-13,35.01426315307617
2023-03-14,35.03274154663086
2023-03-15,34.432228088378906
2023-03-16,34.958839416503906
2023-03-17,34.74634552001953
2023-03-20,34.87568283081055
2023-03-21,35.18980407714844
2023-03-22,35.3283805847168
2023-03-23,35.81801986694336
2023-03-24,35.72563552856445
2023-03-27,35.53162384033203
2023-03-28,36.03974533081055
2023-03-29,36.14136505126953
2023-03-30,36.501678466796875
2023-03-31,36.45548629760742
2023-04-03,36.52939224243164
2023-04-04,36.52939224243164
2023-04-05,36.24299621582031
2023-04-06,36.39081573486328
2023-04-10,36.42776870727539
2023-04-11,36.64949035644531
2023-04-12,36.39081573486328
2023-04-13,36.88969802856445
2023-04-14,36.6956901550293
2023-04-17,36.85273742675781
2023-04-18,36.80654525756836
2023-04-19,36.43700408935547
2023-04-20,36.38157272338867
2023-04-21,36.03974533081055
2023-04-24,35.956600189208984
2023-04-25,35.28218460083008
2023-04-26,35.48543167114258
2023-04-27,35.96583938598633
2023-04-28,36.150611877441406
2023-05-01,36.03050994873047
2023-05-02,35.67943572998047
2023-05-03,35.6240119934082
2023-05-04,35.910404205322266
2023-05-05,36.39081573486328
2023-05-08,36.40928649902344
2023-05-09,36.18756103515625
2023-05-10,36.169090270996094
2023-05-11,36.03974533081055
2023-05-12,35.614768981933594
2023-05-15,36.27070999145508
2023-05-16,36.012027740478516
2023-05-17,36.17832565307617
2023-05-18,35.98431396484375
2023-05-19,36.012027740478516
2023-05-22,36.30766677856445
2023-05-23,35.74410629272461
2023-05-24,35.476192474365234
2023-05-25,35.40228271484375
2023-05-26,36.03050994873047
2023-05-30,35.614768981933594
2023-05-31,35.28218460083008
2023-06-01,35.910404205322266
2023-06-02,36.52939224243164
2023-06-05,36.52014923095703
2023-06-06,36.843505859375
2023-06-07,36.685218811035156
2023-06-08,36.945926666259766
2023-06-09,37.113525390625
2023-06-12,37.18800735473633
2023-06-13,37.56045150756836
2023-06-14,37.83977508544922
2023-06-15,38.19359588623047
2023-06-16,38.0632438659668
2023-06-20,37.318363189697266
2023-06-21,37.141448974609375
2023-06-22,37.01110076904297
2023-06-23,36.47106170654297
2023-06-26,36.592105865478516
2023-06-27,36.96454620361328
2023-06-28,36.741085052490234
2023-06-29,36.54555130004883
2023-06-30,36.83419418334961
2023-07-03,37.24386978149414
2023-07-05,37.020408630371094
2023-07-06,36.2662239074707
2023-07-07,36.675907135009766
2023-07-10,36.70384216308594
2023-07-11,37.07627868652344
2023-07-12,37.90495300292969
2023-07-13,38.3984375
2023-07-14,38.18428421020508
2023-07-17,38.230838775634766
2023-07-18,37.951515197753906
2023-07-19,37.877017974853516
2023-07-20,37.597694396972656
2023-07-21,37.54182815551758
2023-07-24,38.053932189941406
2023-07-25,38.37050247192383
2023-07-26,38.59396743774414
2023-07-27,38.11910629272461
2023-07-28,39.040889739990234
2023-07-31,39.05951690673828
2023-08-01,38.56603240966797
2023-08-02,37.64424133300781
2023-08-03,37.7932243347168
2023-08-04,37.74666976928711
2023-08-07,37.69080352783203
2023-08-08,37.23456573486328
2023-08-09,37.32767868041992
2023-08-10,37.383544921875
2023-08-11,36.83419418334961
2023-08-14,36.657283782958984
2023-08-15,36.2382926940918
2023-08-16,35.91240692138672
2023-08-17,35.99620056152344
2023-08-18,35.75412368774414
2023-08-21,35.83792495727539
2023-08-22,35.76343536376953
2023-08-23,36.33140182495117
2023-08-24,36.191734313964844
2023-08-25,36.228981018066406
2023-08-28,36.582801818847656
2023-08-29,37.04834747314453
2023-08-30,36.92730712890625
2023-08-31,36.47106170654297
2023-09-01,36.899375915527344
2023-09-05,36.601417541503906
2023-09-06,36.39657974243164
2023-09-07,35.96826934814453
2023-09-08,36.04275894165039
2023-09-11,36.48968505859375
2023-09-12,36.37795639038086
2023-09-13,36.33140182495117
2023-09-14,36.573486328125
2023-09-15,36.43382263183594
2023-09-18,36.38726806640625
2023-09-19,36.173118591308594
2023-09-20,36.02413558959961
2023-09-21,35.40030288696289
2023-09-22,35.819297790527344
2023-09-25,35.661014556884766
2023-09-26,35.15821838378906
2023-09-27,35.21408462524414
2023-09-28,35.307193756103516
2023-09-29,35.33512878417969
2023-10-02,35.15821838378906
2023-10-03,34.692665100097656
2023-10-04,34.590248107910156
2023-10-05,34.72060012817383
2023-10-06,35.223392486572266
2023-10-09,35.05580139160156
2023-10-10,35.558589935302734
2023-10-11,35.78205490112305
2023-10-12,35.381683349609375
2023-10-13,35.2513313293457
2023-10-16,35.51203918457031
2023-10-17,35.41892623901367
2023-10-18,34.8788948059082
2023-10-19,34.674049377441406
2023-10-20,34.25505828857422
2023-10-23,34.22711944580078
2023-10-24,34.66474151611328
2023-10-25,34.2085075378418
2023-10-26,34.04090118408203
2023-10-27,34.012969970703125
2023-10-30,34.366790771484375
2023-10-31,34.1712532043457
2023-11-01,34.487831115722656
2023-11-02,35.09303665161133
2023-11-03,35.80998611450195
2023-11-06,36.09862518310547
2023-11-07,36.033451080322266
2023-11-08,35.79136276245117
2023-11-09,35.456172943115234
2023-11-10,35.70756912231445
2023-11-13,35.6982536315918
2023-11-14,36.64797592163086
2023-11-15,36.95523452758789
2023-11-16,36.601417541503906
2023-11-17,36.64797592163086
2023-11-20,37.104209899902344
2023-11-21,36.87143325805664
2023-11-22,36.79695129394531
2023-11-24,36.815574645996094
2023-11-27,36.666595458984375
2023-11-28,36.97385787963867
2023-11-29,36.759708404541016
2023-11-30,36.83419418334961
2023-12-01,36.99248123168945
2023-12-04,36.573486328125
2023-12-05,36.35002517700195
2023-12-06,36.30347442626953
2023-12-07,36.480377197265625
2023-12-08,36.322086334228516
2023-12-11,36.53624725341797
2023-12-12,36.54555130004883
2023-12-13,36.90868377685547
2023-12-14,37.448726654052734
2023-12-15,37.22525405883789
2023-12-18,37.20663070678711
2023-12-19,37.52320861816406
2023-12-20,36.84772872924805
2023-12-21,37.540283203125
2023-12-22,37.36002731323242
2023-12-26,37.65412521362305
2023-12-27,37.8723258972168
2023-12-28,38.16642761230469
2023-12-29,38.14745330810547
2024-01-02,37.701560974121094
2024-01-03,37.49284744262695
2024-01-04,37.36951446533203
2024-01-05,37.41694641113281
2024-01-08,37.52130889892578
2024-01-09,36.99003601074219
2024-01-10,36.90464782714844
2024-01-11,37.05643844604492
2024-01-12,37.18925476074219
2024-01-16,36.28799057006836
2024-01-17,35.74722671508789
2024-01-18,36.041324615478516
2024-01-19,36.420806884765625
2024-01-22,36.09824752807617
2024-01-23,36.41132354736328
2024-01-24,36.81926345825195
2024-01-25,36.866703033447266
2024-01-26,36.895164489746094
2024-01-29,36.91413497924805
2024-01-30,36.62003707885742
2024-01-31,36.420806884765625
2024-02-01,36.771827697753906
2024-02-02,36.66747283935547
2024-02-05,36.714908599853516
2024-02-06,37.549774169921875
2024-02-07,37.59720993041992
2024-02-08,37.388484954833984
2024-02-09,37.549774169921875
2024-02-12,37.8438606262207
2024-02-13,37.13233947753906
2024-02-14,37.663612365722656
2024-02-15,37.8438606262207
2024-02-16,38.02412033081055
2024-02-20,38.0810432434082
2024-02-21,38.14745330810547
2024-02-22,38.53641891479492
2024-02-23,38.51744842529297
2024-02-26,38.3466796875
2024-02-27,38.422576904296875
2024-02-28,37.91976547241211
2024-02-29,37.93873596191406
2024-03-01,38.403602600097656
2024-03-04,38.31821823120117
2024-03-05,37.97667694091797
2024-03-06,38.52693557739258
2024-03-07,38.76411437988281
2024-03-08,38.72616195678711
2024-03-11,38.811546325683594
2024-03-12,39.238460540771484
2024-03-13,39.11513137817383
2024-03-14,38.9159049987793
2024-03-15,38.67873001098633
2024-03-18,38.745140075683594
2024-03-19,38.55539321899414
2024-03-20,38.991798400878906
2024-03-21,39.03923797607422
2024-03-22,38.76411437988281
2024-03-25,38.79257583618164
2024-03-26,38.76411437988281
2024-03-27,38.83052062988281
2024-03-28,38.97282791137695
2024-04-01,39.03923797607422
2024-04-02,39.162567138671875
2024-04-03,39.1910285949707
2024-04-04,39.04872512817383
2024-04-05,39.13410568237305
2024-04-08,39.3902587890625
2024-04-09,39.65589141845703
2024-04-10,39.11513137817383
2024-04-11,39.35231399536133
2024-04-12,38.45103454589844
2024-04-15,38.204376220703125
2024-04-16,37.701560974121094
2024-04-17,37.673099517822266
2024-04-18,37.82489013671875
2024-04-19,37.673099517822266
2024-04-22,38.0810432434082
2024-04-23,38.39411926269531
2024-04-24,38.52693557739258
2024-04-25,38.6123161315918
2024-04-26,39.05820846557617
2024-04-29,39.43769454956055
2024-04-30,38.88744354248047
2024-05-01,38.925392150878906
2024-05-02,39.93101501464844
2024-05-03,40.29153060913086
2024-05-06,40.32947540283203
2024-05-07,40.10178756713867
2024-05-08,40.11127471923828
2024-05-09,40.23460388183594
2024-05-10,40.31999206542969
2024-05-13,40.62358093261719
2024-05-14,40.84177780151367
2024-05-15,41.27817916870117
2024-05-16,41.36356735229492
2024-05-17,41.5438232421875
2024-05-20,41.39202880859375
2024-05-21,41.13587951660156
2024-05-22,41.00305938720703
2024-05-23,40.6994743347168
2024-05-24,40.81331253051758
2024-05-28,40.75639724731445
2024-05-29,40.14922332763672
2024-05-30,40.035377502441406
2024-05-31,39.64640808105469
2024-06-03,40.0638427734375
2024-06-04,39.50410461425781
2024-06-05,40.139739990234375
2024-06-06,40.33896255493164
2024-06-07,39.883583068847656
2024-06-10,40.12076187133789
2024-06-11,39.987022399902344
2024-06-12,40.38823318481445
2024-06-13,40.29270553588867
2024-06-14,40.34047317504883
2024-06-17,40.598388671875
2024-06-18,40.97093963623047
2024-06-20,40.904075622558594
2024-06-21,40.76077651977539
2024-06-24,40.76077651977539
2024-06-25,40.665252685546875
2024-06-26,40.57928466796875
2024-06-27,40.60793685913086
2024-06-28,40.68436050415039
2024-07-01,40.779884338378906
2024-07-02,40.904075622558594
2024-07-03,41.505882263183594
2024-07-05,41.67782974243164
2024-07-08,41.6873779296875
2024-07-09,41.85932540893555
2024-07-10,42.098140716552734
2024-07-11,42.34650802612305
2024-07-12,42.51845169067383
2024-07-15,42.069480895996094
2024-07-16,42.30829620361328
2024-07-17,41.620513916015625
2024-07-18,41.22885513305664
2024-07-19,40.82765197753906
2024-07-22,41.171539306640625
2024-07-23,40.80854415893555
2024-07-24,40.21628189086914
2024-07-25,40.053890228271484
2024-07-26,40.46465301513672
2024-07-29,40.33091735839844
2024-07-30,40.1494140625
2024-07-31,41.02825164794922
2024-08-01,40.31181335449219
2024-08-02,39.7386589050293
2024-08-05,38.61145782470703
2024-08-06,38.83116149902344
2024-08-07,39.06998062133789
2024-08-08,39.95836639404297
2024-08-09,40.17807388305664
2024-08-12,40.31181335449219
2024-08-13,40.76077651977539
2024-08-14,40.541072845458984
2024-08-15,40.99004364013672
2024-08-16,41.467674255371094
2024-08-19,41.86888122558594
2024-08-20,41.544097900390625
2024-08-21,41.706485748291016
2024-08-22,41.19064712524414
2024-08-23,41.8784294128418
2024-08-26,41.524993896484375
2024-08-27,41.582305908203125
2024-08-28,41.324378967285156
2024-08-29,41.34348678588867
2024-08-30,41.42945861816406
2024-09-03,40.60793685913086
2024-09-04,40.598388671875
2024-09-05,40.655704498291016
2024-09-06,39.91059875488281
2024-09-09,40.24494552612305
2024-09-10,40.09210205078125
2024-09-11,40.38823318481445
2024-09-12,40.722572326660156
2024-09-13,40.91362762451172
2024-09-16,41.047359466552734
2024-09-17,41.095123291015625
2024-09-18,40.95183563232422
2024-09-19,41.82111358642578
2024-09-20,41.73514175415039
2024-09-23,42.05992889404297
2024-09-24,43.49281311035156
2024-09-25,43.0342903137207
2024-09-26,44.61046600341797
2024-09-27,44.52449417114258
2024-09-30,43.808048248291016
2024-10-01,44.12328338623047
2024-10-02,44.99256896972656
2024-10-03,44.45762252807617
2024-10-04,44.868385314941406
2024-10-07,45.24093246459961
2024-10-08,44.12328338623047
2024-10-09,43.88446807861328
2024-10-10,43.97044372558594
2024-10-11,44.285675048828125
2024-10-14,44.10417938232422
2024-10-15,43.168025970458984
2024-10-16,43.50236892700195
2024-10-17,43.43549346923828
2024-10-18,43.86536407470703
2024-10-21,43.5596809387207
2024-10-22,43.46415710449219
2024-10-23,43.20623779296875
2024-10-24,43.13936996459961
2024-10-25,43.101158142089844
2024-10-28,43.29220962524414
2024-10-29,43.15847396850586
2024-10-30,42.73816680908203
2024-10-31,42.46113967895508
2024-11-01,42.49934768676758
2024-11-04,42.73816680908203
2024-11-05,43.320865631103516
2024-11-06,42.785926818847656
2024-11-07,43.73162841796875
2024-11-08,42.652191162109375
2024-11-11,42.3274040222168
2024-11-12,41.524993896484375
2024-11-13,41.257511138916016
2024-11-14,41.02825164794922
2024-11-15,41.02825164794922
2024-11-18,41.4963264465332
2024-11-19,41.467674255371094
2024-11-20,41.41990661621094
2024-11-21,41.33393478393555
2024-11-22,41.34348678588867
2024-11-25,41.37214279174805
2024-11-26,41.200199127197266
2024-11-27,41.257511138916016
2024-11-29,41.324378967285156
2024-12-02,41.486778259277344
2024-12-03,41.57275390625
2024-12-04,41.67782974243164
2024-12-05,41.95484924316406
2024-12-06,41.88798141479492
2024-12-09,42.74771499633789
2024-12-10,42.05992889404297
2024-12-11,42.231876373291016
2024-12-12,42.02172088623047
2024-12-13,42.05992889404297
2024-12-16,41.83066940307617
2024-12-17,41.730613708496094
2024-12-18,40.75923156738281
2024-12-19,40.895225524902344
2024-12-20,41.06036376953125
2024-12-23,41.29349136352539
2024-12-24,41.41977310180664
2024-12-26,41.274070739746094
2024-12-27,41.08950424194336
2024-12-30,40.75923156738281
2024-12-31,40.62323760986328
2025-01-02,40.56495666503906
2025-01-03,40.94380187988281
2025-01-06,41.08950424194336
2025-01-07,40.79808807373047
2025-01-08,40.60381317138672
2025-01-10,39.91413116455078
2025-01-13,39.642147064208984
2025-01-14,40.0889778137207
2025-01-15,40.613529205322266
2025-01-16,40.56495666503906
2025-01-17,40.88551330566406
2025-01-21,41.322635650634766
2025-01-22,41.351776123046875
2025-01-23,41.448909759521484
2025-01-24,41.72090530395508
2025-01-27,40.96322250366211
2025-01-28,41.26435470581055
2025-01-29,41.274070739746094
2025-01-30,41.97346115112305
2025-01-31,41.49748229980469
2025-02-03,41.196353912353516
2025-02-04,41.934608459472656
2025-02-05,41.827754974365234
2025-02-06,42.00260543823242
2025-02-07,41.963748931884766
2025-02-10,42.4688720703125
2025-02-11,42.303733825683594
2025-02-12,42.536865234375
2025-02-13,42.8088493347168
2025-02-14,43.139122009277344
2025-02-18,43.411109924316406
2025-02-19,43.343109130859375
2025-02-20,43.74137878417969
2025-02-21,43.61510467529297
2025-02-24,42.944847106933594
2025-02-25,42.9739875793457
2025-02-26,43.40139389038086
2025-02-27,42.55629348754883
2025-02-28,41.97346115112305
2025-03-03,41.60434341430664
2025-03-04,41.95403289794922
2025-03-05,43.20711898803711
2025-03-06,42.93513488769531
2025-03-07,43.148834228515625
2025-03-10,42.11916732788086
2025-03-11,42.4688720703125
2025-03-12,42.70199966430664
2025-03-13,42.52714920043945
2025-03-14,43.304256439208984
2025-03-17,44.04250717163086
2025-03-18,43.819091796875
2025-03-19,43.925941467285156
2025-03-20,43.51796340942383
2025-03-21,43.304256439208984
2025-03-24,43.498531341552734
2025-03-25,43.372257232666016
2025-03-26,43.109981536865234
2025-03-27,43.32368469238281
2025-03-28,42.51743698120117
2025-03-31,42.449440002441406
2025-04-01,42.58543395996094
2025-04-02,42.643714904785156
2025-04-03,41.740333557128906
2025-04-04,39.41872787475586
2025-04-07,37.951934814453125
2025-04-08,37.41767501831055
2025-04-09,40.01126480102539
2025-04-10,39.32158660888672
2025-04-11,40.55524444580078
2025-04-14,40.92436981201172
2025-04-15,40.88551330566406
2025-04-16,40.40953826904297
2025-04-17,40.720375061035156
2025-04-21,40.710662841796875
2025-04-22,41.322635650634766
2025-04-23,41.798614501953125
2025-04-24,42.284305572509766
2025-04-25,42.20659255981445
2025-04-28,42.284305572509766
2025-04-29,42.40087127685547
2025-04-30,42.50772476196289
2025-05-01,42.498008728027344
2025-05-02,43.71223831176758
2025-05-05,44.04250717163086
2025-05-06,43.86766052246094
2025-05-07,43.36254119873047
2025-05-08,43.33340072631836
2025-05-09,43.62481689453125
2025-05-12,44.56705856323242
2025-05-13,44.6447639465332
2025-05-14,44.9847526550293
2025-05-15,44.96532440185547
2025-05-16,44.936180114746094
2025-05-19,45.03331756591797
2025-05-20,44.9847526550293
2025-05-21,44.86818313598633
2025-05-22,44.722476959228516
2025-05-23,44.907039642333984
2025-05-27,44.80018615722656
2025-05-28,44.596195220947266
2025-05-29,44.76133346557617
2025-05-30,44.21735763549805
2025-06-02,44.53791046142578
2025-06-03,44.6447639465332
2025-06-04,45.19845199584961
2025-06-05,45.43158721923828
2025-06-06,45.577293395996094
2025-06-09,45.96584701538086
2025-06-10,46.228118896484375
2025-06-11,46.422401428222656
2025-06-12,46.50010681152344
2025-06-13,45.76185989379883
2025-06-16,46.32286834716797
2025-06-17,45.714778900146484
2025-06-18,45.7049674987793
2025-06-20,45.44015884399414
2025-06-23,45.8128547668457
2025-06-24,46.99961471557617
2025-06-25,47.038848876953125
2025-06-26,47.35270309448242
2025-06-27,47.166351318359375
2025-06-30,47.313472747802734
2025-07-01,47.4017448425293
2025-07-02,47.60771179199219
2025-07-03,47.823482513427734
2025-07-07,47.14673614501953
2025-07-08,47.440975189208984
2025-07-09,47.36251449584961
2025-07-10,47.490013122558594
2025-07-11,47.33308792114258
2025-07-14,47.4017448425293
2025-07-15,47.745018005371094
2025-07-16,47.970603942871094
2025-07-17,48.24522399902344
2025-07-18,48.1373405456543
2025-07-21,48.45119094848633
2025-07-22,48.480613708496094
2025-07-23,48.971012115478516
2025-07-24,48.706199645996094
2025-07-25,48.55907440185547
2025-07-28,48.235416412353516
2025-07-29,48.255035400390625
2025-07-30,47.901947021484375
2025-07-31,47.62732696533203
2025-08-01,47.27424240112305
2025-08-04,47.7646369934082
2025-08-05,47.901947021484375
2025-08-06,48.12752914428711
2025-08-07,48.5296516418457
2025-08-08,48.490421295166016
2025-08-11,48.353111267089844
2025-08-12,48.94158935546875
2025-08-13,49.53006362915039
2025-08-14,48.921974182128906
2025-08-15,48.98081970214844
2025-08-18,49.26525115966797
2025-08-19,48.86312484741211
2025-08-20,48.794471740722656
2025-08-21,48.68658447265625
2025-08-22,49.657569885253906
2025-08-25,49.373138427734375
2025-08-26,49.245635986328125
2025-08-27,48.95139694213867
2025-08-28,49.13774490356445
2025-08-29,48.90235900878906
2025-09-02,48.86312484741211
2025-09-03,49.04947280883789
2025-09-04,48.892547607421875
2025-09-05,49.48102569580078
2025-09-08,49.93218994140625
2025-09-09,50.206809997558594
2025-09-10,50.55009078979492
2025-09-11,51.28568649291992
2025-09-12,51.25625991821289
2025-09-15,51.62895965576172
2025-09-16,52.011470794677734
2025-09-17,52.23705291748047
2025-09-18,52.109554290771484
2025-09-19,51.99185562133789
2025-09-22,52.24686050415039
2025-09-23,52.276283264160156
2025-09-24,52.0997428894043
2025-09-25,51.79569625854492
2025-09-26,51.69761657714844
2025-09-29,52.16839599609375
2025-09-30,52.374366760253906
2025-10-01,52.78629684448242
2025-10-02,53.031494140625
2025-10-03,53.18842315673828
2025-10-06,53.43362045288086
2025-10-07,53.021690368652344
2025-10-08,53.44343185424805
2025-10-09,52.89418411254883
2025-10-10,50.942405700683594
2025-10-13,52.423404693603516
2025-10-14,51.9526252746582
2025-10-15,52.80591583251953
2025-10-16,53.14918899536133
2025-10-17,53.139381408691406
2025-10-20,53.865169525146484
2025-10-21,53.26689147949219
2025-10-22,53.21784591674805
2025-10-23,53.688629150390625
2025-10-24,54.04171371459961
2025-10-27,54.63999938964844
2025-10-28,54.62038040161133
2025-10-29,54.934234619140625
2025-10-30,54.36537551879883
2025-10-31,54.23787307739258
2025-11-03,54.581153869628906
2025-11-04,53.58074188232422
2025-11-05,54.06132888793945
2025-11-06,53.659202575683594
2025-11-07,53.50227737426758
2025-11-10,54.4438362121582
2025-11-11,54.502685546875
2025-11-12,54.51249313354492
2025-11-13,53.87498092651367
2025-11-14,53.90440368652344
2025-11-17,53.26689147949219
2025-11-18,53.002071380615234
2025-11-19,52.81571960449219
2025-11-20,52.089935302734375
2025-11-21,52.08012771606445
2025-11-24,52.629371643066406
2025-11-25,52.81571960449219
2025-11-26,53.19823455810547
2025-11-28,53.276695251464844
2025-12-01,53.237464904785156
2025-12-02,53.257080078125
2025-12-03,53.29631423950195
2025-12-04,53.28650665283203
2025-12-05,53.688629150390625
2025-12-08,53.57093048095703
2025-12-09,53.482662200927734
2025-12-10,54.0809440612793
2025-12-11,53.8259391784668
2025-12-12,53.19823455810547
2025-12-15,53.04130554199219
2025-12-16,52.70604705810547
2025-12-17,52.32801055908203
2025-12-18,52.92491149902344
2025-12-19,53.442222595214844
2025-12-22,53.73072052001953
2025-12-23,54.029170989990234
2025-12-24,54.13859939575195
2025-12-26,54.51663589477539
2025-12-29,54.37736129760742
2025-12-30,54.596221923828125
2025-12-31,54.427101135253906
2026-01-02,55.94919204711914
2026-01-05,56.565982818603516
2026-01-06,56.98381042480469
2026-01-07,56.556034088134766
2026-01-08,56.575931549072266
2026-01-09,56.84453582763672
2026-01-12,57.64039611816406
2026-01-13,57.21261978149414
2026-01-14,57.45138168334961
2026-01-15,57.78962326049805
2026-01-16,57.57075881958008
2026-01-20,57.01365661621094
2026-01-21,57.958744049072266
2026-01-22,58.39646911621094
2026-01-23,58.764556884765625
2026-01-26,58.864036560058594
2026-01-27,60.02798843383789
2026-01-28,60.43586730957031
2026-01-29,60.127471923828125
2026-01-30,58.79439926147461
2026-02-02,58.97346878051758
2026-02-03,59.291812896728516
2026-02-04,58.49595260620117
2026-02-05,58.22734832763672
2026-02-06,59.75938415527344
2026-02-09,60.19710922241211
2026-02-10,60.286643981933594
2026-02-11,61.24168014526367
2026-02-12,60.5452995300293
2026-02-13,60.803955078125
2026-02-17,60.55524826049805
2026-02-18,60.873592376708984
2026-02-19,60.724369049072266
2026-02-20,62.01764678955078
2026-02-23,61.331214904785156
2026-02-24,62.296199798583984
2026-02-25,62.98263168334961
2026-02-26,62.38573455810547
2026-02-27,62.25640869140625
2026-03-02,61.18199157714844
2026-03-03,58.117916107177734
2026-03-04,58.744659423828125
2026-03-05,57.33200454711914
2026-03-06,57.02360534667969
2026-03-09,58.147762298583984
2026-03-10,58.37657165527344
2026-03-11,58.52579879760742
2026-03-12,56.655517578125
2026-03-13,56.50629425048828
2026-03-16,58.078125
2026-03-17,58.44620895385742
2026-03-18,57.262367248535156
2026-03-19,57.322052001953125
2026-03-20,55.352291107177734
2026-03-23,57.01365661621094
2026-03-24,56.22774124145508
2026-03-25,57.123085021972656
2026-03-26,55.18317413330078
2026-03-27,54.91456985473633
2026-03-30,54.466896057128906
2026-03-31,56.49634552001953
2026-04-01,56.9340705871582
2026-04-02,56.29737854003906
2026-04-06,56.814693450927734
2026-04-07,57.01365661621094
2026-04-08,60.127471923828125
2026-04-09,59.968299865722656
2026-04-10,60.24685287475586
2026-04-13,60.754215240478516
2026-04-14,61.91816711425781
2026-04-15,61.87837219238281
2026-04-16,62.127079010009766
2026-04-17,63.3109245300293
2026-04-20,62.85330581665039
2026-04-21,61.9281120300293
2026-04-22,63.052268981933594
2026-04-23,62.02759552001953
2026-04-24,63.41040802001953
2026-04-27,63.3109245300293
2026-04-28,62.66428756713867
2026-04-29,62.36583709716797
2026-04-30,63.65911865234375
2026-05-01,63.79838943481445
2026-05-04,63.7685432434082
2026-05-05,65.06182861328125
2026-05-06,67.1410140991211
2026-05-07,66.24566650390625
2026-05-08,67.58869171142578
2026-05-11,67.53894805908203
2026-05-12,65.47965240478516
2026-05-13,66.86246490478516
2026-05-14,67.03158569335938
2026-05-15,64.73352813720703
2026-05-18,64.63404846191406
2026-05-19,63.9277229309082
2026-05-20,65.12151336669922
2026-05-21,65.68856811523438
2026-05-22,65.53933715820312
2026-05-26,68.04631042480469
2026-05-27,68.03636169433594
2026-05-28,68.2552261352539
2026-05-29,68.24527740478516
2026-06-01,69.7176284790039
2026-06-02,70.43390655517578
2026-06-03,69.5584487915039
2026-06-04,68.74269104003906
2026-06-05,64.25601196289062
2026-06-08,65.4100112915039
2026-06-09,65.47965240478516
2026-06-10,64.32565307617188
2026-06-11,67.15096282958984
2026-06-12,67.52899932861328
2026-06-15,69.75
2026-06-16,68.63999938964844
2026-06-17,68.55999755859375
2026-06-18,70.79000091552734
2026-06-22,71.20999908447266
2026-06-23,67.16999816894531
2026-06-24,67.25
2026-06-25,67.95999908447266
2026-06-26,67.19000244140625
2026-06-29,67.43000030517578
2026-06-30,68.41000366210938
2026-07-01,66.4800033569336
2026-07-02,65.69999694824219
2026-07-06,67.56999969482422
2026-07-07,65.72000122070312
2026-07-08,66.2300033569336
2026-07-09,66.77999877929688
2026-07-10,66.9000015258789
2026-07-13,64.5
2026-07-14,65.66999816894531
2026-07-15,65.56999969482422
2026-07-16,64.19000244140625
2026-07-17,63.290000915527344
2026-07-20,63.560001373291016
2026-07-21,65.33999633789062
2026-07-22,64.98999786376953
2026-07-23,64.5999984741211
2026-07-24,63.33000183105469
2026-07-27,63.619998931884766
2026-07-28,62.36000061035156
2026-07-29,61.06999969482422
2026-07-30,63.59000015258789
2026-07-31,64.08999633789062
2026-08-03,64.31999969482422
2026-08-04,66.0
2026-08-05,65.72000122070312
2026-08-06,65.0199966430664
2026-08-07,65.63999938964844
2026-08-10,65.16999816894531
2026-08-11,65.43000030517578
2026-08-12,66.45999908447266
2026-08-13,66.68000030517578
2026-08-14,66.61000061035156
2026-08-17,67.31999969482422
2026-08-18,65.33999633789062
2026-08-19,66.11000061035156
2026-08-20,66.62000274658203
2026-08-21,67.12000274658203
2026-08-24,66.11000061035156
2026-08-25,67.25
2026-08-26,67.16999816894531
2026-08-27,67.61000061035156
2026-08-28,67.13999938964844
2026-08-31,67.0199966430664
2026-09-01,66.7699966430664
2026-09-02,67.1500015258789
2026-09-03,67.47000122070312
2026-09-04,68.69999694824219
2026-09-08,68.83000183105469