2001-08-27,21.856176376342773
2001-08-28,21.606151580810547
2001-08-29,21.507505416870117
2001-08-30,21.20134162902832
2001-08-31,21.25236701965332
2001-09-04,20.76761817932129
2001-09-05,20.64005470275879
2001-09-06,20.17231559753418
2001-09-07,20.05324935913086
2001-09-10,19.823637008666992
2001-09-17,18.956192016601562
2001-09-18,18.803112030029297
2001-09-19,18.752090454101562
2001-09-20,17.935672760009766
2001-09-21,17.433914184570312
2001-09-24,18.241823196411133
2001-09-25,18.45444107055664
2001-09-26,18.547983169555664
2001-09-27,18.840534210205078
2001-09-28,19.207923889160156
2001-10-01,19.10416603088379
2001-10-02,19.171621322631836
2001-10-03,19.367509841918945
2001-10-04,19.573623657226562
2001-10-05,19.604290008544922
2001-10-08,19.48674964904785
2001-10-09,19.435646057128906
2001-10-10,19.827428817749023
2001-10-11,19.96369743347168
2001-10-12,19.938148498535156
2001-10-15,19.62302589416504
2001-10-16,19.89556312561035
2001-10-17,19.912599563598633
2001-10-18,19.75078010559082
2001-10-19,19.554885864257812
2001-10-22,19.69115447998047
2001-10-23,19.847869873046875
2001-10-24,20.047163009643555
2001-10-25,20.018205642700195
2001-10-26,20.147663116455078
2001-10-29,19.7269287109375
2001-10-30,19.503780364990234
2001-10-31,19.558292388916016
2001-11-01,19.970518112182617
2001-11-02,19.96881103515625
2001-11-05,20.168109893798828
2001-11-06,20.37762451171875
2001-11-07,20.193653106689453
2001-11-08,20.338443756103516
2001-11-09,20.30437469482422
2001-11-12,20.031835556030273
2001-11-13,20.215803146362305
2001-11-14,20.23624038696289
2001-11-15,20.323110580444336
2001-11-16,20.43723487854004
2001-11-19,20.539440155029297
2001-11-20,20.398059844970703
2001-11-21,20.345258712768555
2001-11-23,20.40998649597168
2001-11-26,20.607574462890625
2001-11-27,20.447463989257812
2001-11-28,20.09145164489746
2001-11-29,20.135732650756836
2001-11-30,20.21239471435547
2001-12-03,20.04034996032715
2001-12-04,20.324819564819336
2001-12-05,20.813684463500977
2001-12-06,20.8784122467041
2001-12-07,20.56328773498535
2001-12-10,20.168109893798828
2001-12-11,20.208988189697266
2001-12-12,20.292448043823242
2001-12-13,19.81209373474121
2001-12-14,19.926225662231445
2001-12-17,20.163002014160156
2001-12-18,20.21750259399414
2001-12-19,20.00628662109375
2001-12-20,19.909189224243164
2001-12-21,20.009689331054688
2001-12-24,19.935033798217773
2001-12-26,19.917980194091797
2001-12-27,20.18219566345215
2001-12-28,20.34242057800293
2001-12-31,20.335601806640625
2002-01-02,20.44810676574707
2002-01-03,20.632198333740234
2002-01-04,20.768566131591797
2002-01-07,20.492427825927734
2002-01-08,20.258895874023438
2002-01-09,20.045825958251953
2002-01-10,20.093551635742188
2002-01-11,19.979347229003906
2002-01-14,19.779911041259766
2002-01-15,19.76457405090332
2002-01-16,19.416837692260742
2002-01-17,19.696386337280273
2002-01-18,19.68785858154297
2002-01-22,19.45775032043457
2002-01-23,19.508886337280273
2002-01-24,19.614572525024414
2002-01-25,19.33502197265625
2002-01-28,19.51569938659668
2002-01-29,18.97364616394043
2002-01-30,19.183311462402344
2002-01-31,19.15944480895996
2002-02-01,19.11682891845703
2002-02-04,18.960006713867188
2002-02-05,18.58159828186035
2002-02-06,18.554317474365234
2002-02-07,18.760570526123047
2002-02-08,19.012847900390625
2002-02-11,19.244672775268555
2002-02-12,19.236156463623047
2002-02-13,19.261722564697266
2002-02-14,19.415130615234375
2002-02-15,19.295804977416992
2002-02-19,18.88671112060547
2002-02-20,18.971939086914062
2002-02-21,18.842391967773438
2002-02-22,18.9787654876709
2002-02-25,19.217405319213867
2002-02-26,19.108314514160156
2002-02-27,19.32137680053711
2002-02-28,19.389558792114258
2002-03-01,19.75604248046875
2002-03-04,20.431060791015625
2002-03-05,20.2060546875
2002-03-06,20.415721893310547
2002-03-07,20.732770919799805
2002-03-08,20.763458251953125
2002-03-11,20.79583740234375
2002-03-12,20.55719566345215
2002-03-13,20.335601806640625
2002-03-14,20.536741256713867
2002-03-15,20.765155792236328
2002-03-18,20.741294860839844
2002-03-19,20.84527015686035
2002-03-20,20.577651977539062
2002-03-21,20.630496978759766
2002-03-22,20.44810676574707
2002-03-25,20.19582748413086
2002-03-26,20.323671340942383
2002-03-27,20.354351043701172
2002-03-28,20.471973419189453
2002-04-01,20.586181640625
2002-04-02,20.506057739257812
2002-04-03,20.50946617126465
2002-04-04,20.480493545532227
2002-04-05,20.480493545532227
2002-04-08,20.243555068969727
2002-04-09,20.21286964416504
2002-04-10,20.47707748413086
2002-04-11,20.021963119506836
2002-04-12,20.22651481628418
2002-04-15,20.36969566345215
2002-04-16,20.75152587890625
2002-04-17,20.778793334960938
2002-04-18,20.84527015686035
2002-04-19,20.92879295349121
2002-04-22,20.78220558166504
2002-04-23,20.727657318115234
2002-04-24,20.625389099121094
2002-04-25,20.812885284423828
2002-04-26,20.6287899017334
2002-04-29,20.574243545532227
2002-04-30,20.783910751342773
2002-05-01,20.89299774169922
2002-05-02,20.836753845214844
2002-05-03,20.978225708007812
2002-05-06,20.761747360229492
2002-05-07,20.489009857177734
2002-05-08,20.94072914123535
2002-05-09,20.838455200195312
2002-05-10,20.66629409790039
2002-05-13,20.973112106323242
2002-05-14,20.996978759765625
2002-05-15,21.085613250732422
2002-05-16,21.193008422851562
2002-05-17,21.382213592529297
2002-05-20,21.27311897277832
2002-05-21,21.24073028564453
2002-05-22,21.281644821166992
2002-05-23,21.302093505859375
2002-05-24,21.162317276000977
2002-05-28,21.119714736938477
2002-05-29,21.09925079345703
2002-05-30,21.005502700805664
2002-05-31,20.89470672607422
2002-06-03,20.855499267578125
2002-06-04,20.736175537109375
2002-06-05,20.693565368652344
2002-06-06,20.489009857177734
2002-06-07,20.32707977294922
2002-06-10,20.393564224243164
2002-06-11,20.292991638183594
2002-06-12,20.18048095703125
2002-06-13,19.841279983520508
2002-06-14,19.612865447998047
2002-06-17,19.923097610473633
2002-06-18,19.970821380615234
2002-06-19,19.432180404663086
2002-06-20,19.34183692932129
2002-06-21,19.363996505737305
2002-06-24,19.36569595336914
2002-06-25,19.381038665771484
2002-06-26,19.384449005126953
2002-06-27,19.863439559936523
2002-06-28,20.207759857177734
2002-07-01,20.045825958251953
2002-07-02,19.679346084594727
2002-07-03,19.491836547851562
2002-07-05,20.248676300048828
2002-07-08,20.233335494995117
2002-07-09,19.986164093017578
2002-07-10,19.42536163330078
2002-07-11,19.346948623657227
2002-07-12,19.08273696899414
2002-07-15,18.859445571899414
2002-07-16,18.49466323852539
2002-07-17,18.963422775268555
2002-07-18,19.038415908813477
2002-07-19,18.365116119384766
2002-07-22,17.702035903930664
2002-07-23,17.19917869567871
2002-07-24,17.814529418945312
2002-07-25,17.625328063964844
2002-07-26,17.625328063964844
2002-07-29,18.469093322753906
2002-07-30,18.35148048400879
2002-07-31,18.281583786010742
2002-08-01,17.642370223999023
2002-08-02,17.57419204711914
2002-08-05,16.977582931518555
2002-08-06,17.349185943603516
2002-08-07,17.684980392456055
2002-08-08,18.085559844970703
2002-08-09,18.256017684936523
2002-08-12,18.051471710205078
2002-08-13,17.879308700561523
2002-08-14,18.29863929748535
2002-08-15,18.443519592285156
2002-08-16,18.443519592285156
2002-08-19,18.775915145874023
2002-08-20,18.273073196411133
2002-08-21,18.73331069946289
2002-08-22,18.78784942626953
2002-08-23,18.554317474365234
2002-08-26,18.639551162719727
2002-08-27,18.80318832397461
2002-08-28,18.29011344909668
2002-08-29,18.111125946044922
2002-08-30,18.10260772705078
2002-09-03,17.395214080810547
2002-09-04,17.398616790771484
2002-09-05,17.267366409301758
2002-09-06,17.519641876220703
2002-09-09,17.441234588623047
2002-09-10,17.57419204711914
2002-09-11,17.737834930419922
2002-09-12,17.444644927978516
2002-09-13,17.015085220336914
2002-09-16,16.875314712524414
2002-09-17,16.790084838867188
2002-09-18,16.78156089782715
2002-09-19,16.49178123474121
2002-09-20,16.40144157409668
2002-09-23,15.818474769592285
2002-09-24,15.562788009643555
2002-09-25,15.95484733581543
2002-09-26,16.517353057861328
2002-09-27,16.512237548828125
2002-09-30,16.22757339477539
2002-10-01,16.624738693237305
2002-10-02,16.396326065063477
2002-10-03,16.21564483642578
2002-10-04,15.937789916992188
2002-10-07,15.54574203491211
2002-10-08,15.586650848388672
2002-10-09,15.341196060180664
2002-10-10,15.699156761169434
2002-10-11,16.270191192626953
2002-10-14,15.852567672729492
2002-10-15,16.960546493530273
2002-10-16,16.662240982055664
2002-10-17,16.900876998901367
2002-10-18,16.76451301574707
2002-10-21,17.003154754638672
2002-10-22,16.8088321685791
2002-10-23,16.653717041015625
2002-10-24,16.49178123474121
2002-10-25,16.773038864135742
2002-10-28,16.84974479675293
2002-10-29,16.474735260009766
2002-10-30,16.73894691467285
2002-10-31,16.84974479675293
2002-11-01,17.112245559692383
2002-11-04,17.335548400878906
2002-11-05,17.59975814819336
2002-11-06,17.608278274536133
2002-11-07,17.309978485107422
2002-11-08,17.16509246826172
2002-11-11,16.82929039001465
2002-11-12,17.1395206451416
2002-11-13,16.943496704101562
2002-11-14,17.321914672851562
2002-11-15,17.582706451416016
2002-11-18,17.361120223999023
2002-11-19,17.19917869567871
2002-11-20,17.437820434570312
2002-11-21,17.86396598815918
2002-11-22,17.778738021850586
2002-11-25,17.64067268371582
2002-11-26,17.22816276550293
2002-11-27,17.7054386138916
2002-11-29,17.7957820892334
2002-12-02,17.884418487548828
2002-12-03,17.56736946105957
2002-12-04,17.487260818481445
2002-12-05,17.291227340698242
2002-12-06,17.41225242614746
2002-12-09,16.96565818786621
2002-12-10,17.195772171020508
2002-12-11,17.17361068725586
2002-12-12,17.1395206451416
2002-12-13,16.977582931518555
2002-12-16,17.344072341918945
2002-12-17,17.25713348388672
2002-12-18,16.892358779907227
2002-12-19,16.986108779907227
2002-12-20,17.088382720947266
2002-12-23,17.120004653930664
2002-12-24,17.088729858398438
2002-12-26,17.14606475830078
2002-12-27,16.876792907714844
2002-12-30,17.128686904907227
2002-12-31,17.199907302856445
2003-01-02,17.562986373901367
2003-01-03,17.58035659790039
2003-01-06,17.797504425048828
2003-01-07,17.51955795288086
2003-01-08,17.281558990478516
2003-01-09,17.493497848510742
2003-01-10,17.470914840698242
2003-01-13,17.50739288330078
2003-01-14,17.641159057617188
2003-01-15,17.4726505279541
2003-01-16,17.545616149902344
2003-01-17,17.361467361450195
2003-01-21,17.055727005004883
2003-01-22,16.815994262695312
2003-01-23,16.934118270874023
2003-01-24,16.755191802978516
2003-01-27,16.308731079101562
2003-01-28,16.378219604492188
2003-01-29,16.338268280029297
2003-01-30,16.327844619750977
2003-01-31,16.459867477416992
2003-02-03,16.71870994567871
2003-02-04,16.477235794067383
2003-02-05,16.50503921508789
2003-02-06,16.34521484375
2003-02-07,16.10895347595215
2003-02-10,16.16455078125
2003-02-11,16.24272346496582
2003-02-12,16.070737838745117
2003-02-13,16.306997299194336
2003-02-14,16.46160888671875
2003-02-18,16.703079223632812
2003-02-19,16.312206268310547
2003-02-20,16.329578399658203
2003-02-21,16.433809280395508
2003-02-24,16.234031677246094
2003-02-25,16.034257888793945
2003-02-26,15.843165397644043
2003-02-27,15.865751266479492
2003-02-28,16.112436294555664
2003-03-03,16.181921005249023
2003-03-04,15.947396278381348
2003-03-05,15.973459243774414
2003-03-06,15.791055679321289
2003-03-07,15.676400184631348
2003-03-10,15.242101669311523
2003-03-11,15.191720962524414
2003-03-12,15.016265869140625
2003-03-13,15.445350646972656
2003-03-14,15.521782875061035
2003-03-17,15.959565162658691
2003-03-18,16.02730941772461
2003-03-19,16.112436294555664
2003-03-20,16.214923858642578
2003-03-21,16.607528686523438
2003-03-24,16.069000244140625
2003-03-25,16.247928619384766
2003-03-26,16.256616592407227
2003-03-27,16.147178649902344
2003-03-28,16.042943954467773
2003-03-31,15.738933563232422
2003-04-01,15.983882904052734
2003-04-02,16.247928619384766
2003-04-03,16.1575984954834
2003-04-04,16.374744415283203
2003-04-07,16.58669090270996
2003-04-08,16.590152740478516
2003-04-09,16.527616500854492
2003-04-10,16.44249725341797
2003-04-11,16.34868812561035
2003-04-14,16.597108840942383
2003-04-15,16.82468605041504
2003-04-16,16.713497161865234
2003-04-17,16.954959869384766
2003-04-21,16.89590835571289
2003-04-22,17.140844345092773
2003-04-23,17.291988372802734
2003-04-24,17.156484603881836
2003-04-25,16.852479934692383
2003-04-28,17.151268005371094
2003-04-29,17.250289916992188
2003-04-30,17.338882446289062
2003-05-01,17.410114288330078
2003-05-02,17.561246871948242
2003-05-05,17.69501304626465
2003-05-06,18.06850242614746
2003-05-07,17.901737213134766
2003-05-08,17.632469177246094
2003-05-09,17.854839324951172
2003-05-12,17.997285842895508
2003-05-13,17.99554443359375
2003-05-14,18.000755310058594
2003-05-15,18.032020568847656
2003-05-16,18.2543888092041
2003-05-19,17.761022567749023
2003-05-20,17.93821907043457
2003-05-21,17.752344131469727
2003-05-22,17.99033546447754
2003-05-23,18.09282684326172
2003-05-27,18.249176025390625
2003-05-28,18.336034774780273
2003-05-29,18.422893524169922
2003-05-30,18.457637786865234
2003-06-02,18.629623413085938
2003-06-03,18.674785614013672
2003-06-04,18.787702560424805
2003-06-05,18.9770565032959
2003-06-06,19.091718673706055
2003-06-09,18.95447540283203
2003-06-10,19.10734748840332
2003-06-11,19.42178726196289
2003-06-12,19.473896026611328
2003-06-13,19.360971450805664
2003-06-16,19.64413833618164
2003-06-17,19.68409538269043
2003-06-18,19.62850570678711
2003-06-19,19.39571762084961
2003-06-20,19.42178726196289
2003-06-23,19.206371307373047
2003-06-24,19.055225372314453
2003-06-25,18.86587905883789
2003-06-26,18.952735900878906
2003-06-27,18.810287475585938
2003-06-30,18.81549835205078
2003-07-01,18.926673889160156
2003-07-02,19.300168991088867
2003-07-03,19.19594383239746
2003-07-07,19.548580169677734
2003-07-08,19.45652198791504
2003-07-09,19.355764389038086
2003-07-10,19.256742477416992
2003-07-11,19.215055465698242
2003-07-14,19.42178726196289
2003-07-15,19.239376068115234
2003-07-16,19.095178604125977
2003-07-17,18.796388626098633
2003-07-18,19.091718673706055
2003-07-21,18.94578742980957
2003-07-22,18.900619506835938
2003-07-23,19.1803035736084
2003-07-24,19.211585998535156
2003-07-25,19.45305061340332
2003-07-28,19.503427505493164
2003-07-29,19.42178726196289
2003-07-30,19.260221481323242
2003-07-31,19.10039710998535
2003-08-01,19.096921920776367
2003-08-04,19.15251350402832
2003-08-05,18.973583221435547
2003-08-06,18.944047927856445
2003-08-07,19.056968688964844
2003-08-08,19.116031646728516
2003-08-11,19.300168991088867
2003-08-12,19.38182258605957
2003-08-13,19.39571762084961
2003-08-14,19.67193031311035
2003-08-15,19.626758575439453
2003-08-18,19.899503707885742
2003-08-19,19.8560733795166
2003-08-20,19.819595336914062
2003-08-21,19.8560733795166
2003-08-22,19.741424560546875
2003-08-25,19.661508560180664
2003-08-26,19.55901527404785
2003-08-27,19.593767166137695
2003-08-28,19.70841407775879
2003-08-29,19.729263305664062
2003-09-02,20.02805519104004
2003-09-03,20.290369033813477
2003-09-04,20.26605224609375
2003-09-05,20.30600929260254
2003-09-08,20.39634132385254
2003-09-09,20.436288833618164
2003-09-10,20.229572296142578
2003-09-11,20.342483520507812
2003-09-12,20.429344177246094
2003-09-15,20.488414764404297
2003-09-16,20.69166374206543
2003-09-17,20.827159881591797
2003-09-18,21.04604721069336
2003-09-19,20.967880249023438
2003-09-22,20.73161506652832
2003-09-23,20.778522491455078
2003-09-24,20.67776870727539
2003-09-25,20.411975860595703
2003-09-26,20.32512092590332
2003-09-29,20.585691452026367
2003-09-30,20.32512092590332
2003-10-01,20.9921932220459
2003-10-02,20.95919418334961
2003-10-03,21.264938354492188
2003-10-06,21.4873046875
2003-10-07,21.45429039001465
2003-10-08,21.36569595336914
2003-10-09,21.513349533081055
2003-10-10,21.603689193725586
2003-10-13,21.817367553710938
2003-10-14,21.9320125579834
2003-10-15,21.723556518554688
2003-10-16,21.853845596313477
2003-10-17,21.74093246459961
2003-10-20,21.973709106445312
2003-10-21,21.899015426635742
2003-10-22,21.685335159301758
2003-10-23,21.41085433959961
2003-10-24,21.452556610107422
2003-10-27,21.548091888427734
2003-10-28,21.801734924316406
2003-10-29,21.775678634643555
2003-10-30,21.799989700317383
2003-10-31,21.645381927490234
2003-11-03,21.754819869995117
2003-11-04,21.874691009521484
2003-11-05,21.749616622924805
2003-11-06,21.558521270751953
2003-11-07,21.758302688598633
2003-11-10,21.57762908935547
2003-11-11,21.49597930908203
2003-11-12,21.944171905517578
2003-11-13,22.069255828857422
2003-11-14,21.91986083984375
2003-11-17,21.542882919311523
2003-11-18,21.628009796142578
2003-11-19,21.68012237548828
2003-11-20,21.54114532470703
2003-11-21,21.77393341064453
2003-11-24,21.93722915649414
2003-11-25,21.971969604492188
2003-11-26,22.157846450805664
2003-11-28,22.192594528198242
2003-12-01,22.63210105895996
2003-12-02,22.685949325561523
2003-12-03,22.731124877929688
2003-12-04,22.78324317932129
2003-12-05,22.619943618774414
2003-12-08,22.809297561645508
2003-12-09,22.713756561279297
2003-12-10,22.55045509338379
2003-12-11,22.800615310668945
2003-12-12,22.87531089782715
2003-12-15,22.72243309020996
2003-12-16,23.013586044311523
2003-12-17,22.959543228149414
2003-12-18,23.301258087158203
2003-12-19,23.17049789428711
2003-12-22,23.323638916015625
2003-12-23,23.37303924560547
2003-12-24,23.429494857788086
2003-12-26,23.387165069580078
2003-12-29,23.78058624267578
2003-12-30,23.826461791992188
2003-12-31,24.131683349609375
2004-01-02,24.19695281982422
2004-01-05,24.66272735595703
2004-01-06,24.699769973754883
2004-01-07,24.452781677246094
2004-01-08,24.803865432739258
2004-01-09,24.646846771240234
2004-01-12,24.639787673950195
2004-01-13,24.49689292907715
2004-01-14,24.70859718322754
2004-01-15,24.558629989624023
2004-01-16,24.470417022705078
2004-01-20,24.735069274902344
2004-01-21,25.03499412536621
2004-01-22,25.050861358642578
2004-01-23,24.782691955566406
2004-01-26,24.86208724975586
2004-01-27,24.752710342407227
2004-01-28,24.435142517089844
2004-01-29,24.466894149780273
2004-01-30,24.403377532958984
2004-02-02,24.3469181060791
2004-02-03,24.391033172607422
2004-02-04,24.126384735107422
2004-02-05,24.226951599121094
2004-02-06,24.683897018432617
2004-02-09,24.839147567749023
2004-02-10,24.946765899658203
2004-02-11,25.229061126708984
2004-02-12,25.008520126342773
2004-02-13,24.97676658630371
2004-02-17,25.458410263061523
2004-02-18,25.10555648803711
2004-02-19,25.273160934448242
2004-02-20,24.964414596557617
2004-02-23,25.03499412536621
2004-02-24,24.937957763671875
2004-02-25,24.752710342407227
2004-02-26,24.76151466369629
2004-02-27,24.964414596557617
2004-03-01,25.299631118774414
2004-03-02,24.89384651184082
2004-03-03,24.84091567993164
2004-03-04,24.92030143737793
2004-03-05,25.211414337158203
2004-03-08,25.04909896850586
2004-03-09,24.87620735168457
2004-03-10,24.477476119995117
2004-03-11,24.08051300048828
2004-03-12,24.292236328125
2004-03-15,23.879383087158203
2004-03-16,24.099924087524414
2004-03-17,24.60273551940918
2004-03-18,24.593915939331055
2004-03-19,24.276351928710938
2004-03-22,23.960546493530273
2004-03-23,24.14402961730957
2004-03-24,24.048755645751953
2004-03-25,24.505706787109375
2004-03-26,24.39984130859375
2004-03-29,24.752710342407227
2004-03-30,24.805627822875977
2004-03-31,24.98206329345703
2004-04-01,25.313737869262695
2004-04-02,25.386070251464844
2004-04-05,25.386070251464844
2004-04-06,25.308452606201172
2004-04-07,25.347261428833008
2004-04-08,25.294330596923828
2004-04-12,25.458410263061523
2004-04-13,25.132020950317383
2004-04-14,24.872671127319336
2004-04-15,24.699769973754883
2004-04-16,24.964414596557617
2004-04-19,24.990880966186523
2004-04-20,24.646846771240234
2004-04-21,24.814453125
2004-04-22,24.990880966186523
2004-04-23,24.955595016479492
2004-04-26,24.948532104492188
2004-04-27,24.973230361938477
2004-04-28,24.512758255004883
2004-04-29,24.24988555908203
2004-04-30,24.135215759277344
2004-05-03,24.3822078704834
2004-05-04,24.692720413208008
2004-05-05,24.964414596557617
2004-05-06,24.435142517089844
2004-05-07,23.77353286743164
2004-05-10,23.16485595703125
2004-05-11,23.332468032836914
2004-05-12,23.482433319091797
2004-05-13,23.235431671142578
2004-05-14,23.216026306152344
2004-05-17,22.96196937561035
2004-05-18,23.205442428588867
2004-05-19,23.434795379638672
2004-05-20,23.464784622192383
2004-05-21,23.637685775756836
2004-05-24,23.789405822753906
2004-05-25,24.14402961730957
2004-05-26,24.099924087524414
2004-05-27,24.558629989624023
2004-05-28,24.410432815551758
2004-06-01,24.468650817871094
2004-06-02,24.539230346679688
2004-06-03,24.302812576293945
2004-06-04,24.593915939331055
2004-06-07,25.137317657470703
2004-06-08,24.996173858642578
2004-06-09,24.567453384399414
2004-06-10,24.858558654785156
2004-06-14,24.260469436645508
2004-06-15,24.690956115722656
2004-06-16,24.682126998901367
2004-06-17,24.84091567993164
2004-06-18,24.885028839111328
2004-06-21,24.796815872192383
2004-06-22,24.807392120361328
2004-06-23,24.964414596557617
2004-06-24,25.06144905090332
2004-06-25,24.969709396362305
2004-06-28,25.123193740844727
2004-06-29,25.07027244567871
2004-06-30,25.229061126708984
2004-07-01,24.911481857299805
2004-07-02,25.050861358642578
2004-07-06,24.63802146911621
2004-07-07,24.929126739501953
2004-07-08,24.77034568786621
2004-07-09,24.98029899597168
2004-07-12,25.052627563476562
2004-07-13,24.929126739501953
2004-07-14,24.787992477416992
2004-07-15,24.479238510131836
2004-07-16,24.676841735839844
2004-07-19,24.696243286132812
2004-07-20,24.70859718322754
2004-07-21,24.172258377075195
2004-07-22,24.302812576293945
2004-07-23,23.854684829711914
2004-07-26,23.854684829711914
2004-07-27,24.002887725830078
2004-07-28,24.03464126586914
2004-07-29,24.06464195251465
2004-07-30,24.152849197387695
2004-08-02,24.26753044128418
2004-08-03,24.108739852905273
2004-08-04,24.105215072631836
2004-08-05,23.747074127197266
2004-08-06,23.7117862701416
2004-08-09,23.685314178466797
2004-08-10,23.879383087158203
2004-08-11,23.799997329711914
2004-08-12,23.535358428955078
2004-08-13,23.676496505737305
2004-08-16,23.91468048095703
2004-08-17,23.932315826416016
2004-08-18,24.11404037475586
2004-08-19,24.057580947875977
2004-08-20,24.170495986938477
2004-08-23,23.974660873413086
2004-08-24,23.96936798095703
2004-08-25,24.223426818847656
2004-08-26,24.241060256958008
2004-08-27,24.302812576293945
2004-08-30,24.21460723876953
2004-08-31,24.440427780151367
2004-09-01,24.461599349975586
2004-09-02,24.717416763305664
2004-09-03,24.389263153076172
2004-09-07,24.729766845703125
2004-09-08,24.717416763305664
2004-09-09,24.63802146911621
2004-09-10,24.823274612426758
2004-09-13,24.911481857299805
2004-09-14,24.973230361938477
2004-09-15,24.615095138549805
2004-09-16,24.77740478515625
2004-09-17,24.858558654785156
2004-09-20,24.703304290771484
2004-09-21,25.089672088623047
2004-09-22,24.682126998901367
2004-09-23,24.615095138549805
2004-09-24,24.646846771240234
2004-09-27,24.523344039916992
2004-09-28,24.763288497924805
2004-09-29,24.858558654785156
2004-09-30,24.946765899658203
2004-10-01,25.334909439086914
2004-10-04,25.373722076416016
2004-10-05,25.387832641601562
2004-10-06,25.48310661315918
2004-10-07,25.308452606201172
2004-10-08,25.48487091064453
2004-10-11,25.54661750793457
2004-10-12,25.255525588989258
2004-10-13,25.079092025756836
2004-10-14,24.946765899658203
2004-10-15,25.230815887451172
2004-10-18,25.331388473510742
2004-10-19,25.28199005126953
2004-10-20,25.379018783569336
2004-10-21,25.52720832824707
2004-10-22,25.370197296142578
2004-10-25,25.34373664855957
2004-10-26,25.48487091064453
2004-10-27,25.749513626098633
2004-10-28,25.820087432861328
2004-10-29,25.820087432861328
2004-11-01,25.864194869995117
2004-11-02,26.065317153930664
2004-11-03,26.37406349182129
2004-11-04,26.742795944213867
2004-11-05,26.868059158325195
2004-11-08,26.68105125427246
2004-11-09,26.61400604248047
2004-11-10,26.562850952148438
2004-11-11,26.85218620300293
2004-11-12,27.16975212097168
2004-11-15,27.196216583251953
2004-11-16,26.96686363220215
2004-11-17,27.310888290405273
2004-11-18,27.249149322509766
2004-11-19,27.072731018066406
2004-11-22,27.152109146118164
2004-11-23,27.20504379272461
2004-11-24,27.328536987304688
2004-11-26,27.48733139038086
2004-11-29,27.575536727905273
2004-11-30,27.390287399291992
2004-12-01,27.86663818359375
2004-12-02,27.822525024414062
2004-12-03,27.988378524780273
2004-12-06,27.81723976135254
2004-12-07,27.66550636291504
2004-12-08,27.646108627319336
2004-12-09,27.531429290771484
2004-12-10,27.261491775512695
2004-12-13,27.67255973815918
2004-12-14,27.68138885498047
2004-12-15,27.848997116088867
2004-12-16,27.67255973815918
2004-12-17,27.59317970275879
2004-12-20,27.845468521118164
2004-12-21,28.041301727294922
2004-12-22,28.083650588989258
2004-12-23,28.267982482910156
2004-12-27,28.490100860595703
2004-12-28,28.68000030517578
2004-12-29,28.54206085205078
2004-12-30,28.545642852783203
2004-12-31,28.706871032714844
2005-01-03,28.500850677490234
2005-01-04,27.95448875427246
2005-01-05,27.936574935913086
2005-01-06,27.936574935913086
2005-01-07,27.811176300048828
2005-01-10,27.936574935913086
2005-01-11,27.882822036743164
2005-01-12,28.10675048828125
2005-01-13,27.864910125732422
2005-01-14,27.9992733001709
2005-01-18,28.020767211914062
2005-01-19,27.730558395385742
2005-01-20,27.54604721069336
2005-01-21,27.655324935913086
2005-01-24,27.703691482543945
2005-01-25,27.712648391723633
2005-01-26,28.04763412475586
2005-01-27,28.088834762573242
2005-01-28,28.026142120361328
2005-01-31,28.160497665405273
2005-02-01,28.33605194091797
2005-02-02,28.375459671020508
2005-02-03,28.22140884399414
2005-02-04,28.366498947143555
2005-02-07,28.18736457824707
2005-02-08,28.18736457824707
2005-02-09,28.115713119506836
2005-02-10,28.407697677612305
2005-02-11,28.60475730895996
2005-02-14,28.82689094543457
2005-02-15,29.020357131958008
2005-02-16,28.764190673828125
2005-02-17,28.82330894470215
2005-02-18,28.966615676879883
2005-02-22,28.89854621887207
2005-02-23,28.912872314453125
2005-02-24,28.95765495300293
2005-02-25,29.294429779052734
2005-02-28,29.22636604309082
2005-03-01,29.387592315673828
2005-03-02,29.167251586914062
2005-03-03,29.181583404541016
2005-03-04,29.692123413085938
2005-03-07,29.56671905517578
2005-03-08,29.647342681884766
2005-03-09,29.51298713684082
2005-03-10,29.60972023010254
2005-03-11,29.602554321289062
2005-03-14,29.50761604309082
2005-03-15,29.324892044067383
2005-03-16,29.358936309814453
2005-03-17,29.324892044067383
2005-03-18,29.265777587890625
2005-03-21,29.066936492919922
2005-03-22,28.73373031616211
2005-03-23,28.54206085205078
2005-03-24,28.536685943603516
2005-03-28,28.536685943603516
2005-03-29,28.241104125976562
2005-03-30,28.472192764282227
2005-03-31,28.459651947021484
2005-04-01,28.393375396728516
2005-04-04,28.402334213256836
2005-04-05,28.55459976196289
2005-04-06,28.635210037231445
2005-04-07,28.75165367126465
2005-04-08,28.75165367126465
2005-04-11,28.859140396118164
2005-04-12,28.930797576904297
2005-04-13,28.62624740600586
2005-04-14,28.250057220458984
2005-04-15,27.904327392578125
2005-04-18,27.802213668823242
2005-04-19,28.171245574951172
2005-04-20,27.811176300048828
2005-04-21,28.314550399780273
2005-04-22,28.214235305786133
2005-04-25,28.362916946411133
2005-04-26,28.008222579956055
2005-04-27,27.932992935180664
2005-04-28,27.556804656982422
2005-04-29,27.9992733001709
2005-05-02,27.990314483642578
2005-05-03,28.05121421813965
2005-05-04,28.384410858154297
2005-05-05,28.425609588623047
2005-05-06,28.302019119262695
2005-05-09,28.366498947143555
2005-05-10,27.972402572631836
2005-05-11,28.0977840423584
2005-05-12,27.74847412109375
2005-05-13,27.587249755859375
2005-05-16,27.69831657409668
2005-05-17,27.69473648071289
2005-05-18,28.008222579956055
2005-05-19,28.027931213378906
2005-05-20,27.909704208374023
2005-05-23,28.140783309936523
2005-05-24,28.067338943481445
2005-05-25,27.990314483642578
2005-05-26,28.008222579956055
2005-05-27,28.124662399291992
2005-05-31,27.75743865966797
2005-06-01,27.92582130432129
2005-06-02,28.164077758789062
2005-06-03,27.900745391845703
2005-06-06,28.085250854492188
2005-06-07,28.228567123413086
2005-06-08,28.124662399291992
2005-06-09,28.23573112487793
2005-06-10,28.12824249267578
2005-06-13,28.03150749206543
2005-06-14,27.9992733001709
2005-06-15,28.165863037109375
2005-06-16,28.257225036621094
2005-06-17,28.681777954101562
2005-06-20,28.413082122802734
2005-06-21,28.62804412841797
2005-06-22,28.54206085205078
2005-06-23,28.21961212158203
2005-06-24,28.214235305786133
2005-06-27,28.14974594116211
2005-06-28,28.31098175048828
2005-06-29,28.19274139404297
2005-06-30,28.155122756958008
2005-07-01,28.11749839782715
2005-07-05,28.14974594116211
2005-07-06,28.074508666992188
2005-07-07,27.91866683959961
2005-07-08,28.294849395751953
2005-07-11,28.499067306518555
2005-07-12,28.79463005065918
2005-07-13,28.56355857849121
2005-07-14,28.64417266845703
2005-07-15,28.568933486938477
2005-07-18,28.48831558227539
2005-07-19,28.552806854248047
2005-07-20,28.74627685546875
2005-07-21,28.805389404296875
2005-07-22,28.778512954711914
2005-07-25,28.69791603088379
2005-07-26,28.61192512512207
2005-07-27,28.939733505249023
2005-07-28,29.138580322265625
2005-07-29,28.998857498168945
2005-08-01,29.2836856842041
2005-08-02,29.493282318115234
2005-08-03,29.713624954223633
2005-08-04,29.471778869628906
2005-08-05,29.364303588867188
2005-08-08,29.434158325195312
2005-08-09,29.810354232788086
2005-08-10,30.014572143554688
2005-08-11,30.49825096130371
2005-08-12,30.31015396118164
2005-08-15,30.363887786865234
2005-08-16,30.036067962646484
2005-08-17,29.960834503173828
2005-08-18,29.638385772705078
2005-08-19,29.783483505249023
2005-08-22,30.111305236816406
2005-08-23,29.982322692871094
2005-08-24,29.665258407592773
2005-08-25,29.77811050415039
2005-08-26,29.68136978149414
2005-08-29,29.665258407592773
2005-08-30,29.579267501831055
2005-08-31,30.111305236816406
2005-09-01,30.47137451171875
2005-09-02,30.578859329223633
2005-09-06,30.955055236816406
2005-09-07,30.86905860900879
2005-09-08,30.632604598999023
2005-09-09,31.03565216064453
2005-09-12,30.7938232421875
2005-09-13,30.584230422973633
2005-09-14,30.60572624206543
2005-09-15,30.62723159790039
2005-09-16,30.971168518066406
2005-09-19,30.766958236694336
2005-09-20,30.654098510742188
2005-09-21,30.68634033203125
2005-09-22,30.654098510742188
2005-09-23,30.52511978149414
2005-09-26,30.858306884765625
2005-09-27,30.740083694458008
2005-09-28,31.057146072387695
2005-09-29,31.427974700927734
2005-09-30,31.223751068115234
2005-10-03,31.11626625061035
2005-10-04,30.912052154541016
2005-10-05,30.643341064453125
2005-10-06,30.49825096130371
2005-10-07,30.60572624206543
2005-10-10,30.455249786376953
2005-10-11,30.492877960205078
2005-10-12,30.288663864135742
2005-10-13,30.22416877746582
2005-10-14,30.508989334106445
2005-10-17,30.202665328979492
2005-10-18,29.853355407714844
2005-10-19,30.095182418823242
2005-10-20,29.407291412353516
2005-10-21,29.53627586364746
2005-10-24,29.99845314025879
2005-10-25,30.03069305419922
2005-10-26,29.976953506469727
2005-10-27,29.917835235595703
2005-10-28,30.175798416137695
2005-10-31,30.229543685913086
2005-11-01,30.48750114440918
2005-11-02,30.906681060791016
2005-11-03,30.89055633544922
2005-11-04,30.60572624206543
2005-11-07,30.783071517944336
2005-11-08,30.707836151123047
2005-11-09,30.68634033203125
2005-11-10,30.64871597290039
2005-11-11,30.809951782226562
2005-11-14,30.62723159790039
2005-11-15,30.46062469482422
2005-11-16,30.406879425048828
2005-11-17,30.928184509277344
2005-11-18,31.143146514892578
2005-11-21,31.186132431030273
2005-11-22,31.288238525390625
2005-11-23,31.438724517822266
2005-11-25,31.137765884399414
2005-11-28,31.218374252319336
2005-11-29,31.170011520385742
2005-11-30,30.928184509277344
2005-12-01,31.50858497619629
2005-12-02,31.62681007385254
2005-12-05,31.766536712646484
2005-12-06,31.863269805908203
2005-12-07,31.65369415283203
2005-12-08,31.648311614990234
2005-12-09,31.96538734436035
2005-12-12,32.36844253540039
2005-12-13,32.524295806884766
2005-12-14,32.50817108154297
2005-12-15,32.20722579956055
2005-12-16,32.45980453491211
2005-12-19,32.40068435668945
2005-12-20,32.40605926513672
2005-12-21,32.56191635131836
2005-12-22,32.75
2005-12-23,32.733585357666016
2005-12-27,32.43253707885742
2005-12-28,32.667903900146484
2005-12-29,32.678855895996094
2005-12-30,32.531063079833984
2006-01-03,33.62035369873047
2006-01-04,33.89950942993164
2006-01-05,33.729827880859375
2006-01-06,34.18415069580078
2006-01-09,34.20057678222656
2006-01-10,33.894039154052734
2006-01-11,34.18415069580078
2006-01-12,33.904991149902344
2006-01-13,34.0363655090332
2006-01-17,33.60940170288086
2006-01-18,33.15507888793945
2006-01-19,33.53278350830078
2006-01-20,33.02370834350586
2006-01-23,33.48350524902344
2006-01-24,33.6531867980957
2006-01-25,33.76814270019531
2006-01-26,34.1677360534668
2006-01-27,34.34837341308594
2006-01-30,34.3757438659668
2006-01-31,34.40857696533203
2006-02-01,34.51259231567383
2006-02-02,34.12395095825195
2006-02-03,34.0363655090332
2006-02-06,33.98710250854492
2006-02-07,33.73530197143555
2006-02-08,33.85572814941406
2006-02-09,33.92142105102539
2006-02-10,33.84477615356445
2006-02-13,33.60940170288086
2006-02-14,33.98162078857422
2006-02-15,33.67509460449219
2006-02-16,33.998046875
2006-02-17,33.89950942993164
2006-02-21,33.904991149902344
2006-02-22,34.162261962890625
2006-02-23,34.24984359741211
2006-02-24,34.36479187011719
2006-02-27,34.4852294921875
2006-02-28,34.1677360534668
2006-03-01,34.51806640625
2006-03-02,34.45236587524414
2006-03-03,34.31005859375
2006-03-06,34.17868423461914
2006-03-07,33.76266860961914
2006-03-08,33.87762451171875
2006-03-09,33.83930969238281
2006-03-10,34.353851318359375
2006-03-13,34.63848114013672
2006-03-14,35.00523376464844
2006-03-15,35.13114547729492
2006-03-16,35.24609375
2006-03-17,35.415771484375
2006-03-20,35.48693084716797
2006-03-21,35.120182037353516
2006-03-22,35.44861602783203
2006-03-23,35.02164840698242
2006-03-24,35.300819396972656
2006-03-27,35.240604400634766
2006-03-28,34.901222229003906
2006-03-29,35.36103439331055
2006-03-30,35.78799057006836
2006-03-31,35.53619384765625
2006-04-03,35.924827575683594
2006-04-04,36.20949172973633
2006-04-05,36.329898834228516
2006-04-06,36.362754821777344
2006-04-07,35.94673156738281
2006-04-10,36.012420654296875
2006-04-11,35.77156066894531
2006-04-12,35.596412658691406
2006-04-13,35.68946075439453
2006-04-17,35.853668212890625
2006-04-18,36.58716583251953
2006-04-19,36.83897018432617
2006-04-20,36.67475509643555
2006-04-21,36.92108154296875
2006-04-24,36.95940017700195
2006-04-25,36.9375
2006-04-26,37.16740417480469
2006-04-27,37.23308563232422
2006-04-28,37.23855972290039
2006-05-01,37.22214126586914
2006-05-02,37.79141616821289
2006-05-03,37.566993713378906
2006-05-04,37.85710144042969
2006-05-05,38.43733596801758
2006-05-08,38.40449905395508
2006-05-09,38.63438415527344
2006-05-10,38.51396560668945
2006-05-11,38.12531661987305
2006-05-12,37.63267135620117
2006-05-15,37.30972671508789
2006-05-16,37.254981994628906
2006-05-17,36.067161560058594
2006-05-18,35.957679748535156
2006-05-19,36.1383171081543
2006-05-22,35.344608306884766
2006-05-23,35.355552673339844
2006-05-24,35.33367919921875
2006-05-25,35.80988693237305
2006-05-26,36.099998474121094
2006-05-30,35.55261993408203
2006-05-31,35.81536102294922
2006-06-01,36.04524612426758
2006-06-02,36.39558792114258
2006-06-05,35.607364654541016
2006-06-06,35.174930572509766
2006-06-07,34.69322967529297
2006-06-08,33.926883697509766
2006-06-09,33.88856506347656
2006-06-12,33.59845733642578
2006-06-13,32.54747772216797
2006-06-14,33.01823043823242
2006-06-15,34.15678787231445
2006-06-16,33.88310241699219
2006-06-19,33.71341323852539
2006-06-20,33.91593551635742
2006-06-21,34.353851318359375
2006-06-22,34.173213958740234
2006-06-23,34.074684143066406
2006-06-26,34.342899322509766
2006-06-27,33.70793914794922
2006-06-28,34.091102600097656
2006-06-29,35.35009002685547
2006-06-30,35.79346466064453
2006-07-03,35.979583740234375
2006-07-05,35.295352935791016
2006-07-06,35.66756820678711
2006-07-07,35.503353118896484
2006-07-10,35.7989387512207
2006-07-11,35.89747619628906
2006-07-12,35.224178314208984
2006-07-13,34.60564422607422
2006-07-14,34.31005859375
2006-07-17,33.8283576965332
2006-07-18,33.77361297607422
2006-07-19,34.60564422607422
2006-07-20,34.41952896118164
2006-07-21,34.41952896118164
2006-07-24,35.04356002807617
2006-07-25,35.0326042175293
2006-07-26,35.2789192199707
2006-07-27,35.49787139892578
2006-07-28,36.20949172973633
2006-07-31,36.08357620239258
2006-08-01,35.831783294677734
2006-08-02,36.225894927978516
2006-08-03,36.16569900512695
2006-08-04,36.19306182861328
2006-08-07,35.968631744384766
2006-08-08,35.842735290527344
2006-08-09,36.01790237426758
2006-08-10,36.099998474121094
2006-08-11,35.78799057006836
2006-08-14,35.90841293334961
2006-08-15,36.68571090698242
2006-08-16,37.01961135864258
2006-08-17,36.88276672363281
2006-08-18,37.03602600097656
2006-08-21,36.92108154296875
2006-08-22,36.81707000732422
2006-08-23,36.68571090698242
2006-08-24,36.581703186035156
2006-08-25,36.554325103759766
2006-08-28,36.70759201049805
2006-08-29,37.003177642822266
2006-08-30,37.003177642822266
2006-08-31,37.003177642822266
2006-09-01,37.27687454223633
2006-09-05,37.47393035888672
2006-09-06,36.84444808959961
2006-09-07,36.401065826416016
2006-09-08,36.41201400756836
2006-09-11,36.19306182861328
2006-09-12,36.609066009521484
2006-09-13,36.53791427612305
2006-09-14,36.58716583251953
2006-09-15,36.51054382324219
2006-09-18,36.663818359375
2006-09-19,36.324440002441406
2006-09-20,36.68022918701172
2006-09-21,36.7678108215332
2006-09-22,36.58716583251953
2006-09-25,36.740447998046875
2006-09-26,36.82801818847656
2006-09-27,37.06339645385742
2006-09-28,37.16740417480469
2006-09-29,37.08529281616211
2006-10-02,37.189292907714844
2006-10-03,37.22214126586914
2006-10-04,37.57793045043945
2006-10-05,37.621734619140625
2006-10-06,37.2878303527832
2006-10-09,37.3151969909668
2006-10-10,37.358985900878906
2006-10-11,37.33161926269531
2006-10-12,37.73122024536133
2006-10-13,37.796905517578125
2006-10-16,37.939205169677734
2006-10-17,37.70384216308594
2006-10-18,37.796905517578125
2006-10-19,38.08153533935547
2006-10-20,38.20195770263672
2006-10-23,38.234806060791016
2006-10-24,38.24028396606445
2006-10-25,38.508480072021484
2006-10-26,38.804080963134766
2006-10-27,38.535850524902344
2006-10-30,38.453758239746094
2006-10-31,38.47565460205078
2006-11-01,38.40997314453125
2006-11-02,38.55228805541992
2006-11-03,38.40449905395508
2006-11-06,38.97378158569336
2006-11-07,39.017555236816406
2006-11-08,39.02851486206055
2006-11-09,38.831459045410156
2006-11-10,38.98472595214844
2006-11-13,38.738399505615234
2006-11-14,39.16535949707031
2006-11-15,39.15441131591797
2006-11-16,39.07228469848633
2006-11-17,38.95734786987305
2006-11-20,38.66175842285156
2006-11-21,38.853355407714844
2006-11-22,39.231040954589844
2006-11-24,39.02303695678711
2006-11-27,38.700077056884766
2006-11-28,39.0449333190918
2006-11-29,39.488304138183594
2006-11-30,39.65800094604492
2006-12-01,39.60873031616211
2006-12-04,39.866004943847656
2006-12-05,40.09042739868164
2006-12-06,40.00285339355469
2006-12-07,40.13969421386719
2006-12-08,40.04117965698242
2006-12-11,40.20538330078125
2006-12-12,40.369606018066406
2006-12-13,40.52287292480469
2006-12-14,40.68708801269531
2006-12-15,40.52287292480469
2006-12-18,40.46265411376953
2006-12-19,40.643287658691406
2006-12-20,40.5721435546875
2006-12-21,40.55145263671875
2006-12-22,40.4564323425293
2006-12-26,40.43966293334961
2006-12-27,40.942710876464844
2006-12-28,40.970664978027344
2006-12-29,40.92594909667969
2007-01-03,41.088035583496094
2007-01-04,40.970664978027344
2007-01-05,40.35582733154297
2007-01-08,40.41171646118164
2007-01-09,40.450843811035156
2007-01-10,40.14342498779297
2007-01-11,40.40053176879883
2007-01-12,40.85886764526367
2007-01-16,40.80856704711914
2007-01-17,40.8309211730957
2007-01-18,40.69118881225586
2007-01-19,41.18865203857422
2007-01-22,40.98182678222656
2007-01-23,41.345157623291016
2007-01-24,41.613433837890625
2007-01-25,40.9371223449707
2007-01-26,41.015377044677734
2007-01-29,41.060089111328125
2007-01-30,41.339569091796875
2007-01-31,41.49606704711914
2007-02-01,41.84260940551758
2007-02-02,41.7587776184082
2007-02-05,41.624629974365234
2007-02-06,41.94881820678711
2007-02-07,42.066192626953125
2007-02-08,41.89850616455078
2007-02-09,41.71965789794922
2007-02-12,41.557559967041016
2007-02-13,42.08855056762695
2007-02-14,42.658687591552734
2007-02-15,42.708980560302734
2007-02-16,42.69221496582031
2007-02-20,42.75368881225586
2007-02-21,42.535701751708984
2007-02-22,42.72574996948242
2007-02-23,42.85990524291992
2007-02-26,42.882240295410156
2007-02-27,41.15512466430664
2007-02-28,41.445770263671875
2007-03-01,41.020957946777344
2007-03-02,40.46760940551758
2007-03-05,39.62919616699219
2007-03-06,40.85886764526367
2007-03-07,40.87004089355469
2007-03-08,41.350746154785156
2007-03-09,41.41781234741211
2007-03-12,41.68610763549805
2007-03-13,40.69118881225586
2007-03-14,40.70796203613281
2007-03-15,40.89241027832031
2007-03-16,40.942710876464844
2007-03-19,41.574317932128906
2007-03-20,41.92645263671875
2007-03-21,42.82078552246094
2007-03-22,42.658687591552734
2007-03-23,42.75928497314453
2007-03-26,42.77605056762695
2007-03-27,42.58601379394531
2007-03-28,42.21151351928711
2007-03-29,42.58041763305664
2007-03-30,42.647499084472656
2007-04-02,42.75928497314453
2007-04-03,43.11699676513672
2007-04-04,43.295867919921875
2007-04-05,43.452388763427734
2007-04-09,43.4188346862793
2007-04-10,43.74302291870117
2007-04-11,43.530616760253906
2007-04-12,43.821266174316406
2007-04-13,43.966609954833984
2007-04-16,44.430538177490234
2007-04-17,44.436126708984375
2007-04-18,44.419349670410156
2007-04-19,44.25166702270508
2007-04-20,44.760311126708984
2007-04-23,44.324337005615234
2007-04-24,44.29637908935547
2007-04-25,44.70999526977539
2007-04-26,44.50318145751953
2007-04-27,44.40817642211914
2007-04-30,44.2460823059082
2007-05-01,44.20135498046875
2007-05-02,44.5367317199707
2007-05-03,44.59821701049805
2007-05-04,45.01742172241211
2007-05-07,45.084503173828125
2007-05-08,44.715599060058594
2007-05-09,44.96152877807617
2007-05-10,44.07280731201172
2007-05-11,44.816200256347656
2007-05-14,44.648521423339844
2007-05-15,44.72676467895508
2007-05-16,44.79384994506836
2007-05-17,44.56468200683594
2007-05-18,44.90562438964844
2007-05-21,44.69881820678711
2007-05-22,44.73794174194336
2007-05-23,44.967105865478516
2007-05-24,44.5367317199707
2007-05-25,44.82180404663086
2007-05-29,44.877689361572266
2007-05-30,45.067726135253906
2007-05-31,45.291297912597656
2007-06-01,45.587554931640625
2007-06-04,45.710514068603516
2007-06-05,45.47575759887695
2007-06-06,44.82180404663086
2007-06-07,44.056034088134766
2007-06-08,44.5367317199707
2007-06-11,44.68764877319336
2007-06-12,43.89393997192383
2007-06-13,44.464073181152344
2007-06-14,44.79384994506836
2007-06-15,45.15716552734375
2007-06-18,45.4086799621582
2007-06-19,45.453392028808594
2007-06-20,44.91680908203125
2007-06-21,45.324832916259766
2007-06-22,44.69881820678711
2007-06-25,44.68764877319336
2007-06-26,44.464073181152344
2007-06-27,44.78266525268555
2007-06-28,44.816200256347656
2007-06-29,45.14597702026367
2007-07-02,45.7999382019043
2007-07-03,46.01792526245117
2007-07-05,45.78877639770508
2007-07-06,46.1185417175293
2007-07-09,46.23033905029297
2007-07-10,45.66579055786133
2007-07-11,46.096195220947266
2007-07-12,46.738975524902344
2007-07-13,46.7054443359375
2007-07-16,46.5992317199707
2007-07-17,46.44272994995117
2007-07-18,46.280635833740234
2007-07-19,46.54335403442383
2007-07-20,46.062652587890625
2007-07-23,46.342105865478516
2007-07-24,45.6434440612793
2007-07-25,45.520469665527344
2007-07-26,44.005733489990234
2007-07-27,43.39647674560547
2007-07-30,44.167823791503906
2007-07-31,44.11191940307617
2007-08-01,44.184593200683594
2007-08-02,44.31873321533203
2007-08-03,43.519447326660156
2007-08-06,43.99455642700195
2007-08-07,44.145477294921875
2007-08-08,44.86091995239258
2007-08-09,43.580936431884766
2007-08-10,42.831947326660156
2007-08-13,42.9157829284668
2007-08-14,42.502174377441406
2007-08-15,41.50725173950195
2007-08-16,41.32838439941406
2007-08-17,41.708473205566406
2007-08-20,41.84260940551758
2007-08-21,41.81465148925781
2007-08-22,42.80399703979492
2007-08-23,42.994041442871094
2007-08-24,43.74302291870117
2007-08-27,43.27910232543945
2007-08-28,42.40715026855469
2007-08-29,43.37971115112305
2007-08-30,43.07788848876953
2007-08-31,43.832462310791016
2007-09-04,44.23489761352539
2007-09-05,43.59211349487305
2007-09-06,43.754207611083984
2007-09-07,43.22320556640625
2007-09-10,43.044342041015625
2007-09-11,43.78773880004883
2007-09-12,43.832462310791016
2007-09-13,44.01691436767578
2007-09-14,43.75979995727539
2007-09-17,43.14495849609375
2007-09-18,44.547889709472656
2007-09-19,44.950355529785156
2007-09-20,44.911224365234375
2007-09-21,45.10685348510742
2007-09-24,45.207454681396484
2007-09-25,45.263362884521484
2007-09-26,45.48692321777344
2007-09-27,46.090606689453125
2007-09-28,46.16325759887695
2007-10-01,46.75572967529297
2007-10-02,46.638362884521484
2007-10-03,46.42596435546875
2007-10-04,46.58805465698242
2007-10-05,47.063148498535156
2007-10-08,46.62718200683594
2007-10-09,47.147003173828125
2007-10-10,47.057586669921875
2007-10-11,47.27556228637695
2007-10-12,47.48236846923828
2007-10-15,47.09670639038086
2007-10-16,46.37007522583008
2007-10-17,46.8619384765625
2007-10-18,46.973731994628906
2007-10-19,45.93967819213867
2007-10-22,45.88378143310547
2007-10-23,46.53215789794922
2007-10-24,46.43155288696289
2007-10-25,46.64395523071289
2007-10-26,47.48796081542969
2007-10-29,47.834503173828125
2007-10-30,47.45442199707031
2007-10-31,48.125160217285156
2007-11-01,47.11347198486328
2007-11-02,47.376163482666016
2007-11-05,46.6215934753418
2007-11-06,47.325862884521484
2007-11-07,46.504215240478516
2007-11-08,46.58805465698242
2007-11-09,45.68256378173828
2007-11-12,44.933570861816406
2007-11-13,46.14090347290039
2007-11-14,46.06822967529297
2007-11-15,45.308067321777344
2007-11-16,45.453392028808594
2007-11-19,44.25166702270508
2007-11-20,45.240997314453125
2007-11-21,44.2181282043457
2007-11-23,45.3304328918457
2007-11-26,44.620574951171875
2007-11-27,45.22422790527344
2007-11-28,46.509803771972656
2007-11-29,46.12971878051758
2007-11-30,46.38125228881836
2007-12-03,46.207977294921875
2007-12-04,45.91733932495117
2007-12-05,46.44831466674805
2007-12-06,46.88987731933594
2007-12-07,46.7054443359375
2007-12-10,47.18613052368164
2007-12-11,45.95645523071289
2007-12-12,46.87871170043945
2007-12-13,45.92293167114258
2007-12-14,44.68205642700195
2007-12-17,43.73184585571289
2007-12-18,44.279624938964844
2007-12-19,43.916297912597656
2007-12-20,44.22931671142578
2007-12-21,44.86091995239258
2007-12-24,45.044342041015625
2007-12-26,45.17045974731445
2007-12-27,44.89530944824219
2007-12-28,45.279380798339844
2007-12-31,44.99849319458008
2008-01-02,44.83798599243164
2008-01-03,44.912506103515625
2008-01-04,43.89216995239258
2008-01-07,43.93801498413086
2008-01-08,43.691532135009766
2008-01-09,44.00680923461914
2008-01-10,43.96094512939453
2008-01-11,43.08390426635742
2008-01-14,43.77177810668945
2008-01-15,42.350162506103516
2008-01-16,41.49605941772461
2008-01-17,40.87125015258789
2008-01-18,41.10626220703125
2008-01-22,39.959808349609375
2008-01-23,39.72478485107422
2008-01-24,41.11772537231445
2008-01-25,40.52157211303711
2008-01-28,40.97442626953125
2008-01-29,41.22091293334961
2008-01-30,41.03174591064453
2008-01-31,41.467403411865234
2008-02-01,42.161014556884766
2008-02-04,41.7310791015625
2008-02-05,39.816490173339844
2008-02-06,39.7821044921875
2008-02-07,39.581485748291016
2008-02-08,39.17447280883789
2008-02-11,39.3808479309082
2008-02-12,40.22922897338867
2008-02-13,40.504371643066406
2008-02-14,40.32094192504883
2008-02-15,40.4699821472168
2008-02-19,40.865509033203125
2008-02-20,40.65341567993164
2008-02-21,40.578895568847656
2008-02-22,41.09480667114258
2008-02-25,41.74827575683594
2008-02-26,42.36737823486328
2008-02-27,42.50495147705078
2008-02-28,42.097957611083984
2008-02-29,41.043212890625
2008-03-03,41.1635856628418
2008-03-04,40.53876876831055
2008-03-05,41.0260009765625
2008-03-06,40.44132614135742
2008-03-07,39.96554183959961
2008-03-10,39.764915466308594
2008-03-11,41.0202751159668
2008-03-12,41.0202751159668
2008-03-13,41.08906173706055
2008-03-14,40.09738540649414
2008-03-17,39.48975372314453
2008-03-18,40.69926071166992
2008-03-19,39.226070404052734
2008-03-20,39.816490173339844
2008-03-24,40.54450988769531
2008-03-25,41.134925842285156
2008-03-26,41.134925842285156
2008-03-27,41.10053253173828
2008-03-28,41.066139221191406
2008-03-31,41.21519470214844
2008-04-01,42.51640701293945
2008-04-02,42.60813522338867
2008-04-03,42.73423767089844
2008-04-04,42.87754440307617
2008-04-07,43.14122009277344
2008-04-08,42.68838882446289
2008-04-09,42.338714599609375
2008-04-10,42.206871032714844
2008-04-11,41.63936996459961
2008-04-14,41.7310791015625
2008-04-15,42.023441314697266
2008-04-16,43.34759521484375
2008-04-17,42.866065979003906
2008-04-18,43.16989517211914
2008-04-21,43.50810241699219
2008-04-22,43.05525207519531
2008-04-23,43.27880096435547
2008-04-24,42.99791717529297
2008-04-25,43.35333251953125
2008-04-28,43.60554885864258
2008-04-29,43.22148895263672
2008-04-30,43.45650100708008
2008-05-01,43.72019577026367
2008-05-02,43.84056854248047
2008-05-05,43.915096282958984
2008-05-06,44.2418327331543
2008-05-07,43.467987060546875
2008-05-08,43.84628677368164
2008-05-09,43.49662399291992
2008-05-12,43.932289123535156
2008-05-13,43.78325653076172
2008-05-14,43.78325653076172
2008-05-15,44.5284423828125
2008-05-16,45.00996398925781
2008-05-19,44.82652282714844
2008-05-20,44.413814544677734
2008-05-21,43.90935516357422
2008-05-22,44.41954803466797
2008-05-23,43.915096282958984
2008-05-27,43.829097747802734
2008-05-28,43.82337951660156
2008-05-29,43.72592544555664
2008-05-30,43.97241973876953
2008-06-02,43.51382064819336
2008-06-03,43.422119140625
2008-06-04,43.16989517211914
2008-06-05,43.88642883300781
2008-06-06,42.625328063964844
2008-06-09,42.567996978759766
2008-06-10,41.845741271972656
2008-06-11,41.3126220703125
2008-06-12,41.16933059692383
2008-06-13,41.54766082763672
2008-06-16,41.75975036621094
2008-06-17,41.885860443115234
2008-06-18,41.54191970825195
2008-06-19,41.461673736572266
2008-06-20,40.555973052978516
2008-06-23,40.55024337768555
2008-06-24,40.36679458618164
2008-06-25,40.797855377197266
2008-06-26,39.76403045654297
2008-06-27,39.869171142578125
2008-06-30,40.108638763427734
2008-07-01,39.676429748535156
2008-07-02,39.045616149902344
2008-07-03,39.29676818847656
2008-07-07,38.9580078125
2008-07-08,39.162437438964844
2008-07-09,38.65428161621094
2008-07-10,38.98720169067383
2008-07-11,38.37392044067383
2008-07-14,38.29215621948242
2008-07-15,37.67887496948242
2008-07-16,38.37392044067383
2008-07-17,38.9580078125
2008-07-18,39.209163665771484
2008-07-21,39.43695068359375
2008-07-22,39.5712890625
2008-07-23,39.717308044433594
2008-07-24,38.9930534362793
2008-07-25,39.07482147216797
2008-07-28,38.42066192626953
2008-07-29,38.8003044128418
2008-07-30,39.162437438964844
2008-07-31,38.77694320678711
2008-08-01,38.198692321777344
2008-08-04,37.836578369140625
2008-08-05,38.79446792602539
2008-08-06,38.80615234375
2008-08-07,38.029327392578125
2008-08-08,38.187007904052734
2008-08-11,38.15198516845703
2008-08-12,37.87746047973633
2008-08-13,37.28170394897461
2008-08-14,37.135684967041016
2008-08-15,36.89037322998047
2008-08-18,36.70346450805664
2008-08-19,36.28877639770508
2008-08-20,36.5048828125
2008-08-21,36.65089797973633
2008-08-22,36.82027816772461
2008-08-25,36.242042541503906
2008-08-26,36.42311096191406
2008-08-27,36.76771545410156
2008-08-28,37.24080276489258
2008-08-29,37.129844665527344
2008-09-02,36.55744552612305
2008-09-03,36.40559005737305
2008-09-04,34.846099853515625
2008-09-05,34.71759796142578
2008-09-08,35.494422912597656
2008-09-09,34.34379577636719
2008-09-10,34.676719665527344
2008-09-11,34.60078048706055
2008-09-12,35.2783088684082
2008-09-15,33.77724075317383
2008-09-16,33.526065826416016
2008-09-17,32.2469367980957
2008-09-18,33.712989807128906
2008-09-19,36.10186767578125
2008-09-22,34.86946105957031
2008-09-23,34.37882614135742
2008-09-24,34.47812271118164
2008-09-25,35.27246856689453
2008-09-26,34.89866256713867
2008-09-29,31.00286293029785
2008-09-30,32.88359451293945
2008-10-01,32.63828659057617
2008-10-02,31.2131290435791
2008-10-03,31.09046745300293
2008-10-06,29.33240509033203
2008-10-07,27.959821701049805
2008-10-08,27.334850311279297
2008-10-09,25.699434280395508
2008-10-10,24.741544723510742
2008-10-13,28.672386169433594
2008-10-14,28.082481384277344
2008-10-15,25.086153030395508
2008-10-16,26.56387710571289
2008-10-17,25.997316360473633
2008-10-20,27.656097412109375
2008-10-21,26.09661293029785
2008-10-22,24.19251251220703
2008-10-23,24.724029541015625
2008-10-24,23.12364959716797
2008-10-27,21.908763885498047
2008-10-28,24.92845916748047
2008-10-29,24.986860275268555
2008-10-30,25.862974166870117
2008-10-31,26.032363891601562
2008-11-03,26.137489318847656
2008-11-04,27.930618286132812
2008-11-05,26.412012100219727
2008-11-06,24.706501007080078
2008-11-07,26.102441787719727
2008-11-10,25.711116790771484
2008-11-11,24.864200592041016
2008-11-12,23.52666473388672
2008-11-13,25.530048370361328
2008-11-14,24.064016342163086
2008-11-17,23.625957489013672
2008-11-18,23.666851043701172
2008-11-19,22.083993911743164
2008-11-20,20.869110107421875
2008-11-21,22.352664947509766
2008-11-24,23.690200805664062
2008-11-25,24.12242317199707
2008-11-26,24.38526153564453
2008-11-28,24.37357521057129
2008-12-01,22.38187599182129
2008-12-02,23.596750259399414
2008-12-03,23.912166595458984
2008-12-04,23.17621421813965
2008-12-05,23.468250274658203
2008-12-08,24.583845138549805
2008-12-09,24.356054306030273
2008-12-10,24.998537063598633
2008-12-11,24.887569427490234
2008-12-12,25.132883071899414
2008-12-15,25.197126388549805
2008-12-16,26.645639419555664
2008-12-17,26.511306762695312
2008-12-18,25.699434280395508
2008-12-19,25.325624465942383
2008-12-22,25.150402069091797
2008-12-23,24.961706161499023
2008-12-24,25.29295539855957
2008-12-26,25.4112606048584
2008-12-29,25.417179107666016
2008-12-30,26.18021583557129
2008-12-31,26.535127639770508
2009-01-02,26.878202438354492
2009-01-05,26.44639778137207
2009-01-06,26.730323791503906
2009-01-07,26.268953323364258
2009-01-08,26.659337997436523
2009-01-09,25.736583709716797
2009-01-12,25.115493774414062
2009-01-13,24.65412712097168
2009-01-14,23.642642974853516
2009-01-15,23.855592727661133
2009-01-16,23.9975528717041
2009-01-20,22.240764617919922
2009-01-21,23.32914161682129
2009-01-22,22.78495216369629
2009-01-23,22.6252498626709
2009-01-26,23.068878173828125
2009-01-27,23.51842498779297
2009-01-28,24.21049690246582
2009-01-29,23.11028480529785
2009-01-30,22.89142417907715
2009-02-02,22.66665267944336
2009-02-03,23.31731414794922
2009-02-04,23.199007034301758
2009-02-05,23.53025245666504
2009-02-06,24.07444953918457
2009-02-09,24.068523406982422
2009-02-10,22.873682022094727
2009-02-11,23.122114181518555
2009-02-12,23.051136016845703
2009-02-13,22.802701950073242
2009-02-17,21.590103149414062
2009-02-18,21.572368621826172
2009-02-19,21.542781829833984
2009-02-20,21.229284286499023
2009-02-23,20.418909072875977
2009-02-24,21.27069664001465
2009-02-25,20.685091018676758
2009-02-26,20.5135555267334
2009-02-27,20.5135555267334
2009-03-02,19.33645248413086
2009-03-03,19.259553909301758
2009-03-04,20.11724281311035
2009-03-05,19.306873321533203
2009-03-06,19.271390914916992
2009-03-09,18.7508602142334
2009-03-10,20.010772705078125
2009-03-11,20.12316131591797
2009-03-12,20.578624725341797
2009-03-13,20.714672088623047
2009-03-16,20.9394474029541
2009-03-17,21.489553451538086
2009-03-18,22.10470962524414
2009-03-19,22.092893600463867
2009-03-20,21.785306930541992
2009-03-23,23.352806091308594
2009-03-24,22.619333267211914
2009-03-25,22.968326568603516
2009-03-26,23.275915145874023
2009-03-27,22.530601501464844
2009-03-30,21.672914505004883
2009-03-31,22.23484992980957
2009-04-01,22.814523696899414
2009-04-02,23.8437557220459
2009-04-03,23.97980308532715
2009-04-06,23.48294448852539
2009-04-07,22.991989135742188
2009-04-08,23.222679138183594
2009-04-09,23.8437557220459
2009-04-13,24.08036231994629
2009-04-14,23.849666595458984
2009-04-15,24.163169860839844
2009-04-16,24.316967010498047
2009-04-17,24.234155654907227
2009-04-20,23.24040985107422
2009-04-21,23.772768020629883
2009-04-22,23.5835018157959
2009-04-23,24.174999237060547
2009-04-24,24.547651290893555
2009-04-27,24.257810592651367
2009-04-28,24.027122497558594
2009-04-29,24.642295837402344
2009-04-30,24.79608154296875
2009-05-01,25.08592987060547
2009-05-04,26.12698745727539
2009-05-05,25.866716384887695
2009-05-06,26.49372100830078
2009-05-07,26.050090789794922
2009-05-08,27.179868698120117
2009-05-11,26.48780632019043
2009-05-12,26.771728515625
2009-05-13,25.860801696777344
2009-05-14,26.115156173706055
2009-05-15,25.87854766845703
2009-05-18,26.866361618041992
2009-05-19,27.1088924407959
2009-05-20,27.286346435546875
2009-05-21,27.07931900024414
2009-05-22,27.233110427856445
2009-05-26,27.77729034423828
2009-05-27,27.2390193939209
2009-05-28,27.517024993896484
2009-05-29,28.0671443939209
2009-06-01,28.759197235107422
2009-06-02,29.007640838623047
2009-06-03,28.14403533935547
2009-06-04,28.32148551940918
2009-06-05,27.972496032714844
2009-06-08,27.91333770751953
2009-06-09,28.256418228149414
2009-06-10,28.309656143188477
2009-06-11,28.794694900512695
2009-06-12,28.64682388305664
2009-06-15,27.617591857910156
2009-06-16,27.298173904418945
2009-06-17,27.375062942504883
2009-06-18,27.32775115966797
2009-06-19,27.75954818725586
2009-06-22,26.866361618041992
2009-06-23,27.219757080078125
2009-06-24,27.24391746520996
2009-06-25,27.817792892456055
2009-06-26,27.763427734375
2009-06-29,27.99901580810547
2009-06-30,27.67281723022461
2009-07-01,28.131914138793945
2009-07-02,27.322458267211914
2009-07-06,27.35869789123535
2009-07-07,26.694202423095703
2009-07-08,26.58547592163086
2009-07-09,26.911672592163086
2009-07-10,26.597557067871094
2009-07-13,27.062702178955078
2009-07-14,27.207683563232422
2009-07-15,28.137958526611328
2009-07-16,28.385622024536133
2009-07-17,28.282943725585938
2009-07-20,28.8326416015625
2009-07-21,29.01386070251465
2009-07-22,29.08635711669922
2009-07-23,29.575666427612305
2009-07-24,29.756887435913086
2009-07-27,29.78708839416504
2009-07-28,29.660234451293945
2009-07-29,29.418603897094727
2009-07-30,29.99247169494629
2009-07-31,30.451570510864258
2009-08-03,31.158340454101562
2009-08-04,31.11001968383789
2009-08-05,30.983165740966797
2009-08-06,30.789854049682617
2009-08-07,30.759658813476562
2009-08-10,30.572391510009766
2009-08-11,30.397205352783203
2009-08-12,30.74153709411621
2009-08-13,31.212717056274414
2009-08-14,30.946918487548828
2009-08-17,29.9501953125
2009-08-18,30.46968650817871
2009-08-19,30.729450225830078
2009-08-20,30.946918487548828
2009-08-21,31.623493194580078
2009-08-24,31.617448806762695
2009-08-25,31.93157196044922
2009-08-26,31.798673629760742
2009-08-27,32.04030227661133
2009-08-28,32.05841827392578
2009-08-31,31.822824478149414
2009-09-01,31.031484603881836
2009-09-02,30.995243072509766
2009-09-03,31.23687744140625
2009-09-04,31.714099884033203
2009-09-08,32.34233856201172
2009-09-09,32.74103546142578
2009-09-10,33.03099822998047
2009-09-11,32.98870086669922
2009-09-14,33.05515670776367
2009-09-15,33.06119155883789
2009-09-16,33.71360778808594
2009-09-17,33.49614334106445
2009-09-18,33.586734771728516
2009-09-21,33.2303352355957
2009-09-22,33.68943786621094
2009-09-23,33.39946746826172
2009-09-24,32.91015625
2009-09-25,32.771236419677734
2009-09-28,33.21825408935547
2009-09-29,33.01891326904297
2009-09-30,33.03099822998047
2009-10-01,32.16715621948242
2009-10-02,31.81075096130371
2009-10-05,32.26985549926758
2009-10-06,32.81352615356445
2009-10-07,32.9343376159668
2009-10-08,33.41156005859375
2009-10-09,33.32698440551758
2009-10-12,33.52633285522461
2009-10-13,33.4538459777832
2009-10-14,34.25727081298828
2009-10-15,34.41433334350586
2009-10-16,33.89482116699219
2009-10-19,34.43849182128906
2009-10-20,34.25727081298828
2009-10-21,34.14249801635742
2009-10-22,34.474735260009766
2009-10-23,33.931068420410156
2009-10-26,33.41759490966797
2009-10-27,33.15180969238281
2009-10-28,32.35442352294922
2009-10-29,33.30886459350586
2009-10-30,32.197364807128906
2009-11-02,32.5114860534668
2009-11-03,32.384620666503906
2009-11-04,32.710819244384766
2009-11-05,33.1336784362793
2009-11-06,33.2303352355957
2009-11-09,34.16061782836914
2009-11-10,33.979393005371094
2009-11-11,34.082088470458984
2009-11-12,33.586734771728516
2009-11-13,34.057926177978516
2009-11-16,34.601593017578125
2009-11-17,34.37205123901367
2009-11-18,34.2633171081543
2009-11-19,33.616947174072266
2009-11-20,33.429683685302734
2009-11-23,34.02771759033203
2009-11-24,33.88877868652344
2009-11-25,34.34183883666992
2009-11-27,33.35114288330078
2009-11-30,33.45988464355469
2009-12-01,34.37808609008789
2009-12-02,34.43244552612305
2009-12-03,34.353919982910156
2009-12-04,34.23310089111328
2009-12-07,34.04583740234375
2009-12-08,33.4538459777832
2009-12-09,33.41156005859375
2009-12-10,33.51424789428711
2009-12-11,33.502166748046875
2009-12-14,33.828372955322266
2009-12-15,33.4538459777832
2009-12-16,33.846492767333984
2009-12-17,33.04910659790039
2009-12-18,33.12764358520508
2009-12-21,33.22429656982422
2009-12-22,33.43520736694336
2009-12-23,33.73999786376953
2009-12-24,33.87409973144531
2009-12-28,34.0203971862793
2009-12-29,34.075260162353516
2009-12-30,33.935054779052734
2009-12-31,33.697322845458984
2010-01-04,34.581214904785156
2010-01-05,34.61167907714844
2010-01-06,34.75798416137695
2010-01-07,34.623878479003906
2010-01-08,34.898193359375
2010-01-11,35.184688568115234
2010-01-12,34.770172119140625
2010-01-13,35.06276321411133
2010-01-14,35.33098602294922
2010-01-15,34.77626419067383
2010-01-19,35.11763000488281
2010-01-20,34.22156524658203
2010-01-21,33.490074157714844
2010-01-22,32.83781433105469
2010-01-25,33.240142822265625
2010-01-26,33.051185607910156
2010-01-27,33.01459884643555
2010-01-28,32.45988845825195
2010-01-29,31.990514755249023
2010-02-01,32.575706481933594
2010-02-02,33.118221282958984
2010-02-03,32.77077102661133
2010-02-04,31.435791015625
2010-02-05,31.38093376159668
2010-02-08,30.759164810180664
2010-02-09,31.72838592529297
2010-02-10,31.527244567871094
2010-02-11,31.819835662841797
2010-02-12,31.54552459716797
2010-02-16,32.24652862548828
2010-02-17,32.28919982910156
2010-02-18,32.47208023071289
2010-02-19,32.270912170410156
2010-02-22,32.33187484741211
2010-02-23,31.874691009521484
2010-02-24,32.07585525512695
2010-02-25,31.880786895751953
2010-02-26,32.07585525512695
2010-03-01,32.325782775878906
2010-03-02,32.56960678100586
2010-03-03,32.95973587036133
2010-03-04,32.8744010925293
2010-03-05,33.51445388793945
2010-03-08,33.51445388793945
2010-03-09,33.43520736694336
2010-03-10,33.57540512084961
2010-03-11,33.70342254638672
2010-03-12,33.92897033691406
2010-03-15,33.69121551513672
2010-03-16,34.11793518066406
2010-03-17,34.30080032348633
2010-03-18,34.099639892578125
2010-03-19,33.75218200683594
2010-03-22,33.84971618652344
2010-03-23,34.08744812011719
2010-03-24,33.52664566040039
2010-03-25,33.50835418701172
2010-03-26,33.8375244140625
2010-03-29,34.12403106689453
2010-03-30,34.12403106689453
2010-03-31,34.12403106689453
2010-04-01,34.727508544921875
2010-04-05,34.76408386230469
2010-04-06,34.666542053222656
2010-04-07,34.42271423339844
2010-04-08,34.386146545410156
2010-04-09,34.83723068237305
2010-04-12,34.94696044921875
2010-04-13,34.916465759277344
2010-04-14,35.37974548339844
2010-04-15,35.35537338256836
2010-04-16,34.575111389160156
2010-04-19,34.48367691040039
2010-04-20,34.697025299072266
2010-04-21,34.47147750854492
2010-04-22,34.160606384277344
2010-04-23,34.41661834716797
2010-04-26,34.45319747924805
2010-04-27,33.0694580078125
2010-04-28,33.075565338134766
2010-04-29,33.58760070800781
2010-04-30,33.166988372802734
2010-05-03,33.40473175048828
2010-05-04,32.081947326660156
2010-05-05,31.466272354125977
2010-05-06,30.064254760742188
2010-05-07,29.997196197509766
2010-05-10,31.941749572753906
2010-05-11,31.423606872558594
2010-05-12,31.77716827392578
2010-05-13,31.36264991760254
2010-05-14,30.47266960144043
2010-05-17,30.515342712402344
2010-05-18,29.856998443603516
2010-05-19,29.972822189331055
2010-05-20,28.930448532104492
2010-05-21,29.637548446655273
2010-05-24,28.954824447631836
2010-05-25,28.845102310180664
2010-05-26,28.418399810791016
2010-05-27,30.033784866333008
2010-05-28,29.454681396484375
2010-06-01,29.162080764770508
2010-06-02,29.942340850830078
2010-06-03,29.850906372070312
2010-06-04,28.57688331604004
2010-06-07,28.217241287231445
2010-06-08,28.668323516845703
2010-06-09,28.56468963623047
2010-06-10,29.771652221679688
2010-06-11,29.81432342529297
2010-06-14,30.003299713134766
2010-06-15,30.954233169555664
2010-06-16,30.807937622070312
2010-06-17,30.905471801757812
2010-06-18,30.850608825683594
2010-06-21,30.844507217407227
2010-06-22,30.454387664794922
2010-06-23,30.658437728881836
2010-06-24,30.125036239624023
2010-06-25,30.29869842529297
2010-06-28,30.075414657592773
2010-06-29,29.045808792114258
2010-06-30,28.84734344482422
2010-07-01,29.26911163330078
2010-07-02,29.20708465576172
2010-07-06,29.790111541748047
2010-07-07,30.720468521118164
2010-07-08,31.01818084716797
2010-07-09,31.049196243286133
2010-07-12,30.931333541870117
2010-07-13,31.501964569091797
2010-07-14,31.613611221313477
2010-07-15,31.768674850463867
2010-07-16,30.751482009887695
2010-07-19,30.949960708618164
2010-07-20,31.160829544067383
2010-07-21,30.596418380737305
2010-07-22,31.626007080078125
2010-07-23,31.9981689453125
2010-07-26,32.22145080566406
2010-07-27,32.31447982788086
2010-07-28,32.14701843261719
2010-07-29,32.295875549316406
2010-07-30,32.1966438293457
2010-08-02,33.282066345214844
2010-08-03,33.23243713378906
2010-08-04,33.26344680786133
2010-08-05,33.23863220214844
2010-08-06,33.3378791809082
2010-08-09,33.37508773803711
2010-08-10,33.10838317871094
2010-08-11,31.60120964050293
2010-08-12,31.56399154663086
2010-08-13,31.45235252380371
2010-08-16,31.706632614135742
2010-08-17,32.06018829345703
2010-08-18,32.04777526855469
2010-08-19,31.532974243164062
2010-08-20,31.20426368713379
2010-08-23,31.14223861694336
2010-08-24,30.714271545410156
2010-08-25,30.745275497436523
2010-08-26,30.732866287231445
2010-08-27,31.33450698852539
2010-08-30,30.881731033325195
2010-08-31,30.974760055541992
2010-09-01,32.078792572021484
2010-09-02,32.258663177490234
2010-09-03,32.55636978149414
2010-09-07,32.10359191894531
2010-09-08,32.3516960144043
2010-09-09,32.65562057495117
2010-09-10,32.754852294921875
2010-09-13,33.35028076171875
2010-09-14,33.573570251464844
2010-09-15,33.585975646972656
2010-09-16,33.42470932006836
2010-09-17,33.26344680786133
2010-09-20,33.840267181396484
2010-09-21,33.83406448364258
2010-09-22,33.78444290161133
2010-09-23,33.418514251708984
2010-09-24,34.348873138427734
2010-09-27,34.17519760131836
2010-09-28,34.37369155883789
2010-09-29,34.31785202026367
2010-09-30,34.06355285644531
2010-10-01,34.40468978881836
2010-10-04,33.90849304199219
2010-10-05,34.869869232177734
2010-10-06,35.1613883972168
2010-10-07,35.04353332519531
2010-10-08,35.27301025390625
2010-10-11,35.22960662841797
2010-10-12,35.155174255371094
2010-10-13,35.55213165283203
2010-10-14,35.800235748291016
2010-10-15,35.68238067626953
2010-10-18,35.76301193237305
2010-10-19,34.975311279296875
2010-10-20,35.63276672363281
2010-10-21,35.440486907958984
2010-10-22,35.53352737426758
2010-10-25,35.669979095458984
2010-10-26,35.440486907958984
2010-10-27,35.09935760498047
2010-10-28,35.37226104736328
2010-10-29,35.359859466552734
2010-11-01,35.22960662841797
2010-11-02,35.81263732910156
2010-11-03,36.060733795166016
2010-11-04,36.87944030761719
2010-11-05,36.71818161010742
2010-11-08,36.49489212036133
2010-11-09,36.12895584106445
2010-11-10,36.23439407348633
2010-11-11,35.92427062988281
2010-11-12,35.62656021118164
2010-11-15,35.601749420166016
2010-11-16,34.76443099975586
2010-11-17,34.95670700073242
2010-11-18,35.831241607666016
2010-11-19,35.831241607666016
2010-11-22,35.44668960571289
2010-11-23,34.3798828125
2010-11-24,34.92569351196289
2010-11-26,34.34265899658203
2010-11-29,34.03874969482422
2010-11-30,33.65419387817383
2010-12-01,34.60935974121094
2010-12-02,35.26681900024414
2010-12-03,35.607948303222656
2010-12-06,35.44668960571289
2010-12-07,35.465301513671875
2010-12-08,35.57073974609375
2010-12-09,35.66377258300781
2010-12-10,35.74441146850586
2010-12-13,36.12895584106445
2010-12-14,36.18478012084961
2010-12-15,35.70719909667969
2010-12-16,35.905677795410156
2010-12-17,35.70719909667969
2010-12-20,35.787818908691406
2010-12-21,36.08708572387695
2010-12-22,36.155948638916016
2010-12-23,36.13716506958008
2010-12-27,36.062042236328125
2010-12-28,36.09334182739258
2010-12-29,36.40639114379883
2010-12-30,36.23108673095703
2010-12-31,36.450218200683594
2011-01-03,36.75072479248047
2011-01-04,36.638038635253906
2011-01-05,36.48151397705078
2011-01-06,36.062042236328125
2011-01-07,35.91803741455078
2011-01-10,35.855430603027344
2011-01-11,36.099605560302734
2011-01-12,36.89472961425781
2011-01-13,36.99489212036133
2011-01-14,37.22029113769531
2011-01-18,37.464454650878906
2011-01-19,37.207763671875
2011-01-20,36.888465881347656
2011-01-21,37.088809967041016
2011-01-24,37.48322677612305
2011-01-25,37.408103942871094
2011-01-26,37.64601516723633
2011-01-27,37.73366928100586
2011-01-28,36.89472961425781
2011-01-31,37.21401596069336
2011-02-01,38.09679412841797
2011-02-02,38.065486907958984
2011-02-03,38.07175827026367
2011-02-04,38.059226989746094
2011-02-07,38.17818069458008
2011-02-08,38.42861557006836
2011-02-09,38.315914154052734
2011-02-10,38.065486907958984
2011-02-11,38.08428192138672
2011-02-14,38.159400939941406
2011-02-15,38.04671096801758
2011-02-16,38.503746032714844
2011-02-17,38.63522720336914
2011-02-18,38.76670837402344
2011-02-22,37.65855026245117
2011-02-23,37.7086296081543
2011-02-24,37.739925384521484
2011-02-25,38.19070816040039
2011-02-28,38.535057067871094
2011-03-01,37.99661636352539
2011-03-02,38.19696807861328
2011-03-03,38.68531799316406
2011-03-04,38.33470916748047
2011-03-07,37.9653205871582
2011-03-08,38.08428192138672
2011-03-09,38.09679412841797
2011-03-10,37.15141677856445
2011-03-11,37.15141677856445
2011-03-14,36.487789154052734
2011-03-15,35.72396469116211
2011-03-16,34.61580276489258
2011-03-17,35.76778793334961
2011-03-18,36.26239013671875
2011-03-21,37.157676696777344
2011-03-22,37.05125045776367
2011-03-23,37.09507751464844
2011-03-24,37.58967590332031
2011-03-25,37.17646026611328
2011-03-28,37.157676696777344
2011-03-29,37.35176086425781
2011-03-30,37.7962760925293
2011-03-31,37.614723205566406
2011-04-01,37.97157669067383
2011-04-04,38.02167510986328
2011-04-05,37.927757263183594
2011-04-06,38.24079132080078
2011-04-07,38.052974700927734
2011-04-08,38.366004943847656
2011-04-11,38.290863037109375
2011-04-12,37.93402099609375
2011-04-13,38.04671096801758
2011-04-14,38.21574401855469
2011-04-15,38.159400939941406
2011-04-18,37.37680435180664
2011-04-19,37.65228271484375
2011-04-20,38.610172271728516
2011-04-21,38.8606071472168
2011-04-25,38.8606071472168
2011-04-26,39.1611213684082
2011-04-27,39.649471282958984
2011-04-28,39.918678283691406
2011-04-29,39.73085021972656
2011-05-02,39.987548828125
2011-05-03,39.6619758605957
2011-05-04,39.32391357421875
2011-05-05,38.547569274902344
2011-05-06,38.56635665893555
2011-05-09,38.84182357788086
2011-05-10,39.211219787597656
2011-05-11,38.42236328125
2011-05-12,38.547569274902344
2011-05-13,37.946537017822266
2011-05-16,37.87767028808594
2011-05-17,37.95905303955078
2011-05-18,38.19070816040039
2011-05-19,38.409828186035156
2011-05-20,37.86514663696289
2011-05-23,36.98863983154297
2011-05-24,37.201499938964844
2011-05-25,37.439414978027344
2011-05-26,37.790016174316406
2011-05-27,38.065486907958984
2011-05-31,38.85435104370117
2011-06-01,37.93402099609375
2011-06-02,38.12809371948242
2011-06-03,38.14687728881836
2011-06-06,37.65228271484375
2011-06-07,37.99661636352539
2011-06-08,37.50828552246094
2011-06-09,37.89645004272461
2011-06-10,37.01995086669922
2011-06-13,37.0762939453125
2011-06-14,37.73366928100586
2011-06-15,36.4940299987793
2011-06-16,36.36882781982422
2011-06-17,36.72568130493164
2011-06-20,36.68185806274414
2011-06-21,37.47697448730469
2011-06-22,37.11381912231445
2011-06-23,36.79469299316406
2011-06-24,36.443660736083984
2011-06-27,36.74363327026367
2011-06-28,37.184024810791016
2011-06-29,37.83503341674805
2011-06-30,38.3839225769043
2011-07-01,38.8051643371582
2011-07-05,38.57538604736328
2011-07-06,38.33287048339844
2011-07-07,38.66474914550781
2011-07-08,38.18606948852539
2011-07-11,37.030845642089844
2011-07-12,36.781925201416016
2011-07-13,37.33081817626953
2011-07-14,37.00531768798828
2011-07-15,37.13296890258789
2011-07-18,36.584075927734375
2011-07-19,37.13296890258789
2011-07-20,37.57334899902344
2011-07-21,38.37116241455078
2011-07-22,38.409446716308594
2011-07-25,38.16692352294922
2011-07-26,38.39668655395508
2011-07-27,37.4648551940918
2011-07-28,37.3754997253418
2011-07-29,37.471229553222656
2011-08-01,36.99893569946289
2011-08-02,36.022422790527344
2011-08-03,36.233036041259766
2011-08-04,33.70560073852539
2011-08-05,34.29917526245117
2011-08-08,31.73981285095215
2011-08-09,33.8779296875
2011-08-10,31.854692459106445
2011-08-11,33.380104064941406
2011-08-12,33.76305389404297
2011-08-15,34.5480842590332
2011-08-16,34.04387664794922
2011-08-17,34.24173355102539
2011-08-18,32.5759162902832
2011-08-19,32.02064514160156
2011-08-22,32.22488021850586
2011-08-23,33.2715950012207
2011-08-24,33.28436279296875
2011-08-25,32.48018264770508
2011-08-26,32.99076843261719
2011-08-29,33.77580642700195
2011-08-30,33.57794952392578
2011-08-31,34.19066619873047
2011-09-01,33.76942825317383
2011-09-02,33.01628494262695
2011-09-06,31.931285858154297
2011-09-07,32.882266998291016
2011-09-08,32.23126220703125
2011-09-09,31.114343643188477
2011-09-12,30.980304718017578
2011-09-13,31.31218910217285
2011-09-14,31.78449821472168
2011-09-15,32.473793029785156
2011-09-16,32.48656463623047
2011-09-19,31.593015670776367
2011-09-20,31.720670700073242
2011-09-21,30.77606773376465
2011-09-22,29.78040313720703
2011-09-23,30.118677139282227
2011-09-26,30.737777709960938
2011-09-27,31.497285842895508
2011-09-28,30.961156845092773
2011-09-29,31.56749153137207
2011-09-30,30.4952392578125
2011-10-03,29.69105339050293
2011-10-04,30.188880920410156
2011-10-05,30.654796600341797
2011-10-06,31.478130340576172
2011-10-07,31.261125564575195
2011-10-10,32.454647064208984
2011-10-11,32.39719772338867
2011-10-12,32.869510650634766
2011-10-13,32.882266998291016
2011-10-14,33.26521301269531
2011-10-17,32.49931716918945
2011-10-18,32.96523666381836
2011-10-19,32.371665954589844
2011-10-20,32.454647064208984
2011-10-21,33.239688873291016
2011-10-24,33.73751449584961
2011-10-25,33.156707763671875
2011-10-26,33.60986328125
2011-10-27,35.4671516418457
2011-10-28,35.26291275024414
2011-10-31,33.431156158447266
2011-11-01,32.38444519042969
2011-11-02,32.65888977050781
2011-11-03,33.482215881347656
2011-11-04,33.060970306396484
2011-11-07,33.20138931274414
2011-11-08,33.60348892211914
2011-11-09,31.880224227905273
2011-11-10,32.25679016113281
2011-11-11,33.060970306396484
2011-11-14,32.473793029785156
2011-11-15,32.38444519042969
2011-11-16,31.765348434448242
2011-11-17,31.42069435119629
2011-11-18,31.52919578552246
2011-11-21,30.731395721435547
2011-11-22,30.642032623291016
2011-11-23,29.7995548248291
2011-11-25,29.646385192871094
2011-11-28,30.91009521484375
2011-11-29,31.114343643188477
2011-11-30,32.70356369018555
2011-12-01,32.4227409362793
2011-12-02,32.41635513305664
2011-12-05,32.78653335571289
2011-12-06,32.633358001708984
2011-12-07,32.86311721801758
2011-12-08,31.78449821472168
2011-12-09,32.5759162902832
2011-12-12,31.624937057495117
2011-12-13,31.197298049926758
2011-12-14,30.82712745666504
2011-12-15,30.980304718017578
2011-12-16,30.8526554107666
2011-12-19,30.565448760986328
2011-12-20,31.643482208251953
2011-12-21,31.47555160522461
2011-12-22,31.759748458862305
2011-12-23,31.979351043701172
2011-12-27,31.83725357055664
2011-12-28,31.262393951416016
2011-12-29,31.83725357055664
2011-12-30,31.992286682128906
2012-01-03,32.86426544189453
2012-01-04,32.67048645019531
2012-01-05,32.186058044433594
2012-01-06,31.74683952331543
2012-01-09,31.869556427001953
2012-01-10,32.35398864746094
2012-01-11,32.250640869140625
2012-01-12,32.38628005981445
2012-01-13,32.03749465942383
2012-01-17,32.418582916259766
2012-01-18,32.961151123046875
2012-01-19,33.36809158325195
2012-01-20,33.54248046875
2012-01-23,33.671669006347656
2012-01-24,33.484336853027344
2012-01-25,33.8331413269043
2012-01-26,33.846065521240234
2012-01-27,33.90420150756836
2012-01-30,33.50372314453125
2012-01-31,33.67811965942383
2012-02-01,34.207767486572266
2012-02-02,34.27882385253906
2012-02-03,34.8149299621582
2012-02-06,34.64699935913086
2012-02-07,34.860145568847656
2012-02-08,34.98286819458008
2012-02-09,35.073307037353516
2012-02-10,34.40802001953125
2012-02-13,34.8020133972168
2012-02-14,34.54365539550781
2012-02-15,34.58241271972656
2012-02-16,35.060386657714844
2012-02-17,35.21541213989258
2012-02-21,35.221866607666016
2012-02-22,35.11851119995117
2012-02-23,35.409175872802734
2012-02-24,35.62234878540039
2012-02-27,35.441471099853516
2012-02-28,35.77089309692383
2012-02-29,35.30582809448242
2012-03-01,35.706295013427734
2012-03-02,35.37688446044922
2012-03-05,35.1895637512207
2012-03-06,34.06566619873047
2012-03-07,34.48551940917969
2012-03-08,35.22832489013672
2012-03-09,35.112060546875
2012-03-12,35.021629333496094
2012-03-13,35.59003448486328
2012-03-14,35.27355194091797
2012-03-15,35.60941696166992
2012-03-16,35.854862213134766
2012-03-19,36.042179107666016
2012-03-20,35.615875244140625
2012-03-21,35.383338928222656
2012-03-22,35.13790512084961
2012-03-23,35.383338928222656
2012-03-26,35.835472106933594
2012-03-27,35.60941696166992
2012-03-28,35.36396408081055
2012-03-29,35.13790512084961
2012-03-30,35.45439529418945
2012-04-02,35.867774963378906
2012-04-03,35.24124526977539
2012-04-04,34.453224182128906
2012-04-05,34.24653244018555
2012-04-09,34.09797286987305
2012-04-10,33.36809158325195
2012-04-11,33.8331413269043
2012-04-12,34.453224182128906
2012-04-13,33.794376373291016
2012-04-16,34.03983688354492
2012-04-17,34.58241271972656
2012-04-18,34.401554107666016
2012-04-19,34.194862365722656
2012-04-20,34.52427673339844
2012-04-23,33.8331413269043
2012-04-24,34.10441970825195
2012-04-25,34.569488525390625
2012-04-26,34.77618408203125
2012-04-27,34.918277740478516
2012-04-30,34.718040466308594
2012-05-01,34.860145568847656
2012-05-02,34.5888786315918
2012-05-03,34.28528594970703
2012-05-04,33.7620849609375
2012-05-07,34.00753402709961
2012-05-08,33.484336853027344
2012-05-09,33.09679412841797
2012-05-10,33.25181579589844
2012-05-11,33.04513931274414
2012-05-14,32.412132263183594
2012-05-15,32.00520706176758
2012-05-16,31.68869400024414
2012-05-17,31.301145553588867
2012-05-18,31.07506561279297
2012-05-21,31.759748458862305
2012-05-22,31.643482208251953
2012-05-23,31.385116577148438
2012-05-24,31.17842674255371
2012-05-25,31.06861686706543
2012-05-29,31.462631225585938
2012-05-30,30.719825744628906
2012-05-31,30.849002838134766
2012-06-01,30.06744384765625
2012-06-04,30.319353103637695
2012-06-05,30.538963317871094
2012-06-06,31.391569137573242
2012-06-07,31.436792373657227
2012-06-08,31.33344841003418
2012-06-11,31.029861450195312
2012-06-12,31.546585083007812
2012-06-13,31.294692993164062
2012-06-14,31.527225494384766
2012-06-15,31.972904205322266
2012-06-18,31.882482528686523
2012-06-19,32.412132263183594
2012-06-20,32.59944152832031
2012-06-21,31.746124267578125
2012-06-22,32.017127990722656
2012-06-25,31.30328941345215
2012-06-26,31.508188247680664
2012-06-27,31.805622100830078
2012-06-28,31.87171745300293
2012-06-29,33.02180099487305
2012-07-02,33.23991394042969
2012-07-03,33.54395294189453
2012-07-05,32.9887580871582
2012-07-06,32.6780891418457
2012-07-09,32.60538864135742
2012-07-10,32.38727569580078
2012-07-11,32.48641586303711
2012-07-12,32.16254806518555
2012-07-13,32.61861038208008
2012-07-16,32.61199188232422
2012-07-17,32.70453643798828
2012-07-18,32.96230697631836
2012-07-19,33.266357421875
2012-07-20,32.48641586303711
2012-07-23,31.818845748901367
2012-07-24,31.475139617919922
2012-07-25,31.64037322998047
2012-07-26,32.60538864135742
2012-07-27,33.29279708862305
2012-07-30,33.253135681152344
2012-07-31,33.048240661621094
2012-08-01,33.05484390258789
2012-08-02,32.59217071533203
2012-08-03,33.70259475708008
2012-08-06,33.94053268432617
2012-08-07,34.22475051879883
2012-08-08,34.204925537109375
2012-08-09,34.22475051879883
2012-08-10,34.284236907958984
2012-08-13,34.1190071105957
2012-08-14,34.19831466674805
2012-08-15,34.09917068481445
2012-08-16,34.522193908691406
2012-08-17,34.56845474243164
2012-08-20,34.5287971496582
2012-08-21,34.727088928222656
2012-08-22,34.68742752075195
2012-08-23,34.4891471862793
2012-08-24,34.43625259399414
2012-08-27,34.456092834472656
2012-08-28,34.42304992675781
2012-08-29,34.31728744506836
2012-08-30,33.80834197998047
2012-08-31,34.10578155517578
2012-09-04,33.93393325805664
2012-09-05,33.84139633178711
2012-09-06,34.680824279785156
2012-09-07,35.20298385620117
2012-09-10,34.92538070678711
2012-09-11,35.321956634521484
2012-09-12,35.55329132080078
2012-09-13,36.09528732299805
2012-09-14,36.45220947265625
2012-09-17,36.260536193847656
2012-09-18,36.1085090637207
2012-09-19,36.260536193847656
2012-09-20,36.02919006347656
2012-09-21,36.049015045166016
2012-09-24,35.92343521118164
2012-09-25,35.67226791381836
2012-09-26,35.315338134765625
2012-09-27,35.73836135864258
2012-09-28,35.0311279296875
2012-10-01,35.315338134765625
2012-10-02,35.45414733886719
2012-10-03,35.30873489379883
2012-10-04,35.73836135864258
2012-10-05,35.78462600708008
2012-10-08,35.5731201171875
2012-10-09,35.05756378173828
2012-10-10,34.95842742919922
2012-10-11,35.18314743041992
2012-10-12,35.143497467041016
2012-10-15,35.48719787597656
2012-10-16,36.07545852661133
2012-10-17,36.41254806518555
2012-10-18,36.27374267578125
2012-10-19,35.78462600708008
2012-10-22,36.03579330444336
2012-10-23,35.262474060058594
2012-10-24,35.28229522705078
2012-10-25,35.49380111694336
2012-10-26,35.4409294128418
2012-10-31,35.41448974609375
2012-11-01,35.83089828491211
2012-11-02,35.48719787597656
2012-11-05,35.401268005371094
2012-11-06,35.73836135864258
2012-11-07,35.20298385620117
2012-11-08,34.88572692871094
2012-11-09,34.8989372253418
2012-11-12,34.872501373291016
2012-11-13,34.70064926147461
2012-11-14,34.337120056152344
2012-11-15,34.449485778808594
2012-11-16,34.42965316772461
2012-11-19,35.17654800415039
2012-11-20,35.22942352294922
2012-11-21,35.28891372680664
2012-11-23,36.049015045166016
2012-11-26,35.963077545166016
2012-11-27,35.78462600708008
2012-11-28,36.04240417480469
2012-11-29,36.353057861328125
2012-11-30,36.39931869506836
2012-12-03,36.44559860229492
2012-12-04,36.53813934326172
2012-12-05,36.59100341796875
2012-12-06,36.66371536254883
2012-12-07,36.67694091796875
2012-12-10,36.716590881347656
2012-12-11,36.9281005859375
2012-12-12,37.04706954956055
2012-12-13,36.9347038269043
2012-12-14,37.06690216064453
2012-12-17,37.218929290771484
2012-12-18,37.606483459472656
2012-12-19,37.7401237487793
2012-12-20,37.99404525756836
2012-12-21,37.760169982910156
2012-12-24,37.659942626953125
2012-12-26,37.65324020385742
2012-12-27,37.82699203491211
2012-12-28,37.42606735229492
2012-12-31,37.99404525756836
2013-01-02,38.58206558227539
2013-01-03,38.20786666870117
2013-01-04,38.401641845703125
2013-01-07,38.23459243774414
2013-01-08,38.020774841308594
2013-01-09,38.21455001831055
2013-01-10,38.702327728271484
2013-01-11,38.78252029418945
2013-01-14,38.82929229736328
2013-01-15,38.769161224365234
2013-01-16,38.58206558227539
2013-01-17,38.8961067199707
2013-01-18,38.85601806640625
2013-01-22,38.876060485839844
2013-01-23,38.83597946166992
2013-01-24,39.023067474365234
2013-01-25,39.444034576416016
2013-01-28,39.25026321411133
2013-01-29,39.517547607421875
2013-01-30,39.55764389038086
2013-01-31,39.410621643066406
2013-02-01,39.72468185424805
2013-02-04,39.00971221923828
2013-02-05,39.190120697021484
2013-02-06,39.18343734741211
2013-02-07,38.862701416015625
2013-02-08,39.10993957519531
2013-02-11,39.06984329223633
2013-02-12,39.26362609863281
2013-02-13,39.35717010498047
2013-02-14,39.14335250854492
2013-02-15,39.04311752319336
2013-02-19,39.50416946411133
2013-02-20,39.11662673950195
2013-02-21,38.528602600097656
2013-02-22,39.08320617675781
2013-02-25,38.147727966308594
2013-02-26,38.455101013183594
2013-02-27,38.94289016723633
2013-02-28,38.90279769897461
2013-03-01,38.822608947753906
2013-03-04,38.98966979980469
2013-03-05,39.37721633911133
2013-03-06,39.477455139160156
2013-03-07,39.59104919433594
2013-03-08,39.67790985107422
2013-03-11,39.79818344116211
2013-03-12,39.597721099853516
2013-03-13,39.537593841552734
2013-03-14,39.925132751464844
2013-03-15,40.00533676147461
2013-03-18,39.56431579589844
2013-03-19,39.444034576416016
2013-03-20,39.684600830078125
2013-03-21,39.323760986328125
2013-03-22,39.66454315185547
2013-03-25,39.17007827758789
2013-03-26,39.417320251464844
2013-03-27,39.22353744506836
2013-03-28,39.410621643066406
2013-04-01,38.882747650146484
2013-04-02,39.297035217285156
2013-04-03,39.1032600402832
2013-04-04,39.450721740722656
2013-04-05,39.27031326293945
2013-04-08,39.42399978637695
2013-04-09,39.56431579589844
2013-04-10,40.15233612060547
2013-04-11,40.466392517089844
2013-04-12,40.36616516113281
2013-04-15,39.571006774902344
2013-04-16,40.132301330566406
2013-04-17,39.297035217285156
2013-04-18,39.176753997802734
2013-04-19,39.490814208984375
2013-04-22,39.65787124633789
2013-04-23,40.21915817260742
2013-04-24,40.56662368774414
2013-04-25,40.78044128417969
2013-04-26,40.813865661621094
2013-04-29,41.335052490234375
2013-04-30,41.388511657714844
2013-05-01,41.14127731323242
2013-05-02,41.268226623535156
2013-05-03,41.79612350463867
2013-05-06,41.74265670776367
2013-05-07,41.80947494506836
2013-05-08,42.25049591064453
2013-05-09,41.8428840637207
2013-05-10,41.88966751098633
2013-05-13,41.86961364746094
2013-05-14,41.94980239868164
2013-05-15,42.130218505859375
2013-05-16,41.8428840637207
2013-05-17,42.130218505859375
2013-05-20,42.36408996582031
2013-05-21,42.45095443725586
2013-05-22,42.02330780029297
2013-05-23,41.42192077636719
2013-05-24,41.061100006103516
2013-05-28,41.168006896972656
2013-05-29,40.773765563964844
2013-05-30,40.93413162231445
2013-05-31,40.13897705078125
2013-06-03,40.292659759521484
2013-06-04,40.43967056274414
2013-06-05,39.537593841552734
2013-06-06,39.75809860229492
2013-06-07,40.292659759521484
2013-06-10,40.332759857177734
2013-06-11,39.83829116821289
2013-06-12,39.791507720947266
2013-06-13,40.399566650390625
2013-06-14,39.95855712890625
2013-06-17,40.533206939697266
2013-06-18,40.82054901123047
2013-06-19,40.05879211425781
2013-06-20,38.5887336730957
2013-06-21,38.715694427490234
2013-06-24,38.107627868652344
2013-06-25,38.59543228149414
2013-06-26,38.74911117553711
2013-06-27,39.13907241821289
2013-06-28,39.06407928466797
2013-07-01,39.432220458984375
2013-07-02,39.23451232910156
2013-07-03,39.24814987182617
2013-07-05,39.432220458984375
2013-07-08,39.677650451660156
2013-07-09,39.89579772949219
2013-07-10,40.01170349121094
2013-07-11,41.04795837402344
2013-07-12,40.7752571105957
2013-07-15,41.02750778198242
2013-07-16,41.0002326965332
2013-07-17,41.122947692871094
2013-07-18,41.39565658569336
2013-07-19,41.36156463623047
2013-07-22,41.593353271484375
2013-07-23,41.681976318359375
2013-07-24,41.62744140625
2013-07-25,41.709259033203125
2013-07-26,41.450191497802734
2013-07-29,41.054771423339844
2013-07-30,41.04795837402344
2013-07-31,41.14339828491211
2013-08-01,41.70243453979492
2013-08-02,42.04330825805664
2013-08-05,41.954689025878906
2013-08-06,41.89332580566406
2013-08-07,41.709259033203125
2013-08-08,42.08421325683594
2013-08-09,42.159210205078125
2013-08-12,42.04330825805664
2013-08-13,42.316001892089844
2013-08-14,42.33646011352539
2013-08-15,41.981964111328125
2013-08-16,42.05694580078125
2013-08-19,41.75697708129883
2013-08-20,41.70243453979492
2013-08-21,41.21158218383789
2013-08-22,41.61381149291992
2013-08-23,41.97513198852539
2013-08-26,41.66835403442383
2013-08-27,40.959327697753906
2013-08-28,40.91160583496094
2013-08-29,40.84343338012695
2013-08-30,40.33894729614258
2013-09-03,41.11613464355469
2013-09-04,41.48427963256836
2013-09-05,41.450191497802734
2013-09-06,41.6751708984375
2013-09-09,42.24783706665039
2013-09-10,42.725059509277344
2013-09-11,42.875030517578125
2013-09-12,42.62961196899414
2013-09-13,42.83414077758789
2013-09-16,43.16819763183594
2013-09-17,43.19545364379883
2013-09-18,44.34761428833008
2013-09-19,44.136268615722656
2013-09-20,43.81583786010742
2013-09-23,43.802223205566406
2013-09-24,43.73404312133789
2013-09-25,43.781768798828125
2013-09-26,43.9658317565918
2013-09-27,43.80903244018555
2013-09-30,43.49542999267578
2013-10-01,43.72721862792969
2013-10-02,43.713600158691406
2013-10-03,43.4272575378418
2013-10-04,43.52950668334961
2013-10-07,43.079559326171875
2013-10-08,42.74551010131836
2013-10-09,42.92958068847656
2013-10-10,43.699947357177734
2013-10-11,43.93174743652344
2013-10-14,44.08173370361328
2013-10-15,43.870391845703125
2013-10-16,44.197628021240234
2013-10-17,44.78392791748047
2013-10-18,45.0498046875
2013-10-21,45.11798858642578
2013-10-22,45.567935943603516
2013-10-23,45.12479782104492
2013-10-24,45.438411712646484
2013-10-25,45.30887985229492
2013-10-28,45.2338752746582
2013-10-29,45.32933044433594
2013-10-30,45.16571044921875
2013-10-31,44.9134635925293
2013-11-01,44.69529724121094
2013-11-04,44.9134635925293
2013-11-05,44.52486038208008
2013-11-06,44.9134635925293
2013-11-07,44.204437255859375
2013-11-08,44.46351623535156
2013-11-11,44.5589485168457
2013-11-12,44.40896224975586
2013-11-13,44.5521240234375
2013-11-14,44.756656646728516
2013-11-15,45.11798858642578
2013-11-18,45.11798858642578
2013-11-19,45.00209045410156
2013-11-20,44.68849563598633
2013-11-21,44.96799850463867
2013-11-22,45.0975456237793
2013-11-25,44.961177825927734
2013-11-26,44.961177825927734
2013-11-27,45.070274353027344
2013-11-29,45.15888214111328
2013-12-02,44.824832916259766
2013-12-03,44.51123809814453
2013-12-04,44.27262878417969
2013-12-05,44.02035903930664
2013-12-06,44.56578063964844
2013-12-09,44.51804733276367
2013-12-10,44.443058013916016
2013-12-11,44.027198791503906
2013-12-12,43.7067756652832
2013-12-13,43.679500579833984
2013-12-16,43.993099212646484
2013-12-17,43.802223205566406
2013-12-18,44.491241455078125
2013-12-19,44.491241455078125
2013-12-20,44.74567413330078
2013-12-23,45.206390380859375
2013-12-24,45.29580307006836
2013-12-26,45.54335403442383
2013-12-27,45.777156829833984
2013-12-30,45.96969985961914
2013-12-31,46.14160919189453
2014-01-02,45.323307037353516
2014-01-03,45.3714485168457
2014-01-06,45.31643295288086
2014-01-07,45.57086181640625
2014-01-08,45.55710983276367
2014-01-09,45.52272415161133
2014-01-10,45.942195892333984
2014-01-13,45.54335403442383
2014-01-14,45.90781784057617
2014-01-15,46.1003532409668
2014-01-16,46.07971954345703
2014-01-17,45.942195892333984
2014-01-21,46.16223907470703
2014-01-22,46.16223907470703
2014-01-23,45.85280227661133
2014-01-24,44.594398498535156
2014-01-27,44.388092041015625
2014-01-28,44.77318572998047
2014-01-29,44.27118682861328
2014-01-30,44.498111724853516
2014-01-31,43.74169921875
2014-02-03,42.84775161743164
2014-02-04,43.34284973144531
2014-02-05,43.432254791259766
2014-02-06,44.20242691040039
2014-02-07,44.78006362915039
2014-02-10,44.6287727355957
2014-02-11,45.3370475769043
2014-02-12,45.41270446777344
2014-02-13,45.55022430419922
2014-02-14,45.72214889526367
2014-02-18,46.114105224609375
2014-02-19,45.804664611816406
2014-02-20,45.96281814575195
2014-02-21,46.05223083496094
2014-02-24,46.4510612487793
2014-02-25,46.34103012084961
2014-02-26,46.18288040161133
2014-02-27,46.34103012084961
2014-02-28,46.42355728149414
2014-03-03,45.44020462036133
2014-03-04,46.34103012084961
2014-03-05,46.299781799316406
2014-03-06,46.7811393737793
2014-03-07,46.52671432495117
2014-03-10,46.237884521484375
2014-03-11,45.90093231201172
2014-03-12,45.729026794433594
2014-03-13,44.87632751464844
2014-03-14,44.78006362915039
2014-03-17,45.34394073486328
2014-03-18,45.62586975097656
2014-03-19,45.06887435913086
2014-03-20,44.896968841552734
2014-03-21,44.80756759643555
2014-03-24,44.924468994140625
2014-03-25,45.41270446777344
2014-03-26,45.40582275390625
2014-03-27,45.632747650146484
2014-03-28,45.97657775878906
2014-03-31,46.21038055419922
2014-04-01,46.506080627441406
2014-04-02,46.595462799072266
2014-04-03,46.464805603027344
2014-04-04,46.320404052734375
2014-04-07,46.1003532409668
2014-04-08,46.0728645324707
2014-04-09,46.66423416137695
2014-04-10,45.83903884887695
2014-04-11,45.56398010253906
2014-04-14,45.82529830932617
2014-04-15,45.632747650146484
2014-04-16,46.19662857055664
2014-04-17,46.43730926513672
2014-04-21,46.499202728271484
2014-04-22,46.69173812866211
2014-04-23,46.58171081542969
2014-04-24,46.57483673095703
2014-04-25,46.34790802001953
2014-04-28,46.49232864379883
2014-04-29,46.79488754272461
2014-04-30,46.980567932128906
2014-05-01,47.11122131347656
2014-05-02,47.03557586669922
2014-05-05,47.001182556152344
2014-05-06,46.918663024902344
2014-05-07,46.97367477416992
2014-05-08,46.980567932128906
2014-05-09,46.91178894042969
2014-05-12,47.221229553222656
2014-05-13,47.28999328613281
2014-05-14,47.200599670410156
2014-05-15,46.994300842285156
2014-05-16,47.09745788574219
2014-05-19,47.001182556152344
2014-05-20,46.70549011230469
2014-05-21,47.0699462890625
2014-05-22,47.13184356689453
2014-05-23,47.255615234375
2014-05-27,47.592559814453125
2014-05-28,47.43440628051758
2014-05-29,47.72321701049805
2014-05-30,47.73009490966797
2014-06-02,47.82636642456055
2014-06-03,47.7094612121582
2014-06-04,47.69571304321289
2014-06-05,48.02579116821289
2014-06-06,48.28709411621094
2014-06-09,48.23896408081055
2014-06-10,48.13581085205078
2014-06-11,47.89513397216797
2014-06-12,47.90889358520508
2014-06-13,47.94327163696289
2014-06-16,47.9570198059082
2014-06-17,47.922637939453125
2014-06-18,48.33523178100586
2014-06-19,48.596534729003906
2014-06-20,48.51403045654297
2014-06-23,48.38336944580078
2014-06-24,48.08080291748047
2014-06-25,48.06389617919922
2014-06-26,48.09911346435547
2014-06-27,48.12730026245117
2014-06-30,48.1695671081543
2014-07-01,48.592308044433594
2014-07-02,48.6697998046875
2014-07-03,48.76842498779297
2014-07-07,48.38798141479492
2014-07-08,47.88070297241211
2014-07-09,48.035701751708984
2014-07-10,47.5073127746582
2014-07-11,47.53548812866211
2014-07-14,47.88775634765625
2014-07-15,47.76798629760742
2014-07-16,48.06389617919922
2014-07-17,47.45094299316406
2014-07-18,47.82434844970703
2014-07-21,47.64821243286133
2014-07-22,47.85958480834961
2014-07-23,47.95821762084961
2014-07-24,48.07093811035156
2014-07-25,47.8736572265625
2014-07-28,47.88070297241211
2014-07-29,47.782073974609375
2014-07-30,47.71162796020508
2014-07-31,46.91547775268555
2014-08-01,46.591400146484375
2014-08-04,46.80980682373047
2014-08-05,46.210941314697266
2014-08-06,46.09822082519531
2014-08-07,45.72480010986328
2014-08-08,45.99253845214844
2014-08-11,46.16868209838867
2014-08-12,46.13344192504883
2014-08-13,46.39412307739258
2014-08-14,46.640716552734375
2014-08-15,46.591400146484375
2014-08-18,46.894351959228516
2014-08-19,47.00707244873047
2014-08-20,46.85912322998047
2014-08-21,47.056392669677734
2014-08-22,46.83094024658203
2014-08-25,47.13389205932617
2014-08-26,47.14093780517578
2014-08-27,47.23252868652344
2014-08-28,47.02116394042969
2014-08-29,47.00003433227539
2014-09-02,47.09162139892578
2014-09-03,47.422767639160156
2014-09-04,47.19730758666992
2014-09-05,47.20435333251953
2014-09-08,46.70412063598633
2014-09-09,46.570255279541016
2014-09-10,46.83799362182617
2014-09-11,46.577308654785156
2014-09-12,46.513893127441406
2014-09-15,46.41526412963867
2014-09-16,46.61254119873047
2014-09-17,46.28139877319336
2014-09-18,46.640716552734375
2014-09-19,46.478668212890625
2014-09-22,46.27435302734375
2014-09-23,45.88685607910156
2014-09-24,46.119361877441406
2014-09-25,45.442996978759766
2014-09-26,45.63322448730469
2014-09-29,45.210487365722656
2014-09-30,45.175270080566406
2014-10-01,44.63982009887695
2014-10-02,44.16071701049805
2014-10-03,44.16071701049805
2014-10-06,44.442543029785156
2014-10-07,43.68867492675781
2014-10-08,44.37913513183594
2014-10-09,43.188453674316406
2014-10-10,42.5402717590332
2014-10-13,42.483917236328125
2014-10-14,42.589599609375
2014-10-15,42.33596420288086
2014-10-16,41.941410064697266
2014-10-17,42.723453521728516
2014-10-20,42.99119186401367
2014-10-21,43.50550079345703
2014-10-22,43.188453674316406
2014-10-23,43.6041374206543
2014-10-24,43.84367752075195
2014-10-27,43.59709167480469
2014-10-28,44.25936508178711
2014-10-29,43.921180725097656
2014-10-30,44.23822784423828
2014-10-31,45.055484771728516
2014-11-03,44.667991638183594
2014-11-04,44.41436004638672
2014-11-05,44.49890899658203
2014-11-06,44.25936508178711
2014-11-07,44.280494689941406
2014-11-10,44.47776794433594
2014-11-11,44.7454948425293
2014-11-12,44.36503982543945
2014-11-13,44.57640838623047
2014-11-14,44.63982009887695
2014-11-17,44.46367263793945
2014-11-18,44.94982147216797
2014-11-19,44.815948486328125
2014-11-20,44.548221588134766
2014-11-21,44.935726165771484
2014-11-24,45.19640350341797
2014-11-25,45.2739143371582
2014-11-26,45.450042724609375
2014-11-28,45.08367919921875
2014-12-01,45.041404724121094
2014-12-02,45.16822052001953
2014-12-03,45.11185836791992
2014-12-04,44.96390151977539
2014-12-05,45.06254196166992
2014-12-08,44.667991638183594
2014-12-09,44.42845153808594
2014-12-10,43.86482620239258
2014-12-11,43.80845260620117
2014-12-12,42.96299743652344
2014-12-15,42.25142288208008
2014-12-16,42.55437469482422
2014-12-17,43.06304931640625
2014-12-18,43.831390380859375
2014-12-19,43.89542007446289
2014-12-22,44.10884475708008
2014-12-23,43.96656036376953
2014-12-24,44.16576385498047
2014-12-26,44.279598236083984
2014-12-29,43.959449768066406
2014-12-30,43.553932189941406
2014-12-31,43.283592224121094
2015-01-02,43.09861755371094
2015-01-05,42.08127212524414
2015-01-06,41.604610443115234
2015-01-07,42.06704330444336
2015-01-08,42.63618469238281
2015-01-09,42.429866790771484
2015-01-12,42.330265045166016
2015-01-13,42.54369354248047
2015-01-14,42.42276382446289
2015-01-15,42.69309997558594
2015-01-16,43.24801254272461
2015-01-20,43.39741897583008
2015-01-21,43.73891067504883
2015-01-22,43.902530670166016
2015-01-23,43.65353775024414
2015-01-26,44.251136779785156
2015-01-27,44.31516647338867
2015-01-28,43.65353775024414
2015-01-29,44.251136779785156
2015-01-30,43.553932189941406
2015-02-02,44.08039093017578
2015-02-03,44.78471374511719
2015-02-04,44.41476821899414
2015-02-05,45.02660369873047
2015-02-06,44.464569091796875
2015-02-09,44.251136779785156
2015-02-10,44.65665817260742
2015-02-11,44.41476821899414
2015-02-12,45.104862213134766
2015-02-13,45.403656005859375
2015-02-17,45.510372161865234
2015-02-18,45.78071594238281
2015-02-19,45.83762741088867
2015-02-20,46.264488220214844
2015-02-23,46.10087203979492
2015-02-24,46.385433197021484
2015-02-25,46.4210090637207
2015-02-26,46.29295349121094
2015-02-27,46.31428527832031
2015-03-02,46.385433197021484
2015-03-03,46.10087203979492
2015-03-04,45.9158935546875
2015-03-05,46.02260971069336
2015-03-06,45.39654541015625
2015-03-09,45.46769332885742
2015-03-10,44.478790283203125
2015-03-11,44.592628479003906
2015-03-12,45.14753723144531
2015-03-13,44.884307861328125
2015-03-16,45.38943099975586
2015-03-17,45.27560043334961
2015-03-18,46.24314498901367
2015-03-19,45.70246505737305
2015-03-20,46.71269989013672
2015-03-23,46.94746398925781
2015-03-24,46.847869873046875
2015-03-25,46.627323150634766
2015-03-26,46.221805572509766
2015-03-27,46.34275436401367
2015-03-30,46.3712158203125
2015-03-31,45.65266418457031
2015-04-01,45.97991180419922
2015-04-02,46.378326416015625
2015-04-06,46.847869873046875
2015-04-07,46.78384780883789
2015-04-08,46.9830436706543
2015-04-09,47.047061920166016
2015-04-10,47.139564514160156
2015-04-13,46.840755462646484
2015-04-14,47.189361572265625
2015-04-15,47.40279006958008
2015-04-16,47.53084182739258
2015-04-17,46.9332389831543
2015-04-20,46.9830436706543
2015-04-21,47.40279006958008
2015-04-22,47.49526596069336
2015-04-23,47.673133850097656
2015-04-24,47.95058822631836
2015-04-27,48.18535614013672
2015-04-28,48.24229049682617
2015-04-29,47.822532653808594
2015-04-30,47.31740951538086
2015-05-01,47.84387969970703
2015-05-04,47.794071197509766
2015-05-05,47.0826416015625
2015-05-06,47.203582763671875
2015-05-07,47.047061920166016
2015-05-08,48.13556671142578
2015-05-11,47.715824127197266
2015-05-12,47.687347412109375
2015-05-13,48.04308319091797
2015-05-14,48.61933517456055
2015-05-15,48.676246643066406
2015-05-18,48.51262664794922
2015-05-19,48.32765197753906
2015-05-20,48.42013168334961
2015-05-21,48.676246643066406
2015-05-22,48.363216400146484
2015-05-26,47.49526596069336
2015-05-27,47.957706451416016
2015-05-28,47.872337341308594
2015-05-29,47.4099006652832
2015-06-01,47.2818489074707
2015-06-02,47.50238800048828
2015-06-03,47.765628814697266
2015-06-04,47.25338363647461
2015-06-05,46.69134521484375
2015-06-08,46.627323150634766
2015-06-09,46.3712158203125
2015-06-10,47.34586715698242
2015-06-11,47.473934173583984
2015-06-12,47.09687042236328
2015-06-15,46.81230163574219
2015-06-16,46.79807662963867
2015-06-17,46.69134521484375
2015-06-18,47.1110954284668
2015-06-19,46.99726867675781
2015-06-22,47.88656234741211
2015-06-23,48.014617919921875
2015-06-24,47.60198974609375
2015-06-25,47.58100509643555
2015-06-26,47.55929183959961
2015-06-29,46.09794235229492
2015-06-30,45.93155288696289
2015-07-01,46.22816848754883
2015-07-02,46.286048889160156
2015-07-06,45.35279846191406
2015-07-07,45.36725997924805
2015-07-08,44.31103515625
2015-07-09,45.041709899902344
2015-07-10,46.51754379272461
2015-07-13,46.691162109375
2015-07-14,47.08182907104492
2015-07-15,46.9081916809082
2015-07-16,47.31333541870117
2015-07-17,47.23375701904297
2015-07-20,47.35674285888672
2015-07-21,47.21928405761719
2015-07-22,46.85755920410156
2015-07-23,46.73456954956055
2015-07-24,46.2209358215332
2015-07-27,45.88091278076172
2015-07-28,46.45967102050781
2015-07-29,46.62605667114258
2015-07-30,46.589881896972656
2015-07-31,46.86479187011719
2015-08-03,46.74180603027344
2015-08-04,46.777984619140625
2015-08-05,47.023948669433594
2015-08-06,46.82862854003906
2015-08-07,46.74180603027344
2015-08-10,47.31333541870117
2015-08-11,46.589881896972656
2015-08-12,46.25710678100586
2015-08-13,46.22816848754883
2015-08-14,46.30051040649414
2015-08-17,46.21369552612305
2015-08-18,45.86643981933594
2015-08-19,45.461307525634766
2015-08-20,44.36167526245117
2015-08-21,43.34884262084961
2015-08-24,41.851318359375
2015-08-25,42.24921417236328
2015-08-26,43.247562408447266
2015-08-27,43.77568054199219
2015-08-28,43.7105712890625
2015-08-31,43.38501739501953
2015-09-01,41.93088912963867
2015-09-02,42.55305862426758
2015-09-03,42.65434265136719
2015-09-04,41.677696228027344
2015-09-08,42.90031433105469
2015-09-09,42.7266845703125
2015-09-10,43.00883102416992
2015-09-11,43.0015983581543
2015-09-14,42.676055908203125
2015-09-15,42.96542739868164
2015-09-16,43.62376022338867
2015-09-17,43.64545822143555
2015-09-18,42.55305862426758
2015-09-21,42.5313606262207
2015-09-22,41.51852798461914
2015-09-23,41.32319641113281
2015-09-24,41.20744323730469
2015-09-25,41.569183349609375
2015-09-28,40.75167465209961
2015-09-29,40.69380187988281
2015-09-30,41.467899322509766
2015-10-01,41.59811019897461
2015-10-02,42.30708694458008
2015-10-05,43.14628601074219
2015-10-06,43.196922302246094
2015-10-07,43.7395133972168
2015-10-08,44.086761474609375
2015-10-09,44.16634750366211
2015-10-12,44.07952880859375
2015-10-13,43.52247619628906
2015-10-14,43.60929489135742
2015-10-15,44.35444259643555
2015-10-16,44.318260192871094
2015-10-19,44.16634750366211
2015-10-20,43.9854850769043
2015-10-21,43.963783264160156
2015-10-22,44.45572280883789
2015-10-23,44.89702224731445
2015-10-26,44.73063278198242
2015-10-27,44.3399772644043
2015-10-28,44.62934875488281
2015-10-29,44.303802490234375
2015-10-30,44.20975112915039
2015-11-02,44.62934875488281
2015-11-03,44.6148796081543
2015-11-04,44.36891174316406
2015-11-05,44.28932571411133
2015-11-06,44.086761474609375
2015-11-09,43.63098907470703
2015-11-10,43.602054595947266
2015-11-11,43.826324462890625
2015-11-12,43.25480270385742
2015-11-13,42.89308166503906
2015-11-16,43.4356689453125
2015-11-17,43.551422119140625
2015-11-18,43.949302673339844
2015-11-19,44.173583984375
2015-11-20,44.07229995727539
2015-11-23,43.79738998413086
2015-11-24,43.80462646484375
2015-11-25,43.90589904785156
2015-11-27,43.91313552856445
2015-11-30,43.87697219848633
2015-12-01,44.3399772644043
2015-12-02,43.869728088378906
2015-12-03,43.6599235534668
2015-12-04,44.01441955566406
2015-12-07,43.73228073120117
2015-12-08,43.08842086791992
2015-12-09,42.89308166503906
2015-12-10,42.90031433105469
2015-12-11,42.08281707763672
2015-12-14,42.14793014526367
2015-12-15,42.35773468017578
2015-12-16,43.21139907836914
2015-12-17,42.66157913208008
2015-12-18,42.213035583496094
2015-12-21,42.40863037109375
2015-12-22,42.729732513427734
2015-12-23,43.4449462890625
2015-12-24,43.37196350097656
2015-12-28,43.26979064941406
2015-12-29,43.70037841796875
2015-12-30,43.437644958496094
2015-12-31,42.85380935668945
2016-01-04,42.19698715209961
2016-01-05,42.13130187988281
2016-01-06,41.437992095947266
2016-01-07,40.57683563232422
2016-01-08,40.08787155151367
2016-01-11,40.25571823120117
2016-01-12,40.44546890258789
2016-01-13,39.817840576171875
2016-01-14,40.328704833984375
2016-01-15,38.86909866333008
2016-01-19,39.22671127319336
2016-01-20,38.33635330200195
2016-01-21,38.62096405029297
2016-01-22,39.759456634521484
2016-01-25,39.22671127319336
2016-01-26,39.927303314208984
2016-01-27,39.67188262939453
2016-01-28,39.78864669799805
2016-01-29,40.489261627197266
2016-02-01,40.44546890258789
2016-02-02,39.5040283203125
2016-02-03,39.83244705200195
2016-02-04,39.883514404296875
2016-02-05,39.27049255371094
2016-02-08,38.54069137573242
2016-02-09,38.095516204833984
2016-02-10,38.05172348022461
2016-02-11,37.49707794189453
2016-02-12,38.153892517089844
2016-02-16,38.927486419677734
2016-02-17,39.59890365600586
2016-02-18,39.39455795288086
2016-02-19,39.35076141357422
2016-02-22,39.79594421386719
2016-02-23,39.146427154541016
2016-02-24,39.00776672363281
2016-02-25,39.4748420715332
2016-02-26,39.372657775878906
2016-02-29,39.139129638671875
2016-03-01,40.16085433959961
2016-03-02,40.438167572021484
2016-03-03,40.83226776123047
2016-03-04,41.1314811706543
2016-03-07,41.08039855957031
2016-03-08,40.67900848388672
2016-03-09,40.83226776123047
2016-03-10,40.766578674316406
2016-03-11,41.83208465576172
2016-03-14,41.744510650634766
2016-03-15,41.35041046142578
2016-03-16,41.7153205871582
2016-03-17,42.03643798828125
2016-03-18,41.96345138549805
2016-03-21,41.897762298583984
2016-03-22,41.824790954589844
2016-03-23,41.40150451660156
2016-03-24,41.12417984008789
2016-03-28,41.372310638427734
2016-03-29,41.81748962402344
2016-03-30,42.13130187988281
2016-03-31,41.7153205871582
2016-04-01,41.270145416259766
2016-04-04,41.182559967041016
2016-04-05,40.37248611450195
2016-04-06,41.0293083190918
2016-04-07,40.430870056152344
2016-04-08,41.204463958740234
2016-04-11,41.22635269165039
2016-04-12,41.83938980102539
2016-04-13,42.50349807739258
2016-04-14,42.64216232299805
2016-04-15,42.54728698730469
2016-04-18,42.91218185424805
2016-04-19,43.656585693359375
2016-04-20,43.693077087402344
2016-04-21,43.43034362792969
2016-04-22,43.452239990234375
2016-04-25,43.233299255371094
2016-04-26,43.38655090332031
2016-04-27,43.41575241088867
2016-04-28,42.824615478515625
2016-04-29,42.64216232299805
2016-05-02,43.04355239868164
2016-05-03,42.33564758300781
2016-05-04,41.8466911315918
2016-05-05,41.75910949707031
2016-05-06,41.87587356567383
2016-05-09,41.788291931152344
2016-05-10,42.38673782348633
2016-05-11,42.02183532714844
2016-05-12,42.00724411010742
2016-05-13,41.57665252685547
2016-05-16,42.07291793823242
2016-05-17,41.766395568847656
2016-05-18,41.78099822998047
2016-05-19,41.48178482055664
2016-05-20,41.824790954589844
2016-05-23,41.686126708984375
2016-05-24,42.29185485839844
2016-05-25,42.73703384399414
2016-05-26,42.85380935668945
2016-05-27,42.81001663208008
2016-05-31,42.60566711425781
2016-06-01,42.569183349609375
2016-06-02,42.569183349609375
2016-06-03,42.84649658203125
2016-06-06,43.087337493896484
2016-06-07,43.40114974975586
2016-06-08,43.48872756958008
2016-06-09,42.95597839355469
2016-06-10,41.70802688598633
2016-06-13,41.10228729248047
2016-06-14,40.44546890258789
2016-06-15,40.71549987792969
2016-06-16,40.803070068359375
2016-06-17,41.204463958740234
2016-06-20,42.226173400878906
2016-06-21,42.569183349609375
2016-06-22,42.543113708496094
2016-06-23,43.71989822387695
2016-06-24,39.966094970703125
2016-06-27,39.198951721191406
2016-06-28,40.22677993774414
2016-06-29,40.96413040161133
2016-06-30,41.57487869262695
2016-07-01,41.57487869262695
2016-07-05,40.770484924316406
2016-07-06,40.69600296020508
2016-07-07,40.53214645385742
2016-07-08,41.15032958984375
2016-07-11,41.75362777709961
2016-07-12,42.319679260253906
2016-07-13,42.274986267089844
2016-07-14,42.63994216918945
2016-07-15,42.4239387512207
2016-07-18,42.52821731567383
2016-07-19,42.193058013916016
2016-07-20,42.57291793823242
2016-07-21,42.40159606933594
2016-07-22,42.4835319519043
2016-07-25,42.431400299072266
2016-07-26,42.61015319824219
2016-07-27,42.76655197143555
2016-07-28,42.721858978271484
2016-07-29,43.22833251953125
2016-08-01,42.94530487060547
2016-08-02,42.72931671142578
2016-08-03,42.580352783203125
2016-08-04,42.826141357421875
2016-08-05,43.0197868347168
2016-08-08,43.109169006347656
2016-08-09,43.451778411865234
2016-08-10,43.60073471069336
2016-08-11,43.91354751586914
2016-08-12,43.80183792114258
2016-08-15,43.97313690185547
2016-08-16,43.906105041503906
2016-08-17,43.891212463378906
2016-08-18,44.114646911621094
2016-08-19,43.78692626953125
2016-08-22,43.83161163330078
2016-08-23,44.0178337097168
2016-08-24,43.91354751586914
2016-08-25,43.734806060791016
2016-08-26,43.47411346435547
2016-08-29,43.60818099975586
2016-08-30,43.54860305786133
2016-08-31,43.45922088623047
2016-09-01,43.75714111328125
2016-09-02,44.26361083984375
2016-09-06,44.56153106689453
2016-09-07,44.58387756347656
2016-09-08,44.457252502441406
2016-09-09,43.593292236328125
2016-09-12,43.9507942199707
2016-09-13,43.064476013183594
2016-09-14,43.00489807128906
2016-09-15,43.37730026245117
2016-09-16,42.81869888305664
2016-09-19,43.04212951660156
2016-09-20,43.30281066894531
2016-09-21,44.0625114440918
2016-09-22,44.5093879699707
2016-09-23,44.136985778808594
2016-09-26,43.727352142333984
2016-09-27,43.93589401245117
2016-09-28,44.248714447021484
2016-09-29,43.69756317138672
2016-09-30,44.0401611328125
2016-10-03,43.920997619628906
2016-10-04,43.91354751586914
2016-10-05,44.09230041503906
2016-10-06,43.853973388671875
2016-10-07,43.63052749633789
2016-10-10,43.75714111328125
2016-10-11,43.13895797729492
2016-10-12,43.04212951660156
2016-10-13,42.878273010253906
2016-10-14,42.95275115966797
2016-10-17,42.826141357421875
2016-10-18,43.25067901611328
2016-10-19,43.36983871459961
2016-10-20,43.43687438964844
2016-10-21,43.34005355834961
2016-10-24,43.332603454589844
2016-10-25,43.30281066894531
2016-10-26,43.109169006347656
2016-10-27,43.057029724121094
2016-10-28,43.04212951660156
2016-10-31,43.064476013183594
2016-11-01,42.878273010253906
2016-11-02,42.587799072265625
2016-11-03,42.543113708496094
2016-11-04,42.13347244262695
2016-11-07,42.714420318603516
2016-11-08,42.833587646484375
2016-11-09,42.87083053588867
2016-11-10,42.75165557861328
2016-11-11,42.49098205566406
2016-11-14,42.26008605957031
2016-11-15,42.44629669189453
2016-11-16,41.99941635131836
2016-11-17,42.319679260253906
2016-11-18,41.85789489746094
2016-11-21,42.21540069580078
2016-11-22,42.319679260253906
2016-11-23,42.17071533203125
2016-11-25,42.297325134277344
2016-11-28,42.073883056640625
2016-11-29,42.342010498046875
2016-11-30,42.297325134277344
2016-12-01,42.13347244262695
2016-12-02,42.23773956298828
2016-12-05,42.65483856201172
2016-12-06,42.94530487060547
2016-12-07,43.58583450317383
2016-12-08,43.54860305786133
2016-12-09,43.734806060791016
2016-12-12,43.5411491394043
2016-12-13,44.010372161865234
2016-12-14,43.362396240234375
2016-12-15,43.26557540893555
2016-12-16,43.29536437988281
2016-12-19,43.22833251953125
2016-12-20,43.37730026245117
2016-12-21,43.38933563232422
2016-12-22,43.291507720947266
2016-12-23,43.40438461303711
2016-12-27,43.351707458496094
2016-12-28,43.1861572265625
2016-12-29,43.291507720947266
2016-12-30,43.4420166015625
2017-01-03,43.712913513183594
2017-01-04,44.209564208984375
2017-01-05,44.585811614990234
2017-01-06,44.4353141784668
2017-01-09,44.367576599121094
2017-01-10,44.3751106262207
2017-01-11,44.60838317871094
2017-01-12,44.67611312866211
2017-01-13,44.84166717529297
2017-01-17,44.67611312866211
2017-01-18,44.54819107055664
2017-01-19,44.4353141784668
2017-01-20,44.691162109375
2017-01-23,44.804039001464844
2017-01-24,44.91691207885742
2017-01-25,45.38347244262695
2017-01-26,45.2028694152832
2017-01-27,45.127620697021484
2017-01-30,44.804039001464844
2017-01-31,44.871768951416016
2017-02-01,45.0523567199707
2017-02-02,45.074947357177734
2017-02-03,45.25553894042969
2017-02-06,44.93196487426758
2017-02-07,44.88681411743164
2017-02-08,44.96206283569336
2017-02-09,45.150184631347656
2017-02-10,45.25553894042969
2017-02-13,45.4361457824707
2017-02-14,45.3684196472168
2017-02-15,45.5414924621582
2017-02-16,45.646846771240234
2017-02-17,45.52644729614258
2017-02-21,45.67694091796875
2017-02-22,45.67694091796875
2017-02-23,45.77476501464844
2017-02-24,45.44366455078125
2017-02-27,45.4737663269043
2017-02-28,45.406044006347656
2017-03-01,45.88011932373047
2017-03-02,45.5791130065918
2017-03-03,45.850013732910156
2017-03-06,45.7070426940918
2017-03-07,45.54902648925781
2017-03-08,45.38347244262695
2017-03-09,45.556541442871094
2017-03-10,45.94032287597656
2017-03-13,46.181121826171875
2017-03-14,45.82743835449219
2017-03-15,46.48210906982422
2017-03-16,46.70787048339844
2017-03-17,46.828277587890625
2017-03-20,46.73044967651367
2017-03-21,46.519752502441406
2017-03-22,46.52726745605469
2017-03-23,46.632625579833984
2017-03-24,46.760555267333984
2017-03-27,46.88094711303711
2017-03-28,47.10669708251953
2017-03-29,47.10669708251953
2017-03-30,46.94114685058594
2017-03-31,46.8734245300293
2017-04-03,46.805694580078125
2017-04-04,46.7906494140625
2017-04-05,46.542320251464844
2017-04-06,46.54984664916992
2017-04-07,46.519752502441406
2017-04-10,46.46706771850586
2017-04-11,46.685306549072266
2017-04-12,46.64767074584961
2017-04-13,46.34667205810547
2017-04-17,46.632625579833984
2017-04-18,46.42190933227539
2017-04-19,46.23379135131836
2017-04-20,46.60251998901367
2017-04-21,46.632625579833984
2017-04-24,47.81405258178711
2017-04-25,48.152679443359375
2017-04-26,48.017234802246094
2017-04-27,48.06238555908203
2017-04-28,48.009700775146484
2017-05-01,48.20534896850586
2017-05-02,48.45368194580078
2017-05-03,48.35585403442383
2017-05-04,48.814876556396484
2017-05-05,49.356685638427734
2017-05-08,48.98795700073242
2017-05-09,48.8675537109375
2017-05-10,48.942813873291016
2017-05-11,48.82240676879883
2017-05-12,49.09330368041992
2017-05-15,49.34163284301758
2017-05-16,49.657676696777344
2017-05-17,49.09330368041992
2017-05-18,49.176082611083984
2017-05-19,49.747989654541016
2017-05-22,49.808189392089844
2017-05-23,49.815704345703125
2017-05-24,49.84580612182617
2017-05-25,49.84580612182617
2017-05-26,49.70283508300781
2017-05-30,49.6501579284668
2017-05-31,49.710357666015625
2017-06-01,50.033939361572266
2017-06-02,50.58327102661133
2017-06-05,50.304840087890625
2017-06-06,50.161861419677734
2017-06-07,50.176910400390625
2017-06-08,50.086612701416016
2017-06-09,49.89848709106445
2017-06-12,49.710357666015625
2017-06-13,50.09413146972656
2017-06-14,50.0565185546875
2017-06-15,49.53728485107422
2017-06-16,49.958683013916016
2017-06-19,50.161861419677734
2017-06-20,49.75810623168945
2017-06-21,49.69693374633789
2017-06-22,49.68928146362305
2017-06-23,49.8116340637207
2017-06-26,49.895751953125
2017-06-27,49.888099670410156
2017-06-28,50.323978424072266
2017-06-29,49.82693099975586
2017-06-30,49.85751724243164
2017-07-03,49.79634475708008
2017-07-05,49.79634475708008
2017-07-06,49.574581146240234
2017-07-07,49.58222579956055
2017-07-10,49.70457458496094
2017-07-11,49.81929016113281
2017-07-12,50.2169189453125
2017-07-13,50.36220932006836
2017-07-14,50.713958740234375
2017-07-17,50.614566802978516
2017-07-18,50.660430908203125
2017-07-19,50.88218688964844
2017-07-20,51.08866500854492
2017-07-21,50.88984298706055
2017-07-24,50.75221252441406
2017-07-25,50.82102584838867
2017-07-26,51.134552001953125
2017-07-27,51.019840240478516
2017-07-28,51.07337188720703
2017-07-31,51.18042755126953
2017-08-01,51.46335983276367
2017-08-02,51.486297607421875
2017-08-03,51.516883850097656
2017-08-04,51.58570098876953
2017-08-07,51.60865020751953
2017-08-08,51.33334732055664
2017-08-09,51.24924087524414
2017-08-10,50.522796630859375
2017-08-11,50.43102264404297
2017-08-14,50.7980842590332
2017-08-15,50.75984191894531
2017-08-16,51.0504264831543
2017-08-17,50.4769172668457
2017-08-18,50.614566802978516
2017-08-21,50.599266052246094
2017-08-22,50.843963623046875
2017-08-23,50.85160827636719
2017-08-24,50.73690414428711
2017-08-25,51.042781829833984
2017-08-28,51.042781829833984
2017-08-29,50.83631896972656
2017-08-30,50.76749038696289
2017-08-31,51.15748596191406
2017-09-01,51.22631072998047
2017-09-05,50.88218688964844
2017-09-06,51.19571304321289
2017-09-07,51.61628723144531
2017-09-08,51.623939514160156
2017-09-11,52.029232025146484
2017-09-12,52.18981170654297
2017-09-13,51.90686798095703
2017-09-14,51.998626708984375
2017-09-15,52.04450225830078
2017-09-18,52.11334228515625
2017-09-19,52.35804748535156
2017-09-20,52.24333572387695
2017-09-21,52.13628387451172
2017-09-22,52.29685974121094
2017-09-25,51.998626708984375
2017-09-26,51.883941650390625
2017-09-27,51.92218017578125
2017-09-28,52.05980682373047
2017-09-29,52.365684509277344
2017-10-02,52.319801330566406
2017-10-03,52.49568557739258
2017-10-04,52.396278381347656
2017-10-05,52.365684509277344
2017-10-06,52.32745361328125
2017-10-09,52.34274673461914
2017-10-10,52.83979034423828
2017-10-11,52.96979522705078
2017-10-12,52.92390441894531
2017-10-13,53.19919967651367
2017-10-16,53.16096115112305
2017-10-17,53.0233154296875
2017-10-18,53.17625427246094
2017-10-19,53.09213638305664
2017-10-20,53.0233154296875
2017-10-23,52.90861511230469
2017-10-24,52.99272918701172
2017-10-25,52.78627014160156
2017-10-26,52.77861785888672
2017-10-27,52.90095520019531
2017-10-30,53.0233154296875
2017-10-31,53.24509048461914
2017-11-01,53.29860305786133
2017-11-02,53.45918655395508
2017-11-03,53.37507247924805
2017-11-06,53.4515495300293
2017-11-07,53.252723693847656
2017-11-08,53.4286003112793
2017-11-09,53.12272262573242
2017-11-10,52.97743225097656
2017-11-13,52.75567626953125
2017-11-14,52.717437744140625
2017-11-15,52.4650993347168
2017-11-16,52.88567352294922
2017-11-17,52.69451141357422
2017-11-20,52.809200286865234
2017-11-21,53.206844329833984
2017-11-22,53.35212707519531
2017-11-24,53.78800582885742
2017-11-27,53.466835021972656
2017-11-28,53.772701263427734
2017-11-29,53.55860137939453
2017-11-30,53.61212158203125
2017-12-01,53.39801788330078
2017-12-04,53.206844329833984
2017-12-05,53.09213638305664
2017-12-06,52.98508834838867
2017-12-07,53.12272262573242
2017-12-08,53.40565490722656
2017-12-11,53.543304443359375
2017-12-12,53.61212158203125
2017-12-13,53.81858444213867
2017-12-14,53.520362854003906
2017-12-15,53.505062103271484
2017-12-18,54.13976287841797
2017-12-19,53.9411506652832
2017-12-20,53.84841537475586
2017-12-21,54.04161071777344
2017-12-22,54.18071746826172
2017-12-26,54.16526412963867
2017-12-27,54.265724182128906
2017-12-28,54.29663848876953
2017-12-29,54.33527755737305
2018-01-02,54.73713302612305
2018-01-03,54.99987030029297
2018-01-04,55.602657318115234
2018-01-05,55.91177749633789
2018-01-08,55.89631652832031
2018-01-09,55.95814514160156
2018-01-10,55.849952697753906
2018-01-11,56.236351013183594
2018-01-12,56.80049133300781
2018-01-16,56.74639129638672
2018-01-17,57.040061950683594
2018-01-18,56.970516204833984
2018-01-19,57.287353515625
2018-01-22,57.58102035522461
2018-01-23,57.766483306884766
2018-01-24,57.86695098876953
2018-01-25,57.64284896850586
2018-01-26,58.15287780761719
2018-01-29,57.619667053222656
2018-01-30,57.14052963256836
2018-01-31,57.063232421875
2018-02-01,57.22554016113281
2018-02-02,56.06634521484375
2018-02-05,53.717044830322266
2018-02-06,54.7757568359375
2018-02-07,54.196163177490234
2018-02-08,52.781951904296875
2018-02-09,53.00606155395508
2018-02-12,53.8175048828125
2018-02-13,53.655216217041016
2018-02-14,54.60574722290039
2018-02-15,54.94577407836914
2018-02-16,55.19308090209961
2018-02-20,54.675315856933594
2018-02-21,54.41256332397461
2018-02-22,54.6984977722168
2018-02-23,55.13124084472656
2018-02-26,55.6490478515625
2018-02-27,54.822147369384766
2018-02-28,54.30435562133789
2018-03-01,53.392459869384766
2018-03-02,53.64749526977539
2018-03-05,53.93342590332031
2018-03-06,54.25027084350586
2018-03-07,54.23481750488281
2018-03-08,54.35073471069336
2018-03-09,54.6984977722168
2018-03-12,54.760311126708984
2018-03-13,54.397090911865234
2018-03-14,54.528472900390625
2018-03-15,54.497562408447266
2018-03-16,54.45892333984375
2018-03-19,54.018436431884766
2018-03-20,54.01070022583008
2018-03-21,54.0957145690918
2018-03-22,53.09107971191406
2018-03-23,52.503746032714844
2018-03-26,53.446563720703125
2018-03-27,53.052433013916016
2018-03-28,53.361549377441406
2018-03-29,53.84841537475586
2018-04-02,53.10654067993164
2018-04-03,53.446563720703125
2018-04-04,53.63202667236328
2018-04-05,53.98751449584961
2018-04-06,53.63202667236328
2018-04-09,54.0725212097168
2018-04-10,54.65211486816406
2018-04-11,54.443458557128906
2018-04-12,54.65211486816406
2018-04-13,54.70622253417969
2018-04-16,54.791229248046875
2018-04-17,55.03852081298828
2018-04-18,55.32444763183594
2018-04-19,55.11579895019531
2018-04-20,54.907142639160156
2018-04-23,54.83759307861328
2018-04-24,54.61347198486328
2018-04-25,54.520748138427734
2018-04-26,54.791229248046875
2018-04-27,54.84532928466797
2018-04-30,54.667572021484375
2018-05-01,54.474369049072266
2018-05-02,54.451194763183594
2018-05-03,54.621212005615234
2018-05-04,54.81441116333008
2018-05-07,54.822147369384766
2018-05-08,54.829864501953125
2018-05-09,54.961246490478516
2018-05-10,55.316734313964844
2018-05-11,55.46354293823242
2018-05-14,55.56402587890625
2018-05-15,55.162174224853516
2018-05-16,55.23944091796875
2018-05-17,55.32444763183594
2018-05-18,55.123538970947266
2018-05-21,55.471282958984375
2018-05-22,55.401737213134766
2018-05-23,54.791229248046875
2018-05-24,54.621212005615234
2018-05-25,54.265724182128906
2018-05-29,53.16062927246094
2018-05-30,53.9720573425293
2018-05-31,53.63202667236328
2018-06-01,54.0957145690918
2018-06-04,54.257999420166016
2018-06-05,54.17299270629883
2018-06-06,54.65985107421875
2018-06-07,54.35073471069336
2018-06-08,54.41256332397461
2018-06-11,54.760311126708984
2018-06-12,54.41256332397461
2018-06-13,54.489837646484375
2018-06-14,54.37391662597656
2018-06-15,54.0957145690918
2018-06-18,53.70930862426758
2018-06-19,53.21592712402344
2018-06-20,53.25532913208008
2018-06-21,52.87702560424805
2018-06-22,53.43661117553711
2018-06-25,52.695743560791016
2018-06-26,52.79033279418945
2018-06-27,52.293792724609375
2018-06-28,52.490821838378906
2018-06-29,52.782447814941406
2018-07-02,52.301673889160156
2018-07-03,52.45930862426758
2018-07-05,52.979488372802734
2018-07-06,53.26321792602539
2018-07-09,53.775516510009766
2018-07-10,53.75186538696289
2018-07-11,52.8533821105957
2018-07-12,53.26321792602539
2018-07-13,53.42872619628906
2018-07-16,53.40507888793945
2018-07-17,53.499656677246094
2018-07-18,53.50754165649414
2018-07-19,53.39720153808594
2018-07-20,53.649417877197266
2018-07-23,53.649417877197266
2018-07-24,53.964683532714844
2018-07-25,54.366634368896484
2018-07-26,54.12229919433594
2018-07-27,54.22476577758789
2018-07-30,54.216880798339844
2018-07-31,54.287811279296875
2018-08-01,54.011959075927734
2018-08-02,53.65728759765625
2018-08-03,53.68881607055664
2018-08-06,53.460262298583984
2018-08-07,53.87797546386719
2018-08-08,53.830684661865234
2018-08-09,53.67306137084961
2018-08-10,52.60116958618164
2018-08-13,52.41201400756836
2018-08-14,52.40414047241211
2018-08-15,51.64750671386719
2018-08-16,52.010047912597656
2018-08-17,52.31743240356445
2018-08-20,52.60116958618164
2018-08-21,52.924312591552734
2018-08-22,53.129234313964844
2018-08-23,52.750919342041016
2018-08-24,53.05829620361328
2018-08-27,53.76763916015625
2018-08-28,53.72035598754883
2018-08-29,54.011959075927734
2018-08-30,53.499656677246094
2018-08-31,53.07406234741211
2018-09-04,52.62480926513672
2018-09-05,52.144046783447266
2018-09-06,51.986412048339844
2018-09-07,51.568687438964844
2018-09-10,51.88395309448242
2018-09-11,51.931243896484375
2018-09-12,52.15193176269531
2018-09-13,52.538116455078125
2018-09-14,52.61693572998047
2018-09-17,52.66421890258789
2018-09-18,53.21592712402344
2018-09-19,53.40507888793945
2018-09-20,54.06713104248047
2018-09-21,54.09077453613281
2018-09-24,53.8464469909668
2018-09-25,54.11442947387695
2018-09-26,54.13806915283203
2018-09-27,54.02772521972656
2018-09-28,53.586360931396484
2018-10-01,53.649417877197266
2018-10-02,53.37356948852539
2018-10-03,53.278987884521484
2018-10-04,52.65634536743164
2018-10-05,52.34108352661133
2018-10-08,52.0888671875
2018-10-09,51.954898834228516
2018-10-10,50.851478576660156
2018-10-11,50.14213943481445
2018-10-12,50.32340621948242
2018-10-15,50.20519256591797
2018-10-16,51.06427764892578
2018-10-17,50.77265548706055
2018-10-18,49.95298767089844
2018-10-19,50.23672103881836
2018-10-22,50.01603317260742
2018-10-23,49.543155670166016
2018-10-24,48.140235900878906
2018-10-25,48.74711227416992
2018-10-26,48.41608810424805
2018-10-29,48.282100677490234
2018-10-30,48.865333557128906
2018-10-31,49.227882385253906
2018-11-01,49.8583984375
2018-11-02,49.929344177246094
2018-11-05,49.929344177246094
2018-11-06,50.13426208496094
2018-11-07,50.80419158935547
2018-11-08,50.30765914916992
2018-11-09,49.976627349853516
2018-11-12,49.156951904296875
2018-11-13,49.369747161865234
2018-11-14,49.40916061401367
2018-11-15,49.56678771972656
2018-11-16,49.6219596862793
2018-11-19,49.188480377197266
2018-11-20,48.33728790283203
2018-11-21,49.01508712768555
2018-11-23,48.69194793701172
2018-11-26,49.424922943115234
2018-11-27,49.235774993896484
2018-11-28,49.937225341796875
2018-11-29,49.68501281738281
2018-11-30,49.47221755981445
2018-12-03,50.126373291015625
2018-12-04,48.825931549072266
2018-12-06,48.368804931640625
2018-12-07,47.880149841308594
2018-12-10,47.50971984863281
2018-12-11,47.65946960449219
2018-12-12,48.360923767089844
2018-12-13,48.274227142333984
2018-12-14,47.65158462524414
2018-12-17,47.27326965332031
2018-12-18,47.31150436401367
2018-12-19,46.8574333190918
2018-12-20,46.6662483215332
2018-12-21,45.853694915771484
2018-12-24,45.319942474365234
2018-12-26,46.37149429321289
2018-12-27,46.506919860839844
2018-12-28,46.753875732421875
2018-12-31,46.82556915283203
2019-01-02,46.729976654052734
2019-01-03,46.30776596069336
2019-01-04,47.72574996948242
2019-01-07,47.90898513793945
2019-01-08,48.21965789794922
2019-01-09,48.76136016845703
2019-01-10,48.95255661010742
2019-01-11,48.61796569824219
2019-01-14,48.39491653442383
2019-01-15,48.64984130859375
2019-01-16,48.78527069091797
2019-01-17,48.96051788330078
2019-01-18,49.45442581176758
2019-01-22,48.68967056274414
2019-01-23,48.91272735595703
2019-01-24,48.96848678588867
2019-01-25,49.526126861572266
2019-01-28,49.255279541015625
2019-01-29,49.366798400878906
2019-01-30,49.90850067138672
2019-01-31,49.93240737915039
2019-02-01,49.91647720336914
2019-02-04,50.09969711303711
2019-02-05,50.490047454833984
2019-02-06,50.2351188659668
2019-02-07,49.565956115722656
2019-02-08,49.40663528442383
2019-02-11,49.35882568359375
2019-02-12,49.93240737915039
2019-02-13,49.940364837646484
2019-02-14,49.956298828125
2019-02-15,50.68122863769531
2019-02-19,50.87242126464844
2019-02-20,51.01580810546875
2019-02-21,50.912254333496094
2019-02-22,51.07954788208008
2019-02-25,51.230899810791016
2019-02-26,51.47785949707031
2019-02-27,51.270729064941406
2019-02-28,51.199039459228516
2019-03-01,51.47785949707031
2019-03-04,51.286659240722656
2019-03-05,51.3344612121582
2019-03-06,51.20700454711914
2019-03-07,50.553768157958984
2019-03-08,50.561737060546875
2019-03-11,50.9998779296875
2019-03-12,50.968013763427734
2019-03-13,51.40615463256836
2019-03-14,51.398193359375
2019-03-15,51.95582580566406
2019-03-18,52.1390495300293
2019-03-19,52.242618560791016
2019-03-20,52.266510009765625
2019-03-21,52.234649658203125
2019-03-22,51.230899810791016
2019-03-25,51.3026008605957
2019-03-26,51.557518005371094
2019-03-27,51.581417083740234
2019-03-28,51.45396041870117
2019-03-29,51.669044494628906
2019-04-01,52.33024597167969
2019-04-02,52.34617233276367
2019-04-03,52.7524528503418
2019-04-04,52.640933990478516
2019-04-05,52.776344299316406
2019-04-08,52.8082160949707
2019-04-09,52.473636627197266
2019-04-10,52.67279052734375
2019-04-11,52.5612678527832
2019-04-12,52.92771530151367
2019-04-15,52.95160675048828
2019-04-16,52.9914436340332
2019-04-17,53.14280319213867
2019-04-18,53.110931396484375
2019-04-22,53.02330780029297
2019-04-23,53.12687301635742
2019-04-24,52.76042556762695
2019-04-25,52.7205924987793
2019-04-26,52.935672760009766
2019-04-29,53.15076446533203
2019-04-30,53.18263244628906
2019-05-01,52.87991714477539
2019-05-02,52.80024719238281
2019-05-03,53.3658561706543
2019-05-06,52.76042556762695
2019-05-07,51.83633804321289
2019-05-08,51.90006637573242
2019-05-09,51.66107940673828
2019-05-10,52.043453216552734
2019-05-13,50.83259582519531
2019-05-14,51.34243392944336
2019-05-15,51.52565002441406
2019-05-16,51.939903259277344
2019-05-17,51.59735107421875
2019-05-20,51.39022445678711
2019-05-21,51.73278045654297
2019-05-22,51.52565002441406
2019-05-23,51.055641174316406
2019-05-24,51.60531234741211
2019-05-28,51.10344314575195
2019-05-29,50.776824951171875
2019-05-30,50.968013763427734
2019-05-31,50.50597381591797
2019-06-03,50.800724029541016
2019-06-04,51.382259368896484
2019-06-05,51.366336822509766
2019-06-06,51.57345199584961
2019-06-07,52.226680755615234
2019-06-10,52.37007141113281
2019-06-11,52.63296127319336
2019-06-12,52.242618560791016
2019-06-13,52.290401458740234
2019-06-14,51.90803146362305
2019-06-17,51.94546890258789
2019-06-18,52.63720703125
2019-06-19,52.962738037109375
2019-06-20,53.426605224609375
2019-06-21,53.19873046875
2019-06-24,53.31267166137695
2019-06-25,52.99528884887695
2019-06-26,53.06038284301758
2019-06-27,53.19059371948242
2019-06-28,53.49171447753906
2019-07-01,53.743988037109375
2019-07-02,53.898616790771484
2019-07-03,54.26483154296875
2019-07-05,53.849788665771484
2019-07-08,53.5405387878418
2019-07-09,53.31267166137695
2019-07-10,53.49983596801758
2019-07-11,53.48356628417969
2019-07-12,53.548675537109375
2019-07-15,53.59749984741211
2019-07-16,53.37777328491211
2019-07-17,53.304534912109375
2019-07-18,53.467288970947266
2019-07-19,53.31267166137695
2019-07-22,53.369632720947266
2019-07-23,53.70329284667969
2019-07-24,53.743988037109375
2019-07-25,53.19873046875
2019-07-26,53.304534912109375
2019-07-29,53.418460845947266
2019-07-30,52.799964904785156
2019-07-31,52.45003128051758
2019-08-01,52.30353546142578
2019-08-02,51.83967590332031
2019-08-05,50.54572296142578
2019-08-06,50.88751983642578
2019-08-07,51.08283233642578
2019-08-08,51.57925033569336
2019-08-09,51.22118377685547
2019-08-12,50.81427764892578
2019-08-13,51.29441833496094
2019-08-14,49.886531829833984
2019-08-15,50.057430267333984
2019-08-16,50.65965270996094
2019-08-19,50.968902587890625
2019-08-20,50.797996520996094
2019-08-21,51.156070709228516
2019-08-22,51.058414459228516
2019-08-23,50.423641204833984
2019-08-26,50.83869171142578
2019-08-27,50.797996520996094
2019-08-28,50.797996520996094
2019-08-29,51.237457275390625
2019-08-30,51.44089889526367
2019-09-03,51.34324645996094
2019-09-04,52.06753921508789
2019-09-05,52.344234466552734
2019-09-06,52.51512908935547
2019-09-09,52.66976547241211
2019-09-10,52.75928497314453
2019-09-11,53.05224609375
2019-09-12,53.36150360107422
2019-09-13,53.6626091003418
2019-09-16,53.18246078491211
2019-09-17,53.36150360107422
2019-09-18,53.296390533447266
2019-09-19,53.475433349609375
2019-09-20,53.35335922241211
2019-09-23,53.215003967285156
2019-09-24,53.01155090332031
2019-09-25,52.856937408447266
2019-09-26,53.05224609375
2019-09-27,52.87321090698242
2019-09-30,53.06852340698242
2019-10-01,52.54768371582031
2019-10-02,51.47345733642578
2019-10-03,51.81526184082031
2019-10-04,52.222164154052734
2019-10-07,52.15705108642578
2019-10-08,51.668766021728516
2019-10-09,52.04313278198242
2019-10-10,52.40934371948242
2019-10-11,53.3452262878418
2019-10-14,53.125492095947266
2019-10-15,53.743988037109375
2019-10-16,53.82537078857422
2019-10-17,53.95558166503906
2019-10-18,53.93116760253906
2019-10-21,54.22413635253906
2019-10-22,54.093929290771484
2019-10-23,54.386898040771484
2019-10-24,54.484554290771484
2019-10-25,54.54152297973633
2019-10-28,54.7856559753418
2019-10-29,54.769386291503906
2019-10-30,54.99726104736328
2019-10-31,54.86704635620117
2019-11-01,55.355323791503906
2019-11-04,55.64017105102539
2019-11-05,55.53437423706055
2019-11-06,55.50994873046875
2019-11-07,55.68085479736328
2019-11-08,55.64830780029297
2019-11-11,55.5750617980957
2019-11-12,55.59947967529297
2019-11-13,55.40415573120117
2019-11-14,55.249534606933594
2019-11-15,55.59947967529297
2019-11-18,55.66456985473633
2019-11-19,55.59132766723633
2019-11-20,55.24139404296875
2019-11-21,55.168148040771484
2019-11-22,55.32277297973633
2019-11-25,55.762237548828125
2019-11-26,55.72968292236328
2019-11-27,55.87617492675781
2019-11-29,55.48554992675781
2019-12-02,55.20070266723633
2019-12-03,54.99726104736328
2019-12-04,55.50181198120117
2019-12-05,55.396026611328125
2019-12-06,55.90058898925781
2019-12-09,55.60761642456055
2019-12-10,55.63202667236328
2019-12-11,55.92499923706055
2019-12-12,56.29935073852539
2019-12-13,56.68997573852539
2019-12-16,57.29568099975586
2019-12-17,56.96650695800781
2019-12-18,56.89243698120117
2019-12-19,56.89243698120117
2019-12-20,56.93357467651367
2019-12-23,57.02410125732422
2019-12-24,56.96650695800781
2019-12-26,57.2133903503418
2019-12-27,57.3121452331543
2019-12-30,56.88420867919922
2019-12-31,57.147552490234375
2020-01-02,57.723636627197266
2020-01-03,57.00764465332031
2020-01-06,57.22985076904297
2020-01-07,57.073490142822266
2020-01-08,57.23808288574219
2020-01-09,57.36976623535156
2020-01-10,57.15578842163086
2020-01-13,57.452056884765625
2020-01-14,57.50967025756836
2020-01-15,57.50967025756836
2020-01-16,57.74834060668945
2020-01-17,57.92113494873047
2020-01-21,57.46027755737305
2020-01-22,57.57550811767578
2020-01-23,57.435604095458984
2020-01-24,57.18869400024414
2020-01-27,56.00361251831055
2020-01-28,56.53032684326172
2020-01-29,56.53855514526367
2020-01-30,56.489166259765625
2020-01-31,55.53451919555664
2020-02-03,55.66619110107422
2020-02-04,56.59614944458008
2020-02-05,57.13931655883789
2020-02-06,57.29568099975586
2020-02-07,56.75251770019531
2020-02-10,56.867740631103516
2020-02-11,57.254547119140625
2020-02-12,57.452056884765625
2020-02-13,57.04880142211914
2020-02-14,56.95002746582031
2020-02-18,56.58793258666992
2020-02-19,56.7772216796875
2020-02-20,56.43978500366211
2020-02-21,56.176448822021484
2020-02-24,53.92971420288086
2020-02-25,53.0408935546875
2020-02-26,53.10673522949219
2020-02-27,51.53483963012695
2020-02-28,51.22211456298828
2020-03-02,51.88050079345703
2020-03-03,51.460784912109375
2020-03-04,52.99973678588867
2020-03-05,51.59245681762695
2020-03-06,50.8188591003418
2020-03-09,46.87678909301758
2020-03-10,48.60505676269531
2020-03-11,46.127891540527344
2020-03-12,41.05834197998047
2020-03-13,43.54374313354492
2020-03-16,39.05027389526367
2020-03-17,40.951358795166016
2020-03-18,38.605873107910156
2020-03-19,39.20664596557617
2020-03-20,38.72108459472656
2020-03-23,38.26845169067383
2020-03-24,41.510990142822266
2020-03-25,42.86066436767578
2020-03-26,44.7781982421875
2020-03-27,43.50259017944336
2020-03-30,44.383174896240234
2020-03-31,43.99637222290039
2020-04-01,42.04591369628906
2020-04-02,42.868900299072266
2020-04-03,41.889549255371094
2020-04-06,44.11159133911133
2020-04-07,44.35848617553711
2020-04-08,44.72059631347656
2020-04-09,45.73286056518555
2020-04-13,45.29668045043945
2020-04-14,46.10319519042969
2020-04-15,44.66298294067383
2020-04-16,44.687679290771484
2020-04-17,45.87276840209961
2020-04-20,45.18968963623047
2020-04-21,44.30910873413086
2020-04-22,45.058013916015625
2020-04-23,44.91810607910156
2020-04-24,45.43658447265625
2020-04-27,46.037353515625
2020-04-28,46.38301086425781
2020-04-29,47.543399810791016
2020-04-30,46.55582809448242
2020-05-01,45.543575286865234
2020-05-04,45.5271110534668
2020-05-05,45.60940933227539
2020-05-06,45.31313705444336
2020-05-07,45.99620819091797
2020-05-08,46.778038024902344
2020-05-11,46.73689270019531
2020-05-12,46.14434051513672
2020-05-13,45.79045867919922
2020-05-14,45.354286193847656
2020-05-15,45.395442962646484
2020-05-18,47.230674743652344
2020-05-19,46.58051681518555
2020-05-20,47.5516357421875
2020-05-21,47.000244140625
2020-05-22,46.86856460571289
2020-05-26,48.210018157958984
2020-05-27,48.79433822631836
2020-05-28,49.25519561767578
2020-05-29,49.082374572753906
2020-06-01,50.17692947387695
2020-06-02,50.64603042602539
2020-06-03,51.855812072753906
2020-06-04,51.633602142333984
2020-06-05,52.52241516113281
2020-06-08,53.20548629760742
2020-06-09,52.514198303222656
2020-06-10,52.39897537231445
2020-06-11,49.59261703491211
2020-06-12,50.448509216308594
2020-06-15,50.65550994873047
2020-06-16,51.28150177001953
2020-06-17,51.473480224609375
2020-06-18,51.19804000854492
2020-06-19,50.94764709472656
2020-06-22,51.556941986083984
2020-06-23,51.840736389160156
2020-06-24,50.51361083984375
2020-06-25,51.2314338684082
2020-06-26,50.48857879638672
2020-06-29,50.897560119628906
2020-06-30,50.80574417114258
2020-07-01,50.99772644042969
2020-07-02,51.556941986083984
2020-07-06,52.39994812011719
2020-07-07,51.6320686340332
2020-07-08,52.06608581542969
2020-07-09,51.473480224609375
2020-07-10,52.024356842041016
2020-07-13,51.690494537353516
2020-07-14,52.45003128051758
2020-07-15,53.04263687133789
2020-07-16,52.7004280090332
2020-07-17,53.009254455566406
2020-07-20,53.26799392700195
2020-07-21,53.37650680541992
2020-07-22,53.51839065551758
2020-07-23,53.09272003173828
2020-07-24,52.80058670043945
2020-07-27,53.49335479736328
2020-07-28,53.15114974975586
2020-07-29,53.710365295410156
2020-07-30,52.91743850708008
2020-07-31,51.7906494140625
2020-08-03,52.80058670043945
2020-08-04,53.09272003173828
2020-08-05,53.26799392700195
2020-08-06,53.3264274597168
2020-08-07,53.109413146972656
2020-08-10,53.28468704223633
2020-08-11,53.476661682128906
2020-08-12,54.66188049316406
2020-08-13,54.41982650756836
2020-08-14,54.085968017578125
2020-08-17,54.49495315551758
2020-08-18,54.46155548095703
2020-08-19,54.21950912475586
2020-08-20,54.04423904418945
2020-08-21,53.76879119873047
2020-08-24,54.47825622558594
2020-08-25,54.51163864135742
2020-08-26,54.82880783081055
2020-08-27,54.269596099853516
2020-08-28,54.653541564941406
2020-08-31,54.2362060546875
2020-09-01,54.29463577270508
2020-09-02,55.02078628540039
2020-09-03,53.777137756347656
2020-09-04,53.85226058959961
2020-09-08,53.1928825378418
2020-09-09,54.186119079589844
2020-09-10,53.55178451538086
2020-09-11,54.085968017578125
2020-09-14,54.378089904785156
2020-09-15,54.72865295410156
2020-09-16,54.72865295410156
2020-09-17,54.803775787353516
2020-09-18,54.36140060424805
2020-09-21,52.984214782714844
2020-09-22,52.96752166748047
2020-09-23,52.525142669677734
2020-09-24,52.47506332397461
2020-09-25,52.65035629272461
2020-09-28,53.44327926635742
2020-09-29,53.384849548339844
2020-09-30,53.12610626220703
2020-10-01,53.4349250793457
2020-10-02,53.3264274597168
2020-10-05,54.136043548583984
2020-10-06,53.560123443603516
2020-10-07,54.019187927246094
2020-10-08,54.39478302001953
2020-10-09,54.820465087890625
2020-10-12,55.13763427734375
2020-10-13,54.519996643066406
2020-10-14,54.42818069458008
2020-10-15,53.785484313964844
2020-10-16,54.035884857177734
2020-10-19,53.83556365966797
2020-10-20,54.102657318115234
2020-10-21,53.84391784667969
2020-10-22,53.885650634765625
2020-10-23,54.2362060546875
2020-10-26,53.25965881347656
2020-10-27,52.84231948852539
2020-10-28,51.264808654785156
2020-10-29,51.506866455078125
2020-10-30,51.239784240722656
2020-11-02,51.90749740600586
2020-11-03,53.26799392700195
2020-11-04,53.85226058959961
2020-11-05,55.14598083496094
2020-11-06,55.26283645629883
2020-11-09,56.87373352050781
2020-11-10,57.382869720458984
2020-11-11,57.866973876953125
2020-11-12,57.023963928222656
2020-11-13,57.90036392211914
2020-11-16,58.501312255859375
2020-11-17,58.44289016723633
2020-11-18,58.13405990600586
2020-11-19,58.54304504394531
2020-11-20,58.718318939208984
2020-11-23,58.643211364746094
2020-11-24,59.51960754394531
2020-11-25,59.444480895996094
2020-11-27,59.85346221923828
2020-11-30,58.55139923095703
2020-12-01,59.92858123779297
2020-12-02,59.93693161010742
2020-12-03,60.037105560302734
2020-12-04,60.546234130859375
2020-12-07,60.05377960205078
2020-12-08,60.262447357177734
2020-12-09,60.34592056274414
2020-12-10,60.429378509521484
2020-12-11,60.245750427246094
2020-12-14,60.2828369140625
2020-12-15,60.8980598449707
2020-12-16,61.134029388427734
2020-12-17,61.563838958740234
2020-12-18,61.243587493896484
2020-12-21,60.45981216430664
2020-12-22,60.308109283447266
2020-12-23,60.95703887939453
2020-12-24,60.98231887817383
2020-12-28,61.47956085205078
2020-12-29,61.87565994262695
2020-12-30,61.959930419921875
2020-12-31,61.48798370361328
2021-01-04,61.808223724365234
2021-01-05,62.4487419128418
2021-01-06,63.165077209472656
2021-01-07,63.23249816894531
2021-01-08,63.82243728637695
2021-01-11,62.988101959228516
2021-01-12,63.27465057373047
2021-01-13,63.190364837646484
2021-01-14,63.69602584838867
2021-01-15,62.701560974121094
2021-01-19,63.15665817260742
2021-01-20,63.58646774291992
2021-01-21,63.63703918457031
2021-01-22,63.33363342285156
2021-01-25,63.25777816772461
2021-01-26,63.3504753112793
2021-01-27,61.900943756103516
2021-01-28,62.29704284667969
2021-01-29,61.00761413574219
2021-02-01,61.73238754272461
2021-02-02,62.35603332519531
2021-02-03,62.507720947265625
2021-02-04,62.57514953613281
2021-02-05,62.962806701660156
2021-02-08,63.40106201171875
2021-02-09,63.74658966064453
2021-02-10,63.5274772644043
2021-02-11,63.9572868347168
2021-02-12,64.31123352050781
2021-02-16,64.77477264404297
2021-02-17,64.39552307128906
2021-02-18,64.07526397705078
2021-02-19,64.26067352294922
2021-02-22,64.10054016113281
2021-02-23,64.15955352783203
2021-02-24,64.36182403564453
2021-02-25,63.266204833984375
2021-02-26,62.37289047241211
2021-03-01,63.544334411621094
2021-03-02,63.47691345214844
2021-03-03,63.089237213134766
2021-03-04,62.49087142944336
2021-03-05,62.8953857421875
2021-03-08,62.67628479003906
2021-03-09,63.519039154052734
2021-03-10,63.78872299194336
2021-03-11,64.1258316040039
2021-03-12,64.28594970703125
2021-03-15,64.33651733398438
2021-03-16,64.44609069824219
2021-03-17,64.82533264160156
2021-03-18,64.23538970947266
2021-03-19,64.41236877441406
2021-03-22,64.47136688232422
2021-03-23,63.578041076660156
2021-03-24,63.25777816772461
2021-03-25,63.729732513427734
2021-03-26,64.55563354492188
2021-03-29,64.30281066894531
2021-03-30,64.21853637695312
2021-03-31,63.94042205810547
2021-04-01,64.77477264404297
2021-04-05,65.71865844726562
2021-04-06,65.0191650390625
2021-04-07,65.15399169921875
2021-04-08,65.52481079101562
2021-04-09,65.72708129882812
2021-04-12,65.36469268798828
2021-04-13,65.74394226074219
2021-04-14,65.79450225830078
2021-04-15,66.3423080444336
2021-04-16,66.82268524169922
2021-04-19,66.70470428466797
2021-04-20,65.50796508789062
2021-04-21,66.18218231201172
2021-04-22,65.96305084228516
2021-04-23,66.63726806640625
2021-04-26,66.68782806396484
2021-04-27,66.46871185302734
2021-04-28,66.63726806640625
2021-04-29,66.66255187988281
2021-04-30,65.82821655273438
2021-05-03,66.55299377441406
2021-05-04,65.56697082519531
2021-05-05,66.46028900146484
2021-05-06,67.00810241699219
2021-05-07,67.76656341552734
2021-05-10,67.40419006347656
2021-05-11,66.519287109375
2021-05-12,65.45738983154297
2021-05-13,65.94619750976562
2021-05-14,67.05020904541016
2021-05-17,66.9238052368164
2021-05-18,67.06707763671875
2021-05-19,66.47714233398438
2021-05-20,67.35362243652344
2021-05-21,67.44631958007812
2021-05-24,67.8592758178711
2021-05-25,67.87612915039062
2021-05-26,67.83399200439453
2021-05-27,67.96040344238281
2021-05-28,68.12053680419922
2021-06-01,68.36492919921875
2021-06-02,68.59248352050781
2021-06-03,68.25537109375
2021-06-04,68.8368911743164
2021-06-07,69.06442260742188
2021-06-08,69.03071594238281
2021-06-09,68.84529876708984
2021-06-10,69.03495788574219
2021-06-11,69.197265625
2021-06-14,69.31687927246094
2021-06-15,69.40229797363281
2021-06-16,68.97515869140625
2021-06-17,68.49674987792969
2021-06-18,67.0786361694336
2021-06-21,67.95855712890625
2021-06-22,67.96708679199219
2021-06-23,67.53141021728516
2021-06-24,68.18067169189453
2021-06-25,68.3259048461914
2021-06-28,67.89021301269531
2021-06-29,67.90730285644531
2021-06-30,67.38617706298828
2021-07-01,67.54849243164062
2021-07-02,67.7791519165039
2021-07-06,67.33492279052734
2021-07-07,67.70227813720703
2021-07-08,66.83089447021484
2021-07-09,67.96708679199219
2021-07-12,68.25756072998047
2021-07-13,67.89876556396484
2021-07-14,68.05252838134766
2021-07-15,67.40326690673828
2021-07-16,66.90777587890625
2021-07-19,65.69469451904297
2021-07-20,66.17310333251953
2021-07-21,67.18115997314453
2021-07-22,67.20677185058594
2021-07-23,67.67664337158203
2021-07-26,67.7706069946289
2021-07-27,67.49723815917969
2021-07-28,67.78768920898438
2021-07-29,68.25756072998047
2021-07-30,67.90730285644531
2021-08-02,68.24900817871094
2021-08-03,68.73594665527344
2021-08-04,68.53092193603516
2021-08-05,68.86408996582031
2021-08-06,68.60781860351562
2021-08-09,68.5736312866211
2021-08-10,68.72740173339844
2021-08-11,69.197265625
2021-08-12,69.13746643066406
2021-08-13,69.55608367919922
2021-08-16,69.197265625
2021-08-17,68.54800415039062
2021-08-18,68.28318786621094
2021-08-19,67.6082992553711
2021-08-20,67.87311553955078
2021-08-23,68.50531005859375
2021-08-24,68.65052795410156
2021-08-25,68.6761703491211
2021-08-26,68.31735229492188
2021-08-27,68.94099426269531
2021-08-30,68.92390441894531
2021-08-31,68.88973236083984
2021-09-01,69.51335906982422
2021-09-02,69.79527282714844
2021-09-03,70.11135864257812
2021-09-07,70.16261291503906
2021-09-08,69.60733032226562
2021-09-09,69.48771667480469
2021-09-10,69.33395385742188
2021-09-13,69.88069152832031
2021-09-14,69.59024047851562
2021-09-15,69.79527282714844
2021-09-16,69.68421936035156
2021-09-17,68.77013397216797
2021-09-20,67.49723815917969
2021-09-21,68.16358184814453
2021-09-22,68.50531005859375
2021-09-23,69.24852752685547
2021-09-24,68.59927368164062
2021-09-27,68.55654907226562
2021-09-28,67.06156158447266
2021-09-29,66.90777587890625
2021-09-30,66.64295959472656
2021-10-01,66.80525970458984
2021-10-04,66.10475158691406
2021-10-05,66.55753326416016
2021-10-06,66.11329650878906
2021-10-07,66.62586212158203
2021-10-08,66.61732482910156
2021-10-11,66.40374755859375
2021-10-12,66.43792724609375
2021-10-13,67.09571838378906
2021-10-14,67.76207733154297
2021-10-15,68.3259048461914
2021-10-18,68.03543853759766
2021-10-19,68.44550323486328
2021-10-20,68.68470001220703
2021-10-21,68.36006164550781
2021-10-22,68.77013397216797
2021-10-25,68.6334228515625
2021-10-26,68.77013397216797
2021-10-27,68.49674987792969
2021-10-28,69.1631088256836
2021-10-29,68.76158905029297
2021-11-01,69.42793273925781
2021-11-02,69.28269958496094
2021-11-03,69.84654235839844
2021-11-04,69.8038101196289
2021-11-05,69.90633392333984
2021-11-08,69.89779663085938
2021-11-09,69.74401092529297
2021-11-10,68.89826965332031
2021-11-11,69.1460189819336
2021-11-12,69.52190399169922
2021-11-15,69.39376068115234
2021-11-16,69.23998260498047
2021-11-17,69.15455627441406
2021-11-18,69.222900390625
2021-11-19,68.6334228515625
2021-11-22,68.23193359375
2021-11-23,68.16358184814453
2021-11-24,67.71082305908203
2021-11-26,65.89118194580078
2021-11-29,66.22435760498047
2021-11-30,65.64342498779297
2021-12-01,65.2675552368164
2021-12-02,66.0791244506836
2021-12-03,65.80574798583984
2021-12-06,66.43792724609375
2021-12-07,67.83895111083984
2021-12-08,67.96708679199219
2021-12-09,67.40326690673828
2021-12-10,67.54849243164062
2021-12-13,66.9157485961914
2021-12-14,66.55941772460938
2021-12-15,67.46331024169922
2021-12-16,67.47200012207031
2021-12-17,66.62025451660156
2021-12-20,66.47250366210938
2021-12-21,67.21126556396484
2021-12-22,67.8370590209961
2021-12-23,68.23685455322266
2021-12-27,68.76704406738281
2021-12-28,68.79312896728516
2021-12-29,68.76704406738281
2021-12-30,68.58676147460938
2021-12-31,68.52579498291016
2022-01-03,68.96998596191406
2022-01-04,69.36190032958984
2022-01-05,68.75225067138672
2022-01-06,68.40386199951172
2022-01-07,68.60417938232422
2022-01-10,67.96839141845703
2022-01-11,68.70869445800781
2022-01-12,69.37931060791016
2022-01-13,68.8741683959961
2022-01-14,68.80449676513672
2022-01-18,67.79420471191406
2022-01-19,67.73323059082031
2022-01-20,67.40227508544922
2022-01-21,66.48779296875
2022-01-24,65.82586669921875
2022-01-25,65.42523956298828
2022-01-26,65.17266845703125
2022-01-27,64.86784362792969
2022-01-28,65.08557891845703
2022-01-31,66.034912109375
2022-02-01,66.66197967529297
2022-02-02,67.15840911865234
2022-02-03,66.09586334228516
2022-02-04,66.25263977050781
2022-02-07,66.36585235595703
2022-02-08,66.70553588867188
2022-02-09,67.7854995727539
2022-02-10,66.92325592041016
2022-02-11,65.91295623779297
2022-02-14,65.4862060546875
2022-02-15,66.68810272216797
2022-02-16,66.94068145751953
2022-02-17,65.86070251464844
2022-02-18,65.58201599121094
2022-02-22,64.8155746459961
2022-02-23,64.28430938720703
2022-02-24,63.42207717895508
2022-02-25,65.00718688964844
2022-02-28,63.770442962646484
2022-03-01,62.37694549560547
2022-03-02,63.16079330444336
2022-03-03,61.91532516479492
2022-03-04,60.12119674682617
2022-03-07,58.21382522583008
2022-03-08,58.718971252441406
2022-03-09,61.17502975463867
2022-03-10,60.443443298339844
2022-03-11,59.79022979736328
2022-03-14,60.338932037353516
2022-03-15,60.91375732421875
2022-03-16,63.099815368652344
2022-03-17,63.6310920715332
2022-03-18,64.24946594238281
2022-03-21,63.84883117675781
2022-03-22,64.44978332519531
2022-03-23,63.613670349121094
2022-03-24,64.2059097290039
2022-03-25,64.24076080322266
2022-03-28,64.03173828125
2022-03-29,65.45137023925781
2022-03-30,65.1813735961914
2022-03-31,64.10139465332031
2022-04-01,64.70235443115234
2022-04-04,64.96363067626953
2022-04-05,64.08399200439453
2022-04-06,63.31754684448242
2022-04-07,63.4569091796875
2022-04-08,63.48303985595703
2022-04-11,62.81240463256836
2022-04-12,62.34209060668945
2022-04-13,63.012718200683594
2022-04-14,62.725303649902344
2022-04-18,62.35952377319336
2022-04-19,62.655635833740234
2022-04-20,63.07369613647461
2022-04-21,62.394351959228516
2022-04-22,61.3753547668457
2022-04-25,61.07923126220703
2022-04-26,59.3721809387207
2022-04-27,59.64218521118164
2022-04-28,60.48698425292969
2022-04-29,59.781532287597656
2022-05-02,59.63347625732422
2022-05-03,60.07765197753906
2022-05-04,61.13148880004883
2022-05-05,59.16316604614258
2022-05-06,58.58833312988281
2022-05-09,56.8203239440918
2022-05-10,57.24708938598633
2022-05-11,56.907413482666016
2022-05-12,56.76807403564453
2022-05-13,58.34447479248047
2022-05-16,58.396728515625
2022-05-17,59.48540496826172
2022-05-18,58.065773010253906
2022-05-19,58.623172760009766
2022-05-20,59.02379608154297
2022-05-23,60.025394439697266
2022-05-24,59.92958068847656
2022-05-25,59.946998596191406
2022-05-26,60.608924865722656
2022-05-27,61.340518951416016
2022-05-31,60.9747200012207
2022-06-01,60.330223083496094
2022-06-02,61.584381103515625
2022-06-03,60.704715728759766
2022-06-06,60.948604583740234
2022-06-07,61.13148880004883
2022-06-08,60.27796936035156
2022-06-09,59.012088775634766
2022-06-10,57.58775329589844
2022-06-13,55.68269348144531
2022-06-14,55.157474517822266
2022-06-15,56.19011688232422
2022-06-16,54.95272445678711
2022-06-17,54.730167388916016
2022-06-21,55.55807113647461
2022-06-22,55.184181213378906
2022-06-23,55.12186050415039
2022-06-24,56.76875305175781
2022-06-27,56.52839660644531
2022-06-28,56.14561080932617
2022-06-29,55.93195724487305
2022-06-30,55.6292839050293
2022-07-01,55.7628173828125
2022-07-05,54.5699348449707
2022-07-06,54.61444854736328
2022-07-07,55.44234085083008
2022-07-08,55.50465774536133
2022-07-11,54.60554122924805
2022-07-12,54.596641540527344
2022-07-13,54.5699348449707
2022-07-14,53.80434799194336
2022-07-15,54.65895462036133
2022-07-18,54.881507873535156
2022-07-19,56.37706756591797
2022-07-20,56.003170013427734
2022-07-21,56.581809997558594
2022-07-22,56.43937683105469
2022-07-25,56.87558364868164
2022-07-26,56.083290100097656
2022-07-27,57.409698486328125
2022-07-28,57.7034797668457
2022-07-29,58.50466537475586
2022-08-01,58.58478546142578
2022-08-02,57.650062561035156
2022-08-03,57.988338470458984
2022-08-04,58.2821159362793
2022-08-05,57.872615814208984
2022-08-08,58.00614547729492
2022-08-09,57.69457244873047
2022-08-10,58.99428176879883
2022-08-11,58.97647476196289
2022-08-12,59.430484771728516
2022-08-15,59.07440185546875
2022-08-16,59.05660629272461
2022-08-17,58.58478546142578
2022-08-18,58.388938903808594
2022-08-19,57.58775329589844
2022-08-22,56.608516693115234
2022-08-23,56.635223388671875
2022-08-24,56.706443786621094
2022-08-25,57.32958221435547
2022-08-26,55.82513427734375
2022-08-29,55.700496673583984
2022-08-30,55.29990768432617
2022-08-31,54.926021575927734
2022-09-01,54.18714141845703
2022-09-02,53.83106231689453
2022-09-06,53.69752502441406
2022-09-07,54.169334411621094
2022-09-08,54.2049446105957
2022-09-09,55.584774017333984
2022-09-12,56.35926055908203
2022-09-13,54.40079116821289
2022-09-14,54.57883834838867
2022-09-15,54.09812545776367
2022-09-16,53.76874542236328
2022-09-19,53.955692291259766
2022-09-20,53.03877258300781
2022-09-21,52.34440994262695
2022-09-22,52.19307327270508
2022-09-23,50.52836990356445
2022-09-26,49.78059387207031
2022-09-27,49.442317962646484
2022-09-28,50.63520431518555
2022-09-29,50.03875732421875
2022-09-30,49.8607177734375
2022-10-03,50.848846435546875
2022-10-04,52.88743209838867
2022-10-05,52.32659912109375
2022-10-06,51.40968322753906
2022-10-07,50.59069061279297
2022-10-10,50.305816650390625
2022-10-11,49.75388717651367
2022-10-12,49.59366226196289
2022-10-13,50.617401123046875
2022-10-14,49.8607177734375
2022-10-17,51.089202880859375
2022-10-18,51.45419692993164
2022-10-19,50.8221435546875
2022-10-20,50.706417083740234
2022-10-21,51.62333679199219
2022-10-24,51.63223648071289
2022-10-25,52.771705627441406
2022-10-26,53.270233154296875
2022-10-27,52.771705627441406
2022-10-28,53.296932220458984
2022-10-31,52.79841232299805
2022-11-01,53.21681213378906
2022-11-02,52.44232940673828
2022-11-03,51.997222900390625
2022-11-04,54.08031463623047
2022-11-07,54.249454498291016
2022-11-08,54.863712310791016
2022-11-09,54.09812545776367
2022-11-10,57.13374328613281
2022-11-11,58.27320861816406
2022-11-14,57.65896987915039
2022-11-15,58.041751861572266
2022-11-16,57.908233642578125
2022-11-17,57.88151931762695
2022-11-18,57.99724578857422
2022-11-21,57.5610466003418
2022-11-22,58.36223220825195
2022-11-23,59.003177642822266
2022-11-25,59.30586242675781
2022-11-28,58.540287017822266
2022-11-29,58.709415435791016
2022-11-30,59.7509651184082
2022-12-01,60.329586029052734
2022-12-02,60.28508758544922
2022-12-05,59.49280548095703
2022-12-06,59.225730895996094
2022-12-07,59.225730895996094
2022-12-08,59.52840805053711
2022-12-09,59.56401443481445
2022-12-12,59.742061614990234
2022-12-13,60.589359283447266
2022-12-14,60.53573226928711
2022-12-15,58.989498138427734
2022-12-16,58.471099853515625
2022-12-19,58.328102111816406
2022-12-20,58.560482025146484
2022-12-21,59.16824722290039
2022-12-22,58.685611724853516
2022-12-23,58.89118194580078
2022-12-27,58.98054885864258
2022-12-28,58.35491180419922
2022-12-29,59.275508880615234
2022-12-30,58.66773223876953
2023-01-03,59.186126708984375
2023-01-04,59.97265625
2023-01-05,59.37382125854492
2023-01-06,60.89325714111328
2023-01-09,61.15243911743164
2023-01-10,61.331199645996094
2023-01-11,61.79596710205078
2023-01-12,62.70762252807617
2023-01-13,63.038326263427734
2023-01-17,63.234954833984375
2023-01-18,63.011512756347656
2023-01-19,62.913185119628906
2023-01-20,63.46733856201172
2023-01-23,63.726531982421875
2023-01-24,63.64609909057617
2023-01-25,64.06617736816406
2023-01-26,64.11979675292969
2023-01-27,63.994667053222656
2023-01-30,63.58353042602539
2023-01-31,63.949981689453125
2023-02-01,64.52200317382812
2023-02-02,64.43262481689453
2023-02-03,63.83378219604492
2023-02-06,63.18132019042969
2023-02-07,63.717594146728516
2023-02-08,63.3243293762207
2023-02-09,63.44051742553711
2023-02-10,63.1634521484375
2023-02-13,63.798038482666016
2023-02-14,63.91423034667969
2023-02-15,63.62822341918945
2023-02-16,63.315391540527344
2023-02-17,63.47626876831055
2023-02-21,62.77913284301758
2023-02-22,62.4305534362793
2023-02-23,62.7523193359375
2023-02-24,61.70658493041992
2023-02-27,62.43948745727539
2023-02-28,61.98365783691406
2023-03-01,62.31435775756836
2023-03-02,62.43948745727539
2023-03-03,63.35113525390625
2023-03-06,63.19025802612305
2023-03-07,62.135597229003906
2023-03-08,62.475250244140625
2023-03-09,62.019405364990234
2023-03-10,61.35801696777344
2023-03-13,60.93793487548828
2023-03-14,61.75127410888672
2023-03-15,59.83858108520508
2023-03-16,60.76811218261719
2023-03-17,60.04416275024414
2023-03-20,60.982627868652344
2023-03-21,61.90322494506836
2023-03-22,61.68870162963867
2023-03-23,61.69765853881836
2023-03-24,61.50996017456055
2023-03-27,62.090911865234375
2023-03-28,62.117733001708984
2023-03-29,62.86850357055664
2023-03-30,63.60141372680664
2023-03-31,63.923152923583984
2023-04-03,64.43262481689453
2023-04-04,64.4415512084961
2023-04-05,63.994667053222656
2023-04-06,64.2985610961914
2023-04-10,64.25386810302734
2023-04-11,64.46837615966797
2023-04-12,64.87950134277344
2023-04-13,65.71072387695312
2023-04-14,65.44258117675781
2023-04-17,65.3263931274414
2023-04-18,65.68390655517578
2023-04-19,65.47834777832031
2023-04-20,65.47834777832031
2023-04-21,65.80903625488281
2023-04-24,65.9788589477539
2023-04-25,65.05826568603516
2023-04-26,65.0135726928711
2023-04-27,65.82691955566406
2023-04-28,65.80010223388672
2023-05-01,65.7017822265625
2023-05-02,65.0403823852539
2023-05-03,65.21019744873047
2023-05-04,65.07613372802734
2023-05-05,66.03248596191406
2023-05-08,66.05036163330078
2023-05-09,65.78223419189453
2023-05-10,65.64816284179688
2023-05-11,65.4872817993164
2023-05-12,65.37109375
2023-05-15,65.8716049194336
2023-05-16,65.24595642089844
2023-05-17,65.54983520507812
2023-05-18,65.45153045654297
2023-05-19,65.83585357666016
2023-05-22,65.8537368774414
2023-05-23,64.88844299316406
2023-05-24,63.9410285949707
2023-05-25,63.85166549682617
2023-05-26,64.47730255126953
2023-05-30,63.824859619140625
2023-05-31,63.1634521484375
2023-06-01,64.10192108154297
2023-06-02,64.93313598632812
2023-06-05,64.55775451660156
2023-06-06,65.09400939941406
2023-06-07,64.52152252197266
2023-06-08,65.20415496826172
2023-06-09,65.09491729736328
2023-06-12,65.3770751953125
2023-06-13,65.9959945678711
2023-06-14,66.24172973632812
2023-06-15,66.94256591796875
2023-06-16,66.79693603515625
2023-06-20,65.91407775878906
2023-06-21,66.01419830322266
2023-06-22,65.60462188720703
2023-06-23,64.5852279663086
2023-06-26,64.66715240478516
2023-06-27,65.2314453125
2023-06-28,65.27696228027344
2023-06-29,65.18595123291016
2023-06-30,65.98689270019531
2023-07-03,65.91407775878906
2023-07-05,65.17684173583984
2023-07-06,64.04824829101562
2023-07-07,64.53062438964844
2023-07-10,64.71265411376953
2023-07-11,65.295166015625
2023-07-12,66.5420913696289
2023-07-13,67.60697937011719
2023-07-14,67.22470092773438
2023-07-17,67.1427993774414
2023-07-18,67.57966613769531
2023-07-19,67.54326629638672
2023-07-20,67.1974105834961
2023-07-21,67.33393859863281
2023-07-24,67.17010498046875
2023-07-25,67.24291229248047
2023-07-26,67.4249496459961
2023-07-27,67.27021789550781
2023-07-28,67.75260925292969
2023-07-31,67.77080535888672
2023-08-01,66.92435455322266
2023-08-02,65.67742919921875
2023-08-03,65.49539184570312
2023-08-04,65.67742919921875
2023-08-07,66.23262786865234
2023-08-08,65.83216094970703
2023-08-09,65.81394958496094
2023-08-10,66.09610748291016
2023-08-11,65.65013122558594
2023-08-14,65.35887145996094
2023-08-15,64.548828125
2023-08-16,64.02093505859375
2023-08-17,63.565853118896484
2023-08-18,63.565853118896484
2023-08-21,63.80248260498047
2023-08-22,63.684173583984375
2023-08-23,64.37590026855469
2023-08-24,63.493038177490234
2023-08-25,63.92081832885742
2023-08-28,64.59435272216797
2023-08-29,65.3952865600586
2023-08-30,65.35887145996094
2023-08-31,65.10403442382812
2023-09-01,65.06761932373047
2023-09-05,64.50332641601562
2023-09-06,64.36679077148438
2023-09-07,64.1574478149414
2023-09-08,64.06643676757812
2023-09-11,64.73086547851562
2023-09-12,64.46691131591797
2023-09-13,64.26667785644531
2023-09-14,65.11312103271484
2023-09-15,64.9675064086914
2023-09-18,64.73995208740234
2023-09-19,64.7945785522461
2023-09-20,64.63983917236328
2023-09-21,63.565853118896484
2023-09-22,63.6204719543457
2023-09-25,63.33831024169922
2023-09-26,62.51917266845703
2023-09-27,62.400840759277344
2023-09-28,62.91053771972656
2023-09-29,62.7285041809082
2023-10-02,61.80924606323242
2023-10-03,61.03560256958008
2023-10-04,61.14482116699219
2023-10-05,61.68180465698242
2023-10-06,62.36442947387695
2023-10-09,62.273414611816406
2023-10-10,63.12898254394531
2023-10-11,63.392921447753906
2023-10-12,62.86502456665039
2023-10-13,62.28252410888672
2023-10-16,62.73760223388672
2023-10-17,62.77401351928711
2023-10-18,61.68180465698242
2023-10-19,61.13570785522461
2023-10-20,60.58961486816406
2023-10-23,60.6351318359375
2023-10-24,60.98099136352539
2023-10-25,60.54410934448242
2023-10-26,60.10723114013672
2023-10-27,59.92519760131836
2023-10-30,60.689735412597656
2023-10-31,60.908172607421875
2023-11-01,61.4815788269043
2023-11-02,62.73760223388672
2023-11-03,63.40202713012695
2023-11-06,63.08346176147461
2023-11-07,62.70119094848633
2023-11-08,62.619285583496094
2023-11-09,62.61018371582031
2023-11-10,62.89232635498047
2023-11-13,63.056156158447266
2023-11-14,64.66715240478516
2023-11-15,64.56703186035156
2023-11-16,64.52152252197266
2023-11-17,65.3952865600586
2023-11-20,65.64102172851562
2023-11-21,65.38617706298828
2023-11-22,65.54090881347656
2023-11-24,66.04149627685547
2023-11-27,65.81394958496094
2023-11-28,65.83216094970703
2023-11-29,65.96869659423828
2023-11-30,65.91407775878906
2023-12-01,66.60579681396484
2023-12-04,66.0870132446289
2023-12-05,65.8503646850586
2023-12-06,66.05059814453125
2023-12-07,66.3691635131836
2023-12-08,66.56939697265625
2023-12-11,66.73322296142578
2023-12-12,66.85154724121094
2023-12-13,67.82542419433594
2023-12-14,68.32600402832031
2023-12-15,67.66158294677734
2023-12-18,67.82542419433594
2023-12-19,68.3988265991211
2023-12-20,67.70855712890625
2023-12-21,68.80523681640625
2023-12-22,68.8697509765625
2023-12-26,69.1830825805664
2023-12-27,69.55172729492188
2023-12-28,69.36739349365234
2023-12-29,69.44113159179688
2024-01-02,68.66699981689453
2024-01-03,68.15091705322266
2024-01-04,68.30758666992188
2024-01-05,68.35365295410156
2024-01-08,69.08171081542969
2024-01-09,68.4642562866211
2024-01-10,68.90660095214844
2024-01-11,68.89739990234375
2024-01-12,69.1830825805664
2024-01-16,68.02188873291016
2024-01-17,67.37679290771484
2024-01-18,67.97581481933594
2024-01-19,68.13248443603516
2024-01-22,68.34445190429688
2024-01-23,68.15091705322266
2024-01-24,68.66699981689453
2024-01-25,68.86054229736328
2024-01-26,69.16465759277344
2024-01-29,69.57014465332031
2024-01-30,69.47798919677734
2024-01-31,69.12779235839844
2024-02-01,69.80976104736328
2024-02-02,69.25680541992188
2024-02-05,68.88817596435547
2024-02-06,69.3121109008789
2024-02-07,69.27523803710938
2024-02-08,69.15542602539062
2024-02-09,69.39505004882812
2024-02-12,69.51486206054688
2024-02-13,68.4458236694336
2024-02-14,69.21073150634766
2024-02-15,69.99407958984375
2024-02-16,70.10466766357422
2024-02-20,70.3903579711914
2024-02-21,70.44566345214844
2024-02-22,71.23822021484375
2024-02-23,71.33036041259766
2024-02-26,71.22900390625
2024-02-27,71.42253112792969
2024-02-28,71.00782775878906
2024-02-29,71.19213104248047
2024-03-01,71.88330841064453
2024-03-04,71.69900512695312
2024-03-05,71.56998443603516
2024-03-06,72.41783142089844
2024-03-07,73.27490997314453
2024-03-08,73.03529357910156
2024-03-11,72.62059020996094
2024-03-12,73.20117950439453
2024-03-13,73.21040344238281
2024-03-14,72.6758804321289
2024-03-15,72.70352172851562
2024-03-18,72.68509674072266
2024-03-19,72.8141098022461
2024-03-20,73.58824157714844
2024-03-21,73.55138397216797
2024-03-22,73.39469909667969
2024-03-25,73.23804473876953
2024-03-26,73.32098388671875
2024-03-27,73.76334381103516
2024-03-28,73.59745788574219
2024-04-01,73.28412628173828
2024-04-02,72.76803588867188
2024-04-03,73.17353820800781
2024-04-04,72.54685974121094
2024-04-05,72.77725982666016
2024-04-08,73.13667297363281
2024-04-09,73.12744903564453
2024-04-10,72.15979766845703
2024-04-11,72.35332489013672
2024-04-12,71.18291473388672
2024-04-15,70.970947265625
2024-04-16,70.27054595947266
2024-04-17,70.31663513183594
2024-04-18,70.12310028076172
2024-04-19,70.15074157714844
2024-04-22,70.970947265625
2024-04-23,71.74507904052734
2024-04-24,71.60684204101562
2024-04-25,71.27507019042969
2024-04-26,71.84645080566406
2024-04-29,72.12293243408203
2024-04-30,71.21056365966797
2024-05-01,71.05389404296875
2024-05-02,72.01233673095703
2024-05-03,72.73117065429688
2024-05-06,73.22882080078125
2024-05-07,73.42235565185547
2024-05-08,73.33941650390625
2024-05-09,73.9015884399414
2024-05-10,74.03981018066406
2024-05-13,74.03981018066406
2024-05-14,74.59276580810547
2024-05-15,75.38533020019531
2024-05-16,74.97982788085938
2024-05-17,75.23787689208984
2024-05-20,75.29316711425781
2024-05-21,75.1733627319336
2024-05-22,74.4637451171875
2024-05-23,74.08590698242188
2024-05-24,74.69414520263672
2024-05-28,74.66650390625
2024-05-29,73.48686218261719
2024-05-30,74.10433197021484
2024-05-31,74.81395721435547
2024-06-03,75.02591705322266
2024-06-04,74.93375396728516
2024-06-05,75.45904541015625
2024-06-06,75.71710205078125
2024-06-07,74.89689636230469
2024-06-10,74.84159088134766
2024-06-11,73.99114227294922
2024-06-12,74.8631591796875
2024-06-13,73.79422760009766
2024-06-14,72.97846221923828
2024-06-17,73.26912689208984
2024-06-18,73.55980682373047
2024-06-20,73.606689453125
2024-06-21,73.09097290039062
2024-06-24,73.67232513427734
2024-06-25,73.8504867553711
2024-06-26,73.30663299560547
2024-06-27,73.3628921508789
2024-06-28,73.4472885131836
2024-07-01,73.57855987548828
2024-07-02,73.75672149658203
2024-07-03,74.6006088256836
2024-07-05,75.09757995605469
2024-07-08,74.72250366210938
2024-07-09,74.42247009277344
2024-07-10,75.47264862060547
2024-07-11,75.68831634521484
2024-07-12,76.49469757080078
2024-07-15,75.819580078125
2024-07-16,76.18527221679688
2024-07-17,75.78207397460938
2024-07-18,75.03194427490234
2024-07-19,74.57247924804688
2024-07-22,75.36012268066406
2024-07-23,74.93817138671875
2024-07-24,73.99114227294922
2024-07-25,73.52230834960938
2024-07-26,74.45996856689453
2024-07-29,74.13177490234375
2024-07-30,74.3005599975586
2024-07-31,75.35074615478516
2024-08-01,73.35352325439453
2024-08-02,72.2001953125
2024-08-05,70.62492370605469
2024-08-06,70.7468032836914
2024-08-07,71.0843734741211
2024-08-08,72.27520751953125
2024-08-09,72.55650329589844
2024-08-12,72.4908676147461
2024-08-13,73.73796081542969
2024-08-14,74.00988006591797
2024-08-15,74.91004943847656
2024-08-16,75.32261657714844
2024-08-19,76.24152374267578
2024-08-20,76.0071029663086
2024-08-21,76.71035766601562
2024-08-22,76.26029205322266
2024-08-23,77.65740203857422
2024-08-26,77.31046295166016
2024-08-27,77.66678619384766
2024-08-28,77.39485931396484
2024-08-29,77.68553924560547
2024-08-30,77.80742645263672
2024-09-03,76.57908630371094
2024-09-04,76.24152374267578
2024-09-05,76.26029205322266
2024-09-06,74.8256607055664
2024-09-09,75.57579040527344
2024-09-10,75.20071411132812
2024-09-11,75.65080261230469
2024-09-12,76.26966094970703
2024-09-13,76.44781494140625
2024-09-16,77.0666732788086
2024-09-17,76.63534545898438
2024-09-18,76.39156341552734
2024-09-19,77.90119171142578
2024-09-20,77.13230895996094
2024-09-23,77.42298889160156
2024-09-24,77.8824462890625
2024-09-25,77.46048736572266
2024-09-26,79.16704559326172
2024-09-27,78.68882751464844
2024-09-30,78.41690063476562
2024-10-01,77.83556365966797
2024-10-02,77.67615509033203
2024-10-03,76.95416259765625
2024-10-04,77.40423583984375
2024-10-07,76.97290802001953
2024-10-08,76.85101318359375
2024-10-09,76.86976623535156
2024-10-10,76.77599334716797
2024-10-11,77.16981506347656
2024-10-14,77.39485931396484
2024-10-15,76.1102523803711
2024-10-16,76.30716705322266
2024-10-17,76.31654357910156
2024-10-18,76.83226013183594
2024-10-21,75.92272186279297
2024-10-22,75.49140167236328
2024-10-23,74.73188781738281
2024-10-24,75.15383911132812
2024-10-25,74.90067291259766
2024-10-28,75.50077056884766
2024-10-29,75.22885131835938
2024-10-30,74.74126434326172
2024-10-31,74.28180694580078
2024-11-01,74.43183898925781
2024-11-04,74.48810577392578
2024-11-05,75.22885131835938
2024-11-06,74.14115905761719
2024-11-07,75.26634979248047
2024-11-08,74.22555541992188
2024-11-11,74.24430847167969
2024-11-12,72.86593627929688
2024-11-13,72.43461608886719
2024-11-14,72.58464050292969
2024-11-15,72.32209014892578
2024-11-18,72.71591186523438
2024-11-19,72.62213134765625
2024-11-20,72.42523193359375
2024-11-21,72.4439926147461
2024-11-22,72.72528076171875
2024-11-25,73.10035705566406
2024-11-26,72.67839813232422
2024-11-27,73.07222747802734
2024-11-29,74.04739379882812
2024-12-02,74.2536849975586
2024-12-03,74.67562103271484
2024-12-04,74.73188781738281
2024-12-05,75.09757995605469
2024-12-06,75.08820343017578
2024-12-09,75.04132080078125
2024-12-10,74.36619567871094
2024-12-11,74.83502960205078
2024-12-12,74.17866516113281
2024-12-13,73.97237396240234
2024-12-16,73.72859191894531
2024-12-17,73.61167907714844
2024-12-18,71.80584716796875
2024-12-19,71.5777359008789
2024-12-20,71.37814331054688
2024-12-23,71.84386444091797
2024-12-24,72.10047912597656
2024-12-26,72.44264221191406
2024-12-27,72.33809661865234
2024-12-30,71.86286926269531
2024-12-31,71.86286926269531
2025-01-02,71.61576080322266
2025-01-03,71.92940521240234
2025-01-06,72.61371612548828
2025-01-07,72.55668640136719
2025-01-08,72.44264221191406
2025-01-10,71.34012603759766
2025-01-13,71.14053344726562
2025-01-14,71.39715576171875
2025-01-15,72.30958557128906
2025-01-16,72.68025207519531
2025-01-17,72.97488403320312
2025-01-21,74.44807434082031
2025-01-22,74.2770004272461
2025-01-23,74.8852767944336
2025-01-24,75.30347442626953
2025-01-27,75.30347442626953
2025-01-28,75.20841979980469
2025-01-29,75.19892120361328
2025-01-30,76.02579498291016
2025-01-31,75.31297302246094
2025-02-03,74.42906188964844
2025-02-04,75.2939682006836
2025-02-05,76.02579498291016
2025-02-06,76.38697052001953
2025-02-07,75.66464233398438
2025-02-10,76.1778793334961
2025-02-11,76.5390396118164
2025-02-12,76.82418060302734
2025-02-13,77.75560760498047
2025-02-14,77.86966705322266
2025-02-18,78.430419921875
2025-02-19,77.62254333496094
2025-02-20,77.98371887207031
2025-02-21,77.49898529052734
2025-02-24,77.45146179199219
2025-02-25,78.15479278564453
2025-02-26,78.25933837890625
2025-02-27,77.37543487548828
2025-02-28,77.5370101928711
2025-03-03,78.39241027832031
2025-03-04,78.3733901977539
2025-03-05,80.24576568603516
2025-03-06,79.41887664794922
2025-03-07,80.24576568603516
2025-03-10,78.35438537597656
2025-03-11,78.0882568359375
2025-03-12,78.6490249633789
2025-03-13,78.12627410888672
2025-03-14,79.56143951416016
2025-03-17,80.4548568725586
2025-03-18,80.44535827636719
2025-03-19,80.68296813964844
2025-03-20,80.00814819335938
2025-03-21,79.51392364501953
2025-03-24,79.5044174194336
2025-03-25,79.94161987304688
2025-03-26,78.9056396484375
2025-03-27,79.07672119140625
2025-03-28,78.3733901977539
2025-03-31,77.67957305908203
2025-04-01,77.79361724853516
2025-04-02,77.97420501708984
2025-04-03,76.3394546508789
2025-04-04,71.30210876464844
2025-04-07,69.58181762695312
2025-04-08,69.34420013427734
2025-04-09,74.69517517089844
2025-04-10,73.22200775146484
2025-04-11,75.05635833740234
2025-04-14,75.86422729492188
2025-04-15,76.54853820800781
2025-04-16,76.25390625
2025-04-17,77.0807876586914
2025-04-21,76.66260528564453
2025-04-22,78.24984741210938
2025-04-23,78.56349182128906
2025-04-24,79.60897064208984
2025-04-25,79.95113372802734
2025-04-28,80.4833755493164
2025-04-29,80.64495086669922
2025-04-30,80.5499038696289
2025-05-01,80.29328918457031
2025-05-02,81.83300018310547
2025-05-05,81.9755630493164
2025-05-06,81.87102508544922
2025-05-07,81.59538269042969
2025-05-08,81.31026458740234
2025-05-09,81.7094497680664
2025-05-12,82.12763977050781
2025-05-13,82.23218536376953
2025-05-14,81.83300018310547
2025-05-15,82.7264175415039
2025-05-16,82.91650390625
2025-05-19,83.70536804199219
2025-05-20,84.10455322265625
2025-05-21,83.6103286743164
2025-05-22,83.56280517578125
2025-05-23,83.6768569946289
2025-05-27,84.89341735839844
2025-05-28,83.91446685791016
2025-05-29,84.28514099121094
2025-05-30,84.40869140625
2025-06-02,85.3116226196289
2025-06-03,84.66531372070312
2025-06-04,85.04549407958984
2025-06-05,84.98846435546875
2025-06-06,85.2926025390625
2025-06-09,85.28311157226562
2025-06-10,85.39715576171875
2025-06-11,85.25458526611328
2025-06-12,85.91039276123047
2025-06-13,84.8078842163086
2025-06-16,85.12599182128906
2025-06-17,84.08174133300781
2025-06-18,84.22677612304688
2025-06-20,83.47259521484375
2025-06-23,84.10108184814453
2025-06-24,85.12599182128906
2025-06-25,84.66188049316406
2025-06-26,85.60944366455078
2025-06-27,86.38296508789062
2025-06-30,86.43131256103516
2025-07-01,86.2862777709961
2025-07-02,86.53766632080078
2025-07-03,86.5570068359375
2025-07-07,85.61911010742188
2025-07-08,86.24759674072266
2025-07-09,86.89542388916016
2025-07-10,86.83740234375
2025-07-11,86.00586700439453
2025-07-14,86.00586700439453
2025-07-15,85.10665130615234
2025-07-16,85.4547348022461
2025-07-17,85.6771240234375
2025-07-18,85.4354019165039
2025-07-21,85.88984680175781
2025-07-22,86.3636245727539
2025-07-23,88.51014709472656
2025-07-24,87.8526611328125
2025-07-25,87.74629211425781
2025-07-28,86.3346176147461
2025-07-29,86.16057586669922
2025-07-30,85.54176330566406
2025-07-31,84.62319946289062
2025-08-01,84.40081787109375
2025-08-04,85.52242279052734
2025-08-05,85.51275634765625
2025-08-06,86.07355499267578
2025-08-07,86.84707641601562
2025-08-08,87.37887573242188
2025-08-11,87.01144409179688
2025-08-12,88.07503509521484
2025-08-13,88.6068344116211
2025-08-14,88.61650848388672
2025-08-15,89.13863372802734
2025-08-18,89.04193878173828
2025-08-19,89.0516128540039
2025-08-20,89.37068939208984
2025-08-21,88.80988311767578
2025-08-22,90.14421844482422
2025-08-25,88.95491790771484
2025-08-26,88.85823822021484
2025-08-27,88.64551544189453
2025-08-28,88.97425842285156
2025-08-29,88.45213317871094
2025-09-02,87.58192443847656
2025-09-03,87.71728515625
2025-09-04,88.3554458618164
2025-09-05,88.75187683105469
2025-09-08,89.64142608642578
2025-09-09,89.34168243408203
2025-09-10,89.32234191894531
2025-09-11,90.26991271972656
2025-09-12,89.91215515136719
2025-09-15,90.51163482666016
2025-09-16,90.26023864746094
2025-09-17,89.92182159423828
2025-09-18,90.26991271972656
2025-09-19,89.92182159423828
2025-09-22,90.21189880371094
2025-09-23,90.03784942626953
2025-09-24,89.5157241821289
2025-09-25,88.87757110595703
2025-09-26,89.56407165527344
2025-09-29,89.91215515136719
2025-09-30,90.27957916259766
2025-10-01,91.02409362792969
2025-10-02,91.16912841796875
2025-10-03,91.93297576904297
2025-10-06,92.14569854736328
2025-10-07,91.34317016601562
2025-10-08,91.61389923095703
2025-10-09,90.85972595214844
2025-10-10,89.18697357177734
2025-10-13,89.9024887084961
2025-10-14,90.30858612060547
2025-10-15,90.74369049072266
2025-10-16,91.21746826171875
2025-10-17,91.38185119628906
2025-10-20,92.13602447509766
2025-10-21,91.45919036865234
2025-10-22,91.3238296508789
2025-10-23,91.749267578125
2025-10-24,91.89430236816406
2025-10-27,92.53245544433594
2025-10-28,92.49378204345703
2025-10-29,91.9716567993164
2025-10-30,91.56555938720703
2025-10-31,91.36251068115234
2025-11-03,91.40118408203125
2025-11-04,90.46328735351562
2025-11-05,91.0434341430664
2025-11-06,90.84037780761719
2025-11-07,91.17880249023438
2025-11-10,92.13602447509766
2025-11-11,92.81285858154297
2025-11-12,93.3639907836914
2025-11-13,92.36808013916016
2025-11-14,92.10702514648438
2025-11-17,90.9080581665039
2025-11-18,89.72844696044922
2025-11-19,89.45771026611328
2025-11-20,88.22007751464844
2025-11-21,89.58341217041016
2025-11-24,89.66075897216797
2025-11-25,90.73401641845703
2025-11-26,91.72993469238281
2025-11-28,92.03934478759766
2025-12-01,91.58489227294922
2025-12-02,91.89430236816406
2025-12-03,92.3874282836914
2025-12-04,92.63880920410156
2025-12-05,92.63880920410156
2025-12-08,92.34874725341797
2025-12-09,92.2230453491211
2025-12-10,93.24797058105469
2025-12-11,93.79910278320312
2025-12-12,93.30598449707031
2025-12-15,93.8764419555664
2025-12-16,93.44133758544922
2025-12-17,92.68333435058594
2025-12-18,93.3428955078125
2025-12-19,93.9729232788086
2025-12-22,94.20918273925781
2025-12-23,94.79000091552734
2025-12-24,94.90813446044922
2025-12-26,95.06563568115234
2025-12-29,94.7801513671875
2025-12-30,94.93766021728516
2025-12-31,94.53404235839844
2026-01-02,95.52831268310547
2026-01-05,96.62102508544922
2026-01-06,96.76869201660156
2026-01-07,96.40444946289062
2026-01-08,96.41429901123047
2026-01-09,97.27073669433594
2026-01-12,97.86139678955078
2026-01-13,97.3002700805664
2026-01-14,97.75311279296875
2026-01-15,97.71372985839844
2026-01-16,97.97952270507812
2026-01-20,96.4930419921875
2026-01-21,97.48731231689453
2026-01-22,97.8712387084961
2026-01-23,98.41267395019531
2026-01-26,98.9048843383789
2026-01-27,100.49964141845703
2026-01-28,99.43647003173828
2026-01-29,100.10588073730469
2026-01-30,99.17066955566406
2026-02-02,99.82039642333984
2026-02-03,99.86961364746094
2026-02-04,100.19447326660156
2026-02-05,98.7670669555664
2026-02-06,101.01154327392578
2026-02-09,102.37004089355469
2026-02-10,102.61614990234375
2026-02-11,103.30525207519531
2026-02-12,102.52755737304688
2026-02-13,102.61614990234375
2026-02-17,102.59646606445312
2026-02-18,102.71459197998047
2026-02-19,102.42911529541016
2026-02-20,103.265869140625
2026-02-23,102.84256744384766
2026-02-24,103.02960968017578
2026-02-25,104.0140380859375
2026-02-26,103.92543029785156
2026-02-27,103.73838806152344
2026-03-02,101.6907958984375
2026-03-03,98.53079986572266
2026-03-04,99.80070495605469
2026-03-05,97.61529541015625
2026-03-06,96.74899291992188
2026-03-09,97.44793701171875
2026-03-10,97.67435455322266
2026-03-11,97.4676284790039
2026-03-12,95.9417724609375
2026-03-13,94.79984283447266
2026-03-16,96.5718002319336
2026-03-17,96.83760070800781
2026-03-18,95.18376922607422
2026-03-19,95.01641082763672
2026-03-20,92.1320571899414
2026-03-23,94.34700012207031
2026-03-24,93.78588104248047
2026-03-25,95.15423583984375
2026-03-26,93.18539428710938
2026-03-27,92.33879089355469
2026-03-30,92.60457611083984
2026-03-31,95.61690521240234
2026-04-01,97.07386016845703
2026-04-02,96.47335815429688
2026-04-06,96.95572662353516
2026-04-07,96.81790161132812
2026-04-08,100.59809112548828
2026-04-09,100.36182403564453
2026-04-10,100.58824157714844
2026-04-13,101.20842742919922
2026-04-14,102.02549743652344
2026-04-15,101.70063781738281
2026-04-16,101.40531158447266
2026-04-17,102.69490814208984
2026-04-20,102.29129791259766
2026-04-21,100.04680633544922
2026-04-22,100.38151550292969
2026-04-23,99.66288757324219
2026-04-24,100.18462371826172
2026-04-27,99.80070495605469
2026-04-28,99.38724517822266
2026-04-29,98.373291015625
2026-04-30,100.72605895996094
2026-05-01,100.50949096679688
2026-05-04,99.13129425048828
2026-05-05,100.45042419433594
2026-05-06,103.1772689819336
2026-05-07,101.28718566894531
2026-05-08,102.34051513671875
2026-05-11,102.12393951416016
2026-05-12,101.53328704833984
2026-05-13,102.21253967285156
2026-05-14,101.84830474853516
2026-05-15,100.13540649414062
2026-05-18,101.0607681274414
2026-05-19,100.33229064941406
2026-05-20,102.00581359863281
2026-05-21,102.56693267822266
2026-05-22,102.3602066040039
2026-05-26,103.4922866821289
2026-05-27,103.13789367675781
2026-05-28,103.05914306640625
2026-05-29,103.16743469238281
2026-06-01,102.81304168701172
2026-06-02,103.38399505615234
2026-06-03,102.4980239868164
2026-06-04,103.3150863647461
2026-06-05,100.66699981689453
2026-06-08,101.27733612060547
2026-06-09,101.29702758789062
2026-06-10,99.98774719238281
2026-06-11,103.09852600097656
2026-06-12,103.38399505615234
2026-06-15,104.08000183105469
2026-06-16,104.30999755859375
2026-06-17,103.77999877929688
2026-06-18,104.41000366210938
2026-06-22,104.58000183105469
2026-06-23,102.45999908447266
2026-06-24,102.26000213623047
2026-06-25,103.1500015258789
2026-06-26,102.54000091552734
2026-06-29,103.44999694824219
2026-06-30,103.87999725341797
2026-07-01,103.0199966430664
2026-07-02,104.37000274658203
2026-07-06,105.45999908447266
2026-07-07,104.16000366210938
2026-07-08,103.36000061035156
2026-07-09,103.91999816894531
2026-07-10,104.33000183105469
2026-07-13,103.23999786376953
2026-07-14,103.95999908447266
2026-07-15,104.6500015258789
2026-07-16,103.80999755859375
2026-07-17,103.33000183105469
2026-07-20,102.56999969482422
2026-07-21,104.05999755859375
2026-07-22,104.25
2026-07-23,102.9000015258789
2026-07-24,103.41000366210938
2026-07-27,103.91000366210938
2026-07-28,103.88999938964844
2026-07-29,103.37000274658203
2026-07-30,106.23999786376953
2026-07-31,105.58000183105469
2026-08-03,106.0199966430664
2026-08-04,107.31999969482422
2026-08-05,107.43000030517578
2026-08-06,107.36000061035156
2026-08-07,108.55000305175781
2026-08-10,108.01000213623047
2026-08-11,108.08999633789062
2026-08-12,108.5
2026-08-13,108.69000244140625
2026-08-14,108.63999938964844
2026-08-17,108.44999694824219
2026-08-18,107.2699966430664
2026-08-19,107.66000366210938
2026-08-20,107.3499984741211
2026-08-21,108.23999786376953
2026-08-24,108.02999877929688
2026-08-25,108.80999755859375
2026-08-26,108.2699966430664
2026-08-27,108.0199966430664
2026-08-28,107.72000122070312
2026-08-31,107.44999694824219
2026-09-01,106.48999786376953
2026-09-02,107.05999755859375
2026-09-03,108.20999908447266
2026-09-04,108.3499984741211
2026-09-08,107.76000213623047