2000-05-26,32.59063720703125
2000-05-30,33.79356384277344
2000-05-31,33.916099548339844
2000-06-01,34.68465042114258
2000-06-02,36.489044189453125
2000-06-05,36.355384826660156
2000-06-06,36.71181106567383
2000-06-07,36.7563591003418
2000-06-08,36.667240142822266
2000-06-09,37.31328201293945
2000-06-12,36.205013275146484
2000-06-13,36.667240142822266
2000-06-14,36.489044189453125
2000-06-15,36.53359603881836
2000-06-16,36.333099365234375
2000-06-19,37.24643325805664
2000-06-20,37.49148941040039
2000-06-21,37.69119644165039
2000-06-22,36.55443572998047
2000-06-23,36.30925750732422
2000-06-26,36.75505828857422
2000-06-27,36.1755256652832
2000-06-28,37.089385986328125
2000-06-29,36.50987243652344
2000-06-30,36.86092758178711
2000-07-03,37.37914276123047
2000-07-05,36.95564270019531
2000-07-06,37.39030838012695
2000-07-07,37.624324798583984
2000-07-10,37.869510650634766
2000-07-11,37.824954986572266
2000-07-12,38.5827751159668
2000-07-13,38.705379486083984
2000-07-14,38.73878860473633
2000-07-17,38.872535705566406
2000-07-18,38.203857421875
2000-07-19,37.535160064697266
2000-07-20,38.15927505493164
2000-07-21,37.111663818359375
2000-07-24,36.57114028930664
2000-07-25,36.64360046386719
2000-07-26,36.576725006103516
2000-07-27,35.57371520996094
2000-07-28,34.94960021972656
2000-07-31,35.841190338134766
2000-08-01,35.60714340209961
2000-08-02,35.66287612915039
2000-08-03,35.640586853027344
2000-08-04,35.81890869140625
2000-08-07,36.48198699951172
2000-08-08,36.30925750732422
2000-08-09,36.04733657836914
2000-08-10,35.841190338134766
2000-08-11,36.46528244018555
2000-08-14,36.84421920776367
2000-08-15,36.30925750732422
2000-08-16,36.487571716308594
2000-08-17,36.82191848754883
2000-08-18,36.76621627807617
2000-08-21,36.899932861328125
2000-08-22,36.84421920776367
2000-08-23,36.78846740722656
2000-08-24,37.33456802368164
2000-08-25,37.49059295654297
2000-08-28,37.5574836730957
2000-08-29,37.914093017578125
2000-08-30,37.95867156982422
2000-08-31,38.33759307861328
2000-09-01,38.64963912963867
2000-09-05,38.382171630859375
2000-09-06,38.21500015258789
2000-09-07,38.78337097167969
2000-09-08,38.114707946777344
2000-09-11,38.15927505493164
2000-09-12,38.03667068481445
2000-09-13,38.22613525390625
2000-09-14,38.44902801513672
2000-09-15,37.735782623291016
2000-09-18,36.84421920776367
2000-09-19,37.446006774902344
2000-09-20,37.148460388183594
2000-09-21,36.455162048339844
2000-09-22,36.92481231689453
2000-09-25,36.96956253051758
2000-09-26,36.4439811706543
2000-09-27,36.2762336730957
2000-09-28,37.26030349731445
2000-09-29,37.081382751464844
2000-10-02,36.47751235961914
2000-10-03,35.94633865356445
2000-10-04,36.19796371459961
2000-10-05,35.828948974609375
2000-10-06,34.956695556640625
2000-10-09,34.878414154052734
2000-10-10,34.03971481323242
2000-10-11,33.927879333496094
2000-10-12,32.89909744262695
2000-10-13,34.17390060424805
2000-10-16,34.442283630371094
2000-10-17,33.57564163208008
2000-10-18,33.30167770385742
2000-10-19,34.33046340942383
2000-10-20,34.76657485961914
2000-10-23,35.113243103027344
2000-10-24,34.59884262084961
2000-10-25,33.827239990234375
2000-10-26,34.35282897949219
2000-10-27,34.375205993652344
2000-10-30,34.53174591064453
2000-10-31,35.426353454589844
2000-11-01,35.448726654052734
2000-11-02,36.2985954284668
2000-11-03,36.25385284423828
2000-11-06,35.974300384521484
2000-11-07,36.2762336730957
2000-11-08,35.62763595581055
2000-11-09,35.247440338134766
2000-11-10,34.35282897949219
2000-11-13,34.00615692138672
2000-11-14,34.8224983215332
2000-11-15,35.26979446411133
2000-11-16,34.24659729003906
2000-11-17,34.46464920043945
2000-11-20,33.57005310058594
2000-11-21,33.37434768676758
2000-11-22,32.67544937133789
2000-11-24,33.592403411865234
2000-11-27,33.687461853027344
2000-11-28,32.67544937133789
2000-11-29,32.585994720458984
2000-11-30,31.892656326293945
2000-12-01,32.608341217041016
2000-12-04,32.25051498413086
2000-12-05,33.81607437133789
2000-12-06,33.03329849243164
2000-12-07,32.94382858276367
2000-12-08,33.39113998413086
2000-12-11,34.911956787109375
2000-12-12,34.15155029296875
2000-12-13,33.51558303833008
2000-12-14,32.981971740722656
2000-12-15,32.80226516723633
2000-12-18,33.29651641845703
2000-12-19,32.71236801147461
2000-12-20,31.678882598876953
2000-12-21,31.926027297973633
2000-12-22,33.2515754699707
2000-12-26,33.44258117675781
2000-12-27,34.33003234863281
2000-12-28,35.43092727661133
2000-12-29,34.419898986816406
2001-01-02,33.21787643432617
2001-01-03,34.594032287597656
2001-01-04,34.15028762817383
2001-01-05,33.094329833984375
2001-01-08,33.20667266845703
2001-01-09,33.15610885620117
2001-01-10,34.21768569946289
2001-01-11,34.683895111083984
2001-01-12,34.77937316894531
2001-01-16,35.475860595703125
2001-01-17,35.45338439941406
2001-01-18,35.58819580078125
2001-01-19,34.95909881591797
2001-01-22,35.20625686645508
2001-01-23,36.082454681396484
2001-01-24,35.947654724121094
2001-01-25,35.81285858154297
2001-01-26,35.81285858154297
2001-01-29,36.54081344604492
2001-01-30,36.7780647277832
2001-01-31,36.27119445800781
2001-02-01,36.537208557128906
2001-02-02,35.721187591552734
2001-02-05,35.7930908203125
2001-02-06,36.36106491088867
2001-02-07,36.45094680786133
2001-02-08,35.9045524597168
2001-02-09,35.444393157958984
2001-02-12,36.23525619506836
2001-02-13,35.893760681152344
2001-02-14,36.27119445800781
2001-02-15,36.45094680786133
2001-02-16,35.66367721557617
2001-02-20,35.25029373168945
2001-02-21,34.635581970214844
2001-02-22,34.15028762817383
2001-02-23,34.2221565246582
2001-02-26,34.97708511352539
2001-02-27,34.34800338745117
2001-02-28,33.8447380065918
2001-03-01,34.078392028808594
2001-03-02,34.16824722290039
2001-03-05,34.04243469238281
2001-03-06,34.54570388793945
2001-03-07,34.7254524230957
2001-03-08,34.43788146972656
2001-03-09,33.82696533203125
2001-03-12,32.86882400512695
2001-03-13,33.210994720458984
2001-03-14,32.41855239868164
2001-03-15,32.292484283447266
2001-03-16,31.69812774658203
2001-03-19,32.526615142822266
2001-03-20,31.770172119140625
2001-03-21,31.28390121459961
2001-03-22,30.97770881652832
2001-03-23,31.7882080078125
2001-03-26,32.22041702270508
2001-03-27,32.47978210449219
2001-03-28,31.60807228088379
2001-03-29,31.66212272644043
2001-03-30,32.27446365356445
2001-04-02,31.518049240112305
2001-04-03,30.448230743408203
2001-04-04,30.545480728149414
2001-04-05,32.022315979003906
2001-04-06,31.121816635131836
2001-04-09,31.806198120117188
2001-04-10,32.5626335144043
2001-04-11,32.346519470214844
2001-04-12,32.74273681640625
2001-04-16,32.15199279785156
2001-04-17,32.670692443847656
2001-04-18,33.6252326965332
2001-04-19,33.99987030029297
2001-04-20,33.603633880615234
2001-04-23,32.994876861572266
2001-04-24,33.24703598022461
2001-04-25,33.967445373535156
2001-04-26,34.45370101928711
2001-04-27,34.903987884521484
2001-04-30,34.93999481201172
2001-05-01,35.37223434448242
2001-05-02,35.28219985961914
2001-05-03,34.84634780883789
2001-05-04,35.33622741699219
2001-05-07,35.1201057434082
2001-05-08,35.30018615722656
2001-05-09,35.084075927734375
2001-05-10,35.1201057434082
2001-05-11,34.911170959472656
2001-05-14,34.903987884521484
2001-05-15,35.246150970458984
2001-05-16,35.92336654663086
2001-05-17,36.294368743896484
2001-05-18,36.43486022949219
2001-05-21,37.065216064453125
2001-05-22,37.24531173706055
2001-05-23,36.38080978393555
2001-05-24,36.75904083251953
2001-05-25,36.48887634277344
2001-05-29,36.02061462402344
2001-05-30,35.552345275878906
2001-05-31,35.69641876220703
2001-06-01,36.11787033081055
2001-06-04,36.58973693847656
2001-06-05,37.101234436035156
2001-06-06,36.867103576660156
2001-06-07,37.02199172973633
2001-06-08,36.806724548339844
2001-06-11,36.319087982177734
2001-06-12,36.40938949584961
2001-06-13,36.358829498291016
2001-06-14,35.45219802856445
2001-06-15,35.66891860961914
2001-06-18,35.39799499511719
2001-06-19,35.28965377807617
2001-06-20,35.70503234863281
2001-06-21,35.75559997558594
2001-06-22,35.109046936035156
2001-06-25,34.86345291137695
2001-06-26,35.39799499511719
2001-06-27,35.74116516113281
2001-06-28,36.192649841308594
2001-06-29,36.806724548339844
2001-07-02,35.9759407043457
2001-07-03,35.75922775268555
2001-07-05,35.28965377807617
2001-07-06,34.63948059082031
2001-07-09,34.964576721191406
2001-07-10,34.31440353393555
2001-07-11,34.31440353393555
2001-07-12,35.156002044677734
2001-07-13,35.325782775878906
2001-07-16,34.729793548583984
2001-07-17,35.41606903076172
2001-07-18,34.74784469604492
2001-07-19,35.036808013916016
2001-07-20,35.036808013916016
2001-07-23,34.783973693847656
2001-07-24,34.20604705810547
2001-07-25,34.404693603515625
2001-07-26,34.910396575927734
2001-07-27,34.856204986572266
2001-07-30,34.80202102661133
2001-07-31,34.75868225097656
2001-08-01,35.28965377807617
2001-08-02,35.1812858581543
2001-08-03,35.09099578857422
2001-08-06,34.603355407714844
2001-08-07,34.63948059082031
2001-08-08,33.862911224365234
2001-08-09,34.20604705810547
2001-08-10,34.169925689697266
2001-08-13,34.458885192871094
2001-08-14,34.56724548339844
2001-08-15,34.523887634277344
2001-08-16,34.74784469604492
2001-08-17,34.20604705810547
2001-08-20,34.58529281616211
2001-08-21,33.989322662353516
2001-08-22,34.440826416015625
2001-08-23,33.989322662353516
2001-08-24,34.71171188354492
2001-08-27,34.58529281616211
2001-08-28,34.20604705810547
2001-08-29,34.06156539916992
2001-08-30,33.63173294067383
2001-08-31,33.9134635925293
2001-09-04,33.59200668334961
2001-09-05,33.35720443725586
2001-09-06,32.58061218261719
2001-09-07,31.977407455444336
2001-09-10,31.731792449951172
2001-09-17,30.160551071166992
2001-09-18,29.67292594909668
2001-09-19,28.954130172729492
2001-09-20,27.852468490600586
2001-09-21,27.32870864868164
2001-09-24,28.173919677734375
2001-09-25,28.517065048217773
2001-09-26,28.094463348388672
2001-09-27,28.54597282409668
2001-09-28,28.968578338623047
2001-10-01,28.821393966674805
2001-10-02,29.136795043945312
2001-10-03,29.800230026245117
2001-10-04,30.097509384155273
2001-10-05,29.94523811340332
2001-10-08,29.673355102539062
2001-10-09,29.426837921142578
2001-10-10,30.45277976989746
2001-10-11,30.942222595214844
2001-10-12,30.844316482543945
2001-10-15,30.960342407226562
2001-10-16,31.377260208129883
2001-10-17,30.489032745361328
2001-10-18,30.29326820373535
2001-10-19,30.670324325561523
2001-10-22,30.945831298828125
2001-10-23,30.742828369140625
2001-10-24,30.942222595214844
2001-10-25,31.631038665771484
2001-10-26,31.631038665771484
2001-10-29,30.996591567993164
2001-10-30,30.344026565551758
2001-10-31,30.851572036743164
2001-11-01,31.395366668701172
2001-11-02,31.17784881591797
2001-11-05,31.631038665771484
2001-11-06,32.08418655395508
2001-11-07,31.86667251586914
2001-11-08,31.794166564941406
2001-11-09,31.685396194458008
2001-11-12,31.81226921081543
2001-11-13,32.3923454284668
2001-11-14,32.714996337890625
2001-11-15,32.591732025146484
2001-11-16,32.62434768676758
2001-11-19,32.99052429199219
2001-11-20,32.802001953125
2001-11-21,32.68961715698242
2001-11-23,33.16454315185547
2001-11-26,33.334922790527344
2001-11-27,33.22617721557617
2001-11-28,32.6461067199707
2001-11-29,33.60683059692383
2001-11-30,33.20802688598633
2001-12-03,32.99052429199219
2001-12-04,33.7518424987793
2001-12-05,34.49503707885742
2001-12-06,34.98446273803711
2001-12-07,34.719810485839844
2001-12-10,34.11799621582031
2001-12-11,34.31376266479492
2001-12-12,34.36814880371094
2001-12-13,33.755470275878906
2001-12-14,34.14088439941406
2001-12-17,34.795318603515625
2001-12-18,35.10437774658203
2001-12-19,34.83169174194336
2001-12-20,34.28631591796875
2001-12-21,34.97711944580078
2001-12-24,35.140724182128906
2001-12-26,35.449790954589844
2001-12-27,35.59522247314453
2001-12-28,35.631568908691406
2001-12-31,35.03165817260742
2002-01-02,35.3552360534668
2002-01-03,35.84611129760742
2002-01-04,36.158790588378906
2002-01-07,35.5770378112793
2002-01-08,35.99517822265625
2002-01-09,35.631568908691406
2002-01-10,35.8497314453125
2002-01-11,35.41343307495117
2002-01-14,34.88624572753906
2002-01-15,35.12255096435547
2002-01-16,34.409915924072266
2002-01-17,34.577178955078125
2002-01-18,34.14088439941406
2002-01-22,33.9227294921875
2002-01-23,34.395389556884766
2002-01-24,34.66807556152344
2002-01-25,34.64261245727539
2002-01-28,34.8680419921875
2002-01-29,34.25358581542969
2002-01-30,34.682621002197266
2002-01-31,34.97711944580078
2002-02-01,34.77716827392578
2002-02-04,33.95907974243164
2002-02-05,33.82817840576172
2002-02-06,33.45003128051758
2002-02-07,33.01374435424805
2002-02-08,33.8863525390625
2002-02-11,34.035423278808594
2002-02-12,34.108154296875
2002-02-13,34.431739807128906
2002-02-14,33.99543762207031
2002-02-15,33.94453048706055
2002-02-19,33.286434173583984
2002-02-20,33.85000991821289
2002-02-21,33.126461029052734
2002-02-22,33.72272872924805
2002-02-25,33.933631896972656
2002-02-26,34.09360122680664
2002-02-27,34.24994659423828
2002-02-28,33.8863525390625
2002-03-01,34.72260665893555
2002-03-04,35.26798629760742
2002-03-05,35.34798812866211
2002-03-06,35.77701187133789
2002-03-07,35.8133659362793
2002-03-08,36.175567626953125
2002-03-11,36.18286895751953
2002-03-12,36.12461853027344
2002-03-13,35.81883239746094
2002-03-14,35.98263168334961
2002-03-15,36.128257751464844
2002-03-18,36.332088470458984
2002-03-19,36.56504440307617
2002-03-20,35.98992919921875
2002-03-21,36.594173431396484
2002-03-22,36.32845687866211
2002-03-25,35.88800811767578
2002-03-26,36.29204559326172
2002-03-27,36.630584716796875
2002-03-28,36.43764114379883
2002-04-01,36.47405242919922
2002-04-02,36.2410888671875
2002-04-03,35.98263168334961
2002-04-04,36.12461853027344
2002-04-05,36.07364273071289
2002-04-08,36.5250129699707
2002-04-09,36.39033889770508
2002-04-10,37.09288787841797
2002-04-11,36.499534606933594
2002-04-12,37.311279296875
2002-04-15,37.03828811645508
2002-04-16,37.966514587402344
2002-04-17,37.64616775512695
2002-04-18,37.48601150512695
2002-04-19,37.45689392089844
2002-04-22,36.96183776855469
2002-04-23,37.09288787841797
2002-04-24,36.77983474731445
2002-04-25,36.87809371948242
2002-04-26,36.171913146972656
2002-04-29,36.2811279296875
2002-04-30,36.87448501586914
2002-05-01,37.129276275634766
2002-05-02,37.256690979003906
2002-05-03,37.09288787841797
2002-05-06,36.38304901123047
2002-05-07,36.120941162109375
2002-05-08,36.983673095703125
2002-05-09,36.31024932861328
2002-05-10,35.720542907714844
2002-05-13,36.18286895751953
2002-05-14,37.274898529052734
2002-05-15,37.23849105834961
2002-05-16,36.79802322387695
2002-05-17,36.910888671875
2002-05-20,36.4449462890625
2002-05-21,35.89163589477539
2002-05-22,35.67322540283203
2002-05-23,36.38304901123047
2002-05-24,35.80790710449219
2002-05-28,35.7169075012207
2002-05-29,35.26189422607422
2002-05-30,35.389312744140625
2002-05-31,35.12723159790039
2002-06-03,34.30818557739258
2002-06-04,34.31546401977539
2002-06-05,34.435585021972656
2002-06-06,33.76579284667969
2002-06-07,34.07157516479492
2002-06-10,34.035186767578125
2002-06-11,33.48914337158203
2002-06-12,33.59835433959961
2002-06-13,33.12513732910156
2002-06-14,33.39558792114258
2002-06-17,34.173004150390625
2002-06-18,34.267913818359375
2002-06-19,33.57807159423828
2002-06-20,33.50510025024414
2002-06-21,33.43207550048828
2002-06-24,33.32624435424805
2002-06-25,32.85542297363281
2002-06-26,32.83718490600586
2002-06-27,33.46858596801758
2002-06-28,33.08536911010742
2002-07-01,32.41013717651367
2002-07-02,31.4356632232666
2002-07-03,31.05972671508789
2002-07-05,32.08896255493164
2002-07-08,31.4246883392334
2002-07-09,31.304258346557617
2002-07-10,30.44292640686035
2002-07-11,30.20568084716797
2002-07-12,29.94654083251953
2002-07-15,29.760400772094727
2002-07-16,29.563310623168945
2002-07-17,29.837045669555664
2002-07-18,28.796842575073242
2002-07-19,28.194622039794922
2002-07-22,27.632566452026367
2002-07-23,26.18724822998047
2002-07-24,27.738412857055664
2002-07-25,27.519437789916992
2002-07-26,27.95741844177246
2002-07-29,29.034076690673828
2002-07-30,29.1216983795166
2002-07-31,28.669095993041992
2002-08-01,28.249391555786133
2002-08-02,27.362476348876953
2002-08-05,26.63252830505371
2002-08-06,27.793169021606445
2002-08-07,27.899003982543945
2002-08-08,28.34792137145996
2002-08-09,28.107025146484375
2002-08-12,28.1763858795166
2002-08-13,27.373441696166992
2002-08-14,28.351573944091797
2002-08-15,28.380773544311523
2002-08-16,28.815107345581055
2002-08-19,29.216596603393555
2002-08-20,29.070589065551758
2002-08-21,29.66550636291504
2002-08-22,29.855287551879883
2002-08-23,29.070589065551758
2002-08-26,29.599802017211914
2002-08-27,29.034076690673828
2002-08-28,28.46836280822754
2002-08-29,28.680051803588867
2002-08-30,28.486631393432617
2002-09-03,27.647171020507812
2002-09-04,28.23113441467285
2002-09-05,27.66541862487793
2002-09-06,28.577882766723633
2002-09-09,28.490272521972656
2002-09-10,28.669095993041992
2002-09-11,28.577882766723633
2002-09-12,28.103391647338867
2002-09-13,28.453481674194336
2002-09-16,28.123899459838867
2002-09-17,27.739381790161133
2002-09-18,27.666152954101562
2002-09-19,26.655454635620117
2002-09-20,26.76898193359375
2002-09-23,26.109819412231445
2002-09-24,25.908401489257812
2002-09-25,26.695730209350586
2002-09-26,27.047285079956055
2002-09-27,26.384469985961914
2002-09-30,26.201358795166016
2002-10-01,27.04362678527832
2002-10-02,26.384469985961914
2002-10-03,26.09883689880371
2002-10-04,25.37743377685547
2002-10-07,24.696298599243164
2002-10-08,24.883058547973633
2002-10-09,23.839399337768555
2002-10-10,24.535184860229492
2002-10-11,25.157711029052734
2002-10-14,25.326156616210938
2002-10-15,26.347843170166016
2002-10-16,25.68870735168457
2002-10-17,26.457706451416016
2002-10-18,26.512638092041016
2002-10-21,26.860519409179688
2002-10-22,26.516315460205078
2002-10-23,26.937423706054688
2002-10-24,26.677427291870117
2002-10-25,27.259679794311523
2002-10-28,26.952075958251953
2002-10-29,26.87517547607422
2002-10-30,27.336565017700195
2002-10-31,27.28165054321289
2002-11-01,27.922481536865234
2002-11-04,28.16417694091797
2002-11-05,28.211788177490234
2002-11-06,28.691526412963867
2002-11-07,28.010377883911133
2002-11-08,27.629539489746094
2002-11-11,26.959396362304688
2002-11-12,27.391517639160156
2002-11-13,27.537986755371094
2002-11-14,28.1348876953125
2002-11-15,28.123899459838867
2002-11-18,27.90784454345703
2002-11-19,27.808977127075195
2002-11-20,28.545024871826172
2002-11-21,29.101642608642578
2002-11-22,29.30304527282715
2002-11-25,29.49713706970215
2002-11-26,29.16757583618164
2002-11-27,29.96220588684082
2002-11-29,29.59234619140625
2002-12-02,29.81939125061035
2002-12-03,29.295732498168945
2002-12-04,29.00642967224121
2002-12-05,28.870939254760742
2002-12-06,28.988121032714844
2002-12-09,28.219112396240234
2002-12-10,28.768417358398438
2002-12-11,28.80135154724121
2002-12-12,28.918540954589844
2002-12-13,28.35187530517578
2002-12-16,28.859678268432617
2002-12-17,28.554256439208984
2002-12-18,28.097972869873047
2002-12-19,28.028060913085938
2002-12-20,28.344533920288086
2002-12-23,28.535863876342773
2002-12-24,28.480680465698242
2002-12-26,28.480680465698242
2002-12-27,28.01704216003418
2002-12-30,27.9287166595459
2002-12-31,27.895593643188477
2003-01-02,28.664649963378906
2003-01-03,28.616817474365234
2003-01-06,28.951663970947266
2003-01-07,28.8007869720459
2003-01-08,28.513784408569336
2003-01-09,28.93326759338379
2003-01-10,28.995826721191406
2003-01-13,29.062053680419922
2003-01-14,29.080461502075195
2003-01-15,29.014223098754883
2003-01-16,28.973751068115234
2003-01-17,28.429147720336914
2003-01-21,28.01704216003418
2003-01-22,27.774181365966797
2003-01-23,27.947114944458008
2003-01-24,27.369394302368164
2003-01-27,26.953596115112305
2003-01-28,27.174381256103516
2003-01-29,27.38043785095215
2003-01-30,26.935195922851562
2003-01-31,27.317888259887695
2003-02-03,27.082399368286133
2003-02-04,27.082399368286133
2003-02-05,26.8800048828125
2003-02-06,26.732816696166992
2003-02-07,26.243419647216797
2003-02-10,26.515714645385742
2003-02-11,26.44212532043457
2003-02-12,26.070486068725586
2003-02-13,26.000564575195312
2003-02-14,26.236066818237305
2003-02-18,26.762252807617188
2003-02-19,26.43844223022461
2003-02-20,26.38324546813965
2003-02-21,26.611392974853516
2003-02-24,26.202943801879883
2003-02-25,26.44212532043457
2003-02-26,26.30966567993164
2003-02-27,26.45316505432129
2003-02-28,26.497323989868164
2003-03-03,26.41636085510254
2003-03-04,26.074159622192383
2003-03-05,26.125673294067383
2003-03-06,25.91225242614746
2003-03-07,25.982328414916992
2003-03-10,25.536067962646484
2003-03-11,25.355361938476562
2003-03-12,25.41068458557129
2003-03-13,26.096654891967773
2003-03-14,26.129844665527344
2003-03-17,26.734689712524414
2003-03-18,27.08506202697754
2003-03-19,27.018674850463867
2003-03-20,27.195703506469727
2003-03-21,27.5755672454834
2003-03-24,26.98548126220703
2003-03-25,27.27313995361328
2003-03-26,26.93753433227539
2003-03-27,27.118234634399414
2003-03-28,27.107194900512695
2003-03-31,26.553979873657227
2003-04-01,27.01498794555664
2003-04-02,27.55344581604004
2003-04-03,27.568185806274414
2003-04-04,27.48706817626953
2003-04-07,27.50550079345703
2003-04-08,27.527618408203125
2003-04-09,27.376419067382812
2003-04-10,27.383787155151367
2003-04-11,27.232585906982422
2003-04-14,27.726768493652344
2003-04-15,28.025514602661133
2003-04-16,27.734148025512695
2003-04-17,28.158279418945312
2003-04-21,28.35006332397461
2003-04-22,28.741004943847656
2003-04-23,29.04341697692871
2003-04-24,28.89588737487793
2003-04-25,28.49018669128418
2003-04-28,28.995466232299805
2003-04-29,29.19092559814453
2003-04-30,29.283138275146484
2003-05-01,29.24625015258789
2003-05-02,29.983858108520508
2003-05-05,30.120319366455078
2003-05-06,30.407997131347656
2003-05-07,30.22357940673828
2003-05-08,29.972803115844727
2003-05-09,30.404300689697266
2003-05-12,30.73621940612793
2003-05-13,30.91692543029785
2003-05-14,30.89849281311035
2003-05-15,31.02021026611328
2003-05-16,30.636655807495117
2003-05-19,30.105573654174805
2003-05-20,30.098207473754883
2003-05-21,30.212528228759766
2003-05-22,30.518630981445312
2003-05-23,30.758359909057617
2003-05-27,31.481204986572266
2003-05-28,31.695114135742188
2003-05-29,31.897964477539062
2003-05-30,32.46590805053711
2003-06-02,32.63556671142578
2003-06-03,32.73883819580078
2003-06-04,33.18508529663086
2003-06-05,33.727237701416016
2003-06-06,33.339996337890625
2003-06-09,32.72039794921875
2003-06-10,33.210914611816406
2003-06-11,33.52437973022461
2003-06-12,33.712486267089844
2003-06-13,33.11403274536133
2003-06-16,33.67185592651367
2003-06-17,33.742027282714844
2003-06-18,33.71987533569336
2003-06-19,33.261802673339844
2003-06-20,32.97737503051758
2003-06-23,32.389991760253906
2003-06-24,32.3788948059082
2003-06-25,32.59686279296875
2003-06-26,33.1546745300293
2003-06-27,32.944114685058594
2003-06-30,32.84068298339844
2003-07-01,33.06601333618164
2003-07-02,33.89349365234375
2003-07-03,33.6016731262207
2003-07-07,34.299842834472656
2003-07-08,34.90936279296875
2003-07-09,35.16796875
2003-07-10,34.48085021972656
2003-07-11,34.957420349121094
2003-07-14,35.245548248291016
2003-07-15,35.149497985839844
2003-07-16,34.957420349121094
2003-07-17,33.84916687011719
2003-07-18,34.07821273803711
2003-07-21,33.78267288208008
2003-07-22,34.177940368652344
2003-07-23,34.410682678222656
2003-07-24,34.34417724609375
2003-07-25,34.59538650512695
2003-07-28,35.020198822021484
2003-07-29,35.038673400878906
2003-07-30,34.90568542480469
2003-07-31,34.97586441040039
2003-08-01,34.48455810546875
2003-08-04,34.13732147216797
2003-08-05,33.54624938964844
2003-08-06,33.39478302001953
2003-08-07,33.50562286376953
2003-08-08,33.43173599243164
2003-08-11,33.89349365234375
2003-08-12,34.46238327026367
2003-08-13,34.57688903808594
2003-08-14,34.80223846435547
2003-08-15,34.813331604003906
2003-08-18,35.50411605834961
2003-08-19,36.169097900390625
2003-08-20,36.15058898925781
2003-08-21,36.44613265991211
2003-08-22,35.803340911865234
2003-08-25,35.770103454589844
2003-08-26,35.906768798828125
2003-08-27,36.257755279541016
2003-08-28,36.49784851074219
2003-08-29,36.649330139160156
2003-09-02,37.495262145996094
2003-09-03,37.65409851074219
2003-09-04,37.80925750732422
2003-09-05,37.56913375854492
2003-09-08,38.09001922607422
2003-09-09,37.80925750732422
2003-09-10,37.06304168701172
2003-09-11,37.384437561035156
2003-09-12,37.549957275390625
2003-09-15,37.457393646240234
2003-09-16,38.0164909362793
2003-09-17,38.00538635253906
2003-09-18,38.40159225463867
2003-09-19,38.36084747314453
2003-09-22,37.8350715637207
2003-09-23,38.349754333496094
2003-09-24,37.40185546875
2003-09-25,36.39098358154297
2003-09-26,35.768917083740234
2003-09-29,36.40950012207031
2003-09-30,35.935546875
2003-10-01,36.90566635131836
2003-10-02,37.261131286621094
2003-10-03,37.849876403808594
2003-10-06,38.17573547363281
2003-10-07,38.39048385620117
2003-10-08,38.09055709838867
2003-10-09,38.49045181274414
2003-10-10,38.44231414794922
2003-10-13,39.045875549316406
2003-10-14,39.301387786865234
2003-10-15,38.80888366699219
2003-10-16,39.156951904296875
2003-10-17,38.39788818359375
2003-10-20,38.5904426574707
2003-10-21,38.764469146728516
2003-10-22,37.916542053222656
2003-10-23,37.58328628540039
2003-10-24,37.4907112121582
2003-10-27,38.0387077331543
2003-10-28,38.95330810546875
2003-10-29,39.21250534057617
2003-10-30,39.32358932495117
2003-10-31,39.064388275146484
2003-11-03,39.7271842956543
2003-11-04,39.782718658447266
2003-11-05,39.97897720336914
2003-11-06,40.29370880126953
2003-11-07,39.98637390136719
2003-11-10,39.34210968017578
2003-11-11,39.071800231933594
2003-11-12,39.97527313232422
2003-11-13,40.08266067504883
2003-11-14,39.32358932495117
2003-11-17,38.845924377441406
2003-11-18,38.420108795166016
2003-11-19,38.82371520996094
2003-11-20,38.560821533203125
2003-11-21,38.986629486083984
2003-11-24,39.879005432128906
2003-11-25,40.11968231201172
2003-11-26,40.33442687988281
2003-11-28,40.52699279785156
2003-12-01,41.0490837097168
2003-12-02,40.98612594604492
2003-12-03,40.2492790222168
2003-12-04,40.34184646606445
2003-12-05,39.84196472167969
2003-12-08,40.138206481933594
2003-12-09,39.4605827331543
2003-12-10,39.10511779785156
2003-12-11,40.197425842285156
2003-12-12,40.48542022705078
2003-12-15,39.537933349609375
2003-12-16,39.8879508972168
2003-12-17,39.88050079345703
2003-12-18,40.4948844909668
2003-12-19,40.36457061767578
2003-12-22,40.815128326416016
2003-12-23,41.0385627746582
2003-12-24,40.99015426635742
2003-12-26,41.1353874206543
2003-12-29,41.76097106933594
2003-12-30,41.86893844604492
2003-12-31,41.25825500488281
2004-01-02,41.701351165771484
2004-01-05,42.189178466796875
2004-01-06,42.13331985473633
2004-01-07,42.58016586303711
2004-01-08,42.90412139892578
2004-01-09,42.561527252197266
2004-01-12,43.35841369628906
2004-01-13,43.17595672607422
2004-01-14,43.39936447143555
2004-01-15,43.51106262207031
2004-01-16,43.753116607666016
2004-01-20,44.27815246582031
2004-01-21,44.218570709228516
2004-01-22,43.969078063964844
2004-01-23,44.20740509033203
2004-01-26,44.64679718017578
2004-01-27,44.08824920654297
2004-01-28,43.39936447143555
2004-01-29,42.9897575378418
2004-01-30,43.045623779296875
2004-02-02,43.157325744628906
2004-02-03,42.9152946472168
2004-02-04,41.85405349731445
2004-02-05,42.24502182006836
2004-02-06,43.313720703125
2004-02-09,43.39936447143555
2004-02-10,43.920684814453125
2004-02-11,44.188785552978516
2004-02-12,43.887168884277344
2004-02-13,43.43661117553711
2004-02-17,44.199951171875
2004-02-18,43.87599563598633
2004-02-19,43.101478576660156
2004-02-20,43.02700424194336
2004-02-23,42.37908935546875
2004-02-24,42.375370025634766
2004-02-25,42.97114562988281
2004-02-26,43.23179626464844
2004-02-27,43.45521545410156
2004-03-01,44.14412307739258
2004-03-02,43.79407501220703
2004-03-03,43.838768005371094
2004-03-04,44.39358901977539
2004-03-05,44.494140625
2004-03-08,43.86482620239258
2004-03-09,43.492454528808594
2004-03-10,42.58016586303711
2004-03-11,42.15193176269531
2004-03-12,43.28765869140625
2004-03-15,42.170562744140625
2004-03-16,42.189178466796875
2004-03-17,42.97114562988281
2004-03-18,42.71049499511719
2004-03-19,42.338130950927734
2004-03-22,41.522647857666016
2004-03-23,41.59337615966797
2004-03-24,41.53751754760742
2004-03-25,42.49452590942383
2004-03-26,42.60232925415039
2004-03-29,43.41930389404297
2004-03-30,43.77370071411133
2004-03-31,43.870689392089844
2004-04-01,44.3519287109375
2004-04-02,44.91523361206055
2004-04-05,45.04580307006836
2004-04-06,44.4974365234375
2004-04-07,44.83317947387695
2004-04-08,44.43401336669922
2004-04-12,44.54964065551758
2004-04-13,43.51256561279297
2004-04-14,43.378273010253906
2004-04-15,43.04252624511719
2004-04-16,43.37082290649414
2004-04-19,43.69163131713867
2004-04-20,42.72542953491211
2004-04-21,43.42303466796875
2004-04-22,44.0199089050293
2004-04-23,43.92666244506836
2004-04-26,44.0199089050293
2004-04-27,43.90799331665039
2004-04-28,42.990299224853516
2004-04-29,42.13601303100586
2004-04-30,41.44960021972656
2004-05-03,41.99423599243164
2004-05-04,42.229270935058594
2004-05-05,42.41580581665039
2004-05-06,41.796539306640625
2004-05-07,40.60651779174805
2004-05-10,39.88652038574219
2004-05-11,40.755741119384766
2004-05-12,41.06536102294922
2004-05-13,40.50205612182617
2004-05-14,40.34536361694336
2004-05-17,39.96113586425781
2004-05-18,40.412513732910156
2004-05-19,40.12527847290039
2004-05-20,40.20734786987305
2004-05-21,40.58413314819336
2004-05-24,41.11012649536133
2004-05-25,41.968143463134766
2004-05-26,42.25537872314453
2004-05-27,42.2665901184082
2004-05-28,42.341182708740234
2004-06-01,42.74407958984375
2004-06-02,42.60232925415039
2004-06-03,41.781612396240234
2004-06-04,42.30388259887695
2004-06-07,43.06863021850586
2004-06-08,43.02760314941406
2004-06-09,42.24794006347656
2004-06-10,42.41580581665039
2004-06-14,41.58390426635742
2004-06-15,42.341182708740234
2004-06-16,42.42325210571289
2004-06-17,42.31509017944336
2004-06-18,42.4605712890625
2004-06-21,42.29268264770508
2004-06-22,42.6209716796875
2004-06-23,43.262630462646484
2004-06-24,43.105953216552734
2004-06-25,43.6127815246582
2004-06-28,43.52299880981445
2004-06-29,43.88581085205078
2004-06-30,44.1326789855957
2004-07-01,43.3285026550293
2004-07-02,43.463134765625
2004-07-06,42.68516159057617
2004-07-07,42.632789611816406
2004-07-08,41.85852813720703
2004-07-09,42.135318756103516
2004-07-12,41.892189025878906
2004-07-13,41.94830322265625
2004-07-14,41.70519256591797
2004-07-15,41.79869079589844
2004-07-16,41.331138610839844
2004-07-19,41.27876663208008
2004-07-20,42.09790802001953
2004-07-21,40.77756881713867
2004-07-22,40.84489440917969
2004-07-23,40.26139450073242
2004-07-26,39.73398971557617
2004-07-27,40.474578857421875
2004-07-28,40.44092559814453
2004-07-29,40.919708251953125
2004-07-30,41.14412307739258
2004-08-02,40.9945068359375
2004-08-03,40.40725326538086
2004-08-04,40.37360763549805
2004-08-05,39.629268646240234
2004-08-06,38.79890441894531
2004-08-09,38.67546081542969
2004-08-10,39.28139114379883
2004-08-11,39.229042053222656
2004-08-12,38.66425323486328
2004-08-13,38.65678405761719
2004-08-16,39.31882095336914
2004-08-17,39.565670013427734
2004-08-18,40.41102600097656
2004-08-19,40.066890716552734
2004-08-20,40.77756881713867
2004-08-23,40.627933502197266
2004-08-24,40.74015808105469
2004-08-25,40.97206497192383
2004-08-26,40.732662200927734
2004-08-27,41.05435562133789
2004-08-30,40.586788177490234
2004-08-31,40.523216247558594
2004-09-01,41.237640380859375
2004-09-02,41.963260650634766
2004-09-03,41.49944305419922
2004-09-07,42.023109436035156
2004-09-08,41.79869079589844
2004-09-09,42.146541595458984
2004-09-10,42.5355339050293
2004-09-13,42.76369857788086
2004-09-14,42.67766571044922
2004-09-15,42.4195671081543
2004-09-16,42.87590789794922
2004-09-17,42.80110168457031
2004-09-20,42.61033248901367
2004-09-21,42.93201446533203
2004-09-22,42.206390380859375
2004-09-23,42.16523361206055
2004-09-24,42.24209976196289
2004-09-27,41.792198181152344
2004-09-28,42.29083251953125
2004-09-29,42.68449401855469
2004-09-30,42.68449401855469
2004-10-01,43.7605094909668
2004-10-04,44.00794982910156
2004-10-05,43.96672058105469
2004-10-06,44.251670837402344
2004-10-07,43.51307678222656
2004-10-08,42.965702056884766
2004-10-11,43.16814041137695
2004-10-12,43.066917419433594
2004-10-13,42.440792083740234
2004-10-14,42.16335678100586
2004-10-15,42.598270416259766
2004-10-18,42.77822494506836
2004-10-19,42.33582305908203
2004-10-20,42.55702590942383
2004-10-21,43.0969123840332
2004-10-22,42.362064361572266
2004-10-25,42.81570816040039
2004-10-26,43.37809371948242
2004-10-27,43.80177688598633
2004-10-28,43.640560150146484
2004-10-29,43.561824798583984
2004-11-01,43.906742095947266
2004-11-02,43.73426818847656
2004-11-03,44.43913650512695
2004-11-04,44.98275375366211
2004-11-05,45.185218811035156
2004-11-08,45.02772521972656
2004-11-09,45.1889533996582
2004-11-10,45.51515197753906
2004-11-11,45.96503448486328
2004-11-12,46.433685302734375
2004-11-15,46.6961555480957
2004-11-16,46.28371810913086
2004-11-17,46.53116226196289
2004-11-18,46.459938049316406
2004-11-19,45.96503448486328
2004-11-22,46.45243835449219
2004-11-23,46.74113082885742
2004-11-24,47.0223274230957
2004-11-26,47.052310943603516
2004-11-29,47.22102355957031
2004-11-30,47.569698333740234
2004-12-01,48.01210021972656
2004-12-02,47.944610595703125
2004-12-03,47.85464096069336
2004-12-06,47.629669189453125
2004-12-07,46.79359817504883
2004-12-08,47.31474685668945
2004-12-09,46.95481491088867
2004-12-10,47.31474685668945
2004-12-13,47.832122802734375
2004-12-14,48.09082794189453
2004-12-15,48.49198913574219
2004-12-16,48.11333084106445
2004-12-17,47.918357849121094
2004-12-20,47.86212158203125
2004-12-21,48.36827087402344
2004-12-22,48.46199035644531
2004-12-23,48.58649444580078
2004-12-27,48.27432632446289
2004-12-28,48.91371536254883
2004-12-29,48.909950256347656
2004-12-30,48.7369384765625
2004-12-31,48.70683288574219
2005-01-03,48.07498550415039
2005-01-04,47.0444221496582
2005-01-05,46.10414505004883
2005-01-06,46.348602294921875
2005-01-07,45.83332061767578
2005-01-10,46.29972839355469
2005-01-11,45.735557556152344
2005-01-12,45.92360305786133
2005-01-13,45.78444290161133
2005-01-14,46.22071838378906
2005-01-18,46.76984405517578
2005-01-19,46.10036087036133
2005-01-20,45.825809478759766
2005-01-21,45.72050094604492
2005-01-24,45.37071228027344
2005-01-25,45.487300872802734
2005-01-26,46.09285354614258
2005-01-27,46.22450256347656
2005-01-28,46.18688201904297
2005-01-31,46.72849655151367
2005-02-01,46.991764068603516
2005-02-02,47.34908676147461
2005-02-03,47.08955764770508
2005-02-04,47.6838264465332
2005-02-07,47.67253112792969
2005-02-08,47.789119720458984
2005-02-09,46.76984405517578
2005-02-10,46.85261154174805
2005-02-11,47.616111755371094
2005-02-14,47.574745178222656
2005-02-15,47.616111755371094
2005-02-16,47.759029388427734
2005-02-17,47.337791442871094
2005-02-18,47.221214294433594
2005-02-22,46.29972839355469
2005-02-23,46.57429885864258
2005-02-24,47.01057434082031
2005-02-25,47.79288101196289
2005-02-28,47.495750427246094
2005-03-01,47.86060333251953
2005-03-02,47.774078369140625
2005-03-03,47.81544494628906
2005-03-04,48.40220642089844
2005-03-07,48.28184509277344
2005-03-08,47.82298278808594
2005-03-09,47.281368255615234
2005-03-10,47.07825469970703
2005-03-11,47.0444221496582
2005-03-14,47.39795684814453
2005-03-15,47.07825469970703
2005-03-16,46.814998626708984
2005-03-17,46.814998626708984
2005-03-18,46.56298065185547
2005-03-21,46.61941146850586
2005-03-22,46.29972839355469
2005-03-23,45.961212158203125
2005-03-24,46.13047409057617
2005-03-28,46.14936065673828
2005-03-29,45.488197326660156
2005-03-30,46.156917572021484
2005-03-31,46.14936065673828
2005-04-01,45.95668029785156
2005-04-04,46.12668991088867
2005-04-05,46.20982360839844
2005-04-06,46.3533821105957
2005-04-07,46.53472900390625
2005-04-08,45.82822799682617
2005-04-11,45.60152816772461
2005-04-12,46.028465270996094
2005-04-13,45.204833984375
2005-04-14,44.29808807373047
2005-04-15,43.6898193359375
2005-04-18,43.969390869140625
2005-04-19,44.69478225708008
2005-04-20,43.995845794677734
2005-04-21,45.07260513305664
2005-04-22,44.34343719482422
2005-04-25,44.75146484375
2005-04-26,44.12052917480469
2005-04-27,44.10163879394531
2005-04-28,42.97574996948242
2005-04-29,43.538700103759766
2005-05-02,43.9845085144043
2005-05-03,44.203651428222656
2005-05-04,44.69478225708008
2005-05-05,44.68722152709961
2005-05-06,44.84591293334961
2005-05-09,45.27662658691406
2005-05-10,44.73636245727539
2005-05-11,44.759002685546875
2005-05-12,44.05252456665039
2005-05-13,43.89385986328125
2005-05-16,44.57011032104492
2005-05-17,44.83457565307617
2005-05-18,45.733768463134766
2005-05-19,45.84711837768555
2005-05-20,45.79042434692383
2005-05-23,46.09268569946289
2005-05-24,45.903778076171875
2005-05-25,45.559967041015625
2005-05-26,46.194705963134766
2005-05-27,46.451602935791016
2005-05-31,46.3533821105957
2005-06-01,46.87853240966797
2005-06-02,47.006980895996094
2005-06-03,46.66317367553711
2005-06-06,46.83697509765625
2005-06-07,46.93141174316406
2005-06-08,46.632957458496094
2005-06-09,47.09011459350586
2005-06-10,47.188331604003906
2005-06-13,47.39990997314453
2005-06-14,47.80793762207031
2005-06-15,47.9363899230957
2005-06-16,48.404869079589844
2005-06-17,48.374656677246094
2005-06-20,48.22773361206055
2005-06-21,48.364051818847656
2005-06-22,48.4776611328125
2005-06-23,47.621864318847656
2005-06-24,47.114437103271484
2005-06-27,47.23561096191406
2005-06-28,47.97024917602539
2005-06-29,48.34890365600586
2005-06-30,48.24287033081055
2005-07-01,48.45491409301758
2005-07-05,49.21986389160156
2005-07-06,48.77302169799805
2005-07-07,48.90933609008789
2005-07-08,49.9620475769043
2005-07-11,50.57550048828125
2005-07-12,50.41644287109375
2005-07-13,50.3028564453125
2005-07-14,49.9393310546875
2005-07-15,49.98476028442383
2005-07-18,49.696983337402344
2005-07-19,50.393733978271484
2005-07-20,51.00718688964844
2005-07-21,50.21195983886719
2005-07-22,50.98445510864258
2005-07-25,50.651222229003906
2005-07-26,50.80269241333008
2005-07-27,50.94660568237305
2005-07-28,51.46915817260742
2005-07-29,51.41616439819336
2005-08-01,51.3934326171875
2005-08-02,51.7796745300293
2005-08-03,51.52219009399414
2005-08-04,50.658809661865234
2005-08-05,49.9620475769043
2005-08-08,49.787841796875
2005-08-09,49.863582611083984
2005-08-10,49.79542922973633
2005-08-11,50.22711944580078
2005-08-12,49.621238708496094
2005-08-15,50.151371002197266
2005-08-16,49.27286148071289
2005-08-17,49.2122802734375
2005-08-18,49.05324935913086
2005-08-19,49.31074142456055
2005-08-22,49.59095001220703
2005-08-23,49.58338165283203
2005-08-24,49.386474609375
2005-08-25,49.65911865234375
2005-08-26,48.848758697509766
2005-08-29,49.50764083862305
2005-08-30,49.288021087646484
2005-08-31,50.38616943359375
2005-09-01,50.38616943359375
2005-09-02,50.113502502441406
2005-09-06,50.863304138183594
2005-09-07,51.0147705078125
2005-09-08,50.72697448730469
2005-09-09,51.0374870300293
2005-09-12,51.26468276977539
2005-09-13,50.870872497558594
2005-09-14,50.28771209716797
2005-09-15,50.113502502441406
2005-09-16,50.69667434692383
2005-09-19,50.454315185546875
2005-09-20,49.72727584838867
2005-09-21,48.92448043823242
2005-09-22,49.174400329589844
2005-09-23,49.514747619628906
2005-09-26,49.84899139404297
2005-09-27,49.68187713623047
2005-09-28,49.61349868774414
2005-09-29,50.16045379638672
2005-09-30,50.433937072753906
2005-10-03,50.73780059814453
2005-10-04,49.97053146362305
2005-10-05,48.694305419921875
2005-10-06,48.26131057739258
2005-10-07,48.694305419921875
2005-10-10,48.14734649658203
2005-10-11,47.47885513305664
2005-10-12,46.81034851074219
2005-10-13,47.00025939941406
2005-10-14,47.79031753540039
2005-10-17,47.873863220214844
2005-10-18,47.22815704345703
2005-10-19,48.246097564697266
2005-10-20,47.34971618652344
2005-10-21,47.873863220214844
2005-10-24,48.92219924926758
2005-10-25,48.50437927246094
2005-10-26,48.253692626953125
2005-10-27,47.243350982666016
2005-10-28,47.90427017211914
2005-10-31,48.45120620727539
2005-11-01,48.694305419921875
2005-11-02,49.67428970336914
2005-11-03,49.84899139404297
2005-11-04,49.74264144897461
2005-11-07,49.924949645996094
2005-11-08,49.74264144897461
2005-11-09,49.909767150878906
2005-11-10,50.1756591796875
2005-11-11,50.464317321777344
2005-11-14,50.2819938659668
2005-11-15,49.552738189697266
2005-11-16,49.56792068481445
2005-11-17,50.426334381103516
2005-11-18,50.813758850097656
2005-11-21,51.33034896850586
2005-11-22,51.60381317138672
2005-11-23,51.664588928222656
2005-11-25,51.626590728759766
2005-11-28,50.942893981933594
2005-11-29,51.01887130737305
2005-11-30,51.239173889160156
2005-12-01,52.07481384277344
2005-12-02,52.2799072265625
2005-12-05,51.907691955566406
2005-12-06,52.06718826293945
2005-12-07,51.74813461303711
2005-12-08,51.88490295410156
2005-12-09,52.14316940307617
2005-12-12,52.30270767211914
2005-12-13,52.31028747558594
2005-12-14,52.2495231628418
2005-12-15,51.71775817871094
2005-12-16,51.535457611083984
2005-12-19,50.897335052490234
2005-12-20,50.88213348388672
2005-12-21,51.4974365234375
2005-12-22,51.833763122558594
2005-12-23,51.95576477050781
2005-12-27,51.17793655395508
2005-12-28,51.482967376708984
2005-12-29,51.20842742919922
2005-12-30,50.88052749633789
2006-01-03,51.894775390625
2006-01-04,52.17693328857422
2006-01-05,52.4590950012207
2006-01-06,53.084407806396484
2006-01-09,53.43523406982422
2006-01-10,53.9156494140625
2006-01-11,53.824161529541016
2006-01-12,53.63349533081055
2006-01-13,53.656368255615234
2006-01-17,53.40472412109375
2006-01-18,53.29033660888672
2006-01-19,54.144432067871094
2006-01-20,53.5267448425293
2006-01-23,53.69450759887695
2006-01-24,54.296958923339844
2006-01-25,54.43421936035156
2006-01-26,55.21968078613281
2006-01-27,55.49424362182617
2006-01-30,55.334075927734375
2006-01-31,55.173919677734375
2006-02-01,55.74589538574219
2006-02-02,54.907047271728516
2006-02-03,54.7392692565918
2006-02-06,55.22731399536133
2006-02-07,54.33507537841797
2006-02-08,54.678245544433594
2006-02-09,54.39609909057617
2006-02-10,54.28171920776367
2006-02-13,53.92327880859375
2006-02-14,54.548614501953125
2006-02-15,55.0290412902832
2006-02-16,55.517112731933594
2006-02-17,55.40272521972656
2006-02-21,55.1586799621582
2006-02-22,55.532352447509766
2006-02-23,55.49424362182617
2006-02-24,55.93651580810547
2006-02-27,56.08906173706055
2006-02-28,55.34934616088867
2006-03-01,56.35594940185547
2006-03-02,56.11955261230469
2006-03-03,55.8373908996582
2006-03-06,55.40272521972656
2006-03-07,54.60201644897461
2006-03-08,54.79263687133789
2006-03-09,54.312198638916016
2006-03-10,55.15106201171875
2006-03-13,55.26543045043945
2006-03-14,55.87552261352539
2006-03-15,56.38648986816406
2006-03-16,56.2568473815918
2006-03-17,56.485618591308594
2006-03-20,56.455108642578125
2006-03-21,55.66962814331055
2006-03-22,56.5313606262207
2006-03-23,56.77537536621094
2006-03-24,57.24851608276367
2006-03-27,57.25617599487305
2006-03-28,56.95808410644531
2006-03-29,58.012840270996094
2006-03-30,57.85997772216797
2006-03-31,58.06635665893555
2006-04-03,57.584808349609375
2006-04-04,57.8447151184082
2006-04-05,58.14278030395508
2006-04-06,58.265071868896484
2006-04-07,57.33259582519531
2006-04-10,57.27146530151367
2006-04-11,56.25486373901367
2006-04-12,56.84341812133789
2006-04-13,56.988651275634766
2006-04-17,57.02683639526367
2006-04-18,58.6242790222168
2006-04-19,59.052337646484375
2006-04-20,58.73896026611328
2006-04-21,58.60906219482422
2006-04-24,58.14278030395508
2006-04-25,58.18100357055664
2006-04-26,58.1351432800293
2006-04-27,57.65361022949219
2006-04-28,58.242130279541016
2006-05-01,57.523685455322266
2006-05-02,58.310916900634766
2006-05-03,58.21159362792969
2006-05-04,58.92241287231445
2006-05-05,59.25106430053711
2006-05-08,59.33513641357422
2006-05-09,59.25106430053711
2006-05-10,58.891822814941406
2006-05-11,57.5619010925293
2006-05-12,56.17844009399414
2006-05-15,55.92622756958008
2006-05-16,56.017948150634766
2006-05-17,54.99374771118164
2006-05-18,54.4739875793457
2006-05-19,54.95551300048828
2006-05-22,54.344051361083984
2006-05-23,53.64086151123047
2006-05-24,54.05360412597656
2006-05-25,55.19245147705078
2006-05-26,55.52113723754883
2006-05-30,53.9924201965332
2006-05-31,54.932586669921875
2006-06-01,56.002655029296875
2006-06-02,55.964412689208984
2006-06-05,54.33641052246094
2006-06-06,54.10710906982422
2006-06-07,53.5797233581543
2006-06-08,53.62558364868164
2006-06-09,53.15169906616211
2006-06-12,51.928775787353516
2006-06-13,50.9427604675293
2006-06-14,51.55424118041992
2006-06-15,53.319854736328125
2006-06-16,52.62431335449219
2006-06-19,51.592445373535156
2006-06-20,51.53129959106445
2006-06-21,52.433223724365234
2006-06-22,52.23801803588867
2006-06-23,52.55186462402344
2006-06-26,53.20255661010742
2006-06-27,52.28395462036133
2006-06-28,52.513614654541016
2006-06-29,54.54218673706055
2006-06-30,54.90961837768555
2006-07-03,55.59858322143555
2006-07-05,54.787147521972656
2006-07-06,54.77183151245117
2006-07-07,53.96038055419922
2006-07-10,53.96805953979492
2006-07-11,54.44268798828125
2006-07-12,53.317386627197266
2006-07-13,52.10786819458008
2006-07-14,51.694496154785156
2006-07-17,51.62561798095703
2006-07-18,51.97774887084961
2006-07-19,53.20255661010742
2006-07-20,51.8399543762207
2006-07-21,51.097412109375
2006-07-24,52.72795104980469
2006-07-25,52.858062744140625
2006-07-26,52.74325180053711
2006-07-27,52.23801803588867
2006-07-28,53.33268737792969
2006-07-31,53.340328216552734
2006-08-01,52.505943298339844
2006-08-02,53.20255661010742
2006-08-03,53.84556579589844
2006-08-04,53.294395446777344
2006-08-07,53.08774185180664
2006-08-08,52.35287094116211
2006-08-09,51.824642181396484
2006-08-10,52.28395462036133
2006-08-11,51.748104095458984
2006-08-14,52.05430603027344
2006-08-15,53.14129638671875
2006-08-16,53.90681838989258
2006-08-17,53.99101257324219
2006-08-18,54.30487060546875
2006-08-21,53.72307586669922
2006-08-22,53.899166107177734
2006-08-23,53.27910232543945
2006-08-24,53.18724822998047
2006-08-25,53.27910232543945
2006-08-28,53.84556579589844
2006-08-29,54.54218673706055
2006-08-30,54.963199615478516
2006-08-31,54.940242767333984
2006-09-01,54.978511810302734
2006-09-05,55.47609329223633
2006-09-06,54.2972297668457
2006-09-07,53.81494903564453
2006-09-08,54.02164077758789
2006-09-11,53.952762603759766
2006-09-12,55.2235107421875
2006-09-13,55.690460205078125
2006-09-14,55.491451263427734
2006-09-15,55.621543884277344
2006-09-18,55.60624313354492
2006-09-19,55.36126708984375
2006-09-20,56.10380935668945
2006-09-21,55.49906921386719
2006-09-22,54.76416015625
2006-09-25,55.414859771728516
2006-09-26,55.592254638671875
2006-09-27,55.99925994873047
2006-09-28,55.77656555175781
2006-09-29,55.292762756347656
2006-10-02,54.77055358886719
2006-10-03,54.693748474121094
2006-10-04,56.022315979003906
2006-10-05,56.736515045166016
2006-10-06,56.444664001464844
2006-10-09,56.87474822998047
2006-10-10,56.905426025390625
2006-10-11,56.6827507019043
2006-10-12,57.82699966430664
2006-10-13,58.28777313232422
2006-10-16,58.63336944580078
2006-10-17,58.34153747558594
2006-10-18,58.349220275878906
2006-10-19,58.63336944580078
2006-10-20,58.05740737915039
2006-10-23,58.17258834838867
2006-10-24,58.28777313232422
2006-10-25,58.671749114990234
2006-10-26,59.16325378417969
2006-10-27,58.47207260131836
2006-10-30,58.72550964355469
2006-10-31,58.54121398925781
2006-11-01,57.27408218383789
2006-11-02,57.189613342285156
2006-11-03,57.4660530090332
2006-11-06,58.134193420410156
2006-11-07,58.51812744140625
2006-11-08,58.817657470703125
2006-11-09,58.28009033203125
2006-11-10,58.763912200927734
2006-11-13,58.848388671875
2006-11-14,59.98497772216797
2006-11-15,60.438053131103516
2006-11-16,60.39198303222656
2006-11-17,60.35358428955078
2006-11-20,60.438053131103516
2006-11-21,60.53787612915039
2006-11-22,60.60700988769531
2006-11-24,60.33052062988281
2006-11-27,58.978939056396484
2006-11-28,59.17858123779297
2006-11-29,59.9465446472168
2006-11-30,59.95423126220703
2006-12-01,59.731536865234375
2006-12-04,60.91416549682617
2006-12-05,60.960262298583984
2006-12-06,60.75291442871094
2006-12-07,60.4918098449707
2006-12-08,60.499481201171875
2006-12-11,60.65309143066406
2006-12-12,60.32286071777344
2006-12-13,60.39970016479492
2006-12-14,60.64540481567383
2006-12-15,60.591636657714844
2006-12-18,59.831390380859375
2006-12-19,59.79296112060547
2006-12-20,60.13926696777344
2006-12-21,59.861602783203125
2006-12-22,59.46831512451172
2006-12-26,60.31663513183594
2006-12-27,61.0338249206543
2006-12-28,60.75621032714844
2006-12-29,60.17780685424805
2007-01-03,60.278099060058594
2007-01-04,60.44002914428711
2007-01-05,59.175270080566406
2007-01-08,58.94384002685547
2007-01-09,59.499122619628906
2007-01-10,59.96186065673828
2007-01-11,60.33205795288086
2007-01-12,60.91047668457031
2007-01-16,60.5017204284668
2007-01-17,60.23952102661133
2007-01-18,59.73818588256836
2007-01-19,59.96955490112305
2007-01-22,59.52997589111328
2007-01-23,60.09296798706055
2007-01-24,60.74850082397461
2007-01-25,59.985015869140625
2007-01-26,60.20864486694336
2007-01-29,60.73306655883789
2007-01-30,61.06468963623047
2007-01-31,61.195804595947266
2007-02-01,61.85137176513672
2007-02-02,61.88990020751953
2007-02-05,61.88216018676758
2007-02-06,62.03640365600586
2007-02-07,62.607147216796875
2007-02-08,62.5068473815918
2007-02-09,61.93619155883789
2007-02-12,61.76649856567383
2007-02-13,62.22148895263672
2007-02-14,62.314083099365234
2007-02-15,62.360328674316406
2007-02-16,62.599403381347656
2007-02-20,63.20098114013672
2007-02-21,63.316627502441406
2007-02-22,63.540321350097656
2007-02-23,63.20098114013672
2007-02-26,63.15469741821289
2007-02-27,60.19322967529297
2007-02-28,60.79476547241211
2007-03-01,60.47859191894531
2007-03-02,59.27547073364258
2007-03-05,57.97215270996094
2007-03-06,59.553138732910156
2007-03-07,59.360313415527344
2007-03-08,59.807613372802734
2007-03-09,60.293514251708984
2007-03-12,60.4631462097168
2007-03-13,58.91300964355469
2007-03-14,59.53768539428711
2007-03-15,60.00045394897461
2007-03-16,59.59169387817383
2007-03-19,60.33205795288086
2007-03-20,60.81019973754883
2007-03-21,61.90531539916992
2007-03-22,61.90531539916992
2007-03-23,62.00112533569336
2007-03-26,61.869781494140625
2007-03-27,61.583866119384766
2007-03-28,61.15889358520508
2007-03-29,61.236167907714844
2007-03-30,61.390716552734375
2007-04-02,61.545257568359375
2007-04-03,62.2020378112793
2007-04-04,62.19430160522461
2007-04-05,62.15566635131836
2007-04-09,62.24066925048828
2007-04-10,62.433860778808594
2007-04-11,62.04750442504883
2007-04-12,62.46474838256836
2007-04-13,62.866554260253906
2007-04-16,63.73199462890625
2007-04-17,63.538822174072266
2007-04-18,63.167884826660156
2007-04-19,62.866554260253906
2007-04-20,63.60063934326172
2007-04-23,63.531063079833984
2007-04-24,63.500152587890625
2007-04-25,63.67789077758789
2007-04-26,64.0333251953125
2007-04-27,63.762916564941406
2007-04-30,62.38746643066406
2007-05-01,62.6424560546875
2007-05-02,63.47699737548828
2007-05-03,63.59290313720703
2007-05-04,63.994693756103516
2007-05-07,63.80927276611328
2007-05-08,63.585166931152344
2007-05-09,63.84014129638672
2007-05-10,63.052001953125
2007-05-11,63.623809814453125
2007-05-14,63.06748580932617
2007-05-15,62.56520080566406
2007-05-16,62.90521240234375
2007-05-17,62.41844177246094
2007-05-18,63.152488708496094
2007-05-21,63.9483642578125
2007-05-22,64.34241485595703
2007-05-23,64.17241668701172
2007-05-24,63.330177307128906
2007-05-25,63.73969650268555
2007-05-29,64.32698059082031
2007-05-30,64.7596664428711
2007-05-31,65.1151351928711
2007-06-01,65.44740295410156
2007-06-04,65.51690673828125
2007-06-05,65.25421905517578
2007-06-06,64.52786254882812
2007-06-07,63.19109344482422
2007-06-08,64.01785278320312
2007-06-11,64.0333251953125
2007-06-12,62.97471618652344
2007-06-13,63.81698989868164
2007-06-14,64.39646911621094
2007-06-15,65.16148376464844
2007-06-18,65.03785705566406
2007-06-19,65.20783996582031
2007-06-20,64.07967376708984
2007-06-21,64.58196258544922
2007-06-22,64.07197570800781
2007-06-25,63.73969650268555
2007-06-26,63.268348693847656
2007-06-27,64.5896987915039
2007-06-28,64.58116149902344
2007-06-29,64.17860412597656
2007-07-02,65.00696563720703
2007-07-03,65.3166275024414
2007-07-05,65.42504119873047
2007-07-06,65.6495132446289
2007-07-09,65.58756256103516
2007-07-10,64.51146697998047
2007-07-11,64.89861297607422
2007-07-12,65.66500854492188
2007-07-13,65.7269287109375
2007-07-16,65.40178680419922
2007-07-17,65.4482421875
2007-07-18,65.23920440673828
2007-07-19,65.42504119873047
2007-07-20,64.44957733154297
2007-07-23,64.20954132080078
2007-07-24,62.70763397216797
2007-07-25,62.47539520263672
2007-07-26,60.80320358276367
2007-07-27,59.324554443359375
2007-07-30,60.35417556762695
2007-07-31,59.68840026855469
2007-08-01,60.01355743408203
2007-08-02,60.48579788208008
2007-08-03,58.33359909057617
2007-08-06,58.86005401611328
2007-08-07,59.765804290771484
2007-08-08,61.5619010925293
2007-08-09,60.14516067504883
2007-08-10,60.431602478027344
2007-08-13,60.10647201538086
2007-08-14,59.07682418823242
2007-08-15,58.217506408691406
2007-08-16,59.5103645324707
2007-08-17,60.702571868896484
2007-08-20,60.74901580810547
2007-08-21,60.91933059692383
2007-08-22,61.64707565307617
2007-08-23,60.857391357421875
2007-08-24,61.64707565307617
2007-08-27,60.795467376708984
2007-08-28,59.26262283325195
2007-08-29,60.818695068359375
2007-08-30,60.408424377441406
2007-08-31,60.95804214477539
2007-09-04,61.739952087402344
2007-09-05,61.16707992553711
2007-09-06,61.182552337646484
2007-09-07,60.176170349121094
2007-09-10,59.34001159667969
2007-09-11,60.377437591552734
2007-09-12,59.998077392578125
2007-09-13,60.14516067504883
2007-09-14,60.454833984375
2007-09-17,59.78908920288086
2007-09-18,62.33606719970703
2007-09-19,63.17216491699219
2007-09-20,62.54508972167969
2007-09-21,62.676727294921875
2007-09-24,62.19671630859375
2007-09-25,61.944488525390625
2007-09-26,62.487728118896484
2007-09-27,62.86024475097656
2007-09-28,62.115234375
2007-10-01,63.659568786621094
2007-10-02,64.07088470458984
2007-10-03,63.89238357543945
2007-10-04,63.99327850341797
2007-10-05,65.28926849365234
2007-10-08,64.80037689208984
2007-10-09,65.32808685302734
2007-10-10,65.2737808227539
2007-10-11,64.53652954101562
2007-10-12,65.04874420166016
2007-10-15,64.29594421386719
2007-10-16,63.55868148803711
2007-10-17,63.80698776245117
2007-10-18,63.65180969238281
2007-10-19,61.37795639038086
2007-10-22,62.67399215698242
2007-10-23,63.15513610839844
2007-10-24,62.75161361694336
2007-10-25,62.59636688232422
2007-10-26,63.644065856933594
2007-10-29,63.57419967651367
2007-10-30,63.06977844238281
2007-10-31,63.884647369384766
2007-11-01,61.41679000854492
2007-11-02,61.71944808959961
2007-11-05,60.904598236083984
2007-11-06,62.053157806396484
2007-11-07,60.1285514831543
2007-11-08,60.30702209472656
2007-11-09,59.63963317871094
2007-11-12,59.06536865234375
2007-11-13,60.92009735107422
2007-11-14,60.57088851928711
2007-11-15,59.70948028564453
2007-11-16,59.205047607421875
2007-11-19,57.924556732177734
2007-11-20,58.25823211669922
2007-11-21,57.03984451293945
2007-11-23,58.250492095947266
2007-11-26,56.72942352294922
2007-11-27,57.38907241821289
2007-11-28,59.6551513671875
2007-11-29,59.14295196533203
2007-11-30,59.48441696166992
2007-12-03,58.785987854003906
2007-12-04,58.16510772705078
2007-12-05,59.32145309448242
2007-12-06,60.726104736328125
2007-12-07,60.91236877441406
2007-12-10,61.393497467041016
2007-12-11,59.25159454345703
2007-12-12,59.68619155883789
2007-12-13,59.36025619506836
2007-12-14,58.203914642333984
2007-12-17,57.311458587646484
2007-12-18,58.33584976196289
2007-12-19,58.74717330932617
2007-12-20,59.631900787353516
2007-12-21,60.99773025512695
2007-12-24,61.44007873535156
2007-12-26,61.727195739746094
2007-12-27,60.2609748840332
2007-12-28,59.61469268798828
2007-12-31,59.100772857666016
2008-01-02,58.524532318115234
2008-01-03,57.87823486328125
2008-01-04,56.1340446472168
2008-01-07,56.25862121582031
2008-01-08,54.5222053527832
2008-01-09,55.07505798339844
2008-01-10,55.83035659790039
2008-01-11,54.67797088623047
2008-01-14,55.12958908081055
2008-01-15,54.1172981262207
2008-01-16,54.17178726196289
2008-01-17,52.8558464050293
2008-01-18,52.341949462890625
2008-01-22,51.96818161010742
2008-01-23,53.74354934692383
2008-01-24,53.70460891723633
2008-01-25,53.31528091430664
2008-01-28,54.4443359375
2008-01-29,54.584503173828125
2008-01-30,53.89928436279297
2008-01-31,55.23858642578125
2008-02-01,56.53895568847656
2008-02-04,55.900447845458984
2008-02-05,54.46771240234375
2008-02-06,53.74354934692383
2008-02-07,54.592281341552734
2008-02-08,54.24967956542969
2008-02-11,54.27303695678711
2008-02-12,54.7013053894043
2008-02-13,55.939395904541016
2008-02-14,54.64680099487305
2008-02-15,54.405399322509766
2008-02-19,55.07505798339844
2008-02-20,55.10619354248047
2008-02-21,54.05500411987305
2008-02-22,54.05500411987305
2008-02-25,55.10619354248047
2008-02-26,55.6201171875
2008-02-27,55.59674835205078
2008-02-28,54.75581741333008
2008-02-29,53.618953704833984
2008-03-03,53.105037689208984
2008-03-04,52.793575286865234
2008-03-05,53.29969024658203
2008-03-06,51.524349212646484
2008-03-07,51.36083221435547
2008-03-10,50.223976135253906
2008-03-11,52.404239654541016
2008-03-12,51.79688262939453
2008-03-13,52.83251190185547
2008-03-14,51.50096893310547
2008-03-17,50.6600227355957
2008-03-18,52.988224029541016
2008-03-19,51.664493560791016
2008-03-20,52.54438400268555
2008-03-24,54.587852478027344
2008-03-25,54.76724624633789
2008-03-26,54.31486511230469
2008-03-27,53.81570053100586
2008-03-28,53.183929443359375
2008-03-31,53.26193618774414
2008-04-01,55.2117919921875
2008-04-02,55.34434509277344
2008-04-03,55.51596450805664
2008-04-04,55.50037384033203
2008-04-07,55.40676498413086
2008-04-08,55.35215759277344
2008-04-09,54.447425842285156
2008-04-10,55.02461242675781
2008-04-11,53.612911224365234
2008-04-14,53.44911193847656
2008-04-15,53.79230499267578
2008-04-16,55.53157043457031
2008-04-17,55.31316375732422
2008-04-18,55.89810562133789
2008-04-21,55.90591049194336
2008-04-22,54.88420867919922
2008-04-23,55.02461242675781
2008-04-24,55.55497741699219
2008-04-25,56.07752227783203
2008-04-28,56.45185852050781
2008-04-29,55.9527473449707
2008-04-30,55.687522888183594
2008-05-01,56.646873474121094
2008-05-02,56.584476470947266
2008-05-05,56.3660774230957
2008-05-06,56.826255798339844
2008-05-07,55.81234359741211
2008-05-08,55.92933654785156
2008-05-09,55.76552963256836
2008-05-12,56.99003219604492
2008-05-13,57.317604064941406
2008-05-14,57.2474250793457
2008-05-15,57.364418029785156
2008-05-16,57.67637252807617
2008-05-19,57.6920166015625
2008-05-20,57.481388092041016
2008-05-21,56.66249084472656
2008-05-22,57.068023681640625
2008-05-23,56.319305419921875
2008-05-27,57.185035705566406
2008-05-28,57.45021438598633
2008-05-29,58.03516387939453
2008-05-30,58.237945556640625
2008-06-02,57.707603454589844
2008-06-03,57.59061050415039
2008-06-04,57.94934844970703
2008-06-05,59.43122863769531
2008-06-06,57.652976989746094
2008-06-09,57.4658088684082
2008-06-10,57.044620513916016
2008-06-11,56.05411148071289
2008-06-12,56.171104431152344
2008-06-13,57.185035705566406
2008-06-16,57.54380798339844
2008-06-17,57.497005462646484
2008-06-18,57.03684616088867
2008-06-19,57.51259231567383
2008-06-20,56.60007858276367
2008-06-23,56.06970977783203
2008-06-24,55.141571044921875
2008-06-25,55.76552963256836
2008-06-26,54.33046340942383
2008-06-27,54.385040283203125
2008-06-30,53.854698181152344
2008-07-01,53.89370346069336
2008-07-02,52.36479187011719
2008-07-03,52.08295440673828
2008-07-07,51.42537307739258
2008-07-08,53.288551330566406
2008-07-09,51.8637580871582
2008-07-10,52.37261962890625
2008-07-11,52.66225814819336
2008-07-14,51.793312072753906
2008-07-15,51.5741081237793
2008-07-16,53.46859359741211
2008-07-17,53.54689407348633
2008-07-18,53.922672271728516
2008-07-21,54.58024215698242
2008-07-22,55.95023727416992
2008-07-23,56.31035232543945
2008-07-24,54.88554382324219
2008-07-25,55.3317756652832
2008-07-28,54.392356872558594
2008-07-29,55.72321319580078
2008-07-30,56.05983352661133
2008-07-31,55.83281707763672
2008-08-01,55.903255462646484
2008-08-04,55.38658905029297
2008-08-05,56.33383560180664
2008-08-06,56.61565017700195
2008-08-07,55.77016830444336
2008-08-08,57.241947174072266
2008-08-11,58.611934661865234
2008-08-12,58.17353057861328
2008-08-13,58.3848991394043
2008-08-14,58.94855499267578
2008-08-15,58.791988372802734
2008-08-18,58.03263854980469
2008-08-19,57.06971740722656
2008-08-20,57.14799499511719
2008-08-21,56.490394592285156
2008-08-22,57.680335998535156
2008-08-25,56.412132263183594
2008-08-26,56.49824905395508
2008-08-27,57.171478271484375
2008-08-28,58.33008575439453
2008-08-29,57.829071044921875
2008-09-02,57.81340408325195
2008-09-03,58.04825973510742
2008-09-04,56.224212646484375
2008-09-05,56.08332824707031
2008-09-08,56.74089050292969
2008-09-09,55.43355178833008
2008-09-10,55.95023727416992
2008-09-11,56.302513122558594
2008-09-12,56.56084442138672
2008-09-15,54.02442932128906
2008-09-16,55.582275390625
2008-09-17,53.07718276977539
2008-09-18,56.20857238769531
2008-09-19,58.713706970214844
2008-09-22,56.326011657714844
2008-09-23,55.57444763183594
2008-09-24,54.868404388427734
2008-09-25,55.150840759277344
2008-09-26,55.40973663330078
2008-09-29,51.032188415527344
2008-09-30,53.34646224975586
2008-10-01,52.57766342163086
2008-10-02,49.878936767578125
2008-10-03,49.1885871887207
2008-10-06,46.85076141357422
2008-10-07,43.77548599243164
2008-10-08,42.7242431640625
2008-10-09,39.21751403808594
2008-10-10,41.147403717041016
2008-10-13,44.70120620727539
2008-10-14,43.44600296020508
2008-10-15,39.5469856262207
2008-10-16,42.13585662841797
2008-10-17,40.95125198364258
2008-10-20,42.904685974121094
2008-10-21,41.720088958740234
2008-10-22,39.60977554321289
2008-10-23,38.43299102783203
2008-10-24,37.005191802978516
2008-10-27,35.19297409057617
2008-10-28,38.009361267089844
2008-10-29,38.20547866821289
2008-10-30,40.347198486328125
2008-10-31,42.1672477722168
2008-11-03,42.2221565246582
2008-11-04,42.70856857299805
2008-11-05,40.472713470458984
2008-11-06,38.9036979675293
2008-11-07,39.711734771728516
2008-11-10,38.79385757446289
2008-11-11,37.95442581176758
2008-11-12,35.74213790893555
2008-11-13,38.684024810791016
2008-11-14,35.804874420166016
2008-11-17,35.498931884765625
2008-11-18,35.32633972167969
2008-11-19,32.447208404541016
2008-11-20,30.22705841064453
2008-11-21,31.882366180419922
2008-11-24,34.12603759765625
2008-11-25,34.690895080566406
2008-11-26,36.76982879638672
2008-11-28,37.13855743408203
2008-12-01,32.96497344970703
2008-12-02,34.69873046875
2008-12-03,35.749977111816406
2008-12-04,34.56538009643555
2008-12-05,36.165767669677734
2008-12-08,37.766151428222656
2008-12-09,36.597251892089844
2008-12-10,37.460201263427734
2008-12-11,35.561683654785156
2008-12-12,36.78553009033203
2008-12-15,35.600921630859375
2008-12-16,37.91521453857422
2008-12-17,38.26041030883789
2008-12-18,38.0172004699707
2008-12-19,38.20547866821289
2008-12-22,37.46804428100586
2008-12-23,36.923397064208984
2008-12-24,37.05778884887695
2008-12-26,37.58739471435547
2008-12-29,37.01035690307617
2008-12-30,38.03798294067383
2008-12-31,38.9233283996582
2009-01-02,39.69800567626953
2009-01-05,39.84029006958008
2009-01-06,40.512203216552734
2009-01-07,39.31857681274414
2009-01-08,39.5082893371582
2009-01-09,38.0459098815918
2009-01-12,36.91550827026367
2009-01-13,37.40562057495117
2009-01-14,35.76138687133789
2009-01-15,36.338462829589844
2009-01-16,36.741600036621094
2009-01-20,34.25156021118164
2009-01-21,35.95899963378906
2009-01-22,34.91558837890625
2009-01-23,35.0894889831543
2009-01-26,35.484737396240234
2009-01-27,35.8720703125
2009-01-28,37.35027313232422
2009-01-29,35.88787841796875
2009-01-30,35.16062927246094
2009-02-02,35.44519805908203
2009-02-03,35.69816589355469
2009-02-04,35.43729782104492
2009-02-05,35.848358154296875
2009-02-06,37.12101745605469
2009-02-09,36.95503234863281
2009-02-10,35.24757766723633
2009-02-11,35.38195037841797
2009-02-12,35.68234634399414
2009-02-13,35.310813903808594
2009-02-17,33.91167068481445
2009-02-18,33.42947769165039
2009-02-19,32.96309280395508
2009-02-20,32.520423889160156
2009-02-23,31.271474838256836
2009-02-24,32.425567626953125
2009-02-25,31.753652572631836
2009-02-26,31.160797119140625
2009-02-27,30.947351455688477
2009-03-02,29.200397491455078
2009-03-03,28.647050857543945
2009-03-04,29.239925384521484
2009-03-05,27.68267822265625
2009-03-06,27.82496452331543
2009-03-09,27.18467903137207
2009-03-10,28.955360412597656
2009-03-11,28.994882583618164
2009-03-12,30.79718017578125
2009-03-13,31.121261596679688
2009-03-16,30.560033798217773
2009-03-17,31.974973678588867
2009-03-18,33.081661224365234
2009-03-19,32.73385238647461
2009-03-20,31.60346031188965
2009-03-23,34.291114807128906
2009-03-24,32.959564208984375
2009-03-25,33.88743591308594
2009-03-26,35.195980072021484
2009-03-27,34.01433181762695
2009-03-30,33.03886413574219
2009-03-31,33.34816360473633
2009-04-01,33.92710876464844
2009-04-02,35.624237060546875
2009-04-03,36.18730163574219
2009-04-06,35.5687141418457
2009-04-07,34.30775451660156
2009-04-08,34.94219970703125
2009-04-09,36.988304138183594
2009-04-13,37.004154205322266
2009-04-14,35.93352508544922
2009-04-15,36.480743408203125
2009-04-16,37.535518646240234
2009-04-17,37.868595123291016
2009-04-20,35.92559051513672
2009-04-21,37.17069625854492
2009-04-22,37.16276931762695
2009-04-23,37.07554244995117
2009-04-24,37.7654914855957
2009-04-27,37.36103820800781
2009-04-28,37.41654968261719
2009-04-29,38.83613204956055
2009-04-30,38.47925567626953
2009-05-01,38.717185974121094
2009-05-04,40.12881851196289
2009-05-05,39.93054962158203
2009-05-06,40.04159164428711
2009-05-07,39.097843170166016
2009-05-08,40.45396423339844
2009-05-11,39.859169006347656
2009-05-12,39.296104431152344
2009-05-13,37.495853424072266
2009-05-14,38.019283294677734
2009-05-15,37.87653350830078
2009-05-18,39.145408630371094
2009-05-19,39.161285400390625
2009-05-20,38.796470642089844
2009-05-21,38.29684829711914
2009-05-22,37.90031433105469
2009-05-26,39.70848846435547
2009-05-27,38.93922805786133
2009-05-28,38.986812591552734
2009-05-29,39.78779220581055
2009-06-01,41.34219741821289
2009-06-02,41.8576774597168
2009-06-03,41.58012771606445
2009-06-04,42.17491912841797
2009-06-05,42.190757751464844
2009-06-08,41.69114685058594
2009-06-09,41.8814811706543
2009-06-10,41.714935302734375
2009-06-11,41.730796813964844
2009-06-12,41.8576774597168
2009-06-15,40.73154830932617
2009-06-16,40.04949951171875
2009-06-17,40.26363754272461
2009-06-18,40.44602966308594
2009-06-19,40.69189453125
2009-06-22,39.248512268066406
2009-06-23,38.93128967285156
2009-06-24,39.351627349853516
2009-06-25,40.485679626464844
2009-06-26,40.62844467163086
2009-06-29,40.62844467163086
2009-06-30,40.50948715209961
2009-07-01,41.136009216308594
2009-07-02,39.72020721435547
2009-07-06,39.37003707885742
2009-07-07,38.51849365234375
2009-07-08,38.255863189697266
2009-07-09,38.09668731689453
2009-07-10,38.279747009277344
2009-07-13,39.202903747558594
2009-07-14,39.43370819091797
2009-07-15,40.95376205444336
2009-07-16,41.46309280395508
2009-07-17,41.303932189941406
2009-07-20,41.81325912475586
2009-07-21,41.74162673950195
2009-07-22,42.06792449951172
2009-07-23,43.396976470947266
2009-07-24,43.61980438232422
2009-07-27,43.8426399230957
2009-07-28,43.866519927978516
2009-07-29,43.64368438720703
2009-07-30,44.40768814086914
2009-07-31,44.22463607788086
2009-08-03,44.99660873413086
2009-08-04,45.450218200683594
2009-08-05,44.99660873413086
2009-08-06,44.36791229248047
2009-08-07,45.43431091308594
2009-08-10,45.51389694213867
2009-08-11,44.78174591064453
2009-08-12,45.45820617675781
2009-08-13,45.83224105834961
2009-08-14,44.89313507080078
2009-08-17,43.62776565551758
2009-08-18,44.20872116088867
2009-08-19,44.74991226196289
2009-08-20,45.2353515625
2009-08-21,46.27790451049805
2009-08-24,46.261985778808594
2009-08-25,46.4609260559082
2009-08-26,46.564422607421875
2009-08-27,46.49277877807617
2009-08-28,46.198307037353516
2009-08-31,45.5218620300293
2009-09-01,44.50320816040039
2009-09-02,44.280338287353516
2009-09-03,44.77376174926758
2009-09-04,45.402488708496094
2009-09-08,45.90385437011719
2009-09-09,46.69174575805664
2009-09-10,47.27269744873047
2009-09-11,47.28860855102539
2009-09-14,47.78999710083008
2009-09-15,48.179954528808594
2009-09-16,49.17473602294922
2009-09-17,49.07129669189453
2009-09-18,49.270259857177734
2009-09-21,49.13496780395508
2009-09-22,49.47397232055664
2009-09-23,49.00334167480469
2009-09-24,48.022151947021484
2009-09-25,47.72698974609375
2009-09-28,48.867713928222656
2009-09-29,48.652339935302734
2009-09-30,48.05406188964844
2009-10-01,46.618167877197266
2009-10-02,46.267181396484375
2009-10-05,47.09680938720703
2009-10-06,47.97429275512695
2009-10-07,47.990234375
2009-10-08,48.428993225097656
2009-10-09,48.99534606933594
2009-10-12,49.00334167480469
2009-10-13,48.79593276977539
2009-10-14,49.729251861572266
2009-10-15,49.69733428955078
2009-10-16,49.20275115966797
2009-10-19,49.609596252441406
2009-10-20,48.9235725402832
2009-10-21,48.2614631652832
2009-10-22,48.93153381347656
2009-10-23,47.91048049926758
2009-10-26,47.47970962524414
2009-10-27,46.89738082885742
2009-10-28,45.333858489990234
2009-10-29,46.19537353515625
2009-10-30,44.93500900268555
2009-11-02,44.84727478027344
2009-11-03,45.52531051635742
2009-11-04,44.871185302734375
2009-11-05,46.299095153808594
2009-11-06,46.33100509643555
2009-11-09,47.24040222167969
2009-11-10,46.94524002075195
2009-11-11,47.272300720214844
2009-11-12,46.40280532836914
2009-11-13,46.84950256347656
2009-11-16,48.08596420288086
2009-11-17,48.08596420288086
2009-11-18,47.990234375
2009-11-19,46.79367446899414
2009-11-20,46.73783874511719
2009-11-23,47.55149459838867
2009-11-24,47.33611297607422
2009-11-25,47.32814025878906
2009-11-27,45.9321403503418
2009-11-30,46.3389892578125
2009-12-01,47.056907653808594
2009-12-02,47.61532974243164
2009-12-03,47.03300094604492
2009-12-04,48.19764709472656
2009-12-07,48.26943588256836
2009-12-08,47.89452362060547
2009-12-09,47.74295425415039
2009-12-10,47.55149459838867
2009-12-11,47.99821853637695
2009-12-14,48.72413635253906
2009-12-15,48.58852767944336
2009-12-16,48.89963912963867
2009-12-17,48.35718536376953
2009-12-18,48.80389404296875
2009-12-21,49.450042724609375
2009-12-22,49.9127197265625
2009-12-23,50.555885314941406
2009-12-24,50.748104095458984
2009-12-28,50.66802978515625
2009-12-29,50.64399337768555
2009-12-30,50.61195373535156
2009-12-31,50.011234283447266
2010-01-04,51.24470138549805
2010-01-05,51.068477630615234
2010-01-06,51.02042770385742
2010-01-07,51.396873474121094
2010-01-08,51.677215576171875
2010-01-11,51.468963623046875
2010-01-12,50.90829086303711
2010-01-13,51.56508255004883
2010-01-14,51.75730514526367
2010-01-15,51.00441360473633
2010-01-19,51.9415283203125
2010-01-20,51.188636779785156
2010-01-21,50.34764099121094
2010-01-22,49.44254684448242
2010-01-25,49.49862289428711
2010-01-26,49.01005172729492
2010-01-27,49.53067398071289
2010-01-28,48.681663513183594
2010-01-29,48.14501953125
2010-02-01,48.71369934082031
2010-02-02,49.250328063964844
2010-02-03,48.92194366455078
2010-02-04,47.28800582885742
2010-02-05,47.47222900390625
2010-02-08,46.999691009521484
2010-02-09,47.64845275878906
2010-02-10,47.76057052612305
2010-02-11,48.521480560302734
2010-02-12,48.8738899230957
2010-02-16,49.69886779785156
2010-02-17,50.035274505615234
2010-02-18,50.443748474121094
2010-02-19,50.50783157348633
2010-02-22,50.66000747680664
2010-02-23,50.06730270385742
2010-02-24,50.491798400878906
2010-02-25,50.50783157348633
2010-02-26,50.29957580566406
2010-03-01,51.468963623046875
2010-03-02,51.86143112182617
2010-03-03,52.15778732299805
2010-03-04,52.29396438598633
2010-03-05,53.359214782714844
2010-03-08,53.45530700683594
2010-03-09,53.64753723144531
2010-03-10,54.10408020019531
2010-03-11,54.264286041259766
2010-03-12,54.24024200439453
2010-03-15,54.056026458740234
2010-03-16,54.52058410644531
2010-03-17,54.84096145629883
2010-03-18,54.672767639160156
2010-03-19,53.9919548034668
2010-03-22,54.75284194946289
2010-03-23,55.44968032836914
2010-03-24,54.81696701049805
2010-03-25,54.47168731689453
2010-03-26,54.447593688964844
2010-03-29,54.74470138549805
2010-03-30,54.91331100463867
2010-03-31,54.4395866394043
2010-04-01,54.94542694091797
2010-04-05,55.97319793701172
2010-04-06,56.302406311035156
2010-04-07,56.125755310058594
2010-04-08,56.06956100463867
2010-04-09,56.40678405761719
2010-04-12,56.63962936401367
2010-04-13,56.768104553222656
2010-04-14,57.98053741455078
2010-04-15,58.15721893310547
2010-04-16,57.378353118896484
2010-04-19,57.09731674194336
2010-04-20,57.87617111206055
2010-04-21,58.277652740478516
2010-04-22,58.89592742919922
2010-04-23,59.52222442626953
2010-04-26,59.29736328125
2010-04-27,57.94042205810547
2010-04-28,58.036766052246094
2010-04-29,59.2652702331543
2010-04-30,57.53089904785156
2010-05-03,58.82363510131836
2010-05-04,56.976871490478516
2010-05-05,56.141807556152344
2010-05-06,54.03812026977539
2010-05-07,52.48039627075195
2010-05-10,55.42719650268555
2010-05-11,55.79652786254883
2010-05-12,57.5068473815918
2010-05-13,56.95278549194336
2010-05-14,55.85275650024414
2010-05-17,55.9571647644043
2010-05-18,54.881195068359375
2010-05-19,54.23081588745117
2010-05-20,51.4847526550293
2010-05-21,52.24753189086914
2010-05-24,51.548973083496094
2010-05-25,51.540958404541016
2010-05-26,51.6694221496582
2010-05-27,53.88554382324219
2010-05-28,53.19502258300781
2010-06-01,51.58110046386719
2010-06-02,53.050479888916016
2010-06-03,53.73297882080078
2010-06-04,51.03511047363281
2010-06-07,49.7182502746582
2010-06-08,49.694183349609375
2010-06-09,49.72630310058594
2010-06-10,51.44459915161133
2010-06-11,52.143165588378906
2010-06-14,52.47236633300781
2010-06-15,53.7891845703125
2010-06-16,53.540283203125
2010-06-17,53.60454177856445
2010-06-18,53.63664245605469
2010-06-21,53.082603454589844
2010-06-22,51.990596771240234
2010-06-23,51.84606170654297
2010-06-24,51.019039154052734
2010-06-25,51.894248962402344
2010-06-28,51.597164154052734
2010-06-29,49.645999908447266
2010-06-30,49.07590103149414
2010-07-01,48.72261047363281
2010-07-02,48.190128326416016
2010-07-06,47.56175231933594
2010-07-07,49.22127151489258
2010-07-08,49.93019485473633
2010-07-09,50.703548431396484
2010-07-12,50.131595611572266
2010-07-13,51.71858596801758
2010-07-14,51.53331756591797
2010-07-15,51.05801773071289
2010-07-16,49.197113037109375
2010-07-19,49.406558990478516
2010-07-20,50.236305236816406
2010-07-21,49.33405303955078
2010-07-22,51.09022903442383
2010-07-23,52.34695053100586
2010-07-26,53.539222717285156
2010-07-27,53.34587478637695
2010-07-28,52.483890533447266
2010-07-29,52.34695053100586
2010-07-30,52.37917709350586
2010-08-02,53.28947067260742
2010-08-03,52.862518310546875
2010-08-04,53.41836929321289
2010-08-05,52.790016174316406
2010-08-06,52.47584533691406
2010-08-09,53.05586624145508
2010-08-10,52.05693054199219
2010-08-11,50.01076126098633
2010-08-12,49.761016845703125
2010-08-13,49.197113037109375
2010-08-16,49.591854095458984
2010-08-17,50.445770263671875
2010-08-18,50.598838806152344
2010-08-19,49.213218688964844
2010-08-20,49.261566162109375
2010-08-23,48.59292984008789
2010-08-24,48.03707504272461
2010-08-25,48.76210403442383
2010-08-26,48.39958190917969
2010-08-27,49.66434860229492
2010-08-30,48.576805114746094
2010-08-31,48.48013687133789
2010-09-01,50.357173919677734
2010-09-02,50.913021087646484
2010-09-03,51.823326110839844
2010-09-07,50.84049987792969
2010-09-08,51.138572692871094
2010-09-09,51.17078399658203
2010-09-10,51.331905364990234
2010-09-13,52.58058166503906
2010-09-14,52.35499572753906
2010-09-15,52.653072357177734
2010-09-16,52.31473922729492
2010-09-17,52.53224182128906
2010-09-20,53.990333557128906
2010-09-21,53.67616271972656
2010-09-22,53.03974151611328
2010-09-23,52.3976936340332
2010-09-24,54.101776123046875
2010-09-27,53.9644660949707
2010-09-28,54.49748992919922
2010-09-29,54.650943756103516
2010-09-30,54.51365661621094
2010-10-01,54.80438995361328
2010-10-04,54.06137466430664
2010-10-05,55.5958366394043
2010-10-06,55.410064697265625
2010-10-07,55.248565673828125
2010-10-08,55.95117950439453
2010-10-11,55.9996337890625
2010-10-12,56.14501953125
2010-10-13,57.00111770629883
2010-10-14,56.960689544677734
2010-10-15,56.76686096191406
2010-10-18,57.24337387084961
2010-10-19,56.12885665893555
2010-10-20,56.7022819519043
2010-10-21,56.427677154541016
2010-10-22,56.79109191894531
2010-10-25,57.13029861450195
2010-10-26,57.089908599853516
2010-10-27,56.94456100463867
2010-10-28,56.59728240966797
2010-10-29,56.77495574951172
2010-11-01,56.38728332519531
2010-11-02,57.55831527709961
2010-11-03,57.784454345703125
2010-11-04,59.246253967285156
2010-11-05,59.57733154296875
2010-11-08,59.52886199951172
2010-11-09,58.73744583129883
2010-11-10,59.39162063598633
2010-11-11,59.157386779785156
2010-11-12,58.172122955322266
2010-11-15,58.18019104003906
2010-11-16,57.049530029296875
2010-11-17,57.20298767089844
2010-11-18,58.3174934387207
2010-11-19,58.511295318603516
2010-11-22,58.793968200683594
2010-11-23,58.236717224121094
2010-11-24,59.54507064819336
2010-11-26,59.133148193359375
2010-11-29,59.22201156616211
2010-11-30,58.753578186035156
2010-12-01,60.069984436035156
2010-12-02,60.67569351196289
2010-12-03,61.1118049621582
2010-12-06,61.49138259887695
2010-12-07,61.84674072265625
2010-12-08,61.80635070800781
2010-12-09,62.01633071899414
2010-12-10,62.791629791259766
2010-12-13,62.46858596801758
2010-12-14,62.43626403808594
2010-12-15,62.24245834350586
2010-12-16,62.81586837768555
2010-12-17,63.009666442871094
2010-12-20,63.260047912597656
2010-12-21,63.9626579284668
2010-12-22,63.94401168823242
2010-12-23,63.86289596557617
2010-12-27,64.05757904052734
2010-12-28,63.87910079956055
2010-12-29,64.01702117919922
2010-12-30,63.89534378051758
2010-12-31,63.47348403930664
2011-01-03,64.5768051147461
2011-01-04,63.61952590942383
2011-01-05,64.36588287353516
2011-01-06,64.0656967163086
2011-01-07,63.70066452026367
2011-01-10,64.0656967163086
2011-01-11,64.32530975341797
2011-01-12,64.8769760131836
2011-01-13,64.85263061523438
2011-01-14,65.33943176269531
2011-01-18,65.38807678222656
2011-01-19,63.7087516784668
2011-01-20,63.043521881103516
2011-01-21,62.62163162231445
2011-01-24,63.08405685424805
2011-01-25,63.18144607543945
2011-01-26,64.18738555908203
2011-01-27,64.37399291992188
2011-01-28,62.80013656616211
2011-01-31,63.238224029541016
2011-02-01,64.698486328125
2011-02-02,64.45510864257812
2011-02-03,64.68226623535156
2011-02-04,64.79584503173828
2011-02-07,65.4367446899414
2011-02-08,65.89917755126953
2011-02-09,65.60711669921875
2011-02-10,65.86672973632812
2011-02-11,66.58063507080078
2011-02-14,66.92134857177734
2011-02-15,66.54008483886719
2011-02-16,67.07551574707031
2011-02-17,67.54602813720703
2011-02-18,67.6190414428711
2011-02-22,65.88290405273438
2011-02-23,64.7471694946289
2011-02-24,65.160888671875
2011-02-25,66.66989135742188
2011-02-28,66.74290466308594
2011-03-01,65.40428161621094
2011-03-02,65.68013763427734
2011-03-03,67.17285919189453
2011-03-04,66.88079833984375
2011-03-07,65.78559875488281
2011-03-08,66.85646057128906
2011-03-09,66.58873748779297
2011-03-10,64.8769760131836
2011-03-11,65.04733276367188
2011-03-14,64.698486328125
2011-03-15,64.12250518798828
2011-03-16,63.48158264160156
2011-03-17,63.61952590942383
2011-03-18,64.46324157714844
2011-03-21,65.95594024658203
2011-03-22,65.60711669921875
2011-03-23,65.80992126464844
2011-03-24,66.26438903808594
2011-03-25,66.8415756225586
2011-03-28,66.69524383544922
2011-03-29,67.32123565673828
2011-03-30,68.19111633300781
2011-03-31,68.42684173583984
2011-04-01,68.72766876220703
2011-04-04,68.88209533691406
2011-04-05,69.25609588623047
2011-04-06,69.41050720214844
2011-04-07,68.99590301513672
2011-04-08,68.27239227294922
2011-04-11,67.66263580322266
2011-04-12,66.77655029296875
2011-04-13,66.865966796875
2011-04-14,67.17487335205078
2011-04-15,67.89029693603516
2011-04-18,66.76837921142578
2011-04-19,66.78467559814453
2011-04-20,68.15044403076172
2011-04-21,68.65448760986328
2011-04-25,68.5650405883789
2011-04-26,69.24795532226562
2011-04-27,69.66254425048828
2011-04-28,69.97959899902344
2011-04-29,70.23157501220703
2011-05-02,69.41050720214844
2011-05-03,68.53253936767578
2011-05-04,67.64643859863281
2011-05-05,67.33746337890625
2011-05-06,67.69515991210938
2011-05-09,68.48373413085938
2011-05-10,69.532470703125
2011-05-11,68.24798583984375
2011-05-12,68.84959411621094
2011-05-13,67.89029693603516
2011-05-16,66.89849853515625
2011-05-17,66.68711853027344
2011-05-18,67.71145629882812
2011-05-19,67.85777282714844
2011-05-20,67.36187744140625
2011-05-23,66.15057373046875
2011-05-24,65.83348846435547
2011-05-25,66.66272735595703
2011-05-26,67.54071044921875
2011-05-27,68.00411224365234
2011-05-31,68.97154235839844
2011-06-01,66.75215911865234
2011-06-02,66.72776794433594
2011-06-03,65.752197265625
2011-06-06,64.67098236083984
2011-06-07,64.825439453125
2011-06-08,64.10191345214844
2011-06-09,64.4433364868164
2011-06-10,63.41088104248047
2011-06-13,63.2320556640625
2011-06-14,64.58968353271484
2011-06-15,63.43526077270508
2011-06-16,63.58159637451172
2011-06-17,63.59785842895508
2011-06-20,64.18321228027344
2011-06-21,65.57337188720703
2011-06-22,65.06930541992188
2011-06-23,65.32135772705078
2011-06-24,64.98802185058594
2011-06-27,65.4920425415039
2011-06-28,66.50824737548828
2011-06-29,66.8253173828125
2011-06-30,67.3130874633789
2011-07-01,68.36178588867188
2011-07-05,68.5265121459961
2011-07-06,68.80374145507812
2011-07-07,69.83930969238281
2011-07-08,69.41532135009766
2011-07-11,67.93943786621094
2011-07-12,67.55619049072266
2011-07-13,68.15960693359375
2011-07-14,67.07512664794922
2011-07-15,67.5235824584961
2011-07-18,66.4390640258789
2011-07-19,67.93943786621094
2011-07-20,67.82525634765625
2011-07-21,68.44499206542969
2011-07-22,68.53468322753906
2011-07-25,67.7274398803711
2011-07-26,67.2137451171875
2011-07-27,65.20784759521484
2011-07-28,65.10181427001953
2011-07-29,65.02029418945312
2011-08-01,64.59628295898438
2011-08-02,62.58221435546875
2011-08-03,62.998111724853516
2011-08-04,59.19831085205078
2011-08-05,58.162750244140625
2011-08-08,53.099090576171875
2011-08-09,56.63793182373047
2011-08-10,53.86557388305664
2011-08-11,56.55641555786133
2011-08-12,56.907020568847656
2011-08-15,58.51335906982422
2011-08-16,57.43702697753906
2011-08-17,57.453338623046875
2011-08-18,54.183563232421875
2011-08-19,53.229557037353516
2011-08-22,53.042015075683594
2011-08-23,55.60237121582031
2011-08-24,56.42593002319336
2011-08-25,55.03973388671875
2011-08-26,56.352542877197266
2011-08-29,59.0189094543457
2011-08-30,59.36140060424805
2011-08-31,59.239070892333984
2011-09-01,57.9670295715332
2011-09-02,55.822540283203125
2011-09-06,55.66761779785156
2011-09-07,57.77135467529297
2011-09-08,56.71132278442383
2011-09-09,55.03973388671875
2011-09-12,55.512691497802734
2011-09-13,56.40961456298828
2011-09-14,57.42071533203125
2011-09-15,58.227970123291016
2011-09-16,58.31768798828125
2011-09-19,57.27394485473633
2011-09-20,56.38516616821289
2011-09-21,54.2977294921875
2011-09-22,52.78107452392578
2011-09-23,53.321327209472656
2011-09-26,54.328163146972656
2011-09-27,55.49871826171875
2011-09-28,53.37043380737305
2011-09-29,54.2954216003418
2011-09-30,52.633731842041016
2011-10-03,49.92430114746094
2011-10-04,53.034828186035156
2011-10-05,53.76335906982422
2011-10-06,54.95844268798828
2011-10-07,53.61601638793945
2011-10-10,55.965309143066406
2011-10-11,56.35001754760742
2011-10-12,57.1522216796875
2011-10-13,57.103126525878906
2011-10-14,58.23272705078125
2011-10-17,56.46464920043945
2011-10-18,57.96260070800781
2011-10-19,56.832969665527344
2011-10-20,56.988502502441406
2011-10-21,58.22454833984375
2011-10-24,60.09905242919922
2011-10-25,58.41282272338867
2011-10-26,59.41962814331055
2011-10-27,62.55472946166992
2011-10-28,62.235504150390625
2011-10-31,60.58199691772461
2011-11-01,58.43735885620117
2011-11-02,59.8780517578125
2011-11-03,61.36783218383789
2011-11-04,61.06494140625
2011-11-07,60.94221496582031
2011-11-08,61.83440399169922
2011-11-09,58.887577056884766
2011-11-10,59.321434020996094
2011-11-11,60.884857177734375
2011-11-14,60.009002685546875
2011-11-15,60.77028274536133
2011-11-16,59.78799819946289
2011-11-17,58.93669891357422
2011-11-18,58.920318603515625
2011-11-21,57.51239013671875
2011-11-22,57.0294303894043
2011-11-23,55.236759185791016
2011-11-25,54.53281021118164
2011-11-28,57.127655029296875
2011-11-29,57.021263122558594
2011-11-30,60.35279846191406
2011-12-01,59.91896057128906
2011-12-02,60.1645393371582
2011-12-05,61.19593048095703
2011-12-06,61.25324630737305
2011-12-07,61.130428314208984
2011-12-08,59.231361389160156
2011-12-09,61.015869140625
2011-12-12,60.139991760253906
2011-12-13,58.887577056884766
2011-12-14,58.15086364746094
2011-12-15,58.691123962402344
2011-12-16,59.149505615234375
2011-12-19,58.12629699707031
2011-12-20,60.459190368652344
2011-12-21,60.704811096191406
2011-12-22,61.09138870239258
2011-12-23,61.32172393798828
2011-12-27,61.502647399902344
2011-12-28,60.38399124145508
2011-12-29,60.99270248413086
2011-12-30,60.663673400878906
2012-01-03,61.66719436645508
2012-01-04,61.3299560546875
2012-01-05,61.6754035949707
2012-01-06,61.519126892089844
2012-01-09,61.831687927246094
2012-01-10,62.736515045166016
2012-01-11,62.98326110839844
2012-01-12,63.172454833984375
2012-01-13,62.83521270751953
2012-01-17,62.81053924560547
2012-01-18,63.929237365722656
2012-01-19,64.32402038574219
2012-01-20,64.36515808105469
2012-01-23,64.2829360961914
2012-01-24,64.65308380126953
2012-01-25,65.20418548583984
2012-01-26,65.13015747070312
2012-01-27,65.57433319091797
2012-01-30,65.06433868408203
2012-01-31,64.99854278564453
2012-02-01,66.39688873291016
2012-02-02,66.7752685546875
2012-02-03,68.23121643066406
2012-02-06,68.00912475585938
2012-02-07,67.96797180175781
2012-02-08,68.11601257324219
2012-02-09,67.77880096435547
2012-02-10,66.84929656982422
2012-02-13,67.71298217773438
2012-02-14,67.40866088867188
2012-02-15,66.84929656982422
2012-02-16,68.10779571533203
2012-02-17,68.09959411621094
2012-02-21,67.63895416259766
2012-02-22,67.10428619384766
2012-02-23,68.10779571533203
2012-02-24,67.9762191772461
2012-02-27,67.86105346679688
2012-02-28,67.68008422851562
2012-02-29,66.66834259033203
2012-03-01,67.01383209228516
2012-03-02,66.01028442382812
2012-03-05,66.08428955078125
2012-03-06,64.76824188232422
2012-03-07,65.376953125
2012-03-08,66.22416687011719
2012-03-09,67.1207275390625
2012-03-12,66.9891357421875
2012-03-13,68.32168579101562
2012-03-14,67.76232147216797
2012-03-15,68.32988739013672
2012-03-16,68.2723388671875
2012-03-19,68.84809112548828
2012-03-20,68.23121643066406
2012-03-21,68.2147445678711
2012-03-22,67.55670166015625
2012-03-23,68.21761322021484
2012-03-26,69.63672637939453
2012-03-27,69.14994049072266
2012-03-28,68.74562072753906
2012-03-29,68.547607421875
2012-03-30,68.3248291015625
2012-04-02,69.16641235351562
2012-04-03,68.70439147949219
2012-04-04,67.60702514648438
2012-04-05,67.30998992919922
2012-04-09,66.20441436767578
2012-04-10,64.64498901367188
2012-04-11,65.5608139038086
2012-04-12,66.50143432617188
2012-04-13,65.62682342529297
2012-04-16,65.73409271240234
2012-04-17,66.68294525146484
2012-04-18,66.17964172363281
2012-04-19,65.80011749267578
2012-04-20,66.17964172363281
2012-04-23,65.26380157470703
2012-04-24,65.75884246826172
2012-04-25,66.78192901611328
2012-04-26,67.44200897216797
2012-04-27,67.97004699707031
2012-04-30,67.2192611694336
2012-05-01,67.2852554321289
2012-05-02,67.46675109863281
2012-05-03,66.51791381835938
2012-05-04,65.2555160522461
2012-05-07,65.42880249023438
2012-05-08,65.38753509521484
2012-05-09,65.01627349853516
2012-05-10,65.26380157470703
2012-05-11,65.09878540039062
2012-05-14,64.23245239257812
2012-05-15,64.11695098876953
2012-05-16,63.6548957824707
2012-05-17,62.21100616455078
2012-05-18,61.62518310546875
2012-05-21,63.07733154296875
2012-05-22,62.69778823852539
2012-05-23,63.102073669433594
2012-05-24,63.23411560058594
2012-05-25,63.19283676147461
2012-05-29,64.10870361328125
2012-05-30,62.879329681396484
2012-05-31,62.79679870605469
2012-06-01,60.907352447509766
2012-06-04,60.76710510253906
2012-06-05,61.55091094970703
2012-06-06,63.069091796875
2012-06-07,62.65655517578125
2012-06-08,63.50636672973633
2012-06-11,62.103729248046875
2012-06-12,62.887596130371094
2012-06-13,62.1614875793457
2012-06-14,62.871055603027344
2012-06-15,63.712646484375
2012-06-18,63.78691101074219
2012-06-19,64.89250946044922
2012-06-20,64.79348754882812
2012-06-21,63.217628479003906
2012-06-22,63.935420989990234
2012-06-25,62.93709945678711
2012-06-26,63.18334197998047
2012-06-27,64.2115249633789
2012-06-28,64.10372161865234
2012-06-29,65.96937561035156
2012-07-02,66.73223114013672
2012-07-03,67.60289001464844
2012-07-05,67.52825927734375
2012-07-06,66.77367401123047
2012-07-09,66.51663208007812
2012-07-10,65.77864837646484
2012-07-11,65.55477142333984
2012-07-12,65.33091735839844
2012-07-13,66.1435317993164
2012-07-16,65.87814331054688
2012-07-17,66.11035919189453
2012-07-18,66.51663208007812
2012-07-19,66.29275512695312
2012-07-20,65.44702911376953
2012-07-23,64.40225219726562
2012-07-24,63.55647659301758
2012-07-25,63.69743347167969
2012-07-26,64.24471282958984
2012-07-27,65.77035522460938
2012-07-30,65.54649353027344
2012-07-31,64.9660873413086
2012-08-01,63.896446228027344
2012-08-02,63.66425704956055
2012-08-03,65.18164825439453
2012-08-06,65.68746185302734
2012-08-07,66.28449249267578
2012-08-08,66.18496704101562
2012-08-09,66.50003814697266
2012-08-10,66.26786804199219
2012-08-13,66.16006469726562
2012-08-14,66.00255584716797
2012-08-15,66.58297729492188
2012-08-16,67.27946472167969
2012-08-17,67.75209045410156
2012-08-20,67.60289001464844
2012-08-21,67.56140899658203
2012-08-22,67.2380142211914
2012-08-23,66.76538848876953
2012-08-24,66.94779968261719
2012-08-27,67.14682006835938
2012-08-28,67.45360565185547
2012-08-29,67.6608657836914
2012-08-30,66.98927307128906
2012-08-31,67.26290893554688
2012-09-04,68.08377075195312
2012-09-05,68.10032653808594
2012-09-06,69.35246276855469
2012-09-07,69.86650848388672
2012-09-10,69.55142974853516
2012-09-11,69.7006607055664
2012-09-12,70.05722045898438
2012-09-13,70.97762298583984
2012-09-14,71.64095306396484
2012-09-17,71.30927276611328
2012-09-18,71.07711029052734
2012-09-19,70.9527359008789
2012-09-20,70.63765716552734
2012-09-21,70.89471435546875
2012-09-24,70.66327667236328
2012-09-25,69.64773559570312
2012-09-26,69.20655059814453
2012-09-27,69.95571899414062
2012-09-28,69.456298828125
2012-10-01,69.68936157226562
2012-10-02,69.82255554199219
2012-10-03,69.62279510498047
2012-10-04,70.09724426269531
2012-10-05,70.01399993896484
2012-10-08,69.57281494140625
2012-10-09,68.75706481933594
2012-10-10,68.64884185791016
2012-10-11,68.8985824584961
2012-10-12,68.34086608886719
2012-10-15,68.79033660888672
2012-10-16,69.29814147949219
2012-10-17,69.92243194580078
2012-10-18,69.53955078125
2012-10-19,68.13275146484375
2012-10-22,68.1160888671875
2012-10-23,67.77481079101562
2012-10-24,67.5916748046875
2012-10-25,67.86640167236328
2012-10-26,67.54174041748047
2012-10-31,67.94960021972656
2012-11-01,68.66551208496094
2012-11-02,67.5833740234375
2012-11-05,68.03282928466797
2012-11-06,68.54063415527344
2012-11-07,66.87581634521484
2012-11-08,65.93516540527344
2012-11-09,66.07669830322266
2012-11-12,65.88526916503906
2012-11-13,65.51065063476562
2012-11-14,64.29533386230469
2012-11-15,63.962398529052734
2012-11-16,64.49514770507812
2012-11-19,65.86028289794922
2012-11-20,65.97681427001953
2012-11-21,66.32640838623047
2012-11-23,66.98400115966797
2012-11-26,67.20046997070312
2012-11-27,67.1172103881836
2012-11-28,67.68328857421875
2012-11-29,68.4573974609375
2012-11-30,68.32422637939453
2012-12-03,68.24930572509766
2012-12-04,68.33252716064453
2012-12-05,68.24930572509766
2012-12-06,68.35751342773438
2012-12-07,68.40743255615234
2012-12-10,68.70712280273438
2012-12-11,69.43132019042969
2012-12-12,69.04009246826172
2012-12-13,68.59890747070312
2012-12-14,68.55728149414062
2012-12-17,69.52290344238281
2012-12-18,70.47183227539062
2012-12-19,70.62881469726562
2012-12-20,70.98149871826172
2012-12-21,70.68760681152344
2012-12-24,70.34337615966797
2012-12-26,69.83959197998047
2012-12-27,69.7892074584961
2012-12-28,69.29385375976562
2012-12-31,70.79676818847656
2013-01-02,72.8790512084961
2013-01-03,72.71109008789062
2013-01-04,73.24845123291016
2013-01-07,72.97138977050781
2013-01-08,72.9209976196289
2013-01-09,73.27363586425781
2013-01-10,73.4415512084961
2013-01-11,73.33242797851562
2013-01-14,73.37438201904297
2013-01-15,73.69346618652344
2013-01-16,73.47516632080078
2013-01-17,74.15522766113281
2013-01-18,74.36514282226562
2013-01-22,74.90251159667969
2013-01-23,74.72618865966797
2013-01-24,74.96966552734375
2013-01-25,75.51543426513672
2013-01-28,75.56581115722656
2013-01-29,75.60780334472656
2013-01-30,74.70098114013672
2013-01-31,75.213134765625
2013-02-01,75.87645721435547
2013-02-04,74.96125793457031
2013-02-05,75.63298034667969
2013-02-06,75.9520034790039
2013-02-07,75.70016479492188
2013-02-08,76.23751831054688
2013-02-11,76.1535415649414
2013-02-12,76.48939514160156
2013-02-13,76.80845642089844
2013-02-14,77.0015640258789
2013-02-15,77.02674865722656
2013-02-19,77.70683288574219
2013-02-20,76.26268005371094
2013-02-21,75.5238265991211
2013-02-22,76.43059539794922
2013-02-25,74.74297332763672
2013-02-26,75.03685760498047
2013-02-27,75.82610321044922
2013-02-28,75.9688491821289
2013-03-01,76.31307220458984
2013-03-04,76.51456451416016
2013-03-05,77.4045639038086
2013-03-06,77.60606384277344
2013-03-07,77.97551727294922
2013-03-08,78.69758605957031
2013-03-11,78.67243194580078
2013-03-12,78.51287841796875
2013-03-13,78.80671691894531
2013-03-14,79.59597778320312
2013-03-15,79.55400848388672
2013-03-18,79.11739349365234
2013-03-19,78.78156280517578
2013-03-20,79.51200866699219
2013-03-21,78.81515502929688
2013-03-22,79.05863189697266
2013-03-25,79.1041030883789
2013-03-26,79.35664367675781
2013-03-27,79.4072036743164
2013-03-28,79.5082778930664
2013-04-01,78.43893432617188
2013-04-02,77.95057678222656
2013-04-03,76.72969818115234
2013-04-04,77.38643646240234
2013-04-05,77.23489379882812
2013-04-08,77.87482452392578
2013-04-09,77.6474609375
2013-04-10,79.05355834960938
2013-04-11,79.16302490234375
2013-04-12,78.84308624267578
2013-04-15,75.87091064453125
2013-04-16,77.18436431884766
2013-04-17,75.84563446044922
2013-04-18,75.42463684082031
2013-04-19,76.29188537597656
2013-04-22,76.51078796386719
2013-04-23,77.7232437133789
2013-04-24,78.12738037109375
2013-04-25,78.64099884033203
2013-04-26,78.22001647949219
2013-04-29,78.78414916992188
2013-04-30,79.23039245605469
2013-05-01,77.31068420410156
2013-05-02,78.53996276855469
2013-05-03,79.78611755371094
2013-05-06,80.29969787597656
2013-05-07,80.95647430419922
2013-05-08,81.19220733642578
2013-05-09,80.91434478759766
2013-05-10,81.52899169921875
2013-05-13,81.47006225585938
2013-05-14,82.51409912109375
2013-05-15,82.6824951171875
2013-05-16,82.4720230102539
2013-05-17,83.3982162475586
2013-05-20,83.53292846679688
2013-05-21,83.54975891113281
2013-05-22,82.32889556884766
2013-05-23,82.429931640625
2013-05-24,82.41307067871094
2013-05-28,83.48239135742188
2013-05-29,82.70777893066406
2013-05-30,83.26347351074219
2013-05-31,82.3457260131836
2013-06-03,83.1287841796875
2013-06-04,82.24468231201172
2013-06-05,81.19220733642578
2013-06-06,82.05101776123047
2013-06-07,82.6824951171875
2013-06-10,83.18769836425781
2013-06-11,82.28675079345703
2013-06-12,81.47006225585938
2013-06-13,82.90984344482422
2013-06-14,82.26992797851562
2013-06-17,82.80879974365234
2013-06-18,83.78551483154297
2013-06-19,82.75828552246094
2013-06-20,80.56912231445312
2013-06-21,80.80488586425781
2013-06-24,79.74401092529297
2013-06-25,80.51020050048828
2013-06-26,80.88912200927734
2013-06-27,82.14363861083984
2013-06-28,81.67211151123047
2013-07-01,83.0024642944336
2013-07-02,82.94329071044922
2013-07-03,83.11239624023438
2013-07-05,84.28785705566406
2013-07-08,84.6261215209961
2013-07-09,85.41259765625
2013-07-10,85.64940643310547
2013-07-11,86.65576171875
2013-07-12,86.8333511352539
2013-07-15,87.5944595336914
2013-07-16,87.15469360351562
2013-07-17,87.49296569824219
2013-07-18,88.07646179199219
2013-07-19,88.21177673339844
2013-07-22,88.39784240722656
2013-07-23,88.33865356445312
2013-07-24,87.60289764404297
2013-07-25,88.40630340576172
2013-07-26,88.05110931396484
2013-07-29,87.43376159667969
2013-07-30,87.50989532470703
2013-07-31,87.66212463378906
2013-08-01,88.8544921875
2013-08-02,88.9306411743164
2013-08-05,89.23503112792969
2013-08-06,88.33865356445312
2013-08-07,87.71286010742188
2013-08-08,88.07646179199219
2013-08-09,87.98342895507812
2013-08-12,88.44857025146484
2013-08-13,88.33016204833984
2013-08-14,87.98342895507812
2013-08-15,86.35131072998047
2013-08-16,85.98767852783203
2013-08-19,85.11662292480469
2013-08-20,86.34284973144531
2013-08-21,85.81855010986328
2013-08-22,87.02781677246094
2013-08-23,87.24773406982422
2013-08-26,87.25617218017578
2013-08-27,85.20965576171875
2013-08-28,85.3787612915039
2013-08-29,86.23290252685547
2013-08-30,84.88831329345703
2013-09-03,85.46336364746094
2013-09-04,86.21600341796875
2013-09-05,86.35131072998047
2013-09-06,86.5881118774414
2013-09-09,87.8989028930664
2013-09-10,88.76146697998047
2013-09-11,88.80377197265625
2013-09-12,88.15257263183594
2013-09-13,88.63460540771484
2013-09-16,88.82913208007812
2013-09-17,89.70863342285156
2013-09-18,90.56275177001953
2013-09-19,90.46973419189453
2013-09-20,90.13990020751953
2013-09-23,90.14836120605469
2013-09-24,90.44770050048828
2013-09-25,90.27810668945312
2013-09-26,90.77838897705078
2013-09-27,90.37136840820312
2013-09-30,90.39682006835938
2013-10-01,91.44823455810547
2013-10-02,91.07518768310547
2013-10-03,90.1424331665039
2013-10-04,90.74443817138672
2013-10-07,89.68453979492188
2013-10-08,88.2345962524414
2013-10-09,87.87847137451172
2013-10-10,89.99829864501953
2013-10-11,91.30406951904297
2013-10-14,91.76197814941406
2013-10-15,90.8631591796875
2013-10-16,91.99089050292969
2013-10-17,92.79645538330078
2013-10-18,93.85631561279297
2013-10-21,93.66976165771484
2013-10-22,93.91571044921875
2013-10-23,93.6019287109375
2013-10-24,94.10224151611328
2013-10-25,94.18704223632812
2013-10-28,94.1446304321289
2013-10-29,94.41596984863281
2013-10-30,93.12710571289062
2013-10-31,92.58444213867188
2013-11-01,92.18595123291016
2013-11-04,93.24581146240234
2013-11-05,92.92362213134766
2013-11-06,92.52508544921875
2013-11-07,90.96492004394531
2013-11-08,92.61837005615234
2013-11-11,92.74554443359375
2013-11-12,92.82186889648438
2013-11-13,93.71219635009766
2013-11-14,93.6189193725586
2013-11-15,93.97502899169922
2013-11-18,93.3136215209961
2013-11-19,92.73707580566406
2013-11-20,92.7031478881836
2013-11-21,94.37357330322266
2013-11-22,94.83993530273438
2013-11-25,94.95862579345703
2013-11-26,95.66240692138672
2013-11-27,96.19659423828125
2013-11-29,96.24748229980469
2013-12-02,95.28085327148438
2013-12-03,94.82295227050781
2013-12-04,94.56861114501953
2013-12-05,94.63640594482422
2013-12-06,95.37409973144531
2013-12-09,95.34867858886719
2013-12-10,94.48377990722656
2013-12-11,92.93209838867188
2013-12-12,93.13557434082031
2013-12-13,93.44084930419922
2013-12-16,94.55160522460938
2013-12-17,94.41596984863281
2013-12-18,95.71327209472656
2013-12-19,95.00099182128906
2013-12-20,96.60359954833984
2013-12-23,97.69906616210938
2013-12-24,98.07357788085938
2013-12-26,98.08207702636719
2013-12-27,98.02251434326172
2013-12-30,97.96293640136719
2013-12-31,98.1927490234375
2014-01-02,97.12873077392578
2014-01-03,97.62246704101562
2014-01-06,96.83087158203125
2014-01-07,97.63947296142578
2014-01-08,97.76717376708984
2014-01-09,97.7927017211914
2014-01-10,98.32894897460938
2014-01-13,96.98409271240234
2014-01-14,98.17573547363281
2014-01-15,98.90772247314453
2014-01-16,99.02692413330078
2014-01-17,98.67791748046875
2014-01-21,99.2652359008789
2014-01-22,99.76744842529297
2014-01-23,99.09500122070312
2014-01-24,96.56697845458984
2014-01-27,95.154052734375
2014-01-28,96.15841674804688
2014-01-29,94.7709732055664
2014-01-30,96.18392944335938
2014-01-31,95.46895599365234
2014-02-03,92.48129272460938
2014-02-04,93.17926788330078
2014-02-05,92.48129272460938
2014-02-06,93.21334075927734
2014-02-07,94.26876831054688
2014-02-10,94.51563262939453
2014-02-11,95.3582992553711
2014-02-12,95.73281860351562
2014-02-13,96.95004272460938
2014-02-14,97.08621215820312
2014-02-18,98.09912872314453
2014-02-19,97.09473419189453
2014-02-20,98.14170837402344
2014-02-21,98.4481201171875
2014-02-24,99.17162322998047
2014-02-25,99.27375030517578
2014-02-26,99.8866195678711
2014-02-27,100.431396484375
2014-02-28,100.03130340576172
2014-03-03,99.4950942993164
2014-03-04,101.99755096435547
2014-03-05,101.93798065185547
2014-03-06,101.92092895507812
2014-03-07,101.88691711425781
2014-03-10,101.54643249511719
2014-03-11,100.49098205566406
2014-03-12,100.7973861694336
2014-03-13,99.63124084472656
2014-03-14,100.04832458496094
2014-03-17,100.49098205566406
2014-03-18,101.95500183105469
2014-03-19,101.29108428955078
2014-03-20,101.4272689819336
2014-03-21,100.95909881591797
2014-03-24,99.81001281738281
2014-03-25,99.7861099243164
2014-03-26,97.87454986572266
2014-03-27,97.62703704833984
2014-03-28,97.53317260742188
2014-03-31,99.28263092041016
2014-04-01,100.58829498291016
2014-04-02,101.04058074951172
2014-04-03,100.01654052734375
2014-04-04,97.70384216308594
2014-04-07,96.2787094116211
2014-04-08,96.952880859375
2014-04-09,98.35243225097656
2014-04-10,95.5447998046875
2014-04-11,94.2220230102539
2014-04-14,94.48658752441406
2014-04-15,94.85354614257812
2014-04-16,95.88617706298828
2014-04-17,96.36404418945312
2014-04-21,96.81633758544922
2014-04-22,97.8147964477539
2014-04-23,97.20036315917969
2014-04-24,96.952880859375
2014-04-25,95.2461166381836
2014-04-28,94.6914291381836
2014-04-29,94.93035888671875
2014-04-30,95.56187438964844
2014-05-01,95.52770233154297
2014-05-02,95.60452270507812
2014-05-05,95.48503875732422
2014-05-06,93.93191528320312
2014-05-07,93.99164581298828
2014-05-08,93.04438018798828
2014-05-09,93.89778900146484
2014-05-12,96.03121185302734
2014-05-13,95.0925064086914
2014-05-14,93.54788970947266
2014-05-15,92.9163589477539
2014-05-16,93.5052261352539
2014-05-19,94.51219940185547
2014-05-20,93.06997680664062
2014-05-21,93.54788970947266
2014-05-22,94.52074432373047
2014-05-23,95.5533447265625
2014-05-27,96.92728424072266
2014-05-28,96.42375946044922
2014-05-29,96.74803924560547
2014-05-30,96.31283569335938
2014-06-02,95.79227447509766
2014-06-03,95.56187438964844
2014-06-04,95.93737030029297
2014-06-05,97.95133209228516
2014-06-06,98.89002990722656
2014-06-09,99.76051330566406
2014-06-10,99.56421661376953
2014-06-11,99.07779693603516
2014-06-12,98.47191619873047
2014-06-13,98.64258575439453
2014-06-16,99.12044525146484
2014-06-17,99.82027435302734
2014-06-18,100.49439239501953
2014-06-19,100.57975769042969
2014-06-20,100.91258239746094
2014-06-23,100.71629333496094
2014-06-24,99.64100646972656
2014-06-25,100.48590087890625
2014-06-26,100.3152084350586
2014-06-27,100.98937225341797
2014-06-30,101.3904800415039
2014-07-01,102.4230728149414
2014-07-02,102.02814483642578
2014-07-03,102.64491271972656
2014-07-07,100.88877868652344
2014-07-08,99.66378021240234
2014-07-09,99.7922592163086
2014-07-10,98.73001098632812
2014-07-11,98.60149383544922
2014-07-14,99.10693359375
2014-07-15,98.13035583496094
2014-07-16,97.86479187011719
2014-07-17,96.35707092285156
2014-07-18,97.85618591308594
2014-07-21,97.4621810913086
2014-07-22,98.2845458984375
2014-07-23,98.40447235107422
2014-07-24,98.20745086669922
2014-07-25,97.31649017333984
2014-07-28,96.82821655273438
2014-07-29,97.09379577636719
2014-07-30,97.479248046875
2014-07-31,95.25193786621094
2014-08-01,94.8150634765625
2014-08-04,95.65462493896484
2014-08-05,95.41471099853516
2014-08-06,95.71456909179688
2014-08-07,95.25193786621094
2014-08-08,96.17716217041016
2014-08-11,97.09379577636719
2014-08-12,96.42559814453125
2014-08-13,97.179443359375
2014-08-14,97.32508850097656
2014-08-15,97.13661193847656
2014-08-18,98.55009460449219
2014-08-19,98.89276885986328
2014-08-20,98.47303009033203
2014-08-21,98.68717956542969
2014-08-22,98.69573211669922
2014-08-25,99.15830993652344
2014-08-26,100.05782318115234
2014-08-27,99.80938720703125
2014-08-28,99.29542541503906
2014-08-29,99.85221099853516
2014-09-02,100.4005126953125
2014-09-03,99.76654815673828
2014-09-04,99.38106536865234
2014-09-05,99.69801330566406
2014-09-08,99.85221099853516
2014-09-09,98.67003631591797
2014-09-10,99.2525634765625
2014-09-11,99.89505767822266
2014-09-12,98.83280181884766
2014-09-15,97.75338745117188
2014-09-16,98.02754211425781
2014-09-17,98.2845458984375
2014-09-18,98.88420104980469
2014-09-19,97.63349151611328
2014-09-22,96.26282501220703
2014-09-23,95.36331176757812
2014-09-24,96.22663116455078
2014-09-25,94.60308837890625
2014-09-26,95.4535140991211
2014-09-29,95.37620544433594
2014-09-30,93.93305206298828
2014-10-01,92.60160064697266
2014-10-02,93.48639678955078
2014-10-03,94.19075012207031
2014-10-06,93.3833236694336
2014-10-07,91.8456802368164
2014-10-08,93.60665893554688
2014-10-09,91.08116149902344
2014-10-10,89.97303009033203
2014-10-13,89.61225128173828
2014-10-14,90.66024780273438
2014-10-15,91.57081604003906
2014-10-16,92.60160064697266
2014-10-17,92.32671356201172
2014-10-20,93.40907287597656
2014-10-21,94.94670867919922
2014-10-22,93.58946990966797
2014-10-23,95.24736022949219
2014-10-24,95.41055297851562
2014-10-27,95.35903930664062
2014-10-28,98.07353210449219
2014-10-29,97.84159088134766
2014-10-30,98.67478942871094
2014-10-31,100.12654113769531
2014-11-03,99.95475006103516
2014-11-04,99.49089813232422
2014-11-05,99.67124938964844
2014-11-06,100.1008071899414
2014-11-07,100.25540924072266
2014-11-10,100.75361633300781
2014-11-11,100.82238006591797
2014-11-12,101.27763366699219
2014-11-13,100.41860961914062
2014-11-14,100.23824310302734
2014-11-17,99.40501403808594
2014-11-18,99.98052978515625
2014-11-19,98.91535186767578
2014-11-20,100.0234603881836
2014-11-21,100.14376068115234
2014-11-24,101.33779907226562
2014-11-25,101.4150619506836
2014-11-26,101.75009155273438
2014-11-28,100.23824310302734
2014-12-01,98.67478942871094
2014-12-02,99.86026763916016
2014-12-03,100.82238006591797
2014-12-04,100.34131622314453
2014-12-05,101.09724426269531
2014-12-08,99.8344955444336
2014-12-09,101.50955963134766
2014-12-10,99.35346221923828
2014-12-11,99.74858856201172
2014-12-12,98.53741455078125
2014-12-15,97.54090881347656
2014-12-16,97.40349578857422
2014-12-17,100.41004943847656
2014-12-18,101.9046859741211
2014-12-19,102.13666534423828
2014-12-22,102.83245849609375
2014-12-23,102.96128845214844
2014-12-24,103.2587661743164
2014-12-26,103.93128204345703
2014-12-29,104.37100982666016
2014-12-30,103.75885772705078
2014-12-31,103.13806915283203
2015-01-02,102.5431137084961
2015-01-05,101.17218780517578
2015-01-06,99.42190551757812
2015-01-07,100.64627838134766
2015-01-08,102.3534164428711
2015-01-09,101.3704833984375
2015-01-12,101.03424072265625
2015-01-13,101.11184692382812
2015-01-14,100.70661926269531
2015-01-15,99.008056640625
2015-01-16,100.62039947509766
2015-01-20,100.19788360595703
2015-01-21,99.87886810302734
2015-01-22,101.91371154785156
2015-01-23,101.84474182128906
2015-01-26,102.82767486572266
2015-01-27,102.33618927001953
2015-01-28,100.61177062988281
2015-01-29,101.99992370605469
2015-01-30,99.7581558227539
2015-02-02,100.672119140625
2015-02-03,102.4741439819336
2015-02-04,102.09477996826172
2015-02-05,103.4139633178711
2015-02-06,103.30189514160156
2015-02-09,102.48274993896484
2015-02-10,103.13806915283203
2015-02-11,102.9914779663086
2015-02-12,104.16407012939453
2015-02-13,104.78487396240234
2015-02-17,105.11254119873047
2015-02-18,105.2246322631836
2015-02-19,105.23323822021484
2015-02-20,105.51776885986328
2015-02-23,105.62123107910156
2015-02-24,105.75920104980469
2015-02-25,105.87989807128906
2015-02-26,106.26788330078125
2015-02-27,105.6902084350586
2015-03-02,106.45755767822266
2015-03-03,105.82817077636719
2015-03-04,105.50053405761719
2015-03-05,105.81092071533203
2015-03-06,104.47447967529297
2015-03-09,104.93146514892578
2015-03-10,103.7243423461914
2015-03-11,104.3624038696289
2015-03-12,106.09545135498047
2015-03-13,105.71607208251953
2015-03-16,106.33688354492188
2015-03-17,106.62142944335938
2015-03-18,107.47496795654297
2015-03-19,107.68192291259766
2015-03-20,108.63036346435547
2015-03-23,108.5354995727539
2015-03-24,108.50965881347656
2015-03-25,105.91771697998047
2015-03-26,105.78794860839844
2015-03-27,106.46255493164062
2015-03-30,107.90684509277344
2015-03-31,107.56092071533203
2015-04-01,107.60414123535156
2015-04-02,107.80306243896484
2015-04-06,108.27873992919922
2015-04-07,107.58687591552734
2015-04-08,108.51226806640625
2015-04-09,108.12303161621094
2015-04-10,108.6419906616211
2015-04-13,108.71116638183594
2015-04-14,108.68518829345703
2015-04-15,109.44628143310547
2015-04-16,109.38573455810547
2015-04-17,107.61280822753906
2015-04-20,108.66793823242188
2015-04-21,108.55548858642578
2015-04-22,108.71981048583984
2015-04-23,109.2127685546875
2015-04-24,108.84954071044922
2015-04-27,107.64739990234375
2015-04-28,108.244140625
2015-04-29,107.0679702758789
2015-04-30,104.80203247070312
2015-05-01,105.48526763916016
2015-05-04,105.8658218383789
2015-05-05,104.51663970947266
2015-05-06,104.8798828125
2015-05-07,105.2777099609375
2015-05-08,106.06471252441406
2015-05-11,106.12528991699219
2015-05-12,105.93502807617188
2015-05-13,105.93502807617188
2015-05-14,107.05931854248047
2015-05-15,106.93821716308594
2015-05-18,108.1490249633789
2015-05-19,108.00199127197266
2015-05-20,108.20092010498047
2015-05-21,108.07981872558594
2015-05-22,107.61280822753906
2015-05-26,106.58365631103516
2015-05-27,107.8895492553711
2015-05-28,107.79441833496094
2015-05-29,107.14579010009766
2015-06-01,107.48307800292969
2015-06-02,107.69062042236328
2015-06-03,108.7630386352539
2015-06-04,107.67337036132812
2015-06-05,108.45171356201172
2015-06-08,107.95008850097656
2015-06-09,107.6214599609375
2015-06-10,108.96197509765625
2015-06-11,109.23871612548828
2015-06-12,108.91009521484375
2015-06-15,108.56414031982422
2015-06-16,109.33383178710938
2015-06-17,109.1695327758789
2015-06-18,110.63111877441406
2015-06-19,110.57923126220703
2015-06-22,111.3403091430664
2015-06-23,111.57379913330078
2015-06-24,110.63111877441406
2015-06-25,110.57056427001953
2015-06-26,110.26789855957031
2015-06-29,107.48307800292969
2015-06-30,107.98467254638672
2015-07-01,108.30467987060547
2015-07-02,107.50477600097656
2015-07-06,107.47003173828125
2015-07-07,107.59162902832031
2015-07-08,105.95011138916016
2015-07-09,106.33231353759766
2015-07-10,107.8087387084961
2015-07-13,109.02469635009766
2015-07-14,109.63263702392578
2015-07-15,109.05075073242188
2015-07-16,109.7021255493164
2015-07-17,109.22444915771484
2015-07-20,108.63384246826172
2015-07-21,108.12142181396484
2015-07-22,108.52091217041016
2015-07-23,107.32237243652344
2015-07-24,105.59403991699219
2015-07-27,104.71685791015625
2015-07-28,105.61140441894531
2015-07-29,105.90672302246094
2015-07-30,106.21070861816406
2015-07-31,106.7925796508789
2015-08-03,106.2628173828125
2015-08-04,106.01093292236328
2015-08-05,106.25411987304688
2015-08-06,104.82106018066406
2015-08-07,104.11753845214844
2015-08-10,105.31610107421875
2015-08-11,104.41285705566406
2015-08-12,104.21308898925781
2015-08-13,103.86570739746094
2015-08-14,104.53446960449219
2015-08-17,105.6374740600586
2015-08-18,104.79502868652344
2015-08-19,103.70938110351562
2015-08-20,101.0864486694336
2015-08-21,99.90524291992188
2015-08-24,96.00562286376953
2015-08-25,95.26741790771484
2015-08-26,97.6905746459961
2015-08-27,99.43626403808594
2015-08-28,100.4177017211914
2015-08-31,100.05291748046875
2015-09-01,97.18680572509766
2015-09-02,98.93255615234375
2015-09-03,98.77618408203125
2015-09-04,98.0292739868164
2015-09-08,100.27002716064453
2015-09-09,99.11491394042969
2015-09-10,99.56655883789062
2015-09-11,100.03555297851562
2015-09-14,99.57522583007812
2015-09-15,100.69564819335938
2015-09-16,101.56412506103516
2015-09-17,101.91154479980469
2015-09-18,100.50455474853516
2015-09-21,100.32215118408203
2015-09-22,98.80225372314453
2015-09-23,98.50695037841797
2015-09-24,98.34195709228516
2015-09-25,97.04763793945312
2015-09-28,94.33006286621094
2015-09-29,93.659423828125
2015-09-30,95.11397552490234
2015-10-01,94.94850158691406
2015-10-02,96.35953521728516
2015-10-05,98.65898895263672
2015-10-06,97.97962188720703
2015-10-07,99.71292114257812
2015-10-08,100.61003875732422
2015-10-09,100.81034088134766
2015-10-12,100.66234588623047
2015-10-13,99.2861328125
2015-10-14,98.31058502197266
2015-10-15,100.66234588623047
2015-10-16,100.5316390991211
2015-10-19,100.7232666015625
2015-10-20,100.58390808105469
2015-10-21,99.05094909667969
2015-10-22,99.92196655273438
2015-10-23,100.90618133544922
2015-10-26,100.21807861328125
2015-10-27,99.12062072753906
2015-10-28,102.01233673095703
2015-10-29,100.9236068725586
2015-10-30,100.46197509765625
2015-11-02,102.55238342285156
2015-11-03,103.08372497558594
2015-11-04,103.03142547607422
2015-11-05,103.10982513427734
2015-11-06,103.84147644042969
2015-11-09,102.62206268310547
2015-11-10,102.92693328857422
2015-11-11,102.02980041503906
2015-11-12,100.07874298095703
2015-11-13,99.35578918457031
2015-11-16,100.20939636230469
2015-11-17,99.82611846923828
2015-11-18,101.51588439941406
2015-11-19,101.0890884399414
2015-11-20,101.74234008789062
2015-11-23,102.2475357055664
2015-11-24,102.99659729003906
2015-11-25,103.79794311523438
2015-11-27,104.18991088867188
2015-11-30,103.7369613647461
2015-12-01,104.42506408691406
2015-12-02,103.30143737792969
2015-12-03,101.55947875976562
2015-12-04,102.58722686767578
2015-12-07,101.0455551147461
2015-12-08,100.48811340332031
2015-12-09,99.36450958251953
2015-12-10,99.69548034667969
2015-12-11,97.47443389892578
2015-12-14,96.77759552001953
2015-12-15,98.17122650146484
2015-12-16,99.66937255859375
2015-12-17,98.60675048828125
2015-12-18,97.09989929199219
2015-12-21,97.83155059814453
2015-12-22,98.72868347167969
2015-12-23,99.97420501708984
2015-12-24,100.1631851196289
2015-12-28,99.69952392578125
2015-12-29,100.77554321289062
2015-12-30,99.76078033447266
2015-12-31,98.51859283447266
2016-01-04,96.2353515625
2016-01-05,96.4453353881836
2016-01-06,94.97566223144531
2016-01-07,92.43877410888672
2016-01-08,90.84667205810547
2016-01-11,90.4530258178711
2016-01-12,90.72421264648438
2016-01-13,87.81116485595703
2016-01-14,89.02713012695312
2016-01-15,87.583740234375
2016-01-19,86.40277099609375
2016-01-20,86.76143646240234
2016-01-21,86.56021118164062
2016-01-22,88.67720794677734
2016-01-25,86.70893859863281
2016-01-26,88.4410171508789
2016-01-27,87.22506713867188
2016-01-28,87.20757293701172
2016-01-29,90.06813049316406
2016-02-01,89.65695190429688
2016-02-02,87.72370147705078
2016-02-03,87.83740997314453
2016-02-04,88.17858123779297
2016-02-05,85.76416015625
2016-02-08,84.35574340820312
2016-02-09,83.78714752197266
2016-02-10,83.83089447021484
2016-02-11,82.92109680175781
2016-02-12,84.49571990966797
2016-02-16,86.49897766113281
2016-02-17,87.85491180419922
2016-02-18,87.43501281738281
2016-02-19,87.87239837646484
2016-02-22,88.85216522216797
2016-02-23,88.0385971069336
2016-02-24,88.88716888427734
2016-02-25,89.70073699951172
2016-02-26,90.26933288574219
2016-02-29,89.86691284179688
2016-03-01,91.80018615722656
2016-03-02,92.74498748779297
2016-03-03,93.71598815917969
2016-03-04,94.23213958740234
2016-03-07,95.255615234375
2016-03-08,92.95494842529297
2016-03-09,93.42732238769531
2016-03-10,92.66626739501953
2016-03-11,94.65202331542969
2016-03-14,94.40705108642578
2016-03-15,92.93743133544922
2016-03-16,93.59349060058594
2016-03-17,95.02816009521484
2016-03-18,95.88545989990234
2016-03-21,95.65800476074219
2016-03-22,95.54427337646484
2016-03-23,93.77806091308594
2016-03-24,94.05883026123047
2016-03-28,94.17290496826172
2016-03-29,96.78759765625
2016-03-30,96.79637145996094
2016-03-31,97.06834411621094
2016-04-01,97.498291015625
2016-04-04,96.68232727050781
2016-04-05,95.58551788330078
2016-04-06,96.66474151611328
2016-04-07,95.35740661621094
2016-04-08,95.7347183227539
2016-04-11,95.4363784790039
2016-04-12,96.46292114257812
2016-04-13,98.54241943359375
2016-04-14,98.4195785522461
2016-04-15,98.66523742675781
2016-04-18,99.41104125976562
2016-04-19,99.49005126953125
2016-04-20,99.63917541503906
2016-04-21,99.13904571533203
2016-04-22,100.12174224853516
2016-04-25,99.41104125976562
2016-04-26,100.38499450683594
2016-04-27,100.73595428466797
2016-04-28,99.58654022216797
2016-04-29,98.69157409667969
2016-05-02,99.5689926147461
2016-05-03,97.93701171875
2016-05-04,97.12979125976562
2016-05-05,96.74373626708984
2016-05-06,97.31404113769531
2016-05-09,97.59483337402344
2016-05-10,98.5775146484375
2016-05-11,97.35790252685547
2016-05-12,96.84024047851562
2016-05-13,96.19972229003906
2016-05-16,97.41931915283203
2016-05-17,95.87507629394531
2016-05-18,96.37518310546875
2016-05-19,95.60305786132812
2016-05-20,97.208740234375
2016-05-23,97.0947036743164
2016-05-24,99.09516143798828
2016-05-25,99.67427062988281
2016-05-26,99.56019592285156
2016-05-27,100.55167388916016
2016-05-31,100.90267944335938
2016-06-01,101.5870361328125
2016-06-02,102.36795806884766
2016-06-03,101.75375366210938
2016-06-06,102.85054016113281
2016-06-07,103.14881134033203
2016-06-08,103.91220092773438
2016-06-09,103.24535369873047
2016-06-10,101.84148406982422
2016-06-13,100.73595428466797
2016-06-14,100.4463882446289
2016-06-15,100.51659393310547
2016-06-16,100.50782775878906
2016-06-17,100.07787322998047
2016-06-20,101.1658935546875
2016-06-21,100.97285461425781
2016-06-22,100.57801818847656
2016-06-23,102.49955749511719
2016-06-24,98.60381317138672
2016-06-27,95.36618041992188
2016-06-28,96.84024047851562
2016-06-29,99.04254913330078
2016-06-30,100.8851318359375
2016-07-01,101.24486541748047
2016-07-05,99.75323486328125
2016-07-06,100.47755432128906
2016-07-07,100.68931579589844
2016-07-08,103.0360336303711
2016-07-11,104.22705841064453
2016-07-12,105.62097930908203
2016-07-13,105.20636749267578
2016-07-14,105.31220245361328
2016-07-15,105.60334014892578
2016-07-18,105.77980041503906
2016-07-19,105.25044250488281
2016-07-20,105.9385757446289
2016-07-21,105.43571472167969
2016-07-22,106.22088623046875
2016-07-25,106.06209564208984
2016-07-26,106.57379913330078
2016-07-27,106.87378692626953
2016-07-28,106.60025024414062
2016-07-29,106.81201934814453
2016-08-01,106.9002456665039
2016-08-02,105.40924072265625
2016-08-03,106.26502227783203
2016-08-04,106.362060546875
2016-08-05,107.89715576171875
2016-08-08,107.84420013427734
2016-08-09,107.95890808105469
2016-08-10,107.1825180053711
2016-08-11,107.69425201416016
2016-08-12,107.80009460449219
2016-08-15,108.86759185791016
2016-08-16,107.98538970947266
2016-08-17,107.66777038574219
2016-08-18,108.46177673339844
2016-08-19,108.46177673339844
2016-08-22,108.70881652832031
2016-08-23,109.4675064086914
2016-08-24,108.57646942138672
2016-08-25,108.7882080078125
2016-08-26,108.5676498413086
2016-08-29,109.13227844238281
2016-08-30,109.335205078125
2016-08-31,108.71761322021484
2016-09-01,108.7970199584961
2016-09-02,109.84689331054688
2016-09-06,109.9527587890625
2016-09-07,110.64090728759766
2016-09-08,110.4203109741211
2016-09-09,106.9708023071289
2016-09-12,108.46177673339844
2016-09-13,106.37972259521484
2016-09-14,106.39737701416016
2016-09-15,107.66777038574219
2016-09-16,107.50897216796875
2016-09-19,108.22357177734375
2016-09-20,107.76483154296875
2016-09-21,109.32635498046875
2016-09-22,110.89672088623047
2016-09-23,110.1115493774414
2016-09-26,109.01807403564453
2016-09-27,109.4604263305664
2016-09-28,110.30088806152344
2016-09-29,108.6907730102539
2016-09-30,109.88508605957031
2016-10-03,109.54005432128906
2016-10-04,109.00038146972656
2016-10-05,109.6550521850586
2016-10-06,109.54005432128906
2016-10-07,108.66424560546875
2016-10-10,109.96470642089844
2016-10-11,107.95649719238281
2016-10-12,107.86800384521484
2016-10-13,106.9744873046875
2016-10-14,106.541015625
2016-10-17,106.41716766357422
2016-10-18,107.02760314941406
2016-10-19,107.478759765625
2016-10-20,107.16024780273438
2016-10-21,107.10720825195312
2016-10-24,107.78839111328125
2016-10-25,106.98336791992188
2016-10-26,105.92173767089844
2016-10-27,104.70975494384766
2016-10-28,104.41778564453125
2016-10-31,104.83358764648438
2016-11-01,103.55083465576172
2016-11-02,102.23265838623047
2016-11-03,101.73725891113281
2016-11-04,102.39190673828125
2016-11-07,104.8955078125
2016-11-08,105.1697769165039
2016-11-09,108.40768432617188
2016-11-10,110.14163208007812
2016-11-11,112.67181396484375
2016-11-14,114.25536346435547
2016-11-15,114.60922241210938
2016-11-16,114.6003646850586
2016-11-17,115.27271270751953
2016-11-18,115.8831558227539
2016-11-21,116.4228286743164
2016-11-22,117.48440551757812
2016-11-23,118.21868896484375
2016-11-25,118.60794067382812
2016-11-28,117.06861877441406
2016-11-29,117.0066909790039
2016-11-30,116.4316177368164
2016-12-01,115.865478515625
2016-12-02,115.80352020263672
2016-12-05,117.79403686523438
2016-12-06,119.06795501708984
2016-12-07,120.22688293457031
2016-12-08,122.12007904052734
2016-12-09,122.35896301269531
2016-12-12,121.06732940673828
2016-12-13,121.07618713378906
2016-12-14,119.5633544921875
2016-12-15,120.45690155029297
2016-12-16,120.23573303222656
2016-12-19,121.02305603027344
2016-12-20,122.04930877685547
2016-12-21,121.25309753417969
2016-12-22,120.20753479003906
2016-12-23,120.84712982177734
2016-12-27,121.38904571533203
2016-12-28,120.14535522460938
2016-12-29,120.251953125
2016-12-30,119.79008483886719
2017-01-03,120.38520050048828
2017-01-04,122.3927993774414
2017-01-05,120.9803695678711
2017-01-06,120.5362319946289
2017-01-09,119.7456283569336
2017-01-10,120.89155578613281
2017-01-11,121.10476684570312
2017-01-12,120.17203521728516
2017-01-13,121.04256439208984
2017-01-17,119.39920043945312
2017-01-18,119.79008483886719
2017-01-19,118.81293487548828
2017-01-20,119.42587280273438
2017-01-23,118.92835235595703
2017-01-24,120.74942016601562
2017-01-25,121.88650512695312
2017-01-26,121.39793395996094
2017-01-27,120.9803695678711
2017-01-30,119.29259490966797
2017-01-31,120.12760925292969
2017-02-01,120.0565185546875
2017-02-02,119.75450897216797
2017-02-03,121.5844497680664
2017-02-06,120.66952514648438
2017-02-07,120.13651275634766
2017-02-08,119.92330169677734
2017-02-09,121.61109924316406
2017-02-10,122.53498077392578
2017-02-13,122.8547134399414
2017-02-14,123.26338958740234
2017-02-15,124.00065612792969
2017-02-16,123.65422821044922
2017-02-17,123.57424926757812
2017-02-21,124.54256439208984
2017-02-22,123.99181365966797
2017-02-23,123.25448608398438
2017-02-24,123.16565704345703
2017-02-27,124.36490631103516
2017-02-28,122.44609069824219
2017-03-01,124.6846923828125
2017-03-02,123.25448608398438
2017-03-03,123.16565704345703
2017-03-06,122.3217544555664
2017-03-07,121.5222396850586
2017-03-08,120.72278594970703
2017-03-09,120.2430648803711
2017-03-10,120.7761001586914
2017-03-13,121.06034851074219
2017-03-14,120.48292541503906
2017-03-15,122.34839630126953
2017-03-16,122.50831604003906
2017-03-17,122.99687194824219
2017-03-20,122.4638671875
2017-03-21,119.00827026367188
2017-03-22,119.0349349975586
2017-03-23,119.72786712646484
2017-03-24,119.81426239013672
2017-03-27,120.0370101928711
2017-03-28,120.97244262695312
2017-03-29,121.3643798828125
2017-03-30,122.28202056884766
2017-03-31,122.47799682617188
2017-04-03,121.18618774414062
2017-04-04,121.04368591308594
2017-04-05,119.6717300415039
2017-04-06,120.78536987304688
2017-04-07,120.73188018798828
2017-04-10,120.99915313720703
2017-04-11,121.9613037109375
2017-04-12,120.30424499511719
2017-04-13,119.12830352783203
2017-04-17,120.52696990966797
2017-04-18,120.5537109375
2017-04-19,120.97244262695312
2017-04-20,122.51363372802734
2017-04-21,122.23747253417969
2017-04-24,123.76084899902344
2017-04-25,124.96356964111328
2017-04-26,125.60499572753906
2017-04-27,125.56935119628906
2017-04-28,123.88555908203125
2017-05-01,124.5982666015625
2017-05-02,123.96575927734375
2017-05-03,123.19962310791016
2017-05-04,123.03032684326172
2017-05-05,123.82319641113281
2017-05-08,123.3065185546875
2017-05-09,123.2530746459961
2017-05-10,124.0192642211914
2017-05-11,123.1550521850586
2017-05-12,122.50469970703125
2017-05-15,123.45796966552734
2017-05-16,123.50248718261719
2017-05-17,120.17060852050781
2017-05-18,120.60716247558594
2017-05-19,121.18618774414062
2017-05-22,122.00582885742188
2017-05-23,122.40672302246094
2017-05-24,122.48690795898438
2017-05-25,122.56709289550781
2017-05-26,122.53148651123047
2017-05-30,121.56929016113281
2017-05-31,121.44461822509766
2017-06-01,123.78759002685547
2017-06-02,124.58938598632812
2017-06-05,123.8143081665039
2017-06-06,123.6985092163086
2017-06-07,123.8143081665039
2017-06-08,125.50700378417969
2017-06-09,126.15731048583984
2017-06-12,125.95242309570312
2017-06-13,126.59388732910156
2017-06-14,125.84554290771484
2017-06-15,125.20409393310547
2017-06-16,124.89228057861328
2017-06-19,125.81880950927734
2017-06-20,124.54484558105469
2017-06-21,124.23307037353516
2017-06-22,124.70519256591797
2017-06-23,125.53368377685547
2017-06-26,125.68517303466797
2017-06-27,124.58049011230469
2017-06-28,126.4869613647461
2017-06-29,125.73858642578125
2017-06-30,125.54261779785156
2017-07-03,126.59388732910156
2017-07-05,126.13951873779297
2017-07-06,124.49229431152344
2017-07-07,125.7001724243164
2017-07-10,125.15443420410156
2017-07-11,125.52124786376953
2017-07-12,126.4875717163086
2017-07-13,126.5949478149414
2017-07-14,126.8096694946289
2017-07-17,127.10491180419922
2017-07-18,126.77391815185547
2017-07-19,128.0354461669922
2017-07-20,128.12489318847656
2017-07-21,127.54335021972656
2017-07-24,127.72229766845703
2017-07-25,128.88548278808594
2017-07-26,128.1696319580078
2017-07-27,127.35543823242188
2017-07-28,127.01542663574219
2017-07-31,126.61278533935547
2017-08-01,126.85441589355469
2017-08-02,125.46759033203125
2017-08-03,124.84130096435547
2017-08-04,125.44969177246094
2017-08-07,125.65550994873047
2017-08-08,125.26177215576172
2017-08-09,124.17915344238281
2017-08-10,121.9244613647461
2017-08-11,122.1034164428711
2017-08-14,123.9554672241211
2017-08-15,122.93551635742188
2017-08-16,122.97126007080078
2017-08-17,120.72554016113281
2017-08-18,120.7165756225586
2017-08-21,120.63607025146484
2017-08-22,121.94232940673828
2017-08-23,121.7455062866211
2017-08-24,122.12133026123047
2017-08-25,122.47022247314453
2017-08-28,122.98917388916016
2017-08-29,123.01602935791016
2017-08-30,123.8033447265625
2017-08-31,125.02021789550781
2017-09-01,125.72701263427734
2017-09-05,124.5191421508789
2017-09-06,124.77863311767578
2017-09-07,124.4654312133789
2017-09-08,124.56393432617188
2017-09-11,125.87019348144531
2017-09-12,126.63965606689453
2017-09-13,127.01542663574219
2017-09-14,126.8991470336914
2017-09-15,127.4180679321289
2017-09-18,128.2859649658203
2017-09-19,128.2859649658203
2017-09-20,128.69757080078125
2017-09-21,128.56332397460938
2017-09-22,129.10911560058594
2017-09-25,129.28805541992188
2017-09-26,129.69973754882812
2017-09-27,132.2379913330078
2017-09-28,132.58770751953125
2017-09-29,132.90164184570312
2017-10-02,134.53399658203125
2017-10-03,134.8299560546875
2017-10-04,134.3994598388672
2017-10-05,134.76718139648438
2017-10-06,134.57882690429688
2017-10-09,134.02281188964844
2017-10-10,134.40841674804688
2017-10-11,134.30978393554688
2017-10-12,134.21112060546875
2017-10-13,133.96893310546875
2017-10-16,133.8523406982422
2017-10-17,133.4666748046875
2017-10-18,134.10353088378906
2017-10-19,133.8971710205078
2017-10-20,134.5160369873047
2017-10-23,133.51153564453125
2017-10-24,133.78955078125
2017-10-25,133.143798828125
2017-10-26,133.42185974121094
2017-10-27,134.34567260742188
2017-10-30,132.92861938476562
2017-10-31,133.87026977539062
2017-11-01,132.9823455810547
2017-11-02,133.37698364257812
2017-11-03,133.287353515625
2017-11-06,133.4397735595703
2017-11-07,131.84327697753906
2017-11-08,132.0227508544922
2017-11-09,131.5563201904297
2017-11-10,131.45767211914062
2017-11-13,131.49351501464844
2017-11-14,131.13475036621094
2017-11-15,130.6145477294922
2017-11-16,132.53392028808594
2017-11-17,133.143798828125
2017-11-20,134.11248779296875
2017-11-21,135.5115966796875
2017-11-22,135.33224487304688
2017-11-24,135.3860321044922
2017-11-27,134.9734649658203
2017-11-28,137.09910583496094
2017-11-29,137.55648803710938
2017-11-30,137.80763244628906
2017-12-01,137.24266052246094
2017-12-04,136.73141479492188
2017-12-05,135.3680877685547
2017-12-06,134.73130798339844
2017-12-07,135.67303466796875
2017-12-08,135.79856872558594
2017-12-11,135.74478149414062
2017-12-12,135.32325744628906
2017-12-13,136.1304931640625
2017-12-14,134.6236572265625
2017-12-15,136.54306030273438
2017-12-18,138.39064025878906
2017-12-19,137.29641723632812
2017-12-20,137.5655059814453
2017-12-21,138.1678009033203
2017-12-22,137.91566467285156
2017-12-26,137.99671936035156
2017-12-27,137.86166381835938
2017-12-28,138.40185546875
2017-12-29,137.2584991455078
2018-01-02,138.5548858642578
2018-01-03,138.6988983154297
2018-01-04,139.06805419921875
2018-01-05,139.35614013671875
2018-01-08,139.57223510742188
2018-01-09,139.3831787109375
2018-01-10,139.40122985839844
2018-01-11,141.79598999023438
2018-01-12,142.39015197753906
2018-01-16,140.57156372070312
2018-01-17,141.90402221679688
2018-01-18,140.9316864013672
2018-01-19,142.78627014160156
2018-01-22,143.5515594482422
2018-01-23,144.01065063476562
2018-01-24,143.11936950683594
2018-01-25,143.17340087890625
2018-01-26,143.6865997314453
2018-01-29,142.87628173828125
2018-01-30,141.5078582763672
2018-01-31,140.76959228515625
2018-02-01,141.21072387695312
2018-02-02,138.49188232421875
2018-02-05,133.17117309570312
2018-02-06,134.76467895507812
2018-02-07,134.89971923828125
2018-02-08,130.93844604492188
2018-02-09,132.13580322265625
2018-02-12,133.38722229003906
2018-02-13,133.67532348632812
2018-02-14,136.07908630371094
2018-02-15,137.56455993652344
2018-02-16,138.0507354736328
2018-02-20,136.9163818359375
2018-02-21,137.06044006347656
2018-02-22,136.8443603515625
2018-02-23,138.62698364257812
2018-02-26,139.53627014160156
2018-02-27,137.52857971191406
2018-02-28,135.35887145996094
2018-03-01,134.9987335205078
2018-03-02,137.15943908691406
2018-03-05,138.3838348388672
2018-03-06,139.87838745117188
2018-03-07,141.11172485351562
2018-03-08,140.8236846923828
2018-03-09,143.07437133789062
2018-03-12,143.32647705078125
2018-03-13,142.66021728515625
2018-03-14,141.98500061035156
2018-03-15,141.27378845214844
2018-03-16,142.06600952148438
2018-03-19,140.69761657714844
2018-03-20,140.6615447998047
2018-03-21,141.4808807373047
2018-03-22,138.3784942626953
2018-03-23,135.40066528320312
2018-03-26,138.36045837402344
2018-03-27,135.68043518066406
2018-03-28,135.63531494140625
2018-03-29,137.00692749023438
2018-04-02,133.66810607910156
2018-04-03,135.5811309814453
2018-04-04,137.30467224121094
2018-04-05,138.441650390625
2018-04-06,135.68043518066406
2018-04-09,135.84286499023438
2018-04-10,138.40560913085938
2018-04-11,138.70338439941406
2018-04-12,139.65084838867188
2018-04-13,138.91998291015625
2018-04-16,140.20130920410156
2018-04-17,141.72634887695312
2018-04-18,142.10528564453125
2018-04-19,141.1217041015625
2018-04-20,140.36370849609375
2018-04-23,140.15618896484375
2018-04-24,139.3530731201172
2018-04-25,139.1455078125
2018-04-26,139.7862091064453
2018-04-27,139.58767700195312
2018-04-30,138.35147094726562
2018-05-01,139.0282745361328
2018-05-02,139.55154418945312
2018-05-03,138.79359436035156
2018-05-04,140.526123046875
2018-05-07,141.71730041503906
2018-05-08,142.42112731933594
2018-05-09,143.18814086914062
2018-05-10,143.95516967773438
2018-05-11,144.23489379882812
2018-05-14,143.6844482421875
2018-05-15,143.71151733398438
2018-05-16,145.2094268798828
2018-05-17,145.87721252441406
2018-05-18,146.06668090820312
2018-05-21,147.03224182128906
2018-05-22,145.96743774414062
2018-05-23,146.15692138671875
2018-05-24,146.21107482910156
2018-05-25,145.9494171142578
2018-05-29,145.75088500976562
2018-05-30,148.06094360351562
2018-05-31,146.8788299560547
2018-06-01,147.84434509277344
2018-06-04,148.62939453125
2018-06-05,149.5498809814453
2018-06-06,150.63262939453125
2018-06-07,149.8115692138672
2018-06-08,150.26272583007812
2018-06-11,150.48834228515625
2018-06-12,151.1741180419922
2018-06-13,150.5785675048828
2018-06-14,151.38165283203125
2018-06-15,151.42677307128906
2018-06-18,152.1396484375
2018-06-19,152.14866638183594
2018-06-20,153.37588500976562
2018-06-21,151.9411163330078
2018-06-22,151.43580627441406
2018-06-25,148.9633331298828
2018-06-26,149.82957458496094
2018-06-27,147.4292755126953
2018-06-28,147.88043212890625
2018-06-29,147.78126525878906
2018-07-02,148.80091857910156
2018-07-03,149.3940887451172
2018-07-05,151.0966796875
2018-07-06,152.3736572265625
2018-07-09,153.3335723876953
2018-07-10,152.63626098632812
2018-07-11,151.3412628173828
2018-07-12,152.07476806640625
2018-07-13,151.6219482421875
2018-07-16,151.03326416015625
2018-07-17,151.7034454345703
2018-07-18,152.1291046142578
2018-07-19,153.206787109375
2018-07-20,152.58192443847656
2018-07-23,152.77210998535156
2018-07-24,151.14195251464844
2018-07-25,151.69442749023438
2018-07-26,152.5094757080078
2018-07-27,149.6656951904297
2018-07-30,148.7057647705078
2018-07-31,150.21815490722656
2018-08-01,150.1185760498047
2018-08-02,151.21441650390625
2018-08-03,150.68911743164062
2018-08-06,151.53143310546875
2018-08-07,151.89358520507812
2018-08-08,151.75778198242188
2018-08-09,152.14723205566406
2018-08-10,151.72154235839844
2018-08-13,150.8340606689453
2018-08-14,152.32830810546875
2018-08-15,150.41741943359375
2018-08-16,151.81216430664062
2018-08-17,152.4642333984375
2018-08-20,152.88983154296875
2018-08-21,154.64678955078125
2018-08-22,155.0271759033203
2018-08-23,154.5562286376953
2018-08-24,155.39846801757812
2018-08-27,155.6248779296875
2018-08-28,155.76974487304688
2018-08-29,156.22259521484375
2018-08-30,156.09584045410156
2018-08-31,156.69351196289062
2018-09-04,155.9961395263672
2018-09-05,155.57957458496094
2018-09-06,154.5290069580078
2018-09-07,154.44752502441406
2018-09-10,154.63771057128906
2018-09-11,154.8912811279297
2018-09-12,154.51995849609375
2018-09-13,154.5562286376953
2018-09-14,155.20826721191406
2018-09-17,153.56002807617188
2018-09-18,154.20301818847656
2018-09-19,153.64149475097656
2018-09-20,155.06338500976562
2018-09-21,154.32073974609375
2018-09-24,153.7501983642578
2018-09-25,153.9856719970703
2018-09-26,152.5782470703125
2018-09-27,152.58731079101562
2018-09-28,153.0503692626953
2018-10-01,151.0345458984375
2018-10-02,149.40008544921875
2018-10-03,150.7076416015625
2018-10-04,148.59190368652344
2018-10-05,147.24795532226562
2018-10-08,146.93931579589844
2018-10-09,146.36715698242188
2018-10-10,142.16293334960938
2018-10-11,139.44790649414062
2018-10-12,139.4751739501953
2018-10-15,139.9927215576172
2018-10-16,144.05166625976562
2018-10-17,143.43423461914062
2018-10-18,140.74639892578125
2018-10-19,139.25723266601562
2018-10-22,138.9575653076172
2018-10-23,137.71360778808594
2018-10-24,132.5286407470703
2018-10-25,135.39804077148438
2018-10-26,133.91795349121094
2018-10-29,133.18240356445312
2018-10-30,135.96099853515625
2018-10-31,136.23342895507812
2018-11-01,139.37522888183594
2018-11-02,139.83831787109375
2018-11-05,139.72940063476562
2018-11-06,140.41957092285156
2018-11-07,142.934814453125
2018-11-08,142.5534210205078
2018-11-09,139.91102600097656
2018-11-12,137.1415252685547
2018-11-13,136.70562744140625
2018-11-14,135.706787109375
2018-11-15,137.64097595214844
2018-11-16,137.9678192138672
2018-11-19,135.1710205078125
2018-11-20,132.5649871826172
2018-11-21,134.41737365722656
2018-11-23,134.29025268554688
2018-11-26,136.03366088867188
2018-11-27,134.90768432617188
2018-11-28,138.240234375
2018-11-29,137.86795043945312
2018-11-30,138.5852508544922
2018-12-03,139.91102600097656
2018-12-04,133.9542999267578
2018-12-06,133.6636962890625
2018-12-07,130.776123046875
2018-12-10,130.39476013183594
2018-12-11,130.258544921875
2018-12-12,131.5025634765625
2018-12-13,129.64108276367188
2018-12-14,127.67967224121094
2018-12-17,124.8362045288086
2018-12-18,124.68133544921875
2018-12-19,122.0847396850586
2018-12-20,120.07125854492188
2018-12-21,116.95536041259766
2018-12-24,114.686767578125
2018-12-26,120.19880676269531
2018-12-27,120.69989013671875
2018-12-28,121.04613494873047
2018-12-31,121.99362182617188
2019-01-02,122.68607330322266
2019-01-03,120.4903564453125
2019-01-04,124.9910888671875
2019-01-07,127.17770385742188
2019-01-08,129.12741088867188
2019-01-09,130.19337463378906
2019-01-10,130.8675537109375
2019-01-11,130.90403747558594
2019-01-14,129.6011962890625
2019-01-15,130.69447326660156
2019-01-16,131.66932678222656
2019-01-17,132.86285400390625
2019-01-18,134.22943115234375
2019-01-22,132.1066436767578
2019-01-23,131.7422637939453
2019-01-24,132.5348663330078
2019-01-25,134.23858642578125
2019-01-28,133.51878356933594
2019-01-29,133.19996643066406
2019-01-30,134.65765380859375
2019-01-31,135.80564880371094
2019-02-01,135.91497802734375
2019-02-04,137.5366668701172
2019-02-05,137.68246459960938
2019-02-06,137.5093231201172
2019-02-07,136.379638671875
2019-02-08,136.52537536621094
2019-02-11,137.66424560546875
2019-02-12,139.38616943359375
2019-02-13,139.77793884277344
2019-02-14,140.0968475341797
2019-02-15,142.32896423339844
2019-02-19,142.72073364257812
2019-02-20,143.3948516845703
2019-02-21,142.8483123779297
2019-02-22,144.08731079101562
2019-02-25,144.12380981445312
2019-02-26,143.13070678710938
2019-02-27,143.33116149902344
2019-02-28,142.83912658691406
2019-03-01,144.1693878173828
2019-03-04,142.8665008544922
2019-03-05,142.201416015625
2019-03-06,139.41354370117188
2019-03-07,138.192626953125
2019-03-08,138.15621948242188
2019-03-11,140.570556640625
2019-03-12,140.64346313476562
2019-03-13,141.19923400878906
2019-03-14,140.62527465820312
2019-03-15,140.99880981445312
2019-03-18,141.90077209472656
2019-03-19,141.1809844970703
2019-03-20,140.00442504882812
2019-03-21,141.84054565429688
2019-03-22,136.67921447753906
2019-03-25,137.2821502685547
2019-03-26,138.72549438476562
2019-03-27,138.1864776611328
2019-03-28,139.4197540283203
2019-03-29,139.84912109375
2019-04-01,141.37466430664062
2019-04-02,141.00926208496094
2019-04-03,141.74009704589844
2019-04-04,142.434326171875
2019-04-05,143.76803588867188
2019-04-08,143.5305633544922
2019-04-09,141.776611328125
2019-04-10,143.7041015625
2019-04-11,143.52137756347656
2019-04-12,144.0421142578125
2019-04-15,143.57623291015625
2019-04-16,143.91419982910156
2019-04-17,142.59872436523438
2019-04-18,142.17848205566406
2019-04-22,141.80398559570312
2019-04-23,143.941650390625
2019-04-24,144.38922119140625
2019-04-25,143.1925506591797
2019-04-26,144.58108520507812
2019-04-29,145.2753143310547
2019-04-30,144.599365234375
2019-05-01,143.22909545898438
2019-05-02,143.8959503173828
2019-05-03,146.64561462402344
2019-05-06,146.81005859375
2019-05-07,143.9051055908203
2019-05-08,143.20169067382812
2019-05-09,142.68101501464844
2019-05-10,143.07376098632812
2019-05-13,138.51535034179688
2019-05-14,140.2601776123047
2019-05-15,140.7169189453125
2019-05-16,141.59388732910156
2019-05-17,139.62071228027344
2019-05-20,138.65237426757812
2019-05-21,140.51593017578125
2019-05-22,139.33753967285156
2019-05-23,136.46908569335938
2019-05-24,137.748046875
2019-05-28,136.65187072753906
2019-05-29,135.5099334716797
2019-05-30,135.13539123535156
2019-05-31,133.24444580078125
2019-06-03,133.71031188964844
2019-06-04,137.17254638671875
2019-06-05,137.1999053955078
2019-06-06,136.84368896484375
2019-06-07,137.81198120117188
2019-06-10,138.625
2019-06-11,138.21389770507812
2019-06-12,138.3691864013672
2019-06-13,139.83084106445312
2019-06-14,138.60670471191406
2019-06-17,139.56288146972656
2019-06-18,141.1854705810547
2019-06-19,141.68968200683594
2019-06-20,142.3589324951172
2019-06-21,141.13046264648438
2019-06-24,139.41619873046875
2019-06-25,138.56361389160156
2019-06-26,138.24276733398438
2019-06-27,140.83714294433594
2019-06-28,142.55145263671875
2019-07-01,143.10147094726562
2019-07-02,142.2305450439453
2019-07-03,143.24810791015625
2019-07-05,143.63314819335938
2019-07-08,142.26719665527344
2019-07-09,142.459716796875
2019-07-10,142.70726013183594
2019-07-11,142.01052856445312
2019-07-12,143.11062622070312
2019-07-15,142.3589324951172
2019-07-16,142.3130340576172
2019-07-17,141.29542541503906
2019-07-18,141.8272247314453
2019-07-19,141.01129150390625
2019-07-22,140.88294982910156
2019-07-23,141.8179931640625
2019-07-24,144.16485595703125
2019-07-25,142.42306518554688
2019-07-26,144.10983276367188
2019-07-29,143.1472625732422
2019-07-30,144.69651794433594
2019-07-31,143.523193359375
2019-08-01,141.44210815429688
2019-08-02,139.8745880126953
2019-08-05,135.6759490966797
2019-08-06,136.92266845703125
2019-08-07,136.88600158691406
2019-08-08,139.8378448486328
2019-08-09,138.07777404785156
2019-08-12,136.29013061523438
2019-08-13,137.75692749023438
2019-08-14,133.90664672851562
2019-08-15,133.37496948242188
2019-08-16,136.25344848632812
2019-08-19,137.6286163330078
2019-08-20,136.73016357421875
2019-08-21,137.85775756835938
2019-08-22,137.536865234375
2019-08-23,133.31993103027344
2019-08-26,134.78671264648438
2019-08-27,132.7882537841797
2019-08-28,134.33749389648438
2019-08-29,136.69351196289062
2019-08-30,136.4459991455078
2019-09-03,134.44752502441406
2019-09-04,135.52923583984375
2019-09-05,138.05023193359375
2019-09-06,137.41769409179688
2019-09-09,139.26036071777344
2019-09-10,141.03880310058594
2019-09-11,143.9264678955078
2019-09-12,143.96311950683594
2019-09-13,144.210693359375
2019-09-16,144.75155639648438
2019-09-17,144.3756866455078
2019-09-18,143.48648071289062
2019-09-19,142.78977966308594
2019-09-20,142.48721313476562
2019-09-23,142.37722778320312
2019-09-24,140.22824096679688
2019-09-25,141.76454162597656
2019-09-26,140.18223571777344
2019-09-27,139.05987548828125
2019-09-30,139.2254180908203
2019-10-01,136.49319458007812
2019-10-02,135.46286010742188
2019-10-03,135.91366577148438
2019-10-04,137.20156860351562
2019-10-07,136.96243286132812
2019-10-08,134.73611450195312
2019-10-09,135.3524932861328
2019-10-10,135.895263671875
2019-10-11,138.19512939453125
2019-10-14,137.68917846679688
2019-10-15,139.27146911621094
2019-10-16,139.41868591308594
2019-10-17,141.0653839111328
2019-10-18,140.39381408691406
2019-10-21,141.7093963623047
2019-10-22,141.86572265625
2019-10-23,142.04049682617188
2019-10-24,141.83815002441406
2019-10-25,142.59251403808594
2019-10-28,143.8252410888672
2019-10-29,144.29441833496094
2019-10-30,143.81605529785156
2019-10-31,143.00650024414062
2019-11-01,145.44436645507812
2019-11-04,146.226318359375
2019-11-05,146.41030883789062
2019-11-06,145.56393432617188
2019-11-07,145.95030212402344
2019-11-08,146.3459014892578
2019-11-11,146.06993103027344
2019-11-12,146.11590576171875
2019-11-13,145.4903106689453
2019-11-14,145.44436645507812
2019-11-15,146.19869995117188
2019-11-18,145.83071899414062
2019-11-19,146.3734893798828
2019-11-20,145.82151794433594
2019-11-21,145.1039581298828
2019-11-22,145.5547332763672
2019-11-25,148.64578247070312
2019-11-26,148.7469482421875
2019-11-27,149.79574584960938
2019-11-29,148.82061767578125
2019-12-02,147.36705017089844
2019-12-03,146.89788818359375
2019-12-04,147.9098358154297
2019-12-05,148.0570068359375
2019-12-06,149.7865753173828
2019-12-09,149.50135803222656
2019-12-10,149.5933074951172
2019-12-11,149.54734802246094
2019-12-12,150.83529663085938
2019-12-13,150.2556915283203
2019-12-16,151.31475830078125
2019-12-17,152.0718994140625
2019-12-18,152.36734008789062
2019-12-19,153.02284240722656
2019-12-20,153.2445068359375
2019-12-23,153.54916381835938
2019-12-24,153.90005493164062
2019-12-26,153.90005493164062
2019-12-27,153.14291381835938
2019-12-30,152.75515747070312
2019-12-31,152.96749877929688
2020-01-02,153.069091796875
2020-01-03,152.46893310546875
2020-01-06,152.6720428466797
2020-01-07,152.1642303466797
2020-01-08,152.63507080078125
2020-01-09,152.81976318359375
2020-01-10,152.247314453125
2020-01-13,153.2353057861328
2020-01-14,153.79844665527344
2020-01-15,154.5371551513672
2020-01-16,156.5315704345703
2020-01-17,156.10682678222656
2020-01-21,154.81414794921875
2020-01-22,154.71258544921875
2020-01-23,154.61102294921875
2020-01-24,152.70896911621094
2020-01-27,150.97312927246094
2020-01-28,152.22882080078125
2020-01-29,151.3609619140625
2020-01-30,151.3609619140625
2020-01-31,148.2216033935547
2020-02-03,149.87437438964844
2020-02-04,152.13656616210938
2020-02-05,154.48178100585938
2020-02-06,154.1309051513672
2020-02-07,152.2380828857422
2020-02-10,153.09678649902344
2020-02-11,154.1586151123047
2020-02-12,155.22039794921875
2020-02-13,155.62673950195312
2020-02-14,155.02651977539062
2020-02-18,154.69410705566406
2020-02-19,155.4881591796875
2020-02-20,155.8667449951172
2020-02-21,154.287841796875
2020-02-24,149.64352416992188
2020-02-25,144.3251953125
2020-02-26,142.65396118164062
2020-02-27,137.6310272216797
2020-02-28,135.11041259765625
2020-03-02,139.4500274658203
2020-03-03,136.60614013671875
2020-03-04,140.49334716796875
2020-03-05,136.0244903564453
2020-03-06,133.32830810546875
2020-03-09,120.36486053466797
2020-03-10,124.12277221679688
2020-03-11,116.22834014892578
2020-03-12,103.3848648071289
2020-03-13,110.30982208251953
2020-03-16,95.67509460449219
2020-03-17,100.0608901977539
2020-03-18,92.30496215820312
2020-03-19,95.90592956542969
2020-03-20,93.62532043457031
2020-03-23,92.24032592773438
2020-03-24,100.67951202392578
2020-03-25,101.93083190917969
2020-03-26,108.27078247070312
2020-03-27,104.33148956298828
2020-03-30,106.63021087646484
2020-03-31,106.09259796142578
2020-04-01,98.86282348632812
2020-04-02,99.79895782470703
2020-04-03,96.971923828125
2020-04-06,104.3963623046875
2020-04-07,104.66516876220703
2020-04-08,109.43868255615234
2020-04-09,114.67566680908203
2020-04-13,111.57056427001953
2020-04-14,113.83219146728516
2020-04-15,109.18844604492188
2020-04-16,108.36349487304688
2020-04-17,113.13700866699219
2020-04-20,111.80227661132812
2020-04-21,109.1328125
2020-04-22,110.45828247070312
2020-04-23,111.5427474975586
2020-04-24,113.46142578125
2020-04-27,117.9568862915039
2020-04-28,119.671630859375
2020-04-29,125.55743408203125
2020-04-30,120.78388977050781
2020-05-01,115.9918441772461
2020-05-04,116.49237823486328
2020-05-05,117.3914794921875
2020-05-06,116.52943420410156
2020-05-07,118.12372589111328
2020-05-08,122.68408203125
2020-05-11,122.07228088378906
2020-05-12,117.68807983398438
2020-05-13,113.74876403808594
2020-05-14,114.11951446533203
2020-05-15,115.93624877929688
2020-05-18,122.98065185546875
2020-05-19,120.55218505859375
2020-05-20,124.20413208007812
2020-05-21,124.42662811279297
2020-05-22,125.0290756225586
2020-05-26,128.63473510742188
2020-05-27,132.62965393066406
2020-05-28,129.48745727539062
2020-05-29,128.74600219726562
2020-06-01,129.97872924804688
2020-06-02,131.053955078125
2020-06-03,134.21463012695312
2020-06-04,134.02000427246094
2020-06-05,139.20132446289062
2020-06-08,141.8986358642578
2020-06-09,139.2755126953125
2020-06-10,135.49374389648438
2020-06-11,125.15887451171875
2020-06-12,128.16200256347656
2020-06-15,131.12506103515625
2020-06-16,134.27792358398438
2020-06-17,131.8504638671875
2020-06-18,131.80404663085938
2020-06-19,131.12506103515625
2020-06-22,132.43641662597656
2020-06-23,132.9944305419922
2020-06-24,128.6791534423828
2020-06-25,130.62289428710938
2020-06-26,127.10733032226562
2020-06-29,131.26463317871094
2020-06-30,133.16184997558594
2020-07-01,131.8970184326172
2020-07-02,132.43641662597656
2020-07-06,133.3943634033203
2020-07-07,131.03207397460938
2020-07-08,132.00860595703125
2020-07-09,129.33946228027344
2020-07-10,131.42266845703125
2020-07-13,129.7579345703125
2020-07-14,131.9062957763672
2020-07-15,136.7425079345703
2020-07-16,135.93341064453125
2020-07-17,136.33328247070312
2020-07-20,135.7473602294922
2020-07-21,137.67250061035156
2020-07-22,137.7469482421875
2020-07-23,137.8863983154297
2020-07-24,135.8589324951172
2020-07-27,137.2725830078125
2020-07-28,135.90542602539062
2020-07-29,138.90016174316406
2020-07-30,138.35142517089844
2020-07-31,137.0493927001953
2020-08-03,139.28147888183594
2020-08-04,140.23941040039062
2020-08-05,143.02947998046875
2020-08-06,142.97369384765625
2020-08-07,145.24295043945312
2020-08-10,146.7495880126953
2020-08-11,145.90325927734375
2020-08-12,146.49853515625
2020-08-13,146.19158935546875
2020-08-14,146.0986328125
2020-08-17,146.8518829345703
2020-08-18,145.44757080078125
2020-08-19,145.45689392089844
2020-08-20,144.86163330078125
2020-08-21,143.7921600341797
2020-08-24,145.2987823486328
2020-08-25,145.45689392089844
2020-08-26,144.54547119140625
2020-08-27,144.89886474609375
2020-08-28,146.12648010253906
2020-08-31,144.5547332763672
2020-09-01,146.2101593017578
2020-09-02,147.3727264404297
2020-09-03,143.0201873779297
2020-09-04,142.1087646484375
2020-09-08,139.37448120117188
2020-09-09,141.48565673828125
2020-09-10,139.64419555664062
2020-09-11,138.71414184570312
2020-09-14,142.36915588378906
2020-09-15,142.63885498046875
2020-09-16,143.98744201660156
2020-09-17,142.93649291992188
2020-09-18,142.56442260742188
2020-09-21,137.5701904296875
2020-09-22,138.6304473876953
2020-09-23,134.50027465820312
2020-09-24,134.50027465820312
2020-09-25,136.68487548828125
2020-09-28,140.05508422851562
2020-09-29,139.42025756835938
2020-09-30,139.84036254882812
2020-10-01,142.07156372070312
2020-10-02,142.69711303710938
2020-10-05,146.63677978515625
2020-10-06,146.21665954589844
2020-10-07,149.40956115722656
2020-10-08,151.10862731933594
2020-10-09,151.892822265625
2020-10-12,152.9104461669922
2020-10-13,151.892822265625
2020-10-14,150.38978576660156
2020-10-15,151.93951416015625
2020-10-16,151.5660858154297
2020-10-19,149.75494384765625
2020-10-20,150.08169555664062
2020-10-21,148.79336547851562
2020-10-22,151.36070251464844
2020-10-23,152.2382354736328
2020-10-26,148.95205688476562
2020-10-27,147.67308044433594
2020-10-28,143.12657165527344
2020-10-29,144.8349609375
2020-10-30,142.92115783691406
2020-11-02,145.46983337402344
2020-11-03,149.59622192382812
2020-11-04,149.76426696777344
2020-11-05,153.95606994628906
2020-11-06,152.75169372558594
2020-11-09,158.28781127929688
2020-11-10,161.22860717773438
2020-11-11,161.16326904296875
2020-11-12,158.689208984375
2020-11-13,161.9754638671875
2020-11-16,165.8311309814453
2020-11-17,166.60598754882812
2020-11-18,164.2720489501953
2020-11-19,165.5323944091797
2020-11-20,165.70974731445312
2020-11-23,168.80921936035156
2020-11-24,171.98336791992188
2020-11-25,171.395263671875
2020-11-27,172.1234130859375
2020-11-30,168.9959259033203
2020-12-01,170.56431579589844
2020-12-02,170.74171447753906
2020-12-03,171.70330810546875
2020-12-04,175.69900512695312
2020-12-07,175.8670654296875
2020-12-08,178.12631225585938
2020-12-09,176.82862854003906
2020-12-10,178.537109375
2020-12-11,177.65956115722656
2020-12-14,177.867431640625
2020-12-15,182.31570434570312
2020-12-16,181.6602020263672
2020-12-17,183.82350158691406
2020-12-18,182.933837890625
2020-12-21,182.8402099609375
2020-12-22,184.919189453125
2020-12-23,186.4924774169922
2020-12-24,186.37071228027344
2020-12-28,185.677734375
2020-12-29,182.08163452148438
2020-12-30,183.9358673095703
2020-12-31,183.60812377929688
2021-01-04,181.21067810058594
2021-01-05,184.0107879638672
2021-01-06,191.54013061523438
2021-01-07,194.94900512695312
2021-01-08,194.52755737304688
2021-01-11,194.35897827148438
2021-01-12,197.8427276611328
2021-01-13,196.42864990234375
2021-01-14,200.35255432128906
2021-01-15,197.3651580810547
2021-01-19,199.89364624023438
2021-01-20,200.77395629882812
2021-01-21,199.0321044921875
2021-01-22,201.34523010253906
2021-01-25,201.1485137939453
2021-01-26,199.753173828125
2021-01-27,196.0914764404297
2021-01-28,195.46405029296875
2021-01-29,192.5047607421875
2021-02-01,197.23403930664062
2021-02-02,200.04347229003906
2021-02-03,200.642822265625
2021-02-04,204.73532104492188
2021-02-05,207.57286071777344
2021-02-08,212.8734130859375
2021-02-09,213.87542724609375
2021-02-10,212.47071838378906
2021-02-11,212.22720336914062
2021-02-12,212.82656860351562
2021-02-16,211.48739624023438
2021-02-17,209.82981872558594
2021-02-18,206.58016967773438
2021-02-19,210.88803100585938
2021-02-22,209.52078247070312
2021-02-23,207.67588806152344
2021-02-24,212.5830841064453
2021-02-25,204.7259521484375
2021-02-26,204.44497680664062
2021-03-01,211.71212768554688
2021-03-02,207.63844299316406
2021-03-03,205.39083862304688
2021-03-04,199.65016174316406
2021-03-05,203.88311767578125
2021-03-08,204.8477020263672
2021-03-09,209.155517578125
2021-03-10,212.7891082763672
2021-03-11,217.4716033935547
2021-03-12,218.75457763671875
2021-03-15,219.53184509277344
2021-03-16,215.8607635498047
2021-03-17,217.55587768554688
2021-03-18,210.93487548828125
2021-03-19,212.52688598632812
2021-03-22,210.92547607421875
2021-03-23,203.2743377685547
2021-03-24,198.57322692871094
2021-03-25,203.2813720703125
2021-03-26,206.98745727539062
2021-03-29,201.160888671875
2021-03-30,204.5479736328125
2021-03-31,207.29705810546875
2021-04-01,209.9241485595703
2021-04-05,211.07821655273438
2021-04-06,210.45896911621094
2021-04-07,207.0625
2021-04-08,208.81700134277344
2021-04-09,208.8451690673828
2021-04-12,208.0289306640625
2021-04-13,207.48468017578125
2021-04-14,209.53009033203125
2021-04-15,210.440185546875
2021-04-16,210.7779998779297
2021-04-19,208.0382537841797
2021-04-20,203.7786102294922
2021-04-21,208.76072692871094
2021-04-22,207.89755249023438
2021-04-23,211.81944274902344
2021-04-26,214.02430725097656
2021-04-27,214.34335327148438
2021-04-28,214.70924377441406
2021-04-29,213.9116973876953
2021-04-30,211.00311279296875
2021-05-03,212.0352020263672
2021-05-04,209.50196838378906
2021-05-05,208.66690063476562
2021-05-06,208.8451690673828
2021-05-07,211.47227478027344
2021-05-10,206.0960693359375
2021-05-11,205.43930053710938
2021-05-12,198.76834106445312
2021-05-13,202.4275360107422
2021-05-14,207.37210083007812
2021-05-17,207.65357971191406
2021-05-18,206.0773468017578
2021-05-19,204.49169921875
2021-05-20,205.8521728515625
2021-05-21,206.38693237304688
2021-05-24,207.7286834716797
2021-05-25,205.72079467773438
2021-05-26,209.55824279785156
2021-05-27,211.71621704101562
2021-05-28,211.57553100585938
2021-06-01,213.97740173339844
2021-06-02,214.23072814941406
2021-06-03,212.43865966796875
2021-06-04,213.35813903808594
2021-06-07,216.21978759765625
2021-06-08,218.50918579101562
2021-06-09,217.0548553466797
2021-06-10,215.44522094726562
2021-06-11,217.71922302246094
2021-06-14,217.0802001953125
2021-06-15,216.46005249023438
2021-06-16,215.9995880126953
2021-06-17,213.5753173828125
2021-06-18,208.72665405273438
2021-06-21,213.19004821777344
2021-06-22,214.1579132080078
2021-06-23,214.8626708984375
2021-06-24,217.8977508544922
2021-06-25,218.26419067382812
2021-06-28,216.53524780273438
2021-06-29,215.50157165527344
2021-06-30,215.52976989746094
2021-07-01,217.42788696289062
2021-07-02,215.3606414794922
2021-07-06,212.23162841796875
2021-07-07,210.2582550048828
2021-07-08,208.32260131835938
2021-07-09,212.72021484375
2021-07-12,212.8987579345703
2021-07-13,208.88638305664062
2021-07-14,205.66336059570312
2021-07-15,204.4982147216797
2021-07-16,201.97988891601562
2021-07-19,198.9541778564453
2021-07-20,205.1277618408203
2021-07-21,208.66087341308594
2021-07-22,205.34388732910156
2021-07-23,206.3023223876953
2021-07-26,206.9037322998047
2021-07-27,204.48878479003906
2021-07-28,207.4957275390625
2021-07-29,209.09312438964844
2021-07-30,207.7118377685547
2021-08-02,206.67816162109375
2021-08-03,207.5332794189453
2021-08-04,204.94921875
2021-08-05,208.63270568847656
2021-08-06,209.91062927246094
2021-08-09,208.75482177734375
2021-08-10,209.16830444335938
2021-08-11,210.1925506591797
2021-08-12,209.69448852539062
2021-08-13,207.78701782226562
2021-08-16,205.851318359375
2021-08-17,203.34239196777344
2021-08-18,201.5664520263672
2021-08-19,199.1515350341797
2021-08-20,202.51551818847656
2021-08-23,206.3681182861328
2021-08-24,208.39772033691406
2021-08-25,209.1307373046875
2021-08-26,206.91310119628906
2021-08-27,212.74838256835938
2021-08-30,211.87452697753906
2021-08-31,212.28793334960938
2021-09-01,213.71629333496094
2021-09-02,215.20094299316406
2021-09-03,214.20489501953125
2021-09-07,212.72962951660156
2021-09-08,210.40867614746094
2021-09-09,210.30531311035156
2021-09-10,208.24742126464844
2021-09-13,209.431396484375
2021-09-14,206.7627410888672
2021-09-15,208.63270568847656
2021-09-16,208.78305053710938
2021-09-17,209.0554962158203
2021-09-20,204.08473205566406
2021-09-21,204.3948211669922
2021-09-22,207.57089233398438
2021-09-23,211.24496459960938
2021-09-24,210.22604370117188
2021-09-27,213.4212188720703
2021-09-28,208.56729125976562
2021-09-29,208.12432861328125
2021-09-30,206.17332458496094
2021-10-01,209.5003662109375
2021-10-04,207.59649658203125
2021-10-05,208.31285095214844
2021-10-06,207.2289581298828
2021-10-07,210.42401123046875
2021-10-08,208.84060668945312
2021-10-11,207.64366149902344
2021-10-12,208.78408813476562
2021-10-13,209.7737274169922
2021-10-14,212.88397216796875
2021-10-15,212.21478271484375
2021-10-18,212.09230041503906
2021-10-19,212.88397216796875
2021-10-20,214.29776000976562
2021-10-21,214.84439086914062
2021-10-22,214.33543395996094
2021-10-25,216.37123107910156
2021-10-26,214.7406768798828
2021-10-27,210.7915802001953
2021-10-28,214.9951934814453
2021-10-29,214.9386444091797
2021-11-01,220.5088653564453
2021-11-02,220.9706573486328
2021-11-03,224.91978454589844
2021-11-04,224.8349609375
2021-11-05,227.90750122070312
2021-11-08,228.61439514160156
2021-11-09,227.28549194335938
2021-11-10,223.70394897460938
2021-11-11,225.50411987304688
2021-11-12,225.73031616210938
2021-11-15,224.8349609375
2021-11-16,225.2496795654297
2021-11-17,222.2996063232422
2021-11-18,221.3571014404297
2021-11-19,219.34011840820312
2021-11-22,218.4070587158203
2021-11-23,218.03005981445312
2021-11-24,218.26568603515625
2021-11-26,210.03761291503906
2021-11-29,209.90567016601562
2021-11-30,205.62669372558594
2021-12-01,200.9989471435547
2021-12-02,206.6068572998047
2021-12-03,202.36563110351562
2021-12-06,206.42782592773438
2021-12-07,211.2157440185547
2021-12-08,212.6577606201172
2021-12-09,207.84156799316406
2021-12-10,207.26663208007812
2021-12-13,204.23765563964844
2021-12-14,202.47927856445312
2021-12-15,205.6935272216797
2021-12-16,201.53392028808594
2021-12-17,203.3868408203125
2021-12-20,200.53184509277344
2021-12-21,206.2607421875
2021-12-22,208.24603271484375
2021-12-23,209.9098663330078
2021-12-27,211.87620544433594
2021-12-28,210.58111572265625
2021-12-29,210.80796813964844
2021-12-30,210.7512664794922
2021-12-31,210.29747009277344
2022-01-03,213.01071166992188
2022-01-04,212.6892547607422
2022-01-05,205.48556518554688
2022-01-06,206.6578369140625
2022-01-07,204.26602172851562
2022-01-10,203.55697631835938
2022-01-11,205.721923828125
2022-01-12,204.19039916992188
2022-01-13,202.3185577392578
2022-01-14,202.60218811035156
2022-01-18,196.4761962890625
2022-01-19,193.28079223632812
2022-01-20,189.78297424316406
2022-01-21,186.22837829589844
2022-01-24,190.52037048339844
2022-01-25,187.97727966308594
2022-01-26,185.2640838623047
2022-01-27,181.05723571777344
2022-01-28,184.5834197998047
2022-01-31,190.2461700439453
2022-02-01,192.25038146972656
2022-02-02,190.3406982421875
2022-02-03,186.73886108398438
2022-02-04,187.54244995117188
2022-02-07,188.4689178466797
2022-02-08,191.68312072753906
2022-02-09,195.3228302001953
2022-02-10,192.32598876953125
2022-02-11,190.37852478027344
2022-02-14,189.71678161621094
2022-02-15,194.80287170410156
2022-02-16,195.20938110351562
2022-02-17,190.20835876464844
2022-02-18,188.5729217529297
2022-02-22,185.9164276123047
2022-02-23,182.4374237060547
2022-02-24,187.22105407714844
2022-02-25,191.43734741210938
2022-02-28,192.21253967285156
2022-03-01,188.59182739257812
2022-03-02,193.0823211669922
2022-03-03,190.79452514648438
2022-03-04,187.80712890625
2022-03-07,183.1370086669922
2022-03-08,184.1485595703125
2022-03-09,189.338623046875
2022-03-10,188.99830627441406
2022-03-11,185.98255920410156
2022-03-14,182.1821746826172
2022-03-15,185.08445739746094
2022-03-16,190.907958984375
2022-03-17,193.90476989746094
2022-03-18,195.94680786132812
2022-03-21,194.21673583984375
2022-03-22,196.16419982910156
2022-03-23,192.7608642578125
2022-03-24,194.97740173339844
2022-03-25,195.2425994873047
2022-03-28,195.30892944335938
2022-03-29,200.53761291503906
2022-03-30,196.51193237304688
2022-03-31,194.4374542236328
2022-04-01,196.61607360839844
2022-04-04,196.93814086914062
2022-04-05,192.2777862548828
2022-04-06,189.54977416992188
2022-04-07,188.93408203125
2022-04-08,187.42794799804688
2022-04-11,186.16818237304688
2022-04-12,186.75547790527344
2022-04-13,190.30755615234375
2022-04-14,188.4605255126953
2022-04-18,187.19117736816406
2022-04-19,190.92324829101562
2022-04-20,191.65261840820312
2022-04-21,187.3616943359375
2022-04-22,182.5118408203125
2022-04-25,183.62013244628906
2022-04-26,177.83258056640625
2022-04-27,177.09375
2022-04-28,180.39955139160156
2022-04-29,175.18978881835938
2022-05-02,177.02743530273438
2022-05-03,178.54299926757812
2022-05-04,183.30752563476562
2022-05-05,175.871826171875
2022-05-06,172.94491577148438
2022-05-09,165.67013549804688
2022-05-10,165.71749877929688
2022-05-11,161.59707641601562
2022-05-12,163.4915313720703
2022-05-13,168.6728973388672
2022-05-16,167.8677520751953
2022-05-17,173.00172424316406
2022-05-18,166.93943786621094
2022-05-19,167.2141876220703
2022-05-20,166.7878875732422
2022-05-23,168.80551147460938
2022-05-24,166.30479431152344
2022-05-25,169.2980194091797
2022-05-26,173.0775146484375
2022-05-27,177.73780822753906
2022-05-31,175.53079223632812
2022-06-01,174.53623962402344
2022-06-02,178.7987518310547
2022-06-03,177.18846130371094
2022-06-06,177.95571899414062
2022-06-07,180.8258056640625
2022-06-08,178.03146362304688
2022-06-09,174.34085083007812
2022-06-10,169.61123657226562
2022-06-13,161.64308166503906
2022-06-14,160.86427307128906
2022-06-15,163.21961975097656
2022-06-16,155.65980529785156
2022-06-17,156.8754425048828
2022-06-21,159.68658447265625
2022-06-22,159.38270568847656
2022-06-23,161.29165649414062
2022-06-24,166.28720092773438
2022-06-27,166.90455627441406
2022-06-28,163.7704315185547
2022-06-29,162.10842895507812
2022-06-30,160.84524536132812
2022-07-01,162.79222106933594
2022-07-05,164.1407928466797
2022-07-06,162.92515563964844
2022-07-07,166.78106689453125
2022-07-08,166.7620391845703
2022-07-11,163.4095458984375
2022-07-12,162.8491973876953
2022-07-13,162.70675659179688
2022-07-14,161.0352325439453
2022-07-15,164.38771057128906
2022-07-18,163.92239379882812
2022-07-19,169.70623779296875
2022-07-20,172.36541748046875
2022-07-21,173.24867248535156
2022-07-22,170.4849853515625
2022-07-25,171.36822509765625
2022-07-26,170.3140411376953
2022-07-27,174.1889190673828
2022-07-28,176.58221435546875
2022-07-29,177.8358154296875
2022-08-01,177.7693634033203
2022-08-02,177.59841918945312
2022-08-03,180.21017456054688
2022-08-04,179.83026123046875
2022-08-05,181.20736694335938
2022-08-08,183.12582397460938
2022-08-09,180.62806701660156
2022-08-10,185.78501892089844
2022-08-11,186.47833251953125
2022-08-12,190.28672790527344
2022-08-15,190.96102905273438
2022-08-16,190.8850555419922
2022-08-17,187.6750030517578
2022-08-18,188.9191131591797
2022-08-19,184.86380004882812
2022-08-22,181.05540466308594
2022-08-23,181.3498077392578
2022-08-24,182.73641967773438
2022-08-25,185.5760955810547
2022-08-26,179.47886657714844
2022-08-29,177.8263702392578
2022-08-30,175.33807373046875
2022-08-31,174.27439880371094
2022-09-01,172.37496948242188
2022-09-02,171.03582763671875
2022-09-06,169.34532165527344
2022-09-07,173.03025817871094
2022-09-08,174.47384643554688
2022-09-09,177.97833251953125
2022-09-12,180.13418579101562
2022-09-13,173.08721923828125
2022-09-14,173.76153564453125
2022-09-15,172.49839782714844
2022-09-16,169.99111938476562
2022-09-19,171.44418334960938
2022-09-20,169.10787963867188
2022-09-21,166.52462768554688
2022-09-22,162.77322387695312
2022-09-23,158.89834594726562
2022-09-26,156.72271728515625
2022-09-27,157.25733947753906
2022-09-28,162.23097229003906
2022-09-29,158.5938262939453
2022-09-30,157.438720703125
2022-10-03,161.61048889160156
2022-10-04,168.0160675048828
2022-10-05,166.7750701904297
2022-10-06,165.83950805664062
2022-10-07,160.96133422851562
2022-10-10,160.06396484375
2022-10-11,160.11167907714844
2022-10-12,159.6725616455078
2022-10-13,163.62472534179688
2022-10-14,159.24298095703125
2022-10-17,164.3216552734375
2022-10-18,166.2691192626953
2022-10-19,163.44337463378906
2022-10-20,161.36227416992188
2022-10-21,164.86578369140625
2022-10-24,165.57223510742188
2022-10-25,170.08763122558594
2022-10-26,170.92771911621094
2022-10-27,170.96592712402344
2022-10-28,174.85130310058594
2022-10-31,175.01356506347656
2022-11-01,175.2522430419922
2022-11-02,169.43850708007812
2022-11-03,168.302490234375
2022-11-04,170.57452392578125
2022-11-07,171.34780883789062
2022-11-08,171.4145965576172
2022-11-09,166.70823669433594
2022-11-10,176.97061157226562
2022-11-11,178.42161560058594
2022-11-14,176.42645263671875
2022-11-15,179.04214477539062
2022-11-16,175.891845703125
2022-11-17,174.25938415527344
2022-11-18,175.38589477539062
2022-11-21,174.4694061279297
2022-11-22,176.33096313476562
2022-11-23,176.78919982910156
2022-11-25,177.1614990234375
2022-11-28,173.59115600585938
2022-11-29,174.09713745117188
2022-11-30,178.8702850341797
2022-12-01,178.4788818359375
2022-12-02,179.51943969726562
2022-12-05,174.57444763183594
2022-12-06,171.90145874023438
2022-12-07,171.39552307128906
2022-12-08,172.6365509033203
2022-12-09,170.51724243164062
2022-12-12,172.52197265625
2022-12-13,173.95095825195312
2022-12-14,172.8096923828125
2022-12-15,168.48439025878906
2022-12-16,167.22802734375
2022-12-19,164.96473693847656
2022-12-20,165.83743286132812
2022-12-21,168.6953887939453
2022-12-22,166.4895782470703
2022-12-23,167.24722290039062
2022-12-27,166.1251678466797
2022-12-28,163.5453338623047
2022-12-29,167.6884002685547
2022-12-30,167.2184600830078
2023-01-03,166.29776000976562
2023-01-04,168.36929321289062
2023-01-05,166.56631469726562
2023-01-06,170.3065948486328
2023-01-09,170.59432983398438
2023-01-10,173.11656188964844
2023-01-11,175.27442932128906
2023-01-12,178.21868896484375
2023-01-13,179.38870239257812
2023-01-17,179.16815185546875
2023-01-18,176.27178955078125
2023-01-19,174.5839385986328
2023-01-20,177.46102905273438
2023-01-23,179.65724182128906
2023-01-24,179.27362060546875
2023-01-25,179.77232360839844
2023-01-26,180.8368682861328
2023-01-27,181.81507873535156
2023-01-30,179.28323364257812
2023-01-31,183.6372528076172
2023-02-01,186.5239715576172
2023-02-02,190.19711303710938
2023-02-03,188.9215850830078
2023-02-06,186.1883087158203
2023-02-07,187.5693359375
2023-02-08,184.8264923095703
2023-02-09,182.15074157714844
2023-02-10,182.51519775390625
2023-02-13,184.71139526367188
2023-02-14,184.6250762939453
2023-02-15,186.49520874023438
2023-02-16,184.71139526367188
2023-02-17,185.21969604492188
2023-02-21,179.75311279296875
2023-02-22,180.2422637939453
2023-02-23,181.5273895263672
2023-02-24,179.82984924316406
2023-02-27,180.46279907226562
2023-02-28,180.47239685058594
2023-03-01,180.70257568359375
2023-03-02,181.1341552734375
2023-03-03,183.6564483642578
2023-03-06,180.97113037109375
2023-03-07,178.8708038330078
2023-03-08,178.9571533203125
2023-03-09,173.9796905517578
2023-03-10,168.9639129638672
2023-03-13,166.2114715576172
2023-03-14,169.2899932861328
2023-03-15,166.4991912841797
2023-03-16,168.77207946777344
2023-03-17,164.2166748046875
2023-03-20,166.345703125
2023-03-21,169.41464233398438
2023-03-22,164.60987854003906
2023-03-23,163.8792724609375
2023-03-24,165.3616485595703
2023-03-27,167.2001953125
2023-03-28,166.95950317382812
2023-03-29,168.85581970214844
2023-03-30,168.62478637695312
2023-03-31,171.7242889404297
2023-04-03,171.80133056640625
2023-04-04,168.78842163085938
2023-04-05,167.1328125
2023-04-06,167.383056640625
2023-04-10,169.17347717285156
2023-04-11,170.51145935058594
2023-04-12,169.26010131835938
2023-04-13,171.50294494628906
2023-04-14,169.90501403808594
2023-04-17,172.09007263183594
2023-04-18,171.35853576660156
2023-04-19,171.5799102783203
2023-04-20,170.6943359375
2023-04-21,170.91574096679688
2023-04-24,170.80020141601562
2023-04-25,166.58412170410156
2023-04-26,164.9766082763672
2023-04-27,167.180908203125
2023-04-28,168.64404296875
2023-05-01,168.74029541015625
2023-05-02,165.2750244140625
2023-05-03,165.88143920898438
2023-05-04,164.02365112304688
2023-05-05,167.92210388183594
2023-05-08,167.537109375
2023-05-09,167.03652954101562
2023-05-10,167.88363647460938
2023-05-11,166.59375
2023-05-12,166.25685119628906
2023-05-15,168.2878875732422
2023-05-16,165.8333282470703
2023-05-17,169.52963256835938
2023-05-18,170.5595703125
2023-05-19,169.51998901367188
2023-05-22,171.58953857421875
2023-05-23,170.78099060058594
2023-05-24,168.9713134765625
2023-05-25,167.65257263183594
2023-05-26,169.55848693847656
2023-05-30,168.93283081054688
2023-05-31,167.26756286621094
2023-06-01,169.0771942138672
2023-06-02,175.20884704589844
2023-06-05,172.86013793945312
2023-06-06,177.41314697265625
2023-06-07,180.73265075683594
2023-06-08,180.05694580078125
2023-06-09,178.5994415283203
2023-06-12,179.34266662597656
2023-06-13,181.39866638183594
2023-06-14,179.44886779785156
2023-06-15,180.92567443847656
2023-06-16,179.47781372070312
2023-06-20,178.6959686279297
2023-06-21,178.28091430664062
2023-06-22,176.95851135253906
2023-06-23,174.2944793701172
2023-06-26,174.46820068359375
2023-06-27,176.9874725341797
2023-06-28,177.85621643066406
2023-06-29,179.9025115966797
2023-06-30,180.7615966796875
2023-07-03,181.12838745117188
2023-07-05,179.32337951660156
2023-07-06,176.42762756347656
2023-07-07,178.29055786132812
2023-07-10,181.34072875976562
2023-07-11,183.2036590576172
2023-07-12,185.2017364501953
2023-07-13,186.69784545898438
2023-07-14,184.87353515625
2023-07-17,186.85226440429688
2023-07-18,189.15924072265625
2023-07-19,189.9604034423828
2023-07-20,188.30018615722656
2023-07-21,187.70172119140625
2023-07-24,188.1650390625
2023-07-25,188.14572143554688
2023-07-26,189.63218688964844
2023-07-27,187.18048095703125
2023-07-28,189.6032257080078
2023-07-31,191.80401611328125
2023-08-01,190.92564392089844
2023-08-02,188.32911682128906
2023-08-03,187.7982635498047
2023-08-04,187.4217987060547
2023-08-07,187.54727172851562
2023-08-08,186.3696746826172
2023-08-09,184.9121551513672
2023-08-10,184.09170532226562
2023-08-11,184.35231018066406
2023-08-14,184.03379821777344
2023-08-15,181.60137939453125
2023-08-16,179.38128662109375
2023-08-17,177.2673797607422
2023-08-18,178.23263549804688
2023-08-21,177.97201538085938
2023-08-22,177.44114685058594
2023-08-23,179.33302307128906
2023-08-24,176.8523406982422
2023-08-25,177.60523986816406
2023-08-28,179.188232421875
2023-08-29,181.68821716308594
2023-08-30,182.37353515625
2023-08-31,182.05502319335938
2023-09-01,184.21717834472656
2023-09-05,180.33689880371094
2023-09-06,179.66122436523438
2023-09-07,177.92376708984375
2023-09-08,177.52801513671875
2023-09-11,177.95274353027344
2023-09-12,177.7789764404297
2023-09-13,176.6110382080078
2023-09-14,179.10137939453125
2023-09-15,177.2288055419922
2023-09-18,176.05120849609375
2023-09-19,175.36587524414062
2023-09-20,173.60911560058594
2023-09-21,170.9160919189453
2023-09-22,170.530029296875
2023-09-25,171.29254150390625
2023-09-26,169.0901641845703
2023-09-27,170.67088317871094
2023-09-28,172.21287536621094
2023-09-29,171.39822387695312
2023-10-02,168.80897521972656
2023-10-03,165.9674835205078
2023-10-04,166.0450897216797
2023-10-05,166.171142578125
2023-10-06,167.77125549316406
2023-10-09,168.7410430908203
2023-10-10,170.65151977539062
2023-10-11,170.3605499267578
2023-10-12,166.51055908203125
2023-10-13,165.123779296875
2023-10-16,167.79067993164062
2023-10-17,169.66232299804688
2023-10-18,166.171142578125
2023-10-19,163.5236358642578
2023-10-20,161.4095458984375
2023-10-23,160.04217529296875
2023-10-24,161.4386444091797
2023-10-25,158.77175903320312
2023-10-26,159.17909240722656
2023-10-27,157.30740356445312
2023-10-30,158.18017578125
2023-10-31,159.54757690429688
2023-11-01,160.4591522216797
2023-11-02,164.73587036132812
2023-11-03,169.21624755859375
2023-11-06,167.10214233398438
2023-11-07,166.51055908203125
2023-11-08,164.73587036132812
2023-11-09,162.1853790283203
2023-11-10,163.99884033203125
2023-11-13,164.05702209472656
2023-11-14,173.06626892089844
2023-11-15,173.36688232421875
2023-11-16,170.56422424316406
2023-11-17,172.9013671875
2023-11-20,173.90994262695312
2023-11-21,171.66976928710938
2023-11-22,172.7462158203125
2023-11-24,173.90994262695312
2023-11-27,173.32809448242188
2023-11-28,172.658935546875
2023-11-29,173.57052612304688
2023-11-30,174.23001098632812
2023-12-01,179.3212890625
2023-12-04,181.24147033691406
2023-12-05,178.8170166015625
2023-12-06,178.49697875976562
2023-12-07,179.7867889404297
2023-12-08,181.1541748046875
2023-12-11,181.5323944091797
2023-12-12,181.34814453125
2023-12-13,187.48684692382812
2023-12-14,192.7042236328125
2023-12-15,191.08468627929688
2023-12-18,191.15255737304688
2023-12-19,194.8571014404297
2023-12-20,191.0455322265625
2023-12-21,194.29647827148438
2023-12-22,196.10687255859375
2023-12-26,198.65701293945312
2023-12-27,199.35780334472656
2023-12-28,198.59860229492188
2023-12-29,195.35739135742188
2024-01-02,194.1991424560547
2024-01-03,189.02098083496094
2024-01-04,188.6511688232422
2024-01-05,188.09634399414062
2024-01-08,191.48355102539062
2024-01-09,189.77049255371094
2024-01-10,189.8775634765625
2024-01-11,188.3883514404297
2024-01-12,188.07688903808594
2024-01-16,185.7506103515625
2024-01-17,184.4268798828125
2024-01-18,185.51702880859375
2024-01-19,187.2982177734375
2024-01-22,191.29859924316406
2024-01-23,190.74383544921875
2024-01-24,189.17674255371094
2024-01-25,190.74383544921875
2024-01-26,190.75352478027344
2024-01-29,194.0920867919922
2024-01-30,192.4374237060547
2024-01-31,187.73622131347656
2024-02-01,190.22796630859375
2024-02-02,189.2254180908203
2024-02-05,186.82127380371094
2024-02-06,188.50515747070312
2024-02-07,188.067138671875
2024-02-08,190.9189910888672
2024-02-09,194.02394104003906
2024-02-12,197.5474090576172
2024-02-13,189.42010498046875
2024-02-14,193.81954956054688
2024-02-15,198.98793029785156
2024-02-16,196.28208923339844
2024-02-20,193.57620239257812
2024-02-21,192.66128540039062
2024-02-22,194.12127685546875
2024-02-23,194.5592803955078
2024-02-26,195.78567504882812
2024-02-27,198.55966186523438
2024-02-28,196.9244842529297
2024-02-29,198.29689025878906
2024-03-01,200.3992462158203
2024-03-04,200.21434020996094
2024-03-05,198.29689025878906
2024-03-06,199.77630615234375
2024-03-07,201.4407501220703
2024-03-08,201.314208984375
2024-03-11,199.71792602539062
2024-03-12,199.44541931152344
2024-03-13,200.22406005859375
2024-03-14,196.6422119140625
2024-03-15,197.01206970214844
2024-03-18,195.88302612304688
2024-03-19,196.71035766601562
2024-03-20,200.60365295410156
2024-03-21,202.90855407714844
2024-03-22,200.1079864501953
2024-03-25,200.5666046142578
2024-03-26,200.20556640625
2024-03-27,204.56739807128906
2024-03-28,205.21144104003906
2024-04-01,203.2793426513672
2024-04-02,199.54202270507812
2024-04-03,200.84957885742188
2024-04-04,198.83941650390625
2024-04-05,199.50296020507812
2024-04-08,200.5958709716797
2024-04-09,201.3862762451172
2024-04-10,196.068115234375
2024-04-11,197.3952178955078
2024-04-12,193.88235473632812
2024-04-15,191.04275512695312
2024-04-16,190.3401641845703
2024-04-17,188.3300018310547
2024-04-18,188.17388916015625
2024-04-19,188.4666290283203
2024-04-22,190.57437133789062
2024-04-23,193.76522827148438
2024-04-24,192.8967742919922
2024-04-25,191.72581481933594
2024-04-26,193.560302734375
2024-04-29,195.12164306640625
2024-04-30,191.15985107421875
2024-05-01,191.55992126464844
2024-05-02,195.0825653076172
2024-05-03,197.01466369628906
2024-05-06,199.56150817871094
2024-05-07,200.01036071777344
2024-05-08,198.84918212890625
2024-05-09,200.87884521484375
2024-05-10,199.36634826660156
2024-05-13,199.7859344482422
2024-05-14,201.8546600341797
2024-05-15,204.37222290039062
2024-05-16,202.8987579345703
2024-05-17,203.04513549804688
2024-05-20,203.49400329589844
2024-05-21,203.298828125
2024-05-22,201.5814208984375
2024-05-23,198.27345275878906
2024-05-24,200.46900939941406
2024-05-28,200.19580078125
2024-05-29,197.23910522460938
2024-05-30,199.11265563964844
2024-05-31,200.79100036621094
2024-06-03,199.6591033935547
2024-06-04,197.08297729492188
2024-06-05,200.09820556640625
2024-06-06,198.6637725830078
2024-06-07,196.3316192626953
2024-06-10,197.00491333007812
2024-06-11,196.3316650390625
2024-06-12,199.34556579589844
2024-06-13,197.60377502441406
2024-06-14,194.4626922607422
2024-06-17,196.09683227539062
2024-06-18,196.43930053710938
2024-06-20,195.60757446289062
2024-06-21,196.0479278564453
2024-06-24,196.89923095703125
2024-06-25,196.25338745117188
2024-06-26,195.73477172851562
2024-06-27,197.72119140625
2024-06-28,198.5333709716797
2024-07-01,196.869873046875
2024-07-02,197.54505920410156
2024-07-03,197.4961395263672
2024-07-05,196.55674743652344
2024-07-08,197.93646240234375
2024-07-09,197.0753631591797
2024-07-10,199.0030517578125
2024-07-11,206.15609741210938
2024-07-12,208.5632781982422
2024-07-15,212.5263214111328
2024-07-16,219.77719116210938
2024-07-17,217.47764587402344
2024-07-18,213.26998901367188
2024-07-19,212.18380737304688
2024-07-22,215.5597381591797
2024-07-23,217.84950256347656
2024-07-24,213.17214965820312
2024-07-25,215.833740234375
2024-07-26,219.40536499023438
2024-07-29,216.96881103515625
2024-07-30,217.79080200195312
2024-07-31,219.0531005859375
2024-08-01,211.9293975830078
2024-08-02,204.4338836669922
2024-08-05,197.8582000732422
2024-08-06,200.0109100341797
2024-08-07,197.64291381835938
2024-08-08,202.44747924804688
2024-08-09,202.0267333984375
2024-08-12,200.20663452148438
2024-08-13,203.50428771972656
2024-08-14,202.2419891357422
2024-08-15,207.48690795898438
2024-08-16,208.03489685058594
2024-08-19,210.57904052734375
2024-08-20,208.1229248046875
2024-08-21,210.83348083496094
2024-08-22,208.9742431640625
2024-08-23,215.6478271484375
2024-08-26,215.71630859375
2024-08-27,214.04302978515625
2024-08-28,212.5948028564453
2024-08-29,214.1115264892578
2024-08-30,215.354248046875
2024-09-03,208.76878356933594
2024-09-04,208.41650390625
2024-09-05,207.3792724609375
2024-09-06,203.435791015625
2024-09-09,204.0033416748047
2024-09-10,203.83697509765625
2024-09-11,204.4338836669922
2024-09-12,207.06613159179688
2024-09-13,212.17405700683594
2024-09-16,212.93728637695312
2024-09-17,214.69863891601562
2024-09-18,214.73780822753906
2024-09-19,219.16073608398438
2024-09-20,216.81224060058594
2024-09-23,216.0196533203125
2024-09-24,216.3817138671875
2024-09-25,213.74244689941406
2024-09-26,214.8814239501953
2024-09-27,216.33457946777344
2024-09-30,216.8844451904297
2024-10-01,213.93882751464844
2024-10-02,213.64425659179688
2024-10-03,212.21075439453125
2024-10-04,215.17596435546875
2024-10-07,213.48716735839844
2024-10-08,213.63446044921875
2024-10-09,214.10572814941406
2024-10-10,212.91770935058594
2024-10-11,217.24771118164062
2024-10-14,218.84815979003906
2024-10-15,219.02490234375
2024-10-16,222.6283721923828
2024-10-17,222.0195770263672
2024-10-18,221.55812072753906
2024-10-21,218.07249450683594
2024-10-22,217.24771118164062
2024-10-23,215.2643585205078
2024-10-24,215.7356414794922
2024-10-25,214.92068481445312
2024-10-28,218.42596435546875
2024-10-29,217.71902465820312
2024-10-30,217.42445373535156
2024-10-31,213.81118774414062
2024-11-01,215.00906372070312
2024-11-04,216.0989227294922
2024-11-05,220.1638641357422
2024-11-06,232.91830444335938
2024-11-07,232.09353637695312
2024-11-08,233.80197143554688
2024-11-11,237.31704711914062
2024-11-12,233.15396118164062
2024-11-13,230.8465576171875
2024-11-14,227.73406982421875
2024-11-15,224.3367919921875
2024-11-18,224.7786102294922
2024-11-19,226.44781494140625
2024-11-20,226.74234008789062
2024-11-21,230.188720703125
2024-11-22,234.44021606445312
2024-11-25,238.00437927246094
2024-11-26,236.25665283203125
2024-11-27,236.5806427001953
2024-11-29,237.48397827148438
2024-12-02,237.36614990234375
2024-12-03,235.67733764648438
2024-12-04,236.52175903320312
2024-12-05,233.76271057128906
2024-12-06,234.5972900390625
2024-12-09,233.41905212402344
2024-12-10,232.40773010253906
2024-12-11,233.45834350585938
2024-12-12,230.4243621826172
2024-12-13,228.8435821533203
2024-12-16,230.188720703125
2024-12-17,227.55345153808594
2024-12-18,217.4791259765625
2024-12-19,216.51405334472656
2024-12-20,218.54269409179688
2024-12-23,218.0404510498047
2024-12-24,219.99032592773438
2024-12-26,222.24546813964844
2024-12-27,219.0055389404297
2024-12-30,217.321533203125
2024-12-31,217.59730529785156
2025-01-02,217.7745819091797
2025-01-03,221.0144805908203
2025-01-06,221.10311889648438
2025-01-07,219.33050537109375
2025-01-08,218.33590698242188
2025-01-10,213.53016662597656
2025-01-13,213.94375610351562
2025-01-14,216.3761749267578
2025-01-15,220.63043212890625
2025-01-16,221.07359313964844
2025-01-17,222.02882385253906
2025-01-21,226.2929229736328
2025-01-22,224.81573486328125
2025-01-23,225.83993530273438
2025-01-24,225.20965576171875
2025-01-27,223.05300903320312
2025-01-28,223.2991943359375
2025-01-29,222.78709411621094
2025-01-30,225.05209350585938
2025-01-31,223.03330993652344
2025-02-03,220.42361450195312
2025-02-04,223.47642517089844
2025-02-05,225.90884399414062
2025-02-06,225.17027282714844
2025-02-07,222.56060791015625
2025-02-10,223.5651092529297
2025-02-11,222.26516723632812
2025-02-12,220.21681213378906
2025-02-13,222.69847106933594
2025-02-14,222.5310516357422
2025-02-18,223.752197265625
2025-02-19,222.9840545654297
2025-02-20,220.84706115722656
2025-02-21,214.48541259765625
2025-02-24,212.9392852783203
2025-02-25,212.13177490234375
2025-02-26,212.39764404296875
2025-02-27,209.15773010253906
2025-02-28,211.38331604003906
2025-03-03,205.6026611328125
2025-03-04,203.27857971191406
2025-03-05,205.2974090576172
2025-03-06,202.1559295654297
2025-03-07,202.81573486328125
2025-03-10,197.71456909179688
2025-03-11,197.6949005126953
2025-03-12,198.03955078125
2025-03-13,195.085205078125
2025-03-14,199.80230712890625
2025-03-17,202.32333374023438
2025-03-18,200.56649780273438
2025-03-19,203.68539428710938
2025-03-20,202.3924560546875
2025-03-21,201.1389617919922
2025-03-24,206.1429901123047
2025-03-25,204.99807739257812
2025-03-26,202.91554260253906
2025-03-27,201.9482879638672
2025-03-28,197.84239196777344
2025-03-31,196.89491271972656
2025-04-01,196.9146270751953
2025-04-02,200.02365112304688
2025-04-03,187.18289184570312
2025-04-04,178.83294677734375
2025-04-07,177.2142791748047
2025-04-08,172.5458221435547
2025-04-09,187.21250915527344
2025-04-10,179.34620666503906
2025-04-11,181.96173095703125
2025-04-14,184.1034698486328
2025-04-15,184.3304901123047
2025-04-16,182.5637969970703
2025-04-17,184.05413818359375
2025-04-21,180.36280822753906
2025-04-22,185.03125
2025-04-23,187.77508544921875
2025-04-24,191.53553771972656
2025-04-25,191.59475708007812
2025-04-28,192.40406799316406
2025-04-29,193.5391082763672
2025-04-30,192.32513427734375
2025-05-01,193.51937866210938
2025-05-02,197.87200927734375
2025-05-05,196.35206604003906
2025-05-06,194.21026611328125
2025-05-07,194.851806640625
2025-05-08,198.5629119873047
2025-05-09,198.19772338867188
2025-05-12,205.16587829589844
2025-05-13,205.916015625
2025-05-14,204.09005737304688
2025-05-15,205.42250061035156
2025-05-16,207.12013244628906
2025-05-19,206.25155639648438
2025-05-20,206.36013793945312
2025-05-21,200.56649780273438
2025-05-22,200.55662536621094
2025-05-23,199.92494201660156
2025-05-27,204.99807739257812
2025-05-28,202.83657836914062
2025-05-29,203.43862915039062
2025-05-30,202.40231323242188
2025-06-02,203.03396606445312
2025-06-03,206.31077575683594
2025-06-04,205.7284698486328
2025-06-05,205.81729125976562
2025-06-06,209.1434326171875
2025-06-09,210.58447265625
2025-06-10,211.71951293945312
2025-06-11,210.85096740722656
2025-06-12,210.0120086669922
2025-06-13,206.172607421875
2025-06-16,208.60336303710938
2025-06-17,206.40618896484375
2025-06-18,207.49485778808594
2025-06-20,207.0594024658203
2025-06-23,209.59307861328125
2025-06-24,212.2653350830078
2025-06-25,209.791015625
2025-06-26,213.19566345214844
2025-06-27,213.2649383544922
2025-06-30,213.57174682617188
2025-07-01,215.76893615722656
2025-07-02,218.7578887939453
2025-07-03,220.78683471679688
2025-07-07,217.47125244140625
2025-07-08,218.9756317138672
2025-07-09,221.35096740722656
2025-07-10,222.48915100097656
2025-07-11,219.42100524902344
2025-07-14,220.8957061767578
2025-07-15,216.5706329345703
2025-07-16,218.7480010986328
2025-07-17,221.61819458007812
2025-07-18,220.04454040527344
2025-07-21,219.15377807617188
2025-07-22,220.97486877441406
2025-07-23,224.3498077392578
2025-07-24,221.2519989013672
2025-07-25,222.07347106933594
2025-07-28,221.81613159179688
2025-07-29,220.4008331298828
2025-07-30,219.28245544433594
2025-07-31,217.134765625
2025-08-01,212.71070861816406
2025-08-04,217.47125244140625
2025-08-05,218.5797576904297
2025-08-06,218.29273986816406
2025-08-07,217.58010864257812
2025-08-08,218.05520629882812
2025-08-11,218.00570678710938
2025-08-12,224.47848510742188
2025-08-13,228.84317016601562
2025-08-14,225.89378356933594
2025-08-15,224.79519653320312
2025-08-18,225.61666870117188
2025-08-19,223.88465881347656
2025-08-20,223.09286499023438
2025-08-21,223.6471405029297
2025-08-22,232.41603088378906
2025-08-25,229.97142028808594
2025-08-26,231.87168884277344
2025-08-27,233.51461791992188
2025-08-28,233.79176330566406
2025-08-29,232.75254821777344
2025-09-02,231.49560546875
2025-09-03,231.26795959472656
2025-09-04,234.15794372558594
2025-09-05,235.32582092285156
2025-09-08,235.80087280273438
2025-09-09,234.41529846191406
2025-09-10,233.9995880126953
2025-09-11,238.3246612548828
2025-09-12,235.88995361328125
2025-09-15,236.88958740234375
2025-09-16,236.49951171875
2025-09-17,237.10494995117188
2025-09-18,243.01048278808594
2025-09-19,241.1643829345703
2025-09-22,242.5638427734375
2025-09-23,242.0179443359375
2025-09-24,239.79470825195312
2025-09-25,237.501953125
2025-09-26,239.53663635253906
2025-09-29,239.81454467773438
2025-09-30,240.15200805664062
2025-10-01,240.67803955078125
2025-10-02,242.19662475585938
2025-10-03,243.99310302734375
2025-10-06,244.96575927734375
2025-10-07,242.3355712890625
2025-10-08,244.87644958496094
2025-10-09,243.29832458496094
2025-10-10,236.01316833496094
2025-10-13,242.58370971679688
2025-10-14,246.047607421875
2025-10-15,248.45947265625
2025-10-16,243.2288360595703
2025-10-17,241.5911865234375
2025-10-20,246.30567932128906
2025-10-21,245.14443969726562
2025-10-22,241.52169799804688
2025-10-23,244.57867431640625
2025-10-24,247.56619262695312
2025-10-27,248.4296875
2025-10-28,247.09970092773438
2025-10-29,244.9955291748047
2025-10-30,243.02041625976562
2025-10-31,244.39010620117188
2025-11-03,243.6060028076172
2025-11-04,239.39768981933594
2025-11-05,242.85166931152344
2025-11-06,238.55404663085938
2025-11-07,239.80462646484375
2025-11-10,242.20654296875
2025-11-11,242.4149932861328
2025-11-12,241.81944274902344
2025-11-13,235.02064514160156
2025-11-14,235.7054901123047
2025-11-17,231.02073669433594
2025-11-18,231.7254638671875
2025-11-19,231.6857452392578
2025-11-20,227.3980255126953
2025-11-21,233.83953857421875
2025-11-24,238.10739135742188
2025-11-25,243.29832458496094
2025-11-26,245.45211791992188
2025-11-28,246.89126586914062
2025-12-01,243.78465270996094
2025-12-02,243.33802795410156
2025-12-03,247.7646942138672
2025-12-04,249.93833923339844
2025-12-05,248.89617919921875
2025-12-08,248.9954376220703
2025-12-09,249.5115509033203
2025-12-10,252.906005859375
2025-12-11,255.87362670898438
2025-12-12,251.9531707763672
2025-12-15,250.04750061035156
2025-12-16,248.8644256591797
2025-12-17,246.2154541015625
2025-12-18,247.6793670654297
2025-12-19,249.750732421875
2025-12-22,252.52919006347656
2025-12-23,251.035400390625
2025-12-24,251.6627960205078
2025-12-26,250.37814331054688
2025-12-29,248.8445281982422
2025-12-30,247.00218200683594
2025-12-31,245.1399383544922
2026-01-02,247.7490692138672
2026-01-05,251.68270874023438
2026-01-06,255.01881408691406
2026-01-07,254.4213104248047
2026-01-08,257.1997375488281
2026-01-09,259.1516418457031
2026-01-12,260.4163513183594
2026-01-13,260.2669982910156
2026-01-14,262.099365234375
2026-01-15,264.4097595214844
2026-01-16,264.6587219238281
2026-01-20,261.49188232421875
2026-01-21,266.6802978515625
2026-01-22,268.6720275878906
2026-01-23,263.712646484375
2026-01-26,262.8861083984375
2026-01-27,263.63299560546875
2026-01-28,262.2088928222656
2026-01-29,262.27862548828125
2026-01-30,258.57403564453125
2026-02-02,261.0935363769531
2026-02-03,261.6910705566406
2026-02-04,259.4404296875
2026-02-05,254.76986694335938
2026-02-06,263.9217834472656
2026-02-09,265.7740783691406
2026-02-10,265.0570373535156
2026-02-11,263.8520812988281
2026-02-12,258.4645080566406
2026-02-13,261.8703308105469
2026-02-17,261.95001220703125
2026-02-18,262.89605712890625
2026-02-19,263.5035095214844
2026-02-20,263.51348876953125
2026-02-23,259.4105224609375
2026-02-24,262.23876953125
2026-02-25,263.48358154296875
2026-02-26,264.88775634765625
2026-02-27,260.3267517089844
2026-03-02,262.716796875
2026-03-03,258.16571044921875
2026-03-04,260.67529296875
2026-03-05,255.69601440429688
2026-03-06,249.850341796875
2026-03-09,252.5690155029297
2026-03-10,252.31008911132812
2026-03-11,251.80223083496094
2026-03-12,246.384765625
2026-03-13,245.56814575195312
2026-03-16,247.8885040283203
2026-03-17,249.45677185058594
2026-03-18,245.43634033203125
2026-03-19,247.04251098632812
2026-03-20,241.64535522460938
2026-03-23,246.86293029785156
2026-03-24,248.18978881835938
2026-03-25,251.2225799560547
2026-03-26,246.85296630859375
2026-03-27,242.5232696533203
2026-03-30,239.04153442382812
2026-03-31,247.41163635253906
2026-04-01,248.96792602539062
2026-04-02,250.69381713867188
2026-04-06,251.76129150390625
2026-04-07,252.3099822998047
2026-04-08,259.85205078125
2026-04-09,261.3385009765625
2026-04-10,260.6800537109375
2026-04-13,264.4411315917969
2026-04-14,268.0824890136719
2026-04-15,268.75091552734375
2026-04-16,269.3095703125
2026-04-17,275.125732421875
2026-04-20,276.6920166015625
2026-04-21,273.8587646484375
2026-04-22,275.8240661621094
2026-04-23,274.8663330078125
2026-04-24,275.99365234375
2026-04-27,276.4825134277344
2026-04-28,273.2601623535156
2026-04-29,271.4344787597656
2026-04-30,277.310546875
2026-05-01,278.617431640625
2026-05-04,277.22076416015625
2026-05-05,281.8896484375
2026-05-06,286.11956787109375
2026-05-07,281.5903625488281
2026-05-08,283.495849609375
2026-05-11,284.6530456542969
2026-05-12,281.8996276855469
2026-05-13,281.9993896484375
2026-05-14,283.7751770019531
2026-05-15,276.94140625
2026-05-18,275.3152770996094
2026-05-19,272.3523254394531
2026-05-20,279.2060241699219
2026-05-21,281.8197937011719
2026-05-22,284.4435729980469
2026-05-26,289.82080078125
2026-05-27,289.6811218261719
2026-05-28,291.3371887207031
2026-05-29,289.740966796875
2026-06-01,288.29443359375
2026-06-02,290.9680480957031
2026-06-03,286.9875183105469
2026-06-04,291.3172302246094
2026-06-05,280.9817810058594
2026-06-08,283.4359436035156
2026-06-09,284.3437805175781
2026-06-10,281.3808288574219
2026-06-11,289.72100830078125
2026-06-12,292.2550048828125
2026-06-15,294.6400146484375
2026-06-16,292.0799865722656
2026-06-17,289.8800048828125
2026-06-18,295.5899963378906
2026-06-22,298.17999267578125
2026-06-23,295.32000732421875
2026-06-24,296.69000244140625
2026-06-25,298.9100036621094
2026-06-26,299.8299865722656
2026-06-29,298.9700012207031
2026-06-30,300.45001220703125
2026-07-01,299.32000732421875
2026-07-02,297.5799865722656
2026-07-06,298.8999938964844
2026-07-07,296.19000244140625
2026-07-08,293.4800109863281
2026-07-09,297.239990234375
2026-07-10,295.989990234375
2026-07-13,293.4800109863281
2026-07-14,294.510009765625
2026-07-15,295.7699890136719
2026-07-16,295.5899963378906
2026-07-17,294.0400085449219
2026-07-20,292.30999755859375
2026-07-21,296.5400085449219
2026-07-22,293.7900085449219
2026-07-23,292.0899963378906
2026-07-24,291.1700134277344
2026-07-27,292.9100036621094
2026-07-28,293.3699951171875
2026-07-29,288.57000732421875
2026-07-30,292.5899963378906
2026-07-31,291.20001220703125
2026-08-03,296.2200012207031
2026-08-04,301.7099914550781
2026-08-05,299.7699890136719
2026-08-06,298.25
2026-08-07,301.55999755859375
2026-08-10,299.9800109863281
2026-08-11,300.989990234375
2026-08-12,302.7099914550781
2026-08-13,303.5
2026-08-14,305.0899963378906
2026-08-17,304.05999755859375
2026-08-18,300.2300109863281
2026-08-19,301.7200012207031
2026-08-20,297.6700134277344
2026-08-21,299.9599914550781
2026-08-24,297.9700012207031
2026-08-25,299.2300109863281
2026-08-26,298.92999267578125
2026-08-27,299.80999755859375
2026-08-28,295.75
2026-08-31,293.92999267578125
2026-09-01,290.57000732421875
2026-09-02,294.010009765625
2026-09-03,295.19000244140625
2026-09-04,296.010009765625
2026-09-08,294.6700134277344