1999-03-10,43.02706527709961
1999-03-11,43.237701416015625
1999-03-12,42.184417724609375
1999-03-15,43.39571762084961
1999-03-16,43.76435852050781
1999-03-17,43.448368072509766
1999-03-18,44.2910041809082
1999-03-19,43.158729553222656
1999-03-22,42.63206481933594
1999-03-23,41.131126403808594
1999-03-24,42.5267448425293
1999-03-25,44.08034133911133
1999-03-26,43.60637283325195
1999-03-29,45.186309814453125
1999-03-30,44.87031555175781
1999-03-31,44.212013244628906
1999-04-01,45.133663177490234
1999-04-05,46.76626205444336
1999-04-06,46.858421325683594
1999-04-07,46.37125778198242
1999-04-08,46.73992156982422
1999-04-09,47.02957534790039
1999-04-12,46.713584899902344
1999-04-13,46.08158874511719
1999-04-14,44.501670837402344
1999-04-15,45.107295989990234
1999-04-16,43.79069519042969
1999-04-19,41.736785888671875
1999-04-20,42.68473434448242
1999-04-21,44.79130935668945
1999-04-22,46.00260925292969
1999-04-23,46.60826873779297
1999-04-26,47.68130111694336
1999-04-27,46.95059585571289
1999-04-28,45.344295501708984
1999-04-29,44.97566604614258
1999-04-30,45.26528549194336
1999-05-03,45.0283203125
1999-05-04,44.317352294921875
1999-05-05,45.66028594970703
1999-05-06,44.00136947631836
1999-05-07,44.633331298828125
1999-05-10,45.080963134765625
1999-05-11,45.79194259643555
1999-05-12,46.73992156982422
1999-05-13,45.870941162109375
1999-05-14,45.00198745727539
1999-05-17,45.81169509887695
1999-05-18,45.60762405395508
1999-05-19,46.239601135253906
1999-05-20,44.96907424926758
1999-05-21,44.55434036254883
1999-05-24,43.422035217285156
1999-05-25,42.00011444091797
1999-05-26,43.17190170288086
1999-05-27,43.13238525390625
1999-05-28,43.84335708618164
1999-06-01,42.86906051635742
1999-06-02,43.593196868896484
1999-06-03,42.974395751953125
1999-06-04,44.2910041809082
1999-06-07,45.21263885498047
1999-06-08,44.08034133911133
1999-06-09,44.8176383972168
1999-06-10,44.30419158935547
1999-06-11,43.63270568847656
1999-06-14,42.809814453125
1999-06-15,43.448368072509766
1999-06-16,45.68002700805664
1999-06-17,46.18693923950195
1999-06-18,46.39760971069336
1999-06-21,47.78661346435547
1999-06-22,46.344940185546875
1999-06-23,47.07565689086914
1999-06-24,46.1408576965332
1999-06-25,46.08158874511719
1999-06-28,47.17439270019531
1999-06-29,47.81955337524414
1999-06-30,48.556846618652344
1999-07-01,48.885990142822266
1999-07-02,49.50481033325195
1999-07-06,49.188812255859375
1999-07-07,49.267826080322266
1999-07-08,49.92612075805664
1999-07-09,50.42645263671875
1999-07-12,50.16312789916992
1999-07-13,49.92612075805664
1999-07-14,50.77534866333008
1999-07-15,51.24275207519531
1999-07-16,51.71672439575195
1999-07-19,51.190086364746094
1999-07-20,49.21515655517578
1999-07-21,49.452144622802734
1999-07-22,48.19477081298828
1999-07-23,48.26719665527344
1999-07-26,47.08226013183594
1999-07-27,48.03020095825195
1999-07-28,48.971588134765625
1999-07-29,47.924896240234375
1999-07-30,47.6878776550293
1999-08-02,47.55620574951172
1999-08-03,47.24680709838867
1999-08-04,46.39101791381836
1999-08-05,47.12832260131836
1999-08-06,46.621421813964844
1999-08-09,46.02236557006836
1999-08-10,45.60762405395508
1999-08-11,47.10857391357422
1999-08-12,46.55558776855469
1999-08-13,48.58317947387695
1999-08-16,48.971588134765625
1999-08-17,49.21515655517578
1999-08-18,48.662166595458984
1999-08-19,48.08285903930664
1999-08-20,48.84649658203125
1999-08-23,50.40011215209961
1999-08-24,50.742454528808594
1999-08-25,51.822078704833984
1999-08-26,50.95966339111328
1999-08-27,50.45277786254883
1999-08-30,49.74180603027344
1999-08-31,50.2947998046875
1999-09-01,50.656883239746094
1999-09-02,50.47911071777344
1999-09-03,52.79635238647461
1999-09-07,52.559364318847656
1999-09-08,51.84840774536133
1999-09-09,52.58568572998047
1999-09-10,53.19132995605469
1999-09-13,52.55278778076172
1999-09-14,52.842430114746094
1999-09-15,51.822078704833984
1999-09-16,51.795719146728516
1999-09-17,53.34933090209961
1999-09-20,53.47439956665039
1999-09-21,52.19072341918945
1999-09-22,52.743690490722656
1999-09-23,50.5581169128418
1999-09-24,50.623939514160156
1999-09-27,50.97943878173828
1999-09-28,51.216426849365234
1999-09-29,50.18944549560547
1999-09-30,50.71608352661133
1999-10-01,50.735836029052734
1999-10-04,51.874725341796875
1999-10-05,52.243385314941406
1999-10-06,53.29007339477539
1999-10-07,53.16500473022461
1999-10-08,53.724578857421875
1999-10-11,54.48163604736328
1999-10-12,53.243995666503906
1999-10-13,51.66407012939453
1999-10-14,51.986629486083984
1999-10-15,50.45277786254883
1999-10-18,49.81421661376953
1999-10-19,50.0841064453125
1999-10-20,51.61140060424805
1999-10-21,52.45404052734375
1999-10-22,52.217041015625
1999-10-25,52.243385314941406
1999-10-26,51.822078704833984
1999-10-27,51.743064880371094
1999-10-28,53.533660888671875
1999-10-29,55.40326690673828
1999-11-01,55.11359405517578
1999-11-02,55.146507263183594
1999-11-03,56.24590301513672
1999-11-04,56.87788772583008
1999-11-05,57.45717239379883
1999-11-08,58.61579513549805
1999-11-09,58.2208137512207
1999-11-10,58.984458923339844
1999-11-11,60.037723541259766
1999-11-12,60.82774353027344
1999-11-15,60.709232330322266
1999-11-16,62.24966049194336
1999-11-17,61.40702819824219
1999-11-18,63.28978729248047
1999-11-19,63.8559684753418
1999-11-22,62.881622314453125
1999-11-23,63.171287536621094
1999-11-24,65.2515869140625
1999-11-26,65.46221160888672
1999-11-29,64.38256072998047
1999-11-30,61.93366241455078
1999-12-01,63.27663040161133
1999-12-02,65.2844467163086
1999-12-03,66.67350006103516
1999-12-06,67.27915954589844
1999-12-07,67.27915954589844
1999-12-08,66.46284484863281
1999-12-09,66.77883911132812
1999-12-10,67.331787109375
1999-12-13,68.2468490600586
1999-12-14,67.01583099365234
1999-12-15,68.30609893798828
1999-12-16,69.99132537841797
1999-12-17,70.59699249267578
1999-12-20,71.51866149902344
1999-12-21,75.36323547363281
1999-12-22,75.1261978149414
1999-12-23,76.02149200439453
1999-12-27,75.57381439208984
1999-12-28,75.09984588623047
1999-12-29,77.9437484741211
1999-12-30,77.10111236572266
1999-12-31,76.99577331542969
2000-01-03,79.83971405029297
2000-01-04,74.36253356933594
2000-01-05,72.46662139892578
2000-01-06,67.48980712890625
2000-01-07,75.83714294433594
2000-01-10,77.9437484741211
2000-01-11,74.1518783569336
2000-01-12,72.51927185058594
2000-01-13,76.89044952392578
2000-01-14,78.68103790283203
2000-01-18,79.10238647460938
2000-01-19,80.8929672241211
2000-01-20,80.10299682617188
2000-01-21,81.10363006591797
2000-01-24,77.20640563964844
2000-01-25,78.36505126953125
2000-01-26,75.20523071289062
2000-01-27,76.31110382080078
2000-01-28,72.46662139892578
2000-01-31,75.57381439208984
2000-02-01,77.60143280029297
2000-02-02,78.25975799560547
2000-02-03,81.31427764892578
2000-02-04,81.86726379394531
2000-02-07,82.99956512451172
2000-02-08,86.47540283203125
2000-02-09,83.42085266113281
2000-02-10,86.15943908691406
2000-02-11,84.15818786621094
2000-02-14,84.05284118652344
2000-02-15,84.65852355957031
2000-02-16,84.26347351074219
2000-02-17,86.05413055419922
2000-02-18,82.94686889648438
2000-02-22,83.21022033691406
2000-02-23,87.8447036743164
2000-02-24,89.74063110351562
2000-02-25,87.68671417236328
2000-02-28,87.63404846191406
2000-02-29,89.95133209228516
2000-03-01,90.68859100341797
2000-03-02,88.58859252929688
2000-03-03,93.58515930175781
2000-03-06,94.3224868774414
2000-03-07,92.9005126953125
2000-03-08,93.7431869506836
2000-03-09,96.90304565429688
2000-03-10,96.48173522949219
2000-03-13,93.95380401611328
2000-03-14,90.47797393798828
2000-03-15,86.6861343383789
2000-03-16,91.6365966796875
2000-03-17,93.37450408935547
2000-03-20,90.74125671386719
2000-03-21,94.16452026367188
2000-03-22,96.0604019165039
2000-03-23,97.7457046508789
2000-03-24,99.06228637695312
2000-03-27,99.22027587890625
2000-03-28,96.69239044189453
2000-03-29,92.68988037109375
2000-03-30,90.37261962890625
2000-03-31,92.26856231689453
2000-04-03,86.73877716064453
2000-04-04,85.8961181640625
2000-04-05,84.36883544921875
2000-04-06,86.37013244628906
2000-04-07,89.84593200683594
2000-04-10,84.36883544921875
2000-04-11,82.36759948730469
2000-04-12,77.52245330810547
2000-04-13,74.1518783569336
2000-04-14,67.72677612304688
2000-04-17,75.52118682861328
2000-04-18,77.52245330810547
2000-04-19,75.15251159667969
2000-04-20,73.5199203491211
2000-04-24,71.41331481933594
2000-04-25,76.23211669921875
2000-04-26,73.6252212524414
2000-04-27,76.89044952392578
2000-04-28,79.83971405029297
2000-05-01,80.5770034790039
2000-05-02,75.94249725341797
2000-05-03,75.09984588623047
2000-05-04,75.25786590576172
2000-05-05,77.04845428466797
2000-05-08,74.04652404785156
2000-05-09,72.46662139892578
2000-05-10,67.20014190673828
2000-05-11,71.3080062866211
2000-05-12,71.3080062866211
2000-05-15,74.41521453857422
2000-05-16,76.52178192138672
2000-05-17,74.94184875488281
2000-05-18,72.25592041015625
2000-05-19,68.832763671875
2000-05-22,68.78009796142578
2000-05-23,63.03961181640625
2000-05-24,66.98950958251953
2000-05-25,65.51488494873047
2000-05-26,65.51488494873047
2000-05-30,72.09796905517578
2000-05-31,70.0440444946289
2000-06-01,73.6252212524414
2000-06-02,78.89167785644531
2000-06-05,79.08920288085938
2000-06-06,76.89044952392578
2000-06-07,78.94441223144531
2000-06-08,78.57569885253906
2000-06-09,78.99700927734375
2000-06-12,76.46914672851562
2000-06-13,79.4183578491211
2000-06-14,77.62776947021484
2000-06-15,78.99700927734375
2000-06-16,79.4183578491211
2000-06-19,82.5782470703125
2000-06-20,82.26225280761719
2000-06-21,83.31554412841797
2000-06-22,80.26099395751953
2000-06-23,77.10111236572266
2000-06-26,79.20771026611328
2000-06-27,78.25975799560547
2000-06-28,79.20771026611328
2000-06-29,77.21959686279297
2000-06-30,78.73368835449219
2000-07-03,80.26099395751953
2000-07-05,77.15383911132812
2000-07-06,79.20771026611328
2000-07-07,80.84031677246094
2000-07-10,79.61590576171875
2000-07-11,80.05033874511719
2000-07-12,81.9462661743164
2000-07-13,82.99956512451172
2000-07-14,84.7901611328125
2000-07-17,85.73812103271484
2000-07-18,83.84222412109375
2000-07-19,81.9462661743164
2000-07-20,84.57951354980469
2000-07-21,81.73561096191406
2000-07-24,80.05033874511719
2000-07-25,80.68230438232422
2000-07-26,80.5770034790039
2000-07-27,77.4171142578125
2000-07-28,73.20391845703125
2000-07-31,75.36323547363281
2000-08-01,74.36253356933594
2000-08-02,73.04592895507812
2000-08-03,76.20584106445312
2000-08-04,75.94249725341797
2000-08-07,77.73310089111328
2000-08-08,79.31301879882812
2000-08-09,77.20640563964844
2000-08-10,75.67918395996094
2000-08-11,76.73245239257812
2000-08-14,78.36505126953125
2000-08-15,78.36505126953125
2000-08-16,79.15504455566406
2000-08-17,80.68230438232422
2000-08-18,80.26099395751953
2000-08-21,80.47164154052734
2000-08-22,80.47164154052734
2000-08-23,81.78827667236328
2000-08-24,83.05226135253906
2000-08-25,82.60456085205078
2000-08-28,82.99956512451172
2000-08-29,83.42085266113281
2000-08-30,83.31554412841797
2000-08-31,85.6327896118164
2000-09-01,86.47540283203125
2000-09-05,83.84222412109375
2000-09-06,80.8929672241211
2000-09-07,82.6835708618164
2000-09-08,80.15568542480469
2000-09-11,78.20706939697266
2000-09-12,76.99577331542969
2000-09-13,78.78639221191406
2000-09-14,78.36505126953125
2000-09-15,76.94310760498047
2000-09-18,75.7318344116211
2000-09-19,78.5230484008789
2000-09-20,79.73432922363281
2000-09-21,73.94121551513672
2000-09-22,78.3124008178711
2000-09-25,76.23211669921875
2000-09-26,75.36323547363281
2000-09-27,75.46851348876953
2000-09-28,77.15383911132812
2000-09-29,74.78386688232422
2000-10-02,73.09858703613281
2000-10-03,70.78132629394531
2000-10-04,72.15062713623047
2000-10-05,72.36131286621094
2000-10-06,69.9386978149414
2000-10-09,69.62271881103516
2000-10-10,65.98884582519531
2000-10-11,64.93553924560547
2000-10-12,63.30295944213867
2000-10-13,68.46411895751953
2000-10-16,69.09605407714844
2000-10-17,65.93621826171875
2000-10-18,65.72550964355469
2000-10-19,71.67662811279297
2000-10-20,72.72992706298828
2000-10-23,72.62460327148438
2000-10-24,69.51741790771484
2000-10-25,65.6202163696289
2000-10-26,67.30549621582031
2000-10-27,67.17384338378906
2000-10-30,64.68541717529297
2000-10-31,68.8459243774414
2000-11-01,68.25347137451172
2000-11-02,69.09605407714844
2000-11-03,69.99132537841797
2000-11-06,69.46473693847656
2000-11-07,69.201416015625
2000-11-08,63.79009246826172
2000-11-09,63.77692794799805
2000-11-10,60.45907211303711
2000-11-13,60.551212310791016
2000-11-14,63.90864181518555
2000-11-15,65.1988754272461
2000-11-16,61.40702819824219
2000-11-17,61.36750411987305
2000-11-20,58.865970611572266
2000-11-21,58.77379608154297
2000-11-22,56.14054870605469
2000-11-24,59.35313034057617
2000-11-27,58.61579513549805
2000-11-28,55.153099060058594
2000-11-29,53.033355712890625
2000-11-30,53.072845458984375
2000-12-01,53.92863464355469
2000-12-04,54.77127456665039
2000-12-05,59.56377029418945
2000-12-06,57.29918670654297
2000-12-07,56.035240173339844
2000-12-08,57.29918670654297
2000-12-11,62.67097854614258
2000-12-12,60.38008117675781
2000-12-13,57.917999267578125
2000-12-14,55.08725357055664
2000-12-15,53.82331848144531
2000-12-18,53.92863464355469
2000-12-19,49.82080841064453
2000-12-20,46.9637336730957
2000-12-21,47.24024963378906
2000-12-22,50.97943878173828
2000-12-26,51.29541015625
2000-12-27,51.874725341796875
2000-12-28,51.7694091796875
2000-12-29,49.188812255859375
2001-01-02,45.0283203125
2001-01-03,52.612037658691406
2001-01-04,51.66407012939453
2001-01-05,47.714210510253906
2001-01-08,48.240867614746094
2001-01-09,48.240867614746094
2001-01-10,50.71608352661133
2001-01-11,52.19072341918945
2001-01-12,52.86219024658203
2001-01-16,52.230224609375
2001-01-17,53.82331848144531
2001-01-18,56.08789825439453
2001-01-19,55.87722396850586
2001-01-22,55.929893493652344
2001-01-23,57.101688385009766
2001-01-24,56.56187438964844
2001-01-25,54.3499641418457
2001-01-26,55.23210525512695
2001-01-29,56.45655059814453
2001-01-30,56.24590301513672
2001-01-31,54.18144226074219
2001-02-01,54.8976936340332
2001-02-02,51.86418533325195
2001-02-05,51.822078704833984
2001-02-06,51.90631103515625
2001-02-07,51.063697814941406
2001-02-08,49.53852462768555
2001-02-09,47.524635314941406
2001-02-12,48.097625732421875
2001-02-13,46.55558776855469
2001-02-14,48.409366607666016
2001-02-15,49.20989990234375
2001-02-16,46.454463958740234
2001-02-20,44.65121841430664
2001-02-21,43.39571762084961
2001-02-22,42.974395751953125
2001-02-23,43.126075744628906
2001-02-26,43.94343566894531
2001-02-27,41.28912353515625
2001-02-28,39.9830322265625
2001-03-01,41.12059020996094
2001-03-02,39.351051330566406
2001-03-05,40.06728744506836
2001-03-06,41.62618637084961
2001-03-07,41.643043518066406
2001-03-08,40.86780548095703
2001-03-09,38.00284194946289
2001-03-12,35.64346694946289
2001-03-13,37.455135345458984
2001-03-14,36.86529541015625
2001-03-15,35.51706314086914
2001-03-16,34.71656799316406
2001-03-19,36.4523811340332
2001-03-20,34.00032424926758
2001-03-21,34.00032424926758
2001-03-22,36.06477737426758
2001-03-23,36.06477737426758
2001-03-26,35.23057174682617
2001-03-27,36.44396209716797
2001-03-28,33.4526252746582
2001-03-29,32.82063293457031
2001-03-30,32.989173889160156
2001-04-02,31.514543533325195
2001-04-03,29.205732345581055
2001-04-04,28.69173240661621
2001-04-05,31.438709259033203
2001-04-06,30.292741775512695
2001-04-09,31.219635009765625
2001-04-10,33.536869049072266
2001-04-11,34.54802703857422
2001-04-12,36.06477737426758
2001-04-16,33.91606140136719
2001-04-17,34.75870895385742
2001-04-18,38.38202667236328
2001-04-19,40.69926834106445
2001-04-20,40.78352737426758
2001-04-23,38.044986724853516
2001-04-24,37.32874298095703
2001-04-25,38.00284194946289
2001-04-26,37.0338020324707
2001-04-27,38.044986724853516
2001-04-30,38.88762283325195
2001-05-01,40.488624572753906
2001-05-02,41.272239685058594
2001-05-03,39.43532180786133
2001-05-04,40.61501693725586
2001-05-07,39.77239227294922
2001-05-08,40.61501693725586
2001-05-09,39.22466278076172
2001-05-10,38.56739807128906
2001-05-11,38.38202667236328
2001-05-14,37.766910552978516
2001-05-15,38.044986724853516
2001-05-16,39.730255126953125
2001-05-17,40.36222839355469
2001-05-18,40.480186462402344
2001-05-21,43.01652526855469
2001-05-22,42.89013671875
2001-05-23,40.994197845458984
2001-05-24,42.0474967956543
2001-05-25,41.28070068359375
2001-05-29,38.86234664916992
2001-05-30,37.43828582763672
2001-05-31,37.69106674194336
2001-06-01,38.803348541259766
2001-06-04,38.617977142333984
2001-06-05,40.32008743286133
2001-06-06,40.008304595947266
2001-06-07,41.03634262084961
2001-06-08,39.89877700805664
2001-06-11,38.803348541259766
2001-06-12,38.59267044067383
2001-06-13,37.539398193359375
2001-06-14,35.6013298034668
2001-06-15,35.896240234375
2001-06-18,35.41595458984375
2001-06-19,35.239009857177734
2001-06-20,36.03950881958008
2001-06-21,36.528228759765625
2001-06-22,36.44396209716797
2001-06-25,36.536659240722656
2001-06-26,36.66305160522461
2001-06-27,36.898990631103516
2001-06-28,37.370880126953125
2001-06-29,38.5084342956543
2001-07-02,38.297767639160156
2001-07-03,38.4578742980957
2001-07-05,36.612491607666016
2001-07-06,35.09573745727539
2001-07-09,35.39910888671875
2001-07-10,34.12673568725586
2001-07-11,34.54802703857422
2001-07-12,36.73889923095703
2001-07-13,36.35969543457031
2001-07-16,35.685604095458984
2001-07-17,36.486106872558594
2001-07-18,35.09573745727539
2001-07-19,35.92995071411133
2001-07-20,35.09573745727539
2001-07-23,34.21941375732422
2001-07-24,33.83180618286133
2001-07-25,34.12673568725586
2001-07-26,34.63230895996094
2001-07-27,35.34852981567383
2001-07-30,35.13788604736328
2001-07-31,35.188453674316406
2001-08-01,36.31757354736328
2001-08-02,37.00011444091797
2001-08-03,36.38499069213867
2001-08-06,35.81199264526367
2001-08-07,35.626609802246094
2001-08-08,34.12673568725586
2001-08-09,34.26995086669922
2001-08-10,33.94133377075195
2001-08-13,34.63230895996094
2001-08-14,34.21097946166992
2001-08-15,32.94705581665039
2001-08-16,33.334651947021484
2001-08-17,31.81791114807129
2001-08-20,32.25606918334961
2001-08-21,30.916276931762695
2001-08-22,31.75893211364746
2001-08-23,31.4471492767334
2001-08-24,33.11555099487305
2001-08-27,33.15768814086914
2001-08-28,32.12125015258789
2001-08-29,31.64937973022461
2001-08-30,30.478105545043945
2001-08-31,30.8657283782959
2001-09-04,29.88826560974121
2001-09-05,29.770299911499023
2001-09-06,28.565338134765625
2001-09-07,28.396808624267578
2001-09-10,28.73384666442871
2001-09-17,26.29022216796875
2001-09-18,25.70037269592285
2001-09-19,25.253774642944336
2001-09-20,24.411148071289062
2001-09-21,23.753883361816406
2001-09-24,24.950435638427734
2001-09-25,25.02626609802246
2001-09-26,24.15835189819336
2001-09-27,23.998249053955078
2001-09-28,24.419559478759766
2001-10-01,24.208904266357422
2001-10-02,24.28474235534668
2001-10-03,26.121692657470703
2001-10-04,26.37447738647461
2001-10-05,26.7620906829834
2001-10-08,26.84634780883789
2001-10-09,26.19752311706543
2001-10-10,27.385637283325195
2001-10-11,29.23944854736328
2001-10-12,29.113040924072266
2001-10-15,28.986650466918945
2001-10-16,29.458528518676758
2001-10-17,27.343505859375
2001-10-18,28.085033416748047
2001-10-19,28.27040672302246
2001-10-22,29.028779983520508
2001-10-23,29.180456161499023
2001-10-24,29.812419891357422
2001-10-25,31.00897979736328
2001-10-26,30.343294143676758
2001-10-29,28.68329429626465
2001-10-30,28.12716293334961
2001-10-31,28.565338134765625
2001-11-01,29.778728485107422
2001-11-02,29.997817993164062
2001-11-05,30.975263595581055
2001-11-06,32.18022537231445
2001-11-07,32.13810729980469
2001-11-08,31.80948829650879
2001-11-09,31.792600631713867
2001-11-12,32.02013397216797
2001-11-13,33.1661262512207
2001-11-14,33.402042388916016
2001-11-15,33.2672233581543
2001-11-16,33.17454147338867
2001-11-19,34.11829376220703
2001-11-20,32.542572021484375
2001-11-21,32.3740234375
2001-11-23,33.09867858886719
2001-11-26,33.91606140136719
2001-11-27,33.87394714355469
2001-11-28,32.65210723876953
2001-11-29,33.663291931152344
2001-11-30,33.41049575805664
2001-12-03,32.83747482299805
2001-12-04,34.404808044433594
2001-12-05,36.106903076171875
2001-12-06,36.15747833251953
2001-12-07,35.16317367553711
2001-12-10,34.54802703857422
2001-12-11,34.74182891845703
2001-12-12,35.01991653442383
2001-12-13,33.503177642822266
2001-12-14,33.798091888427734
2001-12-17,34.379512786865234
2001-12-18,34.76713943481445
2001-12-19,34.135154724121094
2001-12-20,32.68581008911133
2001-12-21,33.2672233581543
2001-12-24,33.13243103027344
2001-12-26,33.444175720214844
2001-12-27,33.713836669921875
2001-12-28,33.98348617553711
2001-12-31,32.78693389892578
2002-01-02,33.798091888427734
2002-01-03,34.9693489074707
2002-01-04,35.11260986328125
2002-01-07,34.724979400634766
2002-01-08,34.96092987060547
2002-01-09,34.64073181152344
2002-01-10,34.86824417114258
2002-01-11,34.42164993286133
2002-01-14,33.671695709228516
2002-01-15,33.99188232421875
2002-01-16,32.67740249633789
2002-01-17,33.41049575805664
2002-01-18,32.51728820800781
2002-01-22,31.514543533325195
2002-01-23,32.38247299194336
2002-01-24,32.812217712402344
2002-01-25,32.719520568847656
2002-01-28,32.90488815307617
2002-01-29,32.003292083740234
2002-01-30,32.247642517089844
2002-01-31,32.44989013671875
2002-02-01,32.13810729980469
2002-02-04,31.11008071899414
2002-02-05,30.5960750579834
2002-02-06,30.38542366027832
2002-02-07,29.6523380279541
2002-02-08,30.478105545043945
2002-02-11,30.8657283782959
2002-02-12,30.612943649291992
2002-02-13,31.13536834716797
2002-02-14,31.07638931274414
2002-02-15,30.149486541748047
2002-02-19,29.222585678100586
2002-02-20,29.618627548217773
2002-02-21,28.2114200592041
2002-02-22,28.354677200317383
2002-02-25,29.500652313232422
2002-02-26,29.391103744506836
2002-02-27,28.986650466918945
2002-02-28,28.46420669555664
2002-03-01,30.115779876708984
2002-03-04,31.303890228271484
2002-03-05,31.531402587890625
2002-03-06,31.68306541442871
2002-03-07,31.75048065185547
2002-03-08,32.584693908691406
2002-03-11,32.46671676635742
2002-03-12,32.02013397216797
2002-03-13,31.24491310119629
2002-03-14,31.059520721435547
2002-03-15,31.371286392211914
2002-03-18,31.548274993896484
2002-03-19,31.497697830200195
2002-03-20,30.38542366027832
2002-03-21,31.194347381591797
2002-03-22,30.90785026550293
2002-03-25,29.96409797668457
2002-03-26,30.242172241210938
2002-03-27,30.006240844726562
2002-03-28,30.38542366027832
2002-04-01,30.96683120727539
2002-04-02,29.568058013916016
2002-04-03,29.51749610900879
2002-04-04,29.289997100830078
2002-04-05,28.96137046813965
2002-04-08,29.323711395263672
2002-04-09,28.304107666015625
2002-04-10,28.514768600463867
2002-04-11,27.806961059570312
2002-04-12,28.245126724243164
2002-04-15,28.472633361816406
2002-04-16,29.660749435424805
2002-04-17,29.509098052978516
2002-04-18,28.944515228271484
2002-04-19,29.037200927734375
2002-04-22,28.304107666015625
2002-04-23,27.815378189086914
2002-04-24,27.385637283325195
2002-04-25,27.318225860595703
2002-04-26,26.155391693115234
2002-04-29,26.222808837890625
2002-04-30,26.73681640625
2002-05-01,26.593555450439453
2002-05-02,25.70879554748535
2002-05-03,25.059965133666992
2002-05-06,24.411148071289062
2002-05-07,24.183631896972656
2002-05-08,26.770519256591797
2002-05-09,26.07955551147461
2002-05-10,24.908296585083008
2002-05-13,25.919456481933594
2002-05-14,27.44462776184082
2002-05-15,27.64686393737793
2002-05-16,27.688997268676758
2002-05-17,27.747974395751953
2002-05-20,27.14126968383789
2002-05-21,26.399757385253906
2002-05-22,26.4587345123291
2002-05-23,26.989601135253906
2002-05-24,26.32392692565918
2002-05-28,26.205949783325195
2002-05-29,25.51499366760254
2002-05-30,25.73407554626465
2002-05-31,25.31275749206543
2002-06-03,24.419559478759766
2002-06-04,24.73976707458496
2002-06-05,24.9925594329834
2002-06-06,24.335296630859375
2002-06-07,23.846576690673828
2002-06-10,23.804439544677734
2002-06-11,23.138755798339844
2002-06-12,23.47581672668457
2002-06-13,23.324146270751953
2002-06-14,23.27358055114746
2002-06-17,24.065649032592773
2002-06-18,24.45326805114746
2002-06-19,23.03763771057129
2002-06-20,22.296127319335938
2002-06-21,21.75684356689453
2002-06-24,22.18658447265625
2002-06-25,21.453495025634766
2002-06-26,21.61359405517578
2002-06-27,22.0854549407959
2002-06-28,21.992774963378906
2002-07-01,20.939485549926758
2002-07-02,20.181114196777344
2002-07-03,20.855213165283203
2002-07-05,22.195009231567383
2002-07-08,21.386075973510742
2002-07-09,20.779388427734375
2002-07-10,20.138986587524414
2002-07-11,20.89735221862793
2002-07-12,20.89735221862793
2002-07-15,21.546184539794922
2002-07-16,21.22598648071289
2002-07-17,21.61359405517578
2002-07-18,20.838363647460938
2002-07-19,20.214815139770508
2002-07-22,19.717660903930664
2002-07-23,18.875030517578125
2002-07-24,19.903038024902344
2002-07-25,18.748624801635742
2002-07-26,19.1025390625
2002-07-29,20.079992294311523
2002-07-30,20.484458923339844
2002-07-31,20.09684944152832
2002-08-01,19.153099060058594
2002-08-02,18.748624801635742
2002-08-05,18.066102981567383
2002-08-06,18.959285736083984
2002-08-07,19.212081909179688
2002-08-08,19.86090850830078
2002-08-09,19.658681869506836
2002-08-12,19.717660903930664
2002-08-13,19.043546676635742
2002-08-14,20.256946563720703
2002-08-15,20.669857025146484
2002-08-16,20.813093185424805
2002-08-19,21.318666458129883
2002-08-20,21.22598648071289
2002-08-21,21.697858810424805
2002-08-22,22.043323516845703
2002-08-23,21.19227409362793
2002-08-26,21.276538848876953
2002-08-27,20.53502082824707
2002-08-28,19.785076141357422
2002-08-29,20.04628562927246
2002-08-30,19.79349708557129
2002-09-03,19.077253341674805
2002-09-04,19.153099060058594
2002-09-05,18.68122100830078
2002-09-06,19.25421714782715
2002-09-09,19.448020935058594
2002-09-10,19.92832374572754
2002-09-11,19.759788513183594
2002-09-12,19.220508575439453
2002-09-13,19.372177124023438
2002-09-16,19.094112396240234
2002-09-17,18.68963623046875
2002-09-18,18.478986740112305
2002-09-19,18.184062957763672
2002-09-20,18.259906768798828
2002-09-23,17.712186813354492
2002-09-24,17.72061538696289
2002-09-25,18.428436279296875
2002-09-26,18.200918197631836
2002-09-27,17.956558227539062
2002-09-30,17.45939826965332
2002-10-01,18.521120071411133
2002-10-02,17.905996322631836
2002-10-03,17.476245880126953
2002-10-04,17.14762306213379
2002-10-07,16.987524032592773
2002-10-08,17.021223068237305
2002-10-09,16.903255462646484
2002-10-10,17.762744903564453
2002-10-11,18.72334861755371
2002-10-14,18.942445755004883
2002-10-15,19.852481842041016
2002-10-16,19.195222854614258
2002-10-17,19.84406089782715
2002-10-18,20.063146591186523
2002-10-21,20.467609405517578
2002-10-22,20.341203689575195
2002-10-23,20.728824615478516
2002-10-24,20.206390380859375
2002-10-25,20.813093185424805
2002-10-28,20.636119842529297
2002-10-29,20.15582847595215
2002-10-30,20.69511604309082
2002-10-31,20.686697006225586
2002-11-01,21.276538848876953
2002-11-04,21.824249267578125
2002-11-05,21.992774963378906
2002-11-06,22.304550170898438
2002-11-07,21.520896911621094
2002-11-08,21.12486457824707
2002-11-11,20.484458923339844
2002-11-12,21.006895065307617
2002-11-13,21.259675979614258
2002-11-14,21.992774963378906
2002-11-15,22.279272079467773
2002-11-18,21.950651168823242
2002-11-19,21.61359405517578
2002-11-20,22.532058715820312
2002-11-21,23.36626434326172
2002-11-22,23.357847213745117
2002-11-25,23.58535385131836
2002-11-26,22.79328155517578
2002-11-27,23.517946243286133
2002-11-29,23.357847213745117
2002-12-02,23.593786239624023
2002-12-03,22.894399642944336
2002-12-04,22.388816833496094
2002-12-05,22.077041625976562
2002-12-06,22.304550170898438
2002-12-09,21.251256942749023
2002-12-10,21.57146453857422
2002-12-11,21.672576904296875
2002-12-12,21.79054069519043
2002-12-13,21.099580764770508
2002-12-16,21.782114028930664
2002-12-17,21.849533081054688
2002-12-18,21.386075973510742
2002-12-19,21.116432189941406
2002-12-20,21.335525512695312
2002-12-23,21.63044548034668
2002-12-24,21.360807418823242
2002-12-26,21.30181884765625
2002-12-27,20.914199829101562
2002-12-30,20.75409698486328
2002-12-31,20.53502082824707
2003-01-02,21.40293312072754
2003-01-03,21.638866424560547
2003-01-06,22.17815399169922
2003-01-07,22.456228256225586
2003-01-08,21.824249267578125
2003-01-09,22.49835777282715
2003-01-10,22.835416793823242
2003-01-13,22.70058822631836
2003-01-14,22.818557739257812
2003-01-15,22.532058715820312
2003-01-16,22.279272079467773
2003-01-17,21.32710075378418
2003-01-21,21.091157913208008
2003-01-22,21.006895065307617
2003-01-23,21.495620727539062
2003-01-24,20.914199829101562
2003-01-27,20.669857025146484
2003-01-28,20.88050079345703
2003-01-29,21.19227409362793
2003-01-30,20.644561767578125
2003-01-31,20.59400749206543
2003-02-03,20.636119842529297
2003-02-04,20.383338928222656
2003-02-05,20.290653228759766
2003-02-06,20.40019416809082
2003-02-07,20.063146591186523
2003-02-10,20.240093231201172
2003-02-11,20.349634170532227
2003-02-12,20.071571350097656
2003-02-13,20.172683715820312
2003-02-14,20.636119842529297
2003-02-18,21.276538848876953
2003-02-19,21.133289337158203
2003-02-20,21.049036026000977
2003-02-21,21.209125518798828
2003-02-24,20.846797943115234
2003-02-25,20.872079849243164
2003-02-26,20.408620834350586
2003-02-27,20.872079849243164
2003-02-28,21.200700759887695
2003-03-03,20.77095603942871
2003-03-04,20.644561767578125
2003-03-05,20.686697006225586
2003-03-06,20.636119842529297
2003-03-07,20.678264617919922
2003-03-10,20.23166847229004
2003-03-11,20.054718017578125
2003-03-12,20.41706085205078
2003-03-13,21.58831787109375
2003-03-14,21.672576904296875
2003-03-17,22.414091110229492
2003-03-18,22.692157745361328
2003-03-19,22.49835777282715
2003-03-20,22.582626342773438
2003-03-21,22.894399642944336
2003-03-24,21.942218780517578
2003-03-25,22.253990173339844
2003-03-26,22.38038444519043
2003-03-27,22.220291137695312
2003-03-28,21.97592544555664
2003-03-31,21.276538848876953
2003-04-01,21.445068359375
2003-04-02,22.034912109375
2003-04-03,22.31298065185547
2003-04-04,21.950651168823242
2003-04-07,21.984350204467773
2003-04-08,21.959062576293945
2003-04-09,21.453495025634766
2003-04-10,21.71470832824707
2003-04-11,21.495620727539062
2003-04-14,21.933794021606445
2003-04-15,22.144451141357422
2003-04-16,22.09389305114746
2003-04-17,22.59947395324707
2003-04-21,22.68374252319336
2003-04-22,23.113479614257812
2003-04-23,23.282007217407227
2003-04-24,23.155603408813477
2003-04-25,22.70901870727539
2003-04-28,23.155603408813477
2003-04-29,23.36626434326172
2003-04-30,23.13033676147461
2003-05-01,23.332557678222656
2003-05-02,23.829729080200195
2003-05-05,23.804439544677734
2003-05-06,24.107786178588867
2003-05-07,23.838146209716797
2003-05-08,23.39998435974121
2003-05-09,23.939260482788086
2003-05-12,24.30160140991211
2003-05-13,24.149917602539062
2003-05-14,24.099374771118164
2003-05-15,24.369003295898438
2003-05-16,24.183631896972656
2003-05-19,23.332557678222656
2003-05-20,23.39998435974121
2003-05-21,23.332557678222656
2003-05-22,23.66961669921875
2003-05-23,23.678049087524414
2003-05-27,24.52068519592285
2003-05-28,24.596519470214844
2003-05-29,24.697635650634766
2003-05-30,25.102102279663086
2003-06-02,24.925148010253906
2003-06-03,25.16108512878418
2003-06-04,25.632965087890625
2003-06-05,25.818340301513672
2003-06-06,25.38859748840332
2003-06-09,25.051542282104492
2003-06-10,25.430723190307617
2003-06-11,25.71722412109375
2003-06-12,25.826765060424805
2003-06-13,25.245342254638672
2003-06-16,26.020578384399414
2003-06-17,25.919456481933594
2003-06-18,26.054269790649414
2003-06-19,25.632965087890625
2003-06-20,25.59925651550293
2003-06-23,25.203214645385742
2003-06-24,25.0093994140625
2003-06-25,24.874591827392578
2003-06-26,25.464431762695312
2003-06-27,25.135807037353516
2003-06-30,25.23693084716797
2003-07-01,25.573978424072266
2003-07-02,26.09640884399414
2003-07-03,25.76778793334961
2003-07-07,26.871633529663086
2003-07-08,27.200260162353516
2003-07-09,27.132856369018555
2003-07-10,26.62726402282715
2003-07-11,26.829496383666992
2003-07-14,27.149703979492188
2003-07-15,27.18340492248535
2003-07-16,27.099140167236328
2003-07-17,26.27336311340332
2003-07-18,26.357624053955078
2003-07-21,26.020578384399414
2003-07-22,26.40817642211914
2003-07-23,26.62726402282715
2003-07-24,26.27336311340332
2003-07-25,26.795801162719727
2003-07-28,26.871633529663086
2003-07-29,26.669401168823242
2003-07-30,26.47559928894043
2003-07-31,26.795801162719727
2003-08-01,26.50929832458496
2003-08-04,26.50087547302246
2003-08-05,25.45600700378418
2003-08-06,25.43915367126465
2003-08-07,25.540264129638672
2003-08-08,25.338035583496094
2003-08-11,25.61610221862793
2003-08-12,26.003719329833984
2003-08-13,26.012142181396484
2003-08-14,26.037424087524414
2003-08-15,26.26492691040039
2003-08-18,26.939041137695312
2003-08-19,27.276092529296875
2003-08-20,27.20868682861328
2003-08-21,27.50360107421875
2003-08-22,27.3350772857666
2003-08-25,27.39406967163086
2003-08-26,27.419340133666992
2003-08-27,27.638431549072266
2003-08-28,27.8828067779541
2003-08-29,28.13558006286621
2003-09-02,28.54005241394043
2003-09-03,28.5231990814209
2003-09-04,28.784414291381836
2003-09-05,28.599035263061523
2003-09-08,29.070911407470703
2003-09-09,28.725431442260742
2003-09-10,28.034467697143555
2003-09-11,28.34624481201172
2003-09-12,28.497928619384766
2003-09-15,28.2198486328125
2003-09-16,28.986650466918945
2003-09-17,28.86867904663086
2003-09-18,29.306842803955078
2003-09-19,29.138317108154297
2003-09-22,28.58218765258789
2003-09-23,29.08776092529297
2003-09-24,27.99234390258789
2003-09-25,27.630008697509766
2003-09-26,27.45305061340332
2003-09-29,27.9249210357666
2003-09-30,27.318225860595703
2003-10-01,27.933359146118164
2003-10-02,28.026050567626953
2003-10-03,28.809696197509766
2003-10-06,29.020360946655273
2003-10-07,29.19731903076172
2003-10-08,29.011917114257812
2003-10-09,29.231008529663086
2003-10-10,29.500652313232422
2003-10-13,29.694454193115234
2003-10-14,29.770299911499023
2003-10-15,29.643901824951172
2003-10-16,29.879840850830078
2003-10-17,29.163599014282227
2003-10-20,29.525943756103516
2003-10-21,29.70288848876953
2003-10-22,29.129892349243164
2003-10-23,28.792848587036133
2003-10-24,28.818126678466797
2003-10-27,28.826547622680664
2003-10-28,29.795564651489258
2003-10-29,29.761873245239258
2003-10-30,29.820871353149414
2003-10-31,29.643901824951172
2003-11-03,30.13263702392578
2003-11-04,29.930387496948242
2003-11-05,30.200023651123047
2003-11-06,30.284317016601562
2003-11-07,30.023080825805664
2003-11-10,29.6523380279541
2003-11-11,29.542783737182617
2003-11-12,30.174772262573242
2003-11-13,30.141056060791016
2003-11-14,29.525943756103516
2003-11-17,29.222585678100586
2003-11-18,28.548473358154297
2003-11-19,28.826547622680664
2003-11-20,28.548473358154297
2003-11-21,28.843408584594727
2003-11-24,29.643901824951172
2003-11-25,29.643901824951172
2003-11-26,29.778728485107422
2003-11-28,29.812419891357422
2003-12-01,30.2506160736084
2003-12-02,30.082077026367188
2003-12-03,29.70288848876953
2003-12-04,30.023080825805664
2003-12-05,29.525943756103516
2003-12-08,29.694454193115234
2003-12-09,29.011917114257812
2003-12-10,29.121477127075195
2003-12-11,29.745023727416992
2003-12-12,29.694454193115234
2003-12-15,29.306842803955078
2003-12-16,29.365833282470703
2003-12-17,29.416383743286133
2003-12-18,29.96409797668457
2003-12-19,29.879840850830078
2003-12-22,29.972537994384766
2003-12-23,30.200023651123047
2003-12-24,30.262435913085938
2003-12-26,30.22026824951172
2003-12-29,30.717632293701172
2003-12-30,30.818788528442383
2003-12-31,30.734479904174805
2004-01-02,30.650178909301758
2004-01-05,31.265544891357422
2004-01-06,31.476287841796875
2004-01-07,31.762903213500977
2004-01-08,32.015785217285156
2004-01-09,31.805042266845703
2004-01-12,32.310821533203125
2004-01-13,31.990503311157227
2004-01-14,32.100074768066406
2004-01-15,32.18437194824219
2004-01-16,32.513145446777344
2004-01-20,32.487850189208984
2004-01-21,32.35298156738281
2004-01-22,32.15909957885742
2004-01-23,32.04106903076172
2004-01-26,32.53001022338867
2004-01-27,31.813459396362305
2004-01-28,31.273983001708984
2004-01-29,31.391998291015625
2004-01-30,31.248682022094727
2004-02-02,31.164396286010742
2004-02-03,31.130678176879883
2004-02-04,30.624895095825195
2004-02-05,30.742910385131836
2004-02-06,31.299251556396484
2004-02-09,31.290834426879883
2004-02-10,31.34142303466797
2004-02-11,31.678600311279297
2004-02-12,31.40039825439453
2004-02-13,31.139110565185547
2004-02-17,31.56058120727539
2004-02-18,31.653303146362305
2004-02-19,31.172809600830078
2004-02-20,31.071666717529297
2004-02-23,30.726055145263672
2004-02-24,30.650178909301758
2004-02-25,30.835655212402344
2004-02-26,30.911500930786133
2004-02-27,30.827198028564453
2004-03-01,31.231836318969727
2004-03-02,30.86935043334961
2004-03-03,30.700761795043945
2004-03-04,30.987363815307617
2004-03-05,30.87779426574707
2004-03-08,30.152835845947266
2004-03-09,30.060117721557617
2004-03-10,29.663925170898438
2004-03-11,29.394166946411133
2004-03-12,29.933664321899414
2004-03-15,29.411033630371094
2004-03-16,29.46161460876465
2004-03-17,29.925241470336914
2004-03-18,29.790367126464844
2004-03-19,29.293001174926758
2004-03-22,28.922115325927734
2004-03-23,28.686079025268555
2004-03-24,29.01482582092285
2004-03-25,29.790367126464844
2004-03-26,29.689207077026367
2004-03-29,30.169713973999023
2004-03-30,30.270862579345703
2004-03-31,30.21183204650879
2004-04-01,30.481586456298828
2004-04-02,31.273983001708984
2004-04-05,31.56902313232422
2004-04-06,31.172809600830078
2004-04-07,31.139110565185547
2004-04-08,31.139110565185547
2004-04-12,31.332984924316406
2004-04-13,30.87779426574707
2004-04-14,31.029504776000977
2004-04-15,30.473163604736328
2004-04-16,30.422576904296875
2004-04-19,30.793481826782227
2004-04-20,30.076974868774414
2004-04-21,30.338294982910156
2004-04-22,31.122234344482422
2004-04-23,31.366701126098633
2004-04-26,31.139110565185547
2004-04-27,31.080089569091797
2004-04-28,30.515331268310547
2004-04-29,30.043258666992188
2004-04-30,29.30986976623535
2004-05-03,29.58803367614746
2004-05-04,29.71450424194336
2004-05-05,29.950498580932617
2004-05-06,29.722923278808594
2004-05-07,29.478464126586914
2004-05-10,29.22556495666504
2004-05-11,29.663925170898438
2004-05-12,29.722923278808594
2004-05-13,29.51218032836914
2004-05-14,29.293001174926758
2004-05-17,29.01482582092285
2004-05-18,29.276159286499023
2004-05-19,29.2424373626709
2004-05-20,29.37730598449707
2004-05-21,29.520631790161133
2004-05-24,29.722923278808594
2004-05-25,30.312999725341797
2004-05-26,30.506881713867188
2004-05-27,30.700761795043945
2004-05-28,30.810359954833984
2004-06-01,30.768205642700195
2004-06-02,30.700761795043945
2004-06-03,30.329858779907227
2004-06-04,30.506881713867188
2004-06-07,31.231836318969727
2004-06-08,31.273983001708984
2004-06-09,30.835655212402344
2004-06-10,31.0548152923584
2004-06-14,30.616466522216797
2004-06-15,31.012662887573242
2004-06-16,30.962078094482422
2004-06-17,30.675474166870117
2004-06-18,30.717632293701172
2004-06-21,30.473163604736328
2004-06-22,30.919939041137695
2004-06-23,31.290834426879883
2004-06-24,31.231836318969727
2004-06-25,31.467866897583008
2004-06-28,31.20654296875
2004-06-29,31.501577377319336
2004-06-30,31.813459396362305
2004-07-01,31.223400115966797
2004-07-02,31.03795623779297
2004-07-06,30.372007369995117
2004-07-07,30.43100929260254
2004-07-08,30.09382438659668
2004-07-09,30.135969161987305
2004-07-12,30.009531021118164
2004-07-13,29.96738052368164
2004-07-14,29.663925170898438
2004-07-15,29.562774658203125
2004-07-16,29.22556495666504
2004-07-19,29.166568756103516
2004-07-20,29.86621856689453
2004-07-21,28.997982025146484
2004-07-22,29.394166946411133
2004-07-23,28.837810516357422
2004-07-26,28.711368560791016
2004-07-27,29.107566833496094
2004-07-28,28.981117248535156
2004-07-29,29.31829833984375
2004-07-30,29.411033630371094
2004-08-02,29.470041275024414
2004-08-03,28.85468101501465
2004-08-04,28.863096237182617
2004-08-05,28.323598861694336
2004-08-06,27.58179473876953
2004-08-09,27.649240493774414
2004-08-10,27.994848251342773
2004-08-11,27.75037956237793
2004-08-12,27.37104606628418
2004-08-13,27.413198471069336
2004-08-16,27.725107192993164
2004-08-17,28.036998748779297
2004-08-18,28.534343719482422
2004-08-19,28.38260841369629
2004-08-20,28.66921615600586
2004-08-23,28.736663818359375
2004-08-24,28.728239059448242
2004-08-25,29.12442398071289
2004-08-26,28.997982025146484
2004-08-27,29.132856369018555
2004-08-30,28.64393424987793
2004-08-31,28.677650451660156
2004-09-01,28.888391494750977
2004-09-02,29.31829833984375
2004-09-03,28.77880859375
2004-09-07,29.02325439453125
2004-09-08,28.91367530822754
2004-09-09,29.158130645751953
2004-09-10,29.604909896850586
2004-09-13,29.9926815032959
2004-09-14,30.03481101989746
2004-09-15,29.71450424194336
2004-09-16,29.77351188659668
2004-09-17,29.86621856689453
2004-09-20,29.86621856689453
2004-09-21,29.984254837036133
2004-09-22,29.46161460876465
2004-09-23,29.436321258544922
2004-09-24,29.335168838500977
2004-09-27,29.082271575927734
2004-09-28,29.141281127929688
2004-09-29,29.571184158325195
2004-09-30,29.62177276611328
2004-10-01,30.43100929260254
2004-10-04,30.608041763305664
2004-10-05,30.650178909301758
2004-10-06,30.89463996887207
2004-10-07,30.54901885986328
2004-10-08,29.9926815032959
2004-10-11,30.135969161987305
2004-10-12,30.085412979125977
2004-10-13,30.017969131469727
2004-10-14,29.883098602294922
2004-10-15,30.03481101989746
2004-10-18,30.464723587036133
2004-10-19,30.245569229125977
2004-10-20,30.388872146606445
2004-10-21,30.852493286132812
2004-10-22,30.178123474121094
2004-10-25,30.03481101989746
2004-10-26,30.194984436035156
2004-10-27,30.962078094482422
2004-10-28,31.155969619750977
2004-10-29,31.10539436340332
2004-11-01,31.223400115966797
2004-11-02,31.324565887451172
2004-11-03,31.53529167175293
2004-11-04,31.71232032775879
2004-11-05,31.998918533325195
2004-11-08,32.03266143798828
2004-11-09,31.96521759033203
2004-11-10,31.855619430541992
2004-11-11,32.27710723876953
2004-11-12,32.589012145996094
2004-11-15,32.732303619384766
2004-11-16,32.53001022338867
2004-11-17,32.96834182739258
2004-11-18,33.12007522583008
2004-11-19,32.605865478515625
2004-11-22,32.91775894165039
2004-11-23,32.8671875
2004-11-24,33.153804779052734
2004-11-26,33.0526237487793
2004-11-29,33.044219970703125
2004-11-30,32.97676467895508
2004-12-01,33.65114212036133
2004-12-02,33.77759552001953
2004-12-03,33.82817459106445
2004-12-06,33.946170806884766
2004-12-07,33.364540100097656
2004-12-08,33.55839920043945
2004-12-09,33.76072311401367
2004-12-10,33.65956115722656
2004-12-13,33.95460891723633
2004-12-14,34.12321090698242
2004-12-15,33.99675750732422
2004-12-16,33.67644119262695
2004-12-17,33.5904655456543
2004-12-20,33.36070251464844
2004-12-21,33.769203186035156
2004-12-22,33.81174087524414
2004-12-23,33.83727264404297
2004-12-27,33.69261169433594
2004-12-28,34.01601028442383
2004-12-29,34.058536529541016
2004-12-30,34.032997131347656
2004-12-31,33.97343444824219
2005-01-03,33.61601257324219
2005-01-04,33.003257751464844
2005-01-05,32.79899215698242
2005-01-06,32.63731002807617
2005-01-07,32.80751419067383
2005-01-10,32.79050064086914
2005-01-11,32.56072235107422
2005-01-12,32.833072662353516
2005-01-13,32.3990364074707
2005-01-14,32.70539093017578
2005-01-18,32.95219421386719
2005-01-19,32.40751266479492
2005-01-20,31.786266326904297
2005-01-21,31.53096580505371
2005-01-24,31.088409423828125
2005-01-25,31.241594314575195
2005-01-26,31.616069793701172
2005-01-27,31.57352066040039
2005-01-28,31.420333862304688
2005-01-31,31.828815460205078
2005-02-01,31.930965423583984
2005-02-02,31.98202133178711
2005-02-03,31.616069793701172
2005-02-04,32.12668991088867
2005-02-07,32.058597564697266
2005-02-08,32.11817169189453
2005-02-09,31.58201789855957
2005-02-10,31.616069793701172
2005-02-11,32.08412170410156
2005-02-14,32.228816986083984
2005-02-15,32.44156265258789
2005-02-16,32.32243347167969
2005-02-17,31.888395309448242
2005-02-18,31.786266326904297
2005-02-22,31.394794464111328
2005-02-23,31.437335968017578
2005-02-24,31.83734703063965
2005-02-25,32.01605224609375
2005-02-28,31.675636291503906
2005-03-01,32.024559020996094
2005-03-02,32.00754165649414
2005-03-03,31.74371337890625
2005-03-04,31.930965423583984
2005-03-07,32.39052200317383
2005-03-08,32.06711196899414
2005-03-09,31.973495483398438
2005-03-10,31.930965423583984
2005-03-11,31.633075714111328
2005-03-14,31.77775001525879
2005-03-15,31.522449493408203
2005-03-16,31.165023803710938
2005-03-17,31.241594314575195
2005-03-18,31.07140350341797
2005-03-21,31.130971908569336
2005-03-22,30.748008728027344
2005-03-23,30.858640670776367
2005-03-24,30.86715316772461
2005-03-28,30.926727294921875
2005-03-29,30.67993927001953
2005-03-30,31.25864028930664
2005-03-31,31.122461318969727
2005-04-01,30.807579040527344
2005-04-04,31.028852462768555
2005-04-05,31.11395835876465
2005-04-06,31.0628719329834
2005-04-07,31.437335968017578
2005-04-08,31.182029724121094
2005-04-11,31.04587745666504
2005-04-12,31.199047088623047
2005-04-13,30.688430786132812
2005-04-14,30.25438117980957
2005-04-15,29.5650577545166
2005-04-18,29.573566436767578
2005-04-19,29.777822494506836
2005-04-20,29.53103256225586
2005-04-21,30.313962936401367
2005-04-22,29.862918853759766
2005-04-25,30.109731674194336
2005-04-26,29.828882217407227
2005-04-27,29.871423721313477
2005-04-28,29.573566436767578
2005-04-29,29.76930809020996
2005-05-02,29.88844871520996
2005-05-03,30.041637420654297
2005-05-04,30.407588958740234
2005-05-05,30.433116912841797
2005-05-06,30.518230438232422
2005-05-09,30.662904739379883
2005-05-10,30.441631317138672
2005-05-11,30.59481430053711
2005-05-12,30.50971794128418
2005-05-13,30.84161949157715
2005-05-16,31.04587745666504
2005-05-17,31.23310661315918
2005-05-18,31.65861701965332
2005-05-19,31.922439575195312
2005-05-20,32.05009078979492
2005-05-23,32.21179962158203
2005-05-24,32.31391143798828
2005-05-25,32.17774200439453
2005-05-26,32.501136779785156
2005-05-27,32.51818084716797
2005-05-31,32.40751266479492
2005-06-01,32.671348571777344
2005-06-02,32.90113067626953
2005-06-03,32.424537658691406
2005-06-06,32.43305587768555
2005-06-07,32.16072463989258
2005-06-08,32.092628479003906
2005-06-09,32.296913146972656
2005-06-10,31.95647621154785
2005-06-13,32.109649658203125
2005-06-14,31.98202133178711
2005-06-15,32.08412170410156
2005-06-16,32.25436019897461
2005-06-17,32.25860595703125
2005-06-20,32.25860595703125
2005-06-21,32.2415657043457
2005-06-22,32.20749282836914
2005-06-23,31.8497314453125
2005-06-24,31.491971969604492
2005-06-27,31.34714126586914
2005-06-28,31.645286560058594
2005-06-29,31.577144622802734
2005-06-30,31.330114364624023
2005-07-01,31.287534713745117
2005-07-05,31.611209869384766
2005-07-06,31.4578857421875
2005-07-07,31.56863021850586
2005-07-08,32.17341613769531
2005-07-11,32.4715461730957
2005-07-12,32.62489700317383
2005-07-13,32.70155334472656
2005-07-14,33.025245666503906
2005-07-15,33.1274528503418
2005-07-18,32.991180419921875
2005-07-19,33.374481201171875
2005-07-20,33.612998962402344
2005-07-21,33.62151336669922
2005-07-22,33.57893371582031
2005-07-25,33.451171875
2005-07-26,33.57893371582031
2005-07-27,33.8344841003418
2005-07-28,33.9963264465332
2005-07-29,33.715232849121094
2005-08-01,33.77485656738281
2005-08-02,34.141136169433594
2005-08-03,34.124107360839844
2005-08-04,33.79187774658203
2005-08-05,33.630043029785156
2005-08-08,33.383026123046875
2005-08-09,33.6044807434082
2005-08-10,33.31486511230469
2005-08-11,33.58743667602539
2005-08-12,33.40005111694336
2005-08-15,33.6044807434082
2005-08-16,33.05934143066406
2005-08-17,33.255252838134766
2005-08-18,33.08488082885742
2005-08-19,33.067832946777344
2005-08-22,33.08488082885742
2005-08-23,32.991180419921875
2005-08-24,32.79525375366211
2005-08-25,32.871917724609375
2005-08-26,32.76116943359375
2005-08-29,33.016719818115234
2005-08-30,32.89748001098633
2005-08-31,33.20412826538086
2005-09-01,33.153011322021484
2005-09-02,33.025245666503906
2005-09-06,33.510780334472656
2005-09-07,33.570404052734375
2005-09-08,33.561885833740234
2005-09-09,33.749298095703125
2005-09-12,33.84299850463867
2005-09-13,33.757816314697266
2005-09-14,33.374481201171875
2005-09-15,33.35747146606445
2005-09-16,33.561885833740234
2005-09-19,33.29782485961914
2005-09-20,33.16153335571289
2005-09-21,32.79525375366211
2005-09-22,32.91450119018555
2005-09-23,33.00820541381836
2005-09-26,33.016719818115234
2005-09-27,32.94007110595703
2005-09-28,32.9485969543457
2005-09-29,33.39154052734375
2005-09-30,33.612998962402344
2005-10-03,33.69819259643555
2005-10-04,33.476707458496094
2005-10-05,33.016719818115234
2005-10-06,32.58229064941406
2005-10-07,32.65896224975586
2005-10-10,32.480079650878906
2005-10-11,32.31822967529297
2005-10-12,31.934907913208008
2005-10-13,32.18193817138672
2005-10-14,32.42047119140625
2005-10-17,32.522674560546875
2005-10-18,32.29267883300781
2005-10-19,32.94007110595703
2005-10-20,32.63340759277344
2005-10-21,32.83784866333008
2005-10-24,33.35747146606445
2005-10-25,33.229671478271484
2005-10-26,33.05934143066406
2005-10-27,32.3948974609375
2005-10-28,32.641910552978516
2005-10-31,33.11042022705078
2005-11-01,33.08488082885742
2005-11-02,33.519287109375
2005-11-03,34.021881103515625
2005-11-04,34.141136169433594
2005-11-07,34.18370819091797
2005-11-08,34.19222640991211
2005-11-09,34.20927047729492
2005-11-10,34.584068298339844
2005-11-11,34.67778778076172
2005-11-14,34.67778778076172
2005-11-15,34.51594161987305
2005-11-16,34.72887420654297
2005-11-17,35.188880920410156
2005-11-18,35.30812454223633
2005-11-21,35.393310546875
2005-11-22,35.5211067199707
2005-11-23,35.60627746582031
2005-11-25,35.68293762207031
2005-11-28,35.384796142578125
2005-11-29,35.214420318603516
2005-11-30,35.129249572753906
2005-12-01,35.7851448059082
2005-12-02,35.870338439941406
2005-12-05,35.60627746582031
2005-12-06,35.72551345825195
2005-12-07,35.65738296508789
2005-12-08,35.4018440246582
2005-12-09,35.53811264038086
2005-12-12,35.665897369384766
2005-12-13,35.810707092285156
2005-12-14,35.69145965576172
2005-12-15,35.751068115234375
2005-12-16,35.50432205200195
2005-12-19,34.940738677978516
2005-12-20,34.96636962890625
2005-12-21,35.120059967041016
2005-12-22,35.350608825683594
2005-12-23,35.350608825683594
2005-12-27,35.04320526123047
2005-12-28,35.00052261352539
2005-12-29,34.769981384277344
2005-12-30,34.50526809692383
2006-01-03,35.273765563964844
2006-01-04,35.640933990478516
2006-01-05,35.79462814331055
2006-01-06,36.443580627441406
2006-01-09,36.5887451171875
2006-01-10,36.61436080932617
2006-01-11,36.89613723754883
2006-01-12,36.71681213378906
2006-01-13,36.699745178222656
2006-01-17,36.46065902709961
2006-01-18,36.042259216308594
2006-01-19,36.30696105957031
2006-01-20,35.2225341796875
2006-01-23,35.2310676574707
2006-01-24,35.384765625
2006-01-25,35.2310676574707
2006-01-26,35.478694915771484
2006-01-27,35.95686340332031
2006-01-30,36.02518081665039
2006-01-31,35.862911224365234
2006-02-01,35.99102783203125
2006-02-02,35.37623977661133
2006-02-03,34.940738677978516
2006-02-06,34.84682083129883
2006-02-07,34.693111419677734
2006-02-08,35.094451904296875
2006-02-09,34.76143264770508
2006-02-10,34.974910736083984
2006-02-13,34.57359313964844
2006-02-14,34.92366409301758
2006-02-15,35.14567947387695
2006-02-16,35.47015380859375
2006-02-17,35.188358306884766
2006-02-21,34.79558181762695
2006-02-22,35.2310676574707
2006-02-23,35.13713073730469
2006-02-24,35.2310676574707
2006-02-27,35.623836517333984
2006-02-28,35.094451904296875
2006-03-01,35.57261657714844
2006-03-02,35.59825134277344
2006-03-03,35.39329528808594
2006-03-06,35.085899353027344
2006-03-07,34.8809700012207
2006-03-08,34.89808654785156
2006-03-09,34.599205017089844
2006-03-10,34.63336181640625
2006-03-13,34.73582077026367
2006-03-14,35.32499694824219
2006-03-15,35.623836517333984
2006-03-16,35.32499694824219
2006-03-17,35.41812515258789
2006-03-20,35.50358200073242
2006-03-21,35.12763214111328
2006-03-22,35.213043212890625
2006-03-23,35.110511779785156
2006-03-24,35.289974212646484
2006-03-27,35.29850769042969
2006-03-28,35.15325164794922
2006-03-29,35.81973648071289
2006-03-30,35.930816650390625
2006-03-31,35.82827377319336
2006-04-03,35.87102127075195
2006-04-04,36.06753921508789
2006-04-05,36.409332275390625
2006-04-06,36.51187515258789
2006-04-07,36.16154861450195
2006-04-10,36.11026382446289
2006-04-11,35.81973648071289
2006-04-12,35.82827377319336
2006-04-13,35.973533630371094
2006-04-17,35.597572326660156
2006-04-18,36.28115463256836
2006-04-19,36.443519592285156
2006-04-20,36.31534957885742
2006-04-21,35.8880729675293
2006-04-24,35.85392761230469
2006-04-25,35.77702331542969
2006-04-26,35.768470764160156
2006-04-27,36.11026382446289
2006-04-28,35.75995635986328
2006-05-01,35.40958786010742
2006-05-02,35.50358200073242
2006-05-03,35.45231628417969
2006-05-04,35.742835998535156
2006-05-05,36.024818420410156
2006-05-08,36.05899429321289
2006-05-09,35.92227554321289
2006-05-10,35.60612869262695
2006-05-11,34.811466217041016
2006-05-12,34.341495513916016
2006-05-15,34.315853118896484
2006-05-16,34.05950164794922
2006-05-17,33.59809112548828
2006-05-18,33.36738967895508
2006-05-19,33.62372589111328
2006-05-22,33.29902267456055
2006-05-23,32.97433090209961
2006-05-24,33.196495056152344
2006-05-25,33.63226318359375
2006-05-26,33.74335861206055
2006-05-30,33.01704025268555
2006-05-31,33.17085266113281
2006-06-01,33.95697021484375
2006-06-02,33.87154769897461
2006-06-05,33.136680603027344
2006-06-06,33.111045837402344
2006-06-07,32.863250732421875
2006-06-08,32.81197738647461
2006-06-09,32.5983772277832
2006-06-12,31.95749282836914
2006-06-13,31.829322814941406
2006-06-14,32.154022216796875
2006-06-15,33.02558517456055
2006-06-16,32.78276062011719
2006-06-19,32.51768493652344
2006-06-20,32.560447692871094
2006-06-21,33.07349395751953
2006-06-22,32.65451431274414
2006-06-23,32.62031936645508
2006-06-26,32.705814361572266
2006-06-27,32.09016799926758
2006-06-28,32.329586029052734
2006-06-29,33.31289291381836
2006-06-30,33.150413513183594
2006-07-03,33.34708786010742
2006-07-05,32.62031936645508
2006-07-06,32.58609390258789
2006-07-07,32.22697067260742
2006-07-10,31.94481658935547
2006-07-11,32.18423843383789
2006-07-12,31.577133178710938
2006-07-13,31.046998977661133
2006-07-14,30.730636596679688
2006-07-17,30.807575225830078
2006-07-18,30.910188674926758
2006-07-19,31.312076568603516
2006-07-20,30.850337982177734
2006-07-21,30.525409698486328
2006-07-24,31.132495880126953
2006-07-25,31.312076568603516
2006-07-26,31.286420822143555
2006-07-27,31.081212997436523
2006-07-28,31.731035232543945
2006-07-31,31.722501754760742
2006-08-01,31.192373275756836
2006-08-02,31.542924880981445
2006-08-03,31.73957633972168
2006-08-04,31.594223022460938
2006-08-07,31.3890323638916
2006-08-08,31.192373275756836
2006-08-09,31.2351131439209
2006-08-10,31.45741081237793
2006-08-11,31.2351131439209
2006-08-14,31.440326690673828
2006-08-15,32.23553466796875
2006-08-16,32.996524810791016
2006-08-17,33.11623001098633
2006-08-18,33.16752243041992
2006-08-21,32.851158142089844
2006-08-22,32.85972595214844
2006-08-23,32.61174392700195
2006-08-24,32.705814361572266
2006-08-25,32.76565933227539
2006-08-28,33.01362609863281
2006-08-29,33.11623001098633
2006-08-30,33.27013397216797
2006-08-31,33.235931396484375
2006-09-01,33.41549301147461
2006-09-05,33.740413665771484
2006-09-06,33.064945220947266
2006-09-07,32.911014556884766
2006-09-08,33.1076774597168
2006-09-11,33.31289291381836
2006-09-12,33.928558349609375
2006-09-13,34.15940856933594
2006-09-14,34.193607330322266
2006-09-15,34.31593704223633
2006-09-18,34.32450485229492
2006-09-19,34.0934944152832
2006-09-20,34.589717864990234
2006-09-21,34.375831604003906
2006-09-22,34.11061096191406
2006-09-25,34.70948028564453
2006-09-26,34.88059616088867
2006-09-27,34.83782958984375
2006-09-28,34.931922912597656
2006-09-29,34.777950286865234
2006-10-02,34.34159469604492
2006-10-03,34.48703384399414
2006-10-04,35.33406066894531
2006-10-05,35.50515365600586
2006-10-06,35.42815017700195
2006-10-09,35.54793167114258
2006-10-10,35.607818603515625
2006-10-11,35.53937530517578
2006-10-12,36.104034423828125
2006-10-13,36.30082702636719
2006-10-16,36.33503341674805
2006-10-17,35.932918548583984
2006-10-18,35.76180648803711
2006-10-19,35.847381591796875
2006-10-20,35.932918548583984
2006-10-23,36.30082702636719
2006-10-24,36.05268478393555
2006-10-25,36.30082702636719
2006-10-26,36.63446044921875
2006-10-27,36.112579345703125
2006-10-30,36.343597412109375
2006-10-31,36.42914581298828
2006-11-01,35.932918548583984
2006-11-02,35.96714401245117
2006-11-03,35.87303161621094
2006-11-06,36.394927978515625
2006-11-07,36.64301300048828
2006-11-08,36.81413269042969
2006-11-09,36.64301300048828
2006-11-10,36.81413269042969
2006-11-13,37.19058609008789
2006-11-14,37.58412551879883
2006-11-15,37.73812484741211
2006-11-16,37.900672912597656
2006-11-17,37.900672912597656
2006-11-20,37.97768020629883
2006-11-21,38.02900695800781
2006-11-22,38.26858139038086
2006-11-24,38.20011901855469
2006-11-27,37.33601379394531
2006-11-28,37.447242736816406
2006-11-29,37.70391082763672
2006-11-30,37.678245544433594
2006-12-01,37.35313034057617
2006-12-04,37.86646270751953
2006-12-05,38.00333786010742
2006-12-06,37.86646270751953
2006-12-07,37.38735580444336
2006-12-08,37.5584602355957
2006-12-11,37.69534683227539
2006-12-12,37.47290802001953
2006-12-13,37.541343688964844
2006-12-14,37.96055603027344
2006-12-15,38.05821228027344
2006-12-18,37.68130111694336
2006-12-19,37.56138229370117
2006-12-20,37.424339294433594
2006-12-21,37.15879440307617
2006-12-22,36.7733268737793
2006-12-26,36.92753601074219
2006-12-27,37.11599349975586
2006-12-28,36.93608093261719
2006-12-29,36.970340728759766
2007-01-03,37.03886795043945
2007-01-04,37.74128723144531
2007-01-05,37.56138229370117
2007-01-08,37.587093353271484
2007-01-09,37.77554702758789
2007-01-10,38.220970153808594
2007-01-11,38.6150016784668
2007-01-12,38.81201934814453
2007-01-16,38.78630447387695
2007-01-17,38.4693603515625
2007-01-18,37.758426666259766
2007-01-19,37.83550262451172
2007-01-22,37.424339294433594
2007-01-23,37.33012390136719
2007-01-24,37.94685745239258
2007-01-25,37.45862579345703
2007-01-26,37.32155227661133
2007-01-29,37.3558235168457
2007-01-30,37.372947692871094
2007-01-31,37.74985122680664
2007-02-01,37.68986892700195
2007-02-02,37.826934814453125
2007-02-05,37.79267501831055
2007-02-06,37.74128723144531
2007-02-07,38.08393478393555
2007-02-08,38.07535171508789
2007-02-09,37.587093353271484
2007-02-12,37.44145965576172
2007-02-13,37.56996536254883
2007-02-14,38.203853607177734
2007-02-15,38.42652893066406
2007-02-16,38.298057556152344
2007-02-20,38.58930206298828
2007-02-21,38.70922088623047
2007-02-22,38.90623092651367
2007-02-23,38.76919174194336
2007-02-26,38.58074188232422
2007-02-27,36.99605941772461
2007-02-28,37.11599349975586
2007-03-01,36.94464874267578
2007-03-02,36.38787078857422
2007-03-05,36.10520553588867
2007-03-06,36.704803466796875
2007-03-07,36.55919647216797
2007-03-08,36.8076057434082
2007-03-09,36.7733268737793
2007-03-12,37.01319122314453
2007-03-13,36.29365539550781
2007-03-14,36.824737548828125
2007-03-15,36.739070892333984
2007-03-16,36.71078109741211
2007-03-19,37.087928771972656
2007-03-20,37.3536491394043
2007-03-21,38.073604583740234
2007-03-22,37.93647384643555
2007-03-23,37.816490173339844
2007-03-26,37.970760345458984
2007-03-27,37.70502471923828
2007-03-28,37.302207946777344
2007-03-29,37.34505844116211
2007-03-30,37.3107795715332
2007-04-02,37.362213134765625
2007-04-03,37.850765228271484
2007-04-04,38.005062103271484
2007-04-05,38.1936149597168
2007-04-09,38.099342346191406
2007-04-10,38.29647445678711
2007-04-11,37.893619537353516
2007-04-12,38.1936149597168
2007-04-13,38.2707633972168
2007-04-16,38.622169494628906
2007-04-17,38.707889556884766
2007-04-18,38.57932662963867
2007-04-19,38.69931411743164
2007-04-20,38.91361618041992
2007-04-23,38.97361373901367
2007-04-24,39.170745849609375
2007-04-25,39.693607330322266
2007-04-26,39.8992919921875
2007-04-27,39.91645050048828
2007-04-30,39.393592834472656
2007-05-01,39.35930633544922
2007-05-02,39.78788375854492
2007-05-03,39.933597564697266
2007-05-04,39.9678840637207
2007-05-07,39.9678840637207
2007-05-08,40.0535888671875
2007-05-09,40.139305114746094
2007-05-10,39.59074020385742
2007-05-11,40.09644317626953
2007-05-14,39.8221549987793
2007-05-15,39.51359939575195
2007-05-16,39.8992919921875
2007-05-17,39.71073532104492
2007-05-18,40.03643798828125
2007-05-21,40.293575286865234
2007-05-22,40.327877044677734
2007-05-23,40.139305114746094
2007-05-24,39.565025329589844
2007-05-25,39.81357955932617
2007-05-29,40.12217330932617
2007-05-30,40.4478759765625
2007-05-31,40.636444091796875
2007-06-01,40.662166595458984
2007-06-04,40.78213882446289
2007-06-05,40.78213882446289
2007-06-06,40.34499740600586
2007-06-07,39.71931076049805
2007-06-08,40.20787811279297
2007-06-11,40.130733489990234
2007-06-12,39.89073181152344
2007-06-13,40.327877044677734
2007-06-14,40.593589782714844
2007-06-15,40.96843338012695
2007-06-18,40.97701644897461
2007-06-19,40.96843338012695
2007-06-20,40.58241653442383
2007-06-21,40.9512825012207
2007-06-22,40.565269470214844
2007-06-25,40.39371109008789
2007-06-26,40.16210174560547
2007-06-27,40.77971649169922
2007-06-28,40.762569427490234
2007-06-29,40.83119583129883
2007-07-02,41.20003128051758
2007-07-03,41.44022750854492
2007-07-05,41.74045181274414
2007-07-06,41.912017822265625
2007-07-09,41.93775177001953
2007-07-10,41.586055755615234
2007-07-11,41.8691291809082
2007-07-12,42.51246643066406
2007-07-13,42.80411148071289
2007-07-16,42.7612190246582
2007-07-17,43.08720397949219
2007-07-18,43.03573226928711
2007-07-19,43.164405822753906
2007-07-20,42.932804107666016
2007-07-23,42.94994354248047
2007-07-24,42.315189361572266
2007-07-25,42.3752326965332
2007-07-26,42.01496124267578
2007-07-27,41.165740966796875
2007-07-30,41.64609146118164
2007-07-31,40.77114486694336
2007-08-01,41.08852767944336
2007-08-02,41.4659538269043
2007-08-03,40.676780700683594
2007-08-06,41.14856719970703
2007-08-07,41.44022750854492
2007-08-08,41.89486312866211
2007-08-09,40.9255485534668
2007-08-10,40.55670166015625
2007-08-13,40.83119583129883
2007-08-14,40.13636779785156
2007-08-15,39.3729362487793
2007-08-16,38.98692321777344
2007-08-17,39.724639892578125
2007-08-20,39.913333892822266
2007-08-21,40.33366775512695
2007-08-22,40.88264465332031
2007-08-23,40.77114486694336
2007-08-24,41.345863342285156
2007-08-27,41.07139205932617
2007-08-28,40.09348678588867
2007-08-29,41.242916107177734
2007-08-30,41.45738983154297
2007-08-31,41.92060089111328
2007-09-04,42.615413665771484
2007-09-05,42.186519622802734
2007-09-06,42.15217971801758
2007-09-07,41.3715934753418
2007-09-10,41.345863342285156
2007-09-11,41.97205352783203
2007-09-12,41.98064041137695
2007-09-13,42.186519622802734
2007-09-14,42.2208366394043
2007-09-17,41.8691291809082
2007-09-18,42.924232482910156
2007-09-19,43.03573226928711
2007-09-20,42.915626525878906
2007-09-21,43.22116470336914
2007-09-24,43.418575286865234
2007-09-25,43.83052444458008
2007-09-26,44.04509353637695
2007-09-27,44.268226623535156
2007-09-28,44.12233352661133
2007-10-01,44.62868118286133
2007-10-02,44.637290954589844
2007-10-03,44.32832336425781
2007-10-04,44.431297302246094
2007-10-05,45.33243942260742
2007-10-08,45.61568069458008
2007-10-09,45.813072204589844
2007-10-10,45.92463684082031
2007-10-11,45.19511032104492
2007-10-12,45.941795349121094
2007-10-15,45.58992385864258
2007-10-16,45.375370025634766
2007-10-17,45.95896530151367
2007-10-18,46.156368255615234
2007-10-19,45.006317138671875
2007-10-22,45.5470085144043
2007-10-23,46.499664306640625
2007-10-24,46.147789001464844
2007-10-25,45.52985763549805
2007-10-26,46.28510284423828
2007-10-29,46.47391128540039
2007-10-30,46.568328857421875
2007-10-31,47.229164123535156
2007-11-01,46.34516906738281
2007-11-02,46.70564270019531
2007-11-05,46.405269622802734
2007-11-06,46.928775787353516
2007-11-07,45.787322998046875
2007-11-08,44.396976470947266
2007-11-09,42.91219711303711
2007-11-12,41.822235107421875
2007-11-13,43.54732131958008
2007-11-14,42.98944854736328
2007-11-15,42.75772476196289
2007-11-16,43.15251159667969
2007-11-19,42.65473175048828
2007-11-20,42.826393127441406
2007-11-21,42.320011138916016
2007-11-23,42.774864196777344
2007-11-26,42.03679656982422
2007-11-27,42.87787628173828
2007-11-28,44.182395935058594
2007-11-29,44.37120056152344
2007-11-30,44.036495208740234
2007-12-03,43.66745376586914
2007-12-04,43.48720169067383
2007-12-05,44.268226623535156
2007-12-06,44.90333557128906
2007-12-07,44.911922454833984
2007-12-10,45.09214401245117
2007-12-11,44.04509353637695
2007-12-12,44.43986892700195
2007-12-13,44.19956970214844
2007-12-14,43.74470520019531
2007-12-17,42.68046951293945
2007-12-18,42.81780242919922
2007-12-19,42.80919647216797
2007-12-20,43.68462371826172
2007-12-21,44.546348571777344
2007-12-24,44.88142013549805
2007-12-26,45.10479736328125
2007-12-27,44.56351089477539
2007-12-28,44.520572662353516
2007-12-31,44.00507736206055
2008-01-02,43.30918502807617
2008-01-03,43.4896125793457
2008-01-04,41.58231735229492
2008-01-07,41.384708404541016
2008-01-08,40.310794830322266
2008-01-09,41.16991424560547
2008-01-10,41.23006057739258
2008-01-11,40.4224853515625
2008-01-14,41.12697982788086
2008-01-15,39.9929084777832
2008-01-16,39.56332778930664
2008-01-17,39.01347732543945
2008-01-18,38.9619255065918
2008-01-22,37.95673751831055
2008-01-23,37.81069564819336
2008-01-24,38.58391189575195
2008-01-25,37.793495178222656
2008-01-28,38.08561325073242
2008-01-29,38.15435791015625
2008-01-30,38.119964599609375
2008-01-31,38.77293395996094
2008-02-01,39.168128967285156
2008-02-04,38.6182861328125
2008-02-05,37.518577575683594
2008-02-06,36.779720306396484
2008-02-07,37.03746795654297
2008-02-08,37.45846176147461
2008-02-11,37.862239837646484
2008-02-12,37.647464752197266
2008-02-13,38.47222137451172
2008-02-14,37.776329040527344
2008-02-15,37.647464752197266
2008-02-19,37.57872009277344
2008-02-20,37.75054931640625
2008-02-21,37.389713287353516
2008-02-22,37.52717590332031
2008-02-25,37.716182708740234
2008-02-26,37.862239837646484
2008-02-27,38.051246643066406
2008-02-28,37.90520477294922
2008-02-29,36.899993896484375
2008-03-03,36.659446716308594
2008-03-04,36.86563491821289
2008-03-05,37.04606628417969
2008-03-06,36.229881286621094
2008-03-07,36.143951416015625
2008-03-10,35.44807815551758
2008-03-11,36.79690933227539
2008-03-12,36.693809509277344
2008-03-13,36.977333068847656
2008-03-14,36.29859161376953
2008-03-17,35.637081146240234
2008-03-18,37.22649002075195
2008-03-19,36.30719757080078
2008-03-20,37.04922103881836
2008-03-24,38.3303337097168
2008-03-25,38.5452880859375
2008-03-26,38.43352508544922
2008-03-27,37.58229446411133
2008-03-28,37.39313507080078
2008-03-31,37.59088134765625
2008-04-01,39.19873809814453
2008-04-02,39.11274337768555
2008-04-03,39.19873809814453
2008-04-04,39.43088912963867
2008-04-07,39.34491729736328
2008-04-08,39.04396438598633
2008-04-09,38.60547637939453
2008-04-10,39.1557502746582
2008-04-11,38.0723876953125
2008-04-14,37.90044403076172
2008-04-15,37.952003479003906
2008-04-16,39.00957489013672
2008-04-17,38.923606872558594
2008-04-18,40.16172409057617
2008-04-21,40.44545364379883
2008-04-22,39.843605041503906
2008-04-23,40.282100677490234
2008-04-24,40.64323806762695
2008-04-25,40.5400505065918
2008-04-28,40.617435455322266
2008-04-29,40.926971435546875
2008-04-30,40.59163284301758
2008-05-01,41.87275314331055
2008-05-02,41.932926177978516
2008-05-05,41.81255340576172
2008-05-06,42.07049560546875
2008-05-07,41.30527877807617
2008-05-08,41.614810943603516
2008-05-09,41.45143127441406
2008-05-12,42.20807647705078
2008-05-13,42.31986999511719
2008-05-14,42.225257873535156
2008-05-15,42.96470642089844
2008-05-16,42.99910354614258
2008-05-19,42.689579010009766
2008-05-20,42.362850189208984
2008-05-21,41.42564010620117
2008-05-22,41.57182693481445
2008-05-23,41.44284439086914
2008-05-27,42.173683166503906
2008-05-28,42.34564971923828
2008-05-29,42.723960876464844
2008-05-30,42.99910354614258
2008-06-02,42.47462463378906
2008-06-03,42.24245071411133
2008-06-04,42.78415298461914
2008-06-05,43.46339797973633
2008-06-06,42.1565055847168
2008-06-09,41.932926177978516
2008-06-10,41.735191345214844
2008-06-11,40.72919464111328
2008-06-12,40.772186279296875
2008-06-13,41.58901596069336
2008-06-16,41.958717346191406
2008-06-17,41.735191345214844
2008-06-18,41.2880744934082
2008-06-19,41.932926177978516
2008-06-20,40.80063247680664
2008-06-23,40.482295989990234
2008-06-24,40.27580642700195
2008-06-25,40.929691314697266
2008-06-26,39.2777099609375
2008-06-27,39.2777099609375
2008-06-30,38.864715576171875
2008-07-01,39.41537094116211
2008-07-02,38.468910217285156
2008-07-03,38.400089263916016
2008-07-07,38.63240432739258
2008-07-08,39.55304718017578
2008-07-09,38.50334167480469
2008-07-10,38.9593391418457
2008-07-11,38.33985137939453
2008-07-14,38.05593490600586
2008-07-15,38.06454086303711
2008-07-16,39.0109977722168
2008-07-17,39.26911544799805
2008-07-18,38.36567687988281
2008-07-21,38.52915573120117
2008-07-22,38.52915573120117
2008-07-23,39.03678894042969
2008-07-24,38.451717376708984
2008-07-25,38.95076370239258
2008-07-28,38.21939468383789
2008-07-29,39.0109977722168
2008-07-30,39.20889663696289
2008-07-31,39.11421203613281
2008-08-01,38.615177154541016
2008-08-04,38.22801971435547
2008-08-05,39.51863098144531
2008-08-06,40.12092971801758
2008-08-07,39.811161041259766
2008-08-08,40.71458053588867
2008-08-11,41.084590911865234
2008-08-12,41.127593994140625
2008-08-13,41.04155731201172
2008-08-14,41.51477813720703
2008-08-15,41.43735122680664
2008-08-18,40.955528259277344
2008-08-19,40.44784927368164
2008-08-20,40.51670455932617
2008-08-21,40.327423095703125
2008-08-22,40.86087417602539
2008-08-25,40.000457763671875
2008-08-26,39.948829650878906
2008-08-27,40.206966400146484
2008-08-28,40.53391647338867
2008-08-29,39.68210983276367
2008-09-02,39.19166946411133
2008-09-03,38.82168960571289
2008-09-04,37.56550216674805
2008-09-05,37.38480758666992
2008-09-08,37.31597900390625
2008-09-09,36.5244140625
2008-09-10,36.825531005859375
2008-09-11,37.51387405395508
2008-09-12,37.36759567260742
2008-09-15,36.2060432434082
2008-09-16,36.489990234375
2008-09-17,34.59707260131836
2008-09-18,35.7672233581543
2008-09-19,36.93647384643555
2008-09-22,35.197269439697266
2008-09-23,34.93033981323242
2008-09-24,35.17142868041992
2008-09-25,35.73108673095703
2008-09-26,35.36945343017578
2008-09-29,32.562644958496094
2008-09-30,33.50111389160156
2008-10-01,33.148109436035156
2008-10-02,31.64137077331543
2008-10-03,31.150617599487305
2008-10-06,30.014102935791016
2008-10-07,28.111316680908203
2008-10-08,27.8874568939209
2008-10-09,27.13839340209961
2008-10-10,26.966201782226562
2008-10-13,30.246585845947266
2008-10-14,28.9378662109375
2008-10-15,26.346282958984375
2008-10-16,27.775537490844727
2008-10-17,27.809980392456055
2008-10-20,28.584861755371094
2008-10-21,27.103960037231445
2008-10-22,26.354907989501953
2008-10-23,26.25157356262207
2008-10-24,25.407806396484375
2008-10-27,24.701801300048828
2008-10-28,27.431140899658203
2008-10-29,27.362253189086914
2008-10-30,28.274904251098633
2008-10-31,28.317955017089844
2008-11-03,28.257688522338867
2008-11-04,29.058406829833984
2008-11-05,27.543060302734375
2008-11-06,26.311847686767578
2008-11-07,26.85426902770996
2008-11-10,26.492658615112305
2008-11-11,25.915800094604492
2008-11-12,24.71900749206543
2008-11-13,26.225744247436523
2008-11-14,24.95148277282715
2008-11-17,24.42629051208496
2008-11-18,24.400455474853516
2008-11-19,23.12618637084961
2008-11-20,22.006900787353516
2008-11-21,22.962596893310547
2008-11-24,24.366010665893555
2008-11-25,24.254085540771484
2008-11-26,25.27005386352539
2008-11-28,25.072036743164062
2008-12-01,23.18645477294922
2008-12-02,23.96134376525879
2008-12-03,24.64153480529785
2008-12-04,23.94412612915039
2008-12-05,24.917037963867188
2008-12-08,25.89858055114746
2008-12-09,25.838306427001953
2008-12-10,25.752206802368164
2008-12-11,25.046199798583984
2008-12-12,25.554180145263672
2008-12-15,25.106460571289062
2008-12-16,26.311847686767578
2008-12-17,25.9932861328125
2008-12-18,25.53695297241211
2008-12-19,25.746482849121094
2008-12-22,25.186023712158203
2008-12-23,25.056690216064453
2008-12-24,25.125667572021484
2008-12-26,25.11704444885254
2008-12-29,24.910104751586914
2008-12-30,25.427448272705078
2008-12-31,25.64301109313965
2009-01-02,26.755306243896484
2009-01-05,26.74668312072754
2009-01-06,27.013973236083984
2009-01-07,26.246578216552734
2009-01-08,26.522497177124023
2009-01-09,25.927555084228516
2009-01-12,25.453325271606445
2009-01-13,25.46194839477539
2009-01-14,24.68592643737793
2009-01-15,25.091175079345703
2009-01-16,25.367097854614258
2009-01-20,24.108230590820312
2009-01-21,25.134302139282227
2009-01-22,24.79802131652832
2009-01-23,24.918729782104492
2009-01-26,25.09979820251465
2009-01-27,25.28087615966797
2009-01-28,26.16898536682129
2009-01-29,25.50505256652832
2009-01-30,25.056690216064453
2009-02-02,25.358478546142578
2009-02-03,25.755111694335938
2009-02-04,25.789588928222656
2009-02-05,26.358671188354492
2009-02-06,27.0484676361084
2009-02-09,27.16055679321289
2009-02-10,26.16036033630371
2009-02-11,26.03963851928711
2009-02-12,26.358671188354492
2009-02-13,26.237960815429688
2009-02-17,25.19464111328125
2009-02-18,25.211896896362305
2009-02-19,24.823884963989258
2009-02-20,24.892868041992188
2009-02-23,24.022003173828125
2009-02-24,24.815263748168945
2009-02-25,24.651430130004883
2009-02-26,23.961639404296875
2009-02-27,23.73747444152832
2009-03-02,22.970069885253906
2009-03-03,22.95282554626465
2009-03-04,23.565017700195312
2009-03-05,22.857982635498047
2009-03-06,22.676904678344727
2009-03-09,22.194053649902344
2009-03-10,23.565017700195312
2009-03-11,23.927156448364258
2009-03-12,24.720420837402344
2009-03-13,24.780776977539062
2009-03-16,24.366899490356445
2009-03-17,25.289493560791016
2009-03-18,25.608524322509766
2009-03-19,25.591283798217773
2009-03-20,25.201763153076172
2009-03-23,26.68726921081543
2009-03-24,26.194978713989258
2009-03-25,26.315895080566406
2009-03-26,27.127735137939453
2009-03-27,26.618181228637695
2009-03-30,25.961790084838867
2009-03-31,26.18634605407715
2009-04-01,26.57499885559082
2009-04-02,27.43002700805664
2009-04-03,27.93958282470703
2009-04-06,27.87049674987793
2009-04-07,27.136377334594727
2009-04-08,27.594114303588867
2009-04-09,28.449146270751953
2009-04-13,28.405973434448242
2009-04-14,28.06049346923828
2009-04-15,27.982770919799805
2009-04-16,28.708253860473633
2009-04-17,28.768712997436523
2009-04-20,27.844589233398438
2009-04-21,28.233238220214844
2009-04-22,28.31960678100586
2009-04-23,28.595977783203125
2009-04-24,29.096885681152344
2009-04-27,29.131433486938477
2009-04-28,28.915523529052734
2009-04-29,29.312814712524414
2009-04-30,29.60645294189453
2009-05-01,29.684185028076172
2009-05-04,30.271480560302734
2009-05-05,30.245573043823242
2009-05-06,30.254207611083984
2009-05-07,29.545995712280273
2009-05-08,29.563282012939453
2009-05-11,29.666919708251953
2009-05-12,29.304183959960938
2009-05-13,28.518239974975586
2009-05-14,28.837797164916992
2009-05-15,28.820520401000977
2009-05-18,29.571918487548828
2009-05-19,29.710092544555664
2009-05-20,29.60645294189453
2009-05-21,29.062347412109375
2009-05-22,28.967348098754883
2009-05-26,30.046945571899414
2009-05-27,29.83965492248535
2009-05-28,30.18511962890625
2009-05-29,30.556482315063477
2009-06-01,31.428789138793945
2009-06-02,31.471986770629883
2009-06-03,31.376970291137695
2009-06-04,31.73108673095703
2009-06-05,31.76561737060547
2009-06-08,31.670610427856445
2009-06-09,31.91245460510254
2009-06-10,31.800168991088867
2009-06-11,31.800168991088867
2009-06-12,31.65335464477539
2009-06-15,31.0056095123291
2009-06-16,30.703317642211914
2009-06-17,30.996971130371094
2009-06-18,30.936511993408203
2009-06-19,31.268556594848633
2009-06-22,30.33465576171875
2009-06-23,30.265487670898438
2009-06-24,30.775667190551758
2009-06-25,31.380964279174805
2009-06-26,31.450149536132812
2009-06-29,31.519338607788086
2009-06-30,31.45878791809082
2009-07-01,31.476091384887695
2009-07-02,30.78430938720703
2009-07-06,30.620012283325195
2009-07-07,29.85906410217285
2009-07-08,30.014705657958984
2009-07-09,30.066593170166016
2009-07-10,30.196298599243164
2009-07-13,30.775667190551758
2009-07-14,30.888086318969727
2009-07-15,31.925737380981445
2009-07-16,32.30623245239258
2009-07-17,32.47917938232422
2009-07-20,32.790470123291016
2009-07-21,33.01530838012695
2009-07-22,33.292030334472656
2009-07-23,34.02705001831055
2009-07-24,33.76761245727539
2009-07-27,34.02705001831055
2009-07-28,33.79357147216797
2009-07-29,34.01838684082031
2009-07-30,34.217288970947266
2009-07-31,34.113521575927734
2009-08-03,34.62371063232422
2009-08-04,34.62371063232422
2009-08-05,34.35564041137695
2009-08-06,34.0529899597168
2009-08-07,34.4853630065918
2009-08-10,34.24321746826172
2009-08-11,33.9492073059082
2009-08-12,34.47671890258789
2009-08-13,34.666954040527344
2009-08-14,34.26915740966797
2009-08-17,33.274723052978516
2009-08-18,33.750343322753906
2009-08-19,33.983802795410156
2009-08-20,34.38157653808594
2009-08-21,34.83988571166992
2009-08-24,34.805301666259766
2009-08-25,34.90904998779297
2009-08-26,34.84853744506836
2009-08-27,34.93501663208008
2009-08-28,34.969600677490234
2009-08-31,34.61504364013672
2009-09-01,33.966514587402344
2009-09-02,33.940574645996094
2009-09-03,34.16538619995117
2009-09-04,34.900421142578125
2009-09-08,35.22903060913086
2009-09-09,35.53169250488281
2009-09-10,35.86892318725586
2009-09-11,35.90349197387695
2009-09-14,36.04185485839844
2009-09-15,36.154266357421875
2009-09-16,36.68175506591797
2009-09-17,36.6731071472168
2009-09-18,36.73457336425781
2009-09-21,36.84709548950195
2009-09-22,36.91633987426758
2009-09-23,36.74321746826172
2009-09-24,36.41431427001953
2009-09-25,36.09404373168945
2009-09-28,36.708587646484375
2009-09-29,36.54414749145508
2009-09-30,36.57011032104492
2009-10-01,35.48815155029297
2009-10-02,35.384281158447266
2009-10-05,35.669918060302734
2009-10-06,36.30177307128906
2009-10-07,36.40565490722656
2009-10-08,36.56144332885742
2009-10-09,36.769195556640625
2009-10-12,36.84709548950195
2009-10-13,36.855735778808594
2009-10-14,37.3577766418457
2009-10-15,37.271217346191406
2009-10-16,37.02886199951172
2009-10-19,37.40104675292969
2009-10-20,37.40969467163086
2009-10-21,37.340457916259766
2009-10-22,37.48762512207031
2009-10-23,37.33181381225586
2009-10-26,37.21062088012695
2009-10-27,36.64799499511719
2009-10-28,35.825721740722656
2009-10-29,36.431617736816406
2009-10-30,35.453521728515625
2009-11-02,35.600669860839844
2009-11-03,35.713191986083984
2009-11-04,35.7737922668457
2009-11-05,36.65666961669922
2009-11-06,36.87306213378906
2009-11-09,37.66071701049805
2009-11-10,37.755943298339844
2009-11-11,37.998291015625
2009-11-12,37.78188705444336
2009-11-13,38.0934944152832
2009-11-16,38.483001708984375
2009-11-17,38.60419845581055
2009-11-18,38.38779067993164
2009-11-19,37.79054641723633
2009-11-20,37.600128173828125
2009-11-23,38.20602035522461
2009-11-24,38.07619094848633
2009-11-25,38.240657806396484
2009-11-27,37.66071701049805
2009-11-30,37.70400619506836
2009-12-01,38.0934944152832
2009-12-02,38.145423889160156
2009-12-03,37.9896240234375
2009-12-04,38.1887092590332
2009-12-07,38.00695037841797
2009-12-08,37.77323913574219
2009-12-09,38.15408706665039
2009-12-10,38.34453582763672
2009-12-11,38.197364807128906
2009-12-14,38.56089401245117
2009-12-15,38.34453582763672
2009-12-16,38.39644241333008
2009-12-17,37.92905807495117
2009-12-18,38.54721450805664
2009-12-21,38.98072052001953
2009-12-22,39.21482467651367
2009-12-23,39.50094223022461
2009-12-24,39.865074157714844
2009-12-28,40.07316970825195
2009-12-29,39.9084358215332
2009-12-30,40.02981948852539
2009-12-31,39.6656608581543
2010-01-04,40.246551513671875
2010-01-05,40.246551513671875
2010-01-06,40.00379943847656
2010-01-07,40.02981948852539
2010-01-08,40.3592643737793
2010-01-11,40.19453811645508
2010-01-12,39.691673278808594
2010-01-13,40.185874938964844
2010-01-14,40.22056198120117
2010-01-15,39.75236129760742
2010-01-19,40.39396286010742
2010-01-20,39.81305694580078
2010-01-21,39.44025421142578
2010-01-22,38.287105560302734
2010-01-25,38.41717529296875
2010-01-26,38.451847076416016
2010-01-27,38.75530242919922
2010-01-28,37.75823974609375
2010-01-29,37.09932327270508
2010-02-01,37.50680160522461
2010-02-02,37.844932556152344
2010-02-03,38.053016662597656
2010-02-04,36.95193099975586
2010-02-05,37.26405715942383
2010-02-08,36.99527359008789
2010-02-09,37.37675857543945
2010-02-10,37.29872131347656
2010-02-11,37.862281799316406
2010-02-12,37.9403190612793
2010-02-16,38.425838470458984
2010-02-17,38.64259338378906
2010-02-18,38.88534927368164
2010-02-19,38.86803436279297
2010-02-22,38.78998947143555
2010-02-23,38.287105560302734
2010-02-24,38.677276611328125
2010-02-25,38.66861343383789
2010-02-26,38.80732727050781
2010-03-01,39.37087631225586
2010-03-02,39.49225997924805
2010-03-03,39.53561019897461
2010-03-04,39.6656608581543
2010-03-05,40.26390075683594
2010-03-08,40.34193420410156
2010-03-09,40.56735610961914
2010-03-10,40.896812438964844
2010-03-11,41.052879333496094
2010-03-12,41.06153869628906
2010-03-15,40.95748519897461
2010-03-16,41.21760177612305
2010-03-17,41.33031463623047
2010-03-18,41.46904754638672
2010-03-19,41.21820831298828
2010-03-22,41.5914192199707
2010-03-23,41.87785720825195
2010-03-24,41.67821502685547
2010-03-25,41.617462158203125
2010-03-26,41.66086196899414
2010-03-29,41.86048126220703
2010-03-30,41.99934768676758
2010-03-31,41.799713134765625
2010-04-01,41.799713134765625
2010-04-05,42.1902961730957
2010-04-06,42.31182098388672
2010-04-07,42.20764923095703
2010-04-08,42.30313491821289
2010-04-09,42.554832458496094
2010-04-12,42.58952713012695
2010-04-13,42.8065299987793
2010-04-14,43.31862258911133
2010-04-15,43.509552001953125
2010-04-16,42.988792419433594
2010-04-19,42.96274948120117
2010-04-20,43.179744720458984
2010-04-21,43.42277145385742
2010-04-22,43.66579055786133
2010-04-23,43.84805679321289
2010-04-26,43.752586364746094
2010-04-27,42.823883056640625
2010-04-28,42.849918365478516
2010-04-29,43.596343994140625
2010-04-30,42.73707962036133
2010-05-03,43.33598327636719
2010-05-04,42.034061431884766
2010-05-05,41.81708908081055
2010-05-06,40.41972732543945
2010-05-07,39.412899017333984
2010-05-10,41.461219787597656
2010-05-11,41.41783142089844
2010-05-12,42.19898986816406
2010-05-13,41.5306510925293
2010-05-14,40.73217010498047
2010-05-17,40.86235809326172
2010-05-18,40.298194885253906
2010-05-19,39.97705841064453
2010-05-20,38.492889404296875
2010-05-21,38.91819381713867
2010-05-24,38.761966705322266
2010-05-25,38.79667663574219
2010-05-26,38.36272048950195
2010-05-27,39.8121452331543
2010-05-28,39.57780456542969
2010-06-01,39.213294982910156
2010-06-02,40.1419677734375
2010-06-03,40.52385711669922
2010-06-04,39.13516616821289
2010-06-07,38.4234619140625
2010-06-08,38.354026794433594
2010-06-09,38.03289794921875
2010-06-10,39.117801666259766
2010-06-11,39.49101257324219
2010-06-14,39.48234558105469
2010-06-15,40.541221618652344
2010-06-16,40.70610809326172
2010-06-17,40.836326599121094
2010-06-18,40.870235443115234
2010-06-21,40.522396087646484
2010-06-22,40.209346771240234
2010-06-23,40.044132232666016
2010-06-24,39.435447692871094
2010-06-25,39.44327163696289
2010-06-28,39.303871154785156
2010-06-29,37.78782272338867
2010-06-30,37.212745666503906
2010-07-01,37.108219146728516
2010-07-02,37.0036506652832
2010-07-06,37.116920471191406
2010-07-07,38.30189514160156
2010-07-08,38.510990142822266
2010-07-09,38.876922607421875
2010-07-12,38.99019241333008
2010-07-13,39.49555206298828
2010-07-14,39.69594192504883
2010-07-15,39.73078918457031
2010-07-16,38.632972717285156
2010-07-19,38.964054107666016
2010-07-20,39.43455505371094
2010-07-21,38.89436340332031
2010-07-22,39.87891387939453
2010-07-23,40.1315803527832
2010-07-26,40.46268081665039
2010-07-27,40.44525146484375
2010-07-28,40.12287521362305
2010-07-29,39.826637268066406
2010-07-30,39.913761138916016
2010-08-02,40.66307830810547
2010-08-03,40.48881912231445
2010-08-04,40.89832305908203
2010-08-05,40.80247497558594
2010-08-06,40.741485595703125
2010-08-09,41.02032470703125
2010-08-10,40.66307830810547
2010-08-11,39.556522369384766
2010-08-12,39.242855072021484
2010-08-13,38.964054107666016
2010-08-16,39.03377151489258
2010-08-17,39.5303955078125
2010-08-18,39.68722152709961
2010-08-19,39.08604049682617
2010-08-20,39.13832473754883
2010-08-23,38.75495147705078
2010-08-24,38.03177261352539
2010-08-25,38.39773178100586
2010-08-26,37.935943603515625
2010-08-27,38.39773178100586
2010-08-30,37.996917724609375
2010-08-31,37.86623764038086
2010-09-01,38.99891662597656
2010-09-02,39.43455505371094
2010-09-03,40.08802795410156
2010-09-07,39.81791687011719
2010-09-08,40.297122955322266
2010-09-09,40.453956604003906
2010-09-10,40.60208511352539
2010-09-13,41.16844177246094
2010-09-14,41.34267044067383
2010-09-15,41.60406494140625
2010-09-16,41.76960372924805
2010-09-17,41.91109085083008
2010-09-20,42.64469909667969
2010-09-21,42.63595199584961
2010-09-22,42.522430419921875
2010-09-23,42.50496292114258
2010-09-24,43.36954879760742
2010-09-27,43.13374328613281
2010-09-28,43.11628341674805
2010-09-29,43.04642105102539
2010-09-30,42.854270935058594
2010-10-01,42.801883697509766
2010-10-04,42.33903884887695
2010-10-05,43.36954879760742
2010-10-06,42.9940185546875
2010-10-07,43.151214599609375
2010-10-08,43.44814682006836
2010-10-11,43.465633392333984
2010-10-12,43.762550354003906
2010-10-13,44.12062072753906
2010-10-14,44.03327178955078
2010-10-15,44.967750549316406
2010-10-18,44.801815032958984
2010-10-19,44.38261032104492
2010-10-20,44.70575714111328
2010-10-21,44.79308319091797
2010-10-22,45.09874725341797
2010-10-25,45.31707763671875
2010-10-26,45.4393424987793
2010-10-27,45.57907485961914
2010-10-28,45.67513656616211
2010-10-29,45.570350646972656
2010-11-01,45.60527801513672
2010-11-02,46.094337463378906
2010-11-03,46.30393981933594
2010-11-04,46.871604919433594
2010-11-05,46.871604919433594
2010-11-08,46.93274688720703
2010-11-09,46.679466247558594
2010-11-10,46.91526412963867
2010-11-11,46.61833572387695
2010-11-12,45.85853958129883
2010-11-15,45.68387222290039
2010-11-16,44.93281555175781
2010-11-17,45.063812255859375
2010-11-18,45.788692474365234
2010-11-19,45.823612213134766
2010-11-22,46.2078742980957
2010-11-23,45.47428894042969
2010-11-24,46.391273498535156
2010-11-26,46.08560562133789
2010-11-29,46.050689697265625
2010-11-30,45.49174118041992
2010-12-01,46.452392578125
2010-12-02,46.92399597167969
2010-12-03,47.04627990722656
2010-12-06,47.0287971496582
2010-12-07,47.05498504638672
2010-12-08,47.22966766357422
2010-12-09,47.273338317871094
2010-12-10,47.58774185180664
2010-12-13,47.42180633544922
2010-12-14,47.5091438293457
2010-12-15,47.299530029296875
2010-12-16,47.66634750366211
2010-12-17,47.70832824707031
2010-12-20,47.74333572387695
2010-12-21,48.032108306884766
2010-12-22,48.02336120605469
2010-12-23,47.90085220336914
2010-12-27,47.92709732055664
2010-12-28,47.83959197998047
2010-12-29,47.944602966308594
2010-12-30,47.830833435058594
2010-12-31,47.65582275390625
2011-01-03,48.39963150024414
2011-01-04,48.3646125793457
2011-01-05,48.775909423828125
2011-01-06,48.93341064453125
2011-01-07,48.889671325683594
2011-01-10,49.073429107666016
2011-01-11,49.1434440612793
2011-01-12,49.49345779418945
2011-01-13,49.51097106933594
2011-01-14,49.87849807739258
2011-01-18,50.01850509643555
2011-01-19,49.449710845947266
2011-01-20,49.09971237182617
2011-01-21,48.72339630126953
2011-01-24,49.397212982177734
2011-01-25,49.46720886230469
2011-01-26,49.729740142822266
2011-01-27,50.0360107421875
2011-01-28,48.767173767089844
2011-01-31,49.00343322753906
2011-02-01,49.9222526550293
2011-02-02,49.84348678588867
2011-02-03,49.930992126464844
2011-02-04,50.21100997924805
2011-02-07,50.447265625
2011-02-08,50.77981185913086
2011-02-09,50.69230270385742
2011-02-10,50.771060943603516
2011-02-11,51.138553619384766
2011-02-14,51.26108932495117
2011-02-15,51.19108200073242
2011-02-16,51.52360534667969
2011-02-17,51.506107330322266
2011-02-18,51.39234161376953
2011-02-22,49.90473556518555
2011-02-23,49.49345779418945
2011-02-24,49.755977630615234
2011-02-25,50.447265625
2011-02-28,50.55229187011719
2011-03-01,49.73847198486328
2011-03-02,50.00100326538086
2011-03-03,50.98982620239258
2011-03-04,50.72731399536133
2011-03-07,50.04474639892578
2011-03-08,50.24601745605469
2011-03-09,49.90473556518555
2011-03-10,49.125953674316406
2011-03-11,49.43220520019531
2011-03-14,49.257198333740234
2011-03-15,48.557159423828125
2011-03-16,47.38457489013672
2011-03-17,47.82210159301758
2011-03-18,47.714324951171875
2011-03-21,48.63442611694336
2011-03-22,48.54679489135742
2011-03-23,48.81844711303711
2011-03-24,49.685997009277344
2011-03-25,49.80866241455078
2011-03-28,49.53701400756836
2011-03-29,50.01898193359375
2011-03-30,50.25558090209961
2011-03-31,50.32569122314453
2011-04-01,50.35196304321289
2011-04-04,50.18545913696289
2011-04-05,50.05403137207031
2011-04-06,50.17670440673828
2011-04-07,50.141666412353516
2011-04-08,49.90506362915039
2011-04-11,49.73855209350586
2011-04-12,49.39680480957031
2011-04-13,49.817440032958984
2011-04-14,49.72980499267578
2011-04-15,49.64216995239258
2011-04-18,49.2916374206543
2011-04-19,49.59834289550781
2011-04-20,50.720001220703125
2011-04-21,51.12309646606445
2011-04-25,51.25454330444336
2011-04-26,51.543731689453125
2011-04-27,51.89425277709961
2011-04-28,51.81536865234375
2011-04-29,51.771568298339844
2011-05-02,51.6751708984375
2011-05-03,51.42979431152344
2011-05-04,51.350948333740234
2011-05-05,51.07052993774414
2011-05-06,51.23702621459961
2011-05-09,51.42979431152344
2011-05-10,51.86796188354492
2011-05-11,51.491146087646484
2011-05-12,51.7978401184082
2011-05-13,51.1844482421875
2011-05-16,50.299400329589844
2011-05-17,50.439598083496094
2011-05-18,50.86021041870117
2011-05-19,51.00918960571289
2011-05-20,50.623626708984375
2011-05-23,49.87876892089844
2011-05-24,49.57206344604492
2011-05-25,49.764835357666016
2011-05-26,50.07154083251953
2011-05-27,50.32569122314453
2011-05-31,51.140628814697266
2011-06-01,50.02773666381836
2011-06-02,50.13289260864258
2011-06-03,49.3792724609375
2011-06-06,48.97617721557617
2011-06-07,48.8885498046875
2011-06-08,48.53801727294922
2011-06-09,48.62567138671875
2011-06-10,47.880836486816406
2011-06-13,47.880836486816406
2011-06-14,48.494224548339844
2011-06-15,47.574100494384766
2011-06-16,47.390079498291016
2011-06-17,47.241661071777344
2011-06-20,47.48756790161133
2011-06-21,48.50635528564453
2011-06-22,48.1550407409668
2011-06-23,48.602962493896484
2011-06-24,47.75984573364258
2011-06-27,48.523929595947266
2011-06-28,49.24409866333008
2011-06-29,49.44609832763672
2011-06-30,50.10478973388672
2011-07-01,50.86008071899414
2011-07-05,51.114776611328125
2011-07-06,51.28165054321289
2011-07-07,51.98426818847656
2011-07-08,51.843753814697266
2011-07-11,50.90400314331055
2011-07-12,50.517578125
2011-07-13,50.72834777832031
2011-07-14,50.13991165161133
2011-07-15,50.80739212036133
2011-07-18,50.53514099121094
2011-07-19,51.68565368652344
2011-07-20,51.46609878540039
2011-07-21,51.808624267578125
2011-07-22,52.344337463378906
2011-07-25,52.23897171020508
2011-07-26,52.37071228027344
2011-07-27,51.0181884765625
2011-07-28,51.10600280761719
2011-07-29,50.93912887573242
2011-08-01,50.7020263671875
2011-08-02,49.41974639892578
2011-08-03,49.894012451171875
2011-08-04,47.575382232666016
2011-08-05,47.27679443359375
2011-08-08,44.43122482299805
2011-08-09,46.57416915893555
2011-08-10,44.668373107910156
2011-08-11,46.63566207885742
2011-08-12,47.0484504699707
2011-08-15,47.74226760864258
2011-08-16,47.33827209472656
2011-08-17,47.057220458984375
2011-08-18,44.74738311767578
2011-08-19,43.93939971923828
2011-08-22,44.09748840332031
2011-08-23,45.915489196777344
2011-08-24,46.27555847167969
2011-08-25,45.52027893066406
2011-08-26,46.6619987487793
2011-08-29,47.961822509765625
2011-08-30,48.278011322021484
2011-08-31,48.35704803466797
2011-09-01,47.91791534423828
2011-09-02,46.79375457763672
2011-09-06,46.80253982543945
2011-09-07,47.988189697265625
2011-09-08,47.768611907958984
2011-09-09,46.705909729003906
2011-09-12,47.30313491821289
2011-09-13,47.935489654541016
2011-09-14,48.620540618896484
2011-09-15,49.340702056884766
2011-09-16,49.79295349121094
2011-09-19,49.810569763183594
2011-09-20,49.5905876159668
2011-09-21,48.728294372558594
2011-09-22,47.144493103027344
2011-09-23,47.64603042602539
2011-09-26,48.20037841796875
2011-09-27,48.7018928527832
2011-09-28,47.98038864135742
2011-09-29,47.4084587097168
2011-09-30,46.1854248046875
2011-10-03,44.997581481933594
2011-10-04,45.92144775390625
2011-10-05,47.10049819946289
2011-10-06,47.89240264892578
2011-10-07,47.575645446777344
2011-10-10,49.22104263305664
2011-10-11,49.5554084777832
2011-10-12,49.801761627197266
2011-10-13,50.259300231933594
2011-10-14,51.19198989868164
2011-10-17,50.40007781982422
2011-10-18,51.024818420410156
2011-10-19,50.039329528808594
2011-10-20,49.79295349121094
2011-10-21,50.41769790649414
2011-10-24,51.46475601196289
2011-10-25,50.45289611816406
2011-10-26,50.39128875732422
2011-10-27,51.78152084350586
2011-10-28,51.860694885253906
2011-10-31,50.989627838134766
2011-11-01,49.660980224609375
2011-11-02,50.083335876464844
2011-11-03,51.1215934753418
2011-11-04,50.857627868652344
2011-11-07,51.21839141845703
2011-11-08,51.80790710449219
2011-11-09,49.98655700683594
2011-11-10,49.96014404296875
2011-11-11,50.9016227722168
2011-11-14,50.58487319946289
2011-11-15,51.14799118041992
2011-11-16,50.30331039428711
2011-11-17,49.124237060546875
2011-11-18,48.74589538574219
2011-11-21,47.81321334838867
2011-11-22,47.971595764160156
2011-11-23,46.88933181762695
2011-11-25,46.52858352661133
2011-11-28,48.14755630493164
2011-11-29,47.84840393066406
2011-11-30,49.616981506347656
2011-12-01,49.96014404296875
2011-12-02,49.81936264038086
2011-12-05,50.36490249633789
2011-12-06,50.224117279052734
2011-12-07,50.224117279052734
2011-12-08,49.37942123413086
2011-12-09,50.17131805419922
2011-12-12,49.608177185058594
2011-12-13,49.06264877319336
2011-12-14,48.297149658203125
2011-12-15,48.16516876220703
2011-12-16,48.41315460205078
2011-12-19,47.93659591674805
2011-12-20,49.357418060302734
2011-12-21,48.651432037353516
2011-12-22,49.0661735534668
2011-12-23,49.48978805541992
2011-12-27,49.67437744140625
2011-12-28,49.10026550292969
2011-12-29,49.45356750488281
2011-12-30,49.31224822998047
2012-01-03,50.257320404052734
2012-01-04,50.46931076049805
2012-01-05,50.88444519042969
2012-01-06,51.061092376708984
2012-01-09,50.893280029296875
2012-01-10,51.26423263549805
2012-01-11,51.37023162841797
2012-01-12,51.5733757019043
2012-01-13,51.387901306152344
2012-01-17,51.85600662231445
2012-01-18,52.54495620727539
2012-01-19,52.87177658081055
2012-01-20,52.792293548583984
2012-01-23,52.809940338134766
2012-01-24,52.71279525756836
2012-01-25,53.37521743774414
2012-01-26,53.18973159790039
2012-01-27,53.348724365234375
2012-01-30,53.39289855957031
2012-01-31,53.46355438232422
2012-02-01,53.8963623046875
2012-02-02,54.064170837402344
2012-02-03,54.80610656738281
2012-02-06,54.7619514465332
2012-02-07,54.87676239013672
2012-02-08,55.16823196411133
2012-02-09,55.565696716308594
2012-02-10,55.17707824707031
2012-02-13,55.689353942871094
2012-02-14,55.83067321777344
2012-02-15,55.44204330444336
2012-02-16,56.20165252685547
2012-02-17,56.024993896484375
2012-02-21,56.183998107910156
2012-02-22,55.92783737182617
2012-02-23,56.298824310302734
2012-02-24,56.49313735961914
2012-02-27,56.57262420654297
2012-02-28,57.1467399597168
2012-02-29,56.89059829711914
2012-03-01,57.3410530090332
2012-03-02,57.29690933227539
2012-03-05,56.70510482788086
2012-03-06,56.14866256713867
2012-03-07,56.5814323425293
2012-03-08,57.19091033935547
2012-03-09,57.429378509521484
2012-03-12,57.45588684082031
2012-03-13,58.52459716796875
2012-03-14,58.72776794433594
2012-03-15,58.89558792114258
2012-03-16,58.85399627685547
2012-03-19,59.269840240478516
2012-03-20,59.37599182128906
2012-03-21,59.38487243652344
2012-03-22,59.260986328125
2012-03-23,59.225608825683594
2012-03-26,60.26077651977539
2012-03-27,60.3492546081543
2012-03-28,60.1103630065918
2012-03-29,59.880306243896484
2012-03-30,59.76533126831055
2012-04-02,60.38460159301758
2012-04-03,60.36695861816406
2012-04-04,59.54411315917969
2012-04-05,59.915714263916016
2012-04-09,59.46446990966797
2012-04-10,58.508949279785156
2012-04-11,58.79208755493164
2012-04-12,59.46446990966797
2012-04-13,58.56204605102539
2012-04-16,57.90731430053711
2012-04-17,59.084022521972656
2012-04-18,58.93364334106445
2012-04-19,58.27006912231445
2012-04-20,58.110801696777344
2012-04-23,57.579959869384766
2012-04-24,57.270294189453125
2012-04-25,58.79208755493164
2012-04-26,59.13713836669922
2012-04-27,59.49103546142578
2012-04-30,59.066349029541016
2012-05-01,59.16366958618164
2012-05-02,59.33176040649414
2012-05-03,58.70358657836914
2012-05-04,57.24374771118164
2012-05-07,57.29682922363281
2012-05-08,57.0844841003418
2012-05-09,56.907527923583984
2012-05-10,56.792510986328125
2012-05-11,56.78366470336914
2012-05-14,56.2528190612793
2012-05-15,56.0670051574707
2012-05-16,55.68657302856445
2012-05-17,54.50985336303711
2012-05-18,53.80204772949219
2012-05-21,55.30613327026367
2012-05-22,55.24420166015625
2012-05-23,55.35036087036133
2012-05-24,54.987613677978516
2012-05-25,54.916847229003906
2012-05-29,55.61580276489258
2012-05-30,55.14686965942383
2012-05-31,54.90797805786133
2012-06-01,53.4481315612793
2012-06-04,53.85513687133789
2012-06-05,54.076324462890625
2012-06-06,55.31497573852539
2012-06-07,55.09378433227539
2012-06-08,55.62464141845703
2012-06-11,54.686824798583984
2012-06-12,55.35036087036133
2012-06-13,54.96992111206055
2012-06-14,55.17341995239258
2012-06-15,55.858909606933594
2012-06-18,56.382110595703125
2012-06-19,56.96738052368164
2012-06-20,57.01171875
2012-06-21,55.592857360839844
2012-06-22,56.17814636230469
2012-06-25,55.09627151489258
2012-06-26,55.44211196899414
2012-06-27,55.77910232543945
2012-06-28,55.15834426879883
2012-06-29,56.89643859863281
2012-07-02,57.064945220947266
2012-07-03,57.54379653930664
2012-07-05,57.57926559448242
2012-07-06,56.860992431640625
2012-07-09,56.75455093383789
2012-07-10,56.195865631103516
2012-07-11,55.885498046875
2012-07-12,55.36228942871094
2012-07-13,56.204750061035156
2012-07-16,56.04512405395508
2012-07-17,56.3377799987793
2012-07-18,57.10041427612305
2012-07-19,57.73003005981445
2012-07-20,56.96738052368164
2012-07-23,56.275691986083984
2012-07-24,55.83230209350586
2012-07-25,55.45984649658203
2012-07-26,56.195865631103516
2012-07-27,57.526065826416016
2012-07-30,57.48171615600586
2012-07-31,57.46400451660156
2012-08-01,57.295501708984375
2012-08-02,57.0915412902832
2012-08-03,58.17341613769531
2012-08-06,58.61681365966797
2012-08-07,59.10454559326172
2012-08-08,59.077938079833984
2012-08-09,59.25527572631836
2012-08-10,59.2907829284668
2012-08-13,59.43266677856445
2012-08-14,59.459266662597656
2012-08-15,59.61003112792969
2012-08-16,60.31947326660156
2012-08-17,60.58547592163086
2012-08-20,60.67417526245117
2012-08-21,60.43473434448242
2012-08-22,60.68305206298828
2012-08-23,60.18642807006836
2012-08-24,60.55889129638672
2012-08-27,60.656436920166016
2012-08-28,60.656436920166016
2012-08-29,60.656436920166016
2012-08-30,60.0445671081543
2012-08-31,60.4435920715332
2012-09-04,60.38153076171875
2012-09-05,60.31947326660156
2012-09-06,61.65852355957031
2012-09-07,61.56982421875
2012-09-10,60.78059005737305
2012-09-11,60.68305206298828
2012-09-12,60.86038589477539
2012-09-13,61.68509292602539
2012-09-14,62.234920501708984
2012-09-17,62.26152420043945
2012-09-18,62.31473922729492
2012-09-19,62.430023193359375
2012-09-20,62.36794662475586
2012-09-21,62.3857536315918
2012-09-24,62.0211181640625
2012-09-25,61.14958953857422
2012-09-26,60.65154266357422
2012-09-27,61.487518310546875
2012-09-28,60.980594635009766
2012-10-01,60.89168167114258
2012-10-02,61.069515228271484
2012-10-03,61.46086120605469
2012-10-04,61.674259185791016
2012-10-05,61.34522247314453
2012-10-08,60.78496551513672
2012-10-09,59.815608978271484
2012-10-10,59.51322937011719
2012-10-11,59.32645797729492
2012-10-12,59.2997932434082
2012-10-15,59.735538482666016
2012-10-16,60.58040237426758
2012-10-17,60.54483413696289
2012-10-18,59.84228515625
2012-10-19,58.410465240478516
2012-10-22,58.71283721923828
2012-10-23,58.15258026123047
2012-10-24,57.94801330566406
2012-10-25,57.94801330566406
2012-10-26,58.11697769165039
2012-10-31,57.76125717163086
2012-11-01,58.57943344116211
2012-11-02,57.9568977355957
2012-11-05,58.339317321777344
2012-11-06,58.446048736572266
2012-11-07,57.06760787963867
2012-11-08,56.16938781738281
2012-11-09,56.40951156616211
2012-11-12,56.40061569213867
2012-11-13,56.00932312011719
2012-11-14,55.351219177246094
2012-11-15,55.16445541381836
2012-11-16,55.40457534790039
2012-11-19,56.720767974853516
2012-11-20,56.73855209350586
2012-11-21,56.85417938232422
2012-11-23,57.71681213378906
2012-11-26,57.9658088684082
2012-11-27,57.77016067504883
2012-11-28,58.2681770324707
2012-11-29,58.61502456665039
2012-11-30,58.51719284057617
2012-12-03,58.40157699584961
2012-12-04,58.365997314453125
2012-12-05,57.71681213378906
2012-12-06,58.09030532836914
2012-12-07,57.74348449707031
2012-12-10,57.91246032714844
2012-12-11,58.668357849121094
2012-12-12,58.54385757446289
2012-12-13,58.0814323425293
2012-12-14,57.53004455566406
2012-12-17,58.29487228393555
2012-12-18,59.18417739868164
2012-12-19,58.92626190185547
2012-12-20,58.92626190185547
2012-12-21,58.306556701660156
2012-12-24,58.19029998779297
2012-12-26,57.680545806884766
2012-12-27,57.59113693237305
2012-12-28,57.03666305541992
2012-12-31,58.24395751953125
2013-01-02,60.095088958740234
2013-01-03,59.782100677490234
2013-01-04,59.58533477783203
2013-01-07,59.60322952270508
2013-01-08,59.48698425292969
2013-01-09,59.710540771484375
2013-01-10,60.068241119384766
2013-01-11,60.14875793457031
2013-01-14,59.88046646118164
2013-01-15,59.58533477783203
2013-01-16,59.826805114746094
2013-01-17,60.112979888916016
2013-01-18,59.97883605957031
2013-01-22,60.077186584472656
2013-01-23,60.443851470947266
2013-01-24,59.61216354370117
2013-01-25,59.91623306274414
2013-01-28,60.05038070678711
2013-01-29,60.05929946899414
2013-01-30,59.93412399291992
2013-01-31,59.799991607666016
2013-02-01,60.50645446777344
2013-02-04,59.45123291015625
2013-02-05,60.32759094238281
2013-02-06,60.130855560302734
2013-02-07,60.18452835083008
2013-02-08,60.801544189453125
2013-02-11,60.8194580078125
2013-02-12,60.56904602050781
2013-02-13,60.78367614746094
2013-02-14,60.76579666137695
2013-02-15,60.5869140625
2013-02-19,61.0251350402832
2013-02-20,60.08615493774414
2013-02-21,59.442283630371094
2013-02-22,60.04144287109375
2013-02-25,59.29920959472656
2013-02-26,59.522743225097656
2013-02-27,60.130855560302734
2013-02-28,60.00567626953125
2013-03-01,60.25606918334961
2013-03-04,60.52434539794922
2013-03-05,61.41860580444336
2013-03-06,61.26657485961914
2013-03-07,61.42753982543945
2013-03-08,61.49908447265625
2013-03-11,61.67796325683594
2013-03-12,61.454368591308594
2013-03-13,61.37388610839844
2013-03-14,61.57957458496094
2013-03-15,61.408363342285156
2013-03-18,61.2739372253418
2013-03-19,61.157386779785156
2013-03-20,61.58763885498047
2013-03-21,60.88847351074219
2013-03-22,61.480079650878906
2013-03-25,61.2559814453125
2013-03-26,61.58763885498047
2013-03-27,61.668338775634766
2013-03-28,61.820709228515625
2013-04-01,61.3994140625
2013-04-02,61.88344192504883
2013-04-03,61.31875228881836
2013-04-04,61.3366813659668
2013-04-05,60.82575607299805
2013-04-08,61.14845657348633
2013-04-09,61.560752868652344
2013-04-10,62.7618408203125
2013-04-11,62.73497772216797
2013-04-12,62.69015121459961
2013-04-15,61.453189849853516
2013-04-16,62.268890380859375
2013-04-17,61.04983139038086
2013-04-18,60.2072639465332
2013-04-19,61.03193283081055
2013-04-22,61.659366607666016
2013-04-23,62.25094985961914
2013-04-24,62.22404861450195
2013-04-25,62.55570602416992
2013-04-26,62.35852813720703
2013-04-29,62.93214797973633
2013-04-30,63.38930892944336
2013-05-01,63.093528747558594
2013-05-02,63.8912353515625
2013-05-03,64.6441650390625
2013-05-06,64.89515686035156
2013-05-07,64.85929870605469
2013-05-08,65.17303466796875
2013-05-09,65.08336639404297
2013-05-10,65.47776794433594
2013-05-13,65.55844116210938
2013-05-14,65.8990478515625
2013-05-15,66.03350830078125
2013-05-16,65.96178436279297
2013-05-17,66.59817504882812
2013-05-20,66.49958801269531
2013-05-21,66.5712890625
2013-05-22,65.98866271972656
2013-05-23,65.83631896972656
2013-05-24,65.8004379272461
2013-05-28,66.23070526123047
2013-05-29,65.91695404052734
2013-05-30,66.26657104492188
2013-05-31,65.65704345703125
2013-06-03,65.7735595703125
2013-06-04,65.43292999267578
2013-06-05,64.5814437866211
2013-06-06,64.89515686035156
2013-06-07,65.78254699707031
2013-06-10,65.80940246582031
2013-06-11,65.15512084960938
2013-06-12,64.40216064453125
2013-06-13,65.21783447265625
2013-06-14,64.78758239746094
2013-06-17,65.41503143310547
2013-06-18,65.95284271240234
2013-06-19,65.21783447265625
2013-06-20,63.66716384887695
2013-06-21,63.3290901184082
2013-06-24,62.69963073730469
2013-06-25,63.15823745727539
2013-06-26,63.724708557128906
2013-06-27,63.99445343017578
2013-06-28,64.0843734741211
2013-07-01,64.4800033569336
2013-07-02,64.50699615478516
2013-07-03,64.76776885986328
2013-07-05,65.26229095458984
2013-07-08,65.32525634765625
2013-07-09,65.72087860107422
2013-07-10,66.09852600097656
2013-07-11,67.4113540649414
2013-07-12,67.70806884765625
2013-07-15,67.86090850830078
2013-07-16,67.77103424072266
2013-07-17,67.9418716430664
2013-07-18,67.77103424072266
2013-07-19,67.06964874267578
2013-07-22,67.26746368408203
2013-07-23,66.77291870117188
2013-07-24,66.98872375488281
2013-07-25,67.4113540649414
2013-07-26,67.77103424072266
2013-07-29,67.6451416015625
2013-07-30,68.00480651855469
2013-07-31,68.13069152832031
2013-08-01,68.82304382324219
2013-08-02,69.2096939086914
2013-08-05,69.254638671875
2013-08-06,68.84100341796875
2013-08-07,68.71513366699219
2013-08-08,69.05681610107422
2013-08-09,68.77810668945312
2013-08-12,68.93995666503906
2013-08-13,69.32659912109375
2013-08-14,69.06584930419922
2013-08-15,67.89689636230469
2013-08-16,67.86993408203125
2013-08-19,67.75303649902344
2013-08-20,68.04975128173828
2013-08-21,67.81595611572266
2013-08-22,68.48137664794922
2013-08-23,68.93995666503906
2013-08-26,68.97591400146484
2013-08-27,67.56420135498047
2013-08-28,67.82498168945312
2013-08-29,68.30152893066406
2013-08-30,67.86090850830078
2013-09-03,68.24757385253906
2013-09-04,68.97591400146484
2013-09-05,69.09281158447266
2013-09-06,69.1737060546875
2013-09-09,69.98299407958984
2013-09-10,70.32466125488281
2013-09-11,70.18978881835938
2013-09-12,70.14482879638672
2013-09-13,70.18978881835938
2013-09-16,70.0009765625
2013-09-17,70.46855926513672
2013-09-18,71.31375122070312
2013-09-19,71.48460388183594
2013-09-20,71.23928833007812
2013-09-23,71.09497833251953
2013-09-24,71.09497833251953
2013-09-25,70.8514633178711
2013-09-26,71.4016342163086
2013-09-27,71.31144714355469
2013-09-30,71.14009094238281
2013-10-01,71.86157989501953
2013-10-02,71.83451080322266
2013-10-03,70.99581146240234
2013-10-04,71.60907745361328
2013-10-07,71.0138168334961
2013-10-08,69.64299774169922
2013-10-09,69.426513671875
2013-10-10,70.89657592773438
2013-10-11,71.45573425292969
2013-10-14,71.9608154296875
2013-10-15,71.68122100830078
2013-10-16,72.49292755126953
2013-10-17,72.90775299072266
2013-10-18,74.08926391601562
2013-10-21,74.25157928466797
2013-10-22,74.35977172851562
2013-10-23,73.90885925292969
2013-10-24,74.2335433959961
2013-10-25,74.76566314697266
2013-10-28,74.78369140625
2013-10-29,74.9099349975586
2013-10-30,74.83779907226562
2013-10-31,74.66646575927734
2013-11-01,74.68445587158203
2013-11-04,74.79269409179688
2013-11-05,74.87387084960938
2013-11-06,74.85580444335938
2013-11-07,73.44890594482422
2013-11-08,74.44097900390625
2013-11-11,74.32371520996094
2013-11-12,74.44097900390625
2013-11-13,75.34281921386719
2013-11-14,75.57732391357422
2013-11-15,75.72162628173828
2013-11-18,74.98210906982422
2013-11-19,74.76566314697266
2013-11-20,74.58525848388672
2013-11-21,75.34281921386719
2013-11-22,75.74867248535156
2013-11-25,75.92906951904297
2013-11-26,76.32589721679688
2013-11-27,76.85800170898438
2013-11-29,77.31794738769531
2013-12-02,77.09248352050781
2013-12-03,77.02935028076172
2013-12-04,77.10147857666016
2013-12-05,77.0022964477539
2013-12-06,77.56147003173828
2013-12-09,77.8770980834961
2013-12-10,77.8230209350586
2013-12-11,76.82189178466797
2013-12-12,76.62350463867188
2013-12-13,76.5243148803711
2013-12-16,76.94817352294922
2013-12-17,76.79484558105469
2013-12-18,77.6877212524414
2013-12-19,77.47129821777344
2013-12-20,78.26016998291016
2013-12-23,79.08350372314453
2013-12-24,79.1197280883789
2013-12-26,79.382080078125
2013-12-27,79.18302917480469
2013-12-30,79.0654296875
2013-12-31,79.58111572265625
2014-01-02,78.95683288574219
2014-01-03,78.3868408203125
2014-01-06,78.09735107421875
2014-01-07,78.82115173339844
2014-01-08,78.99304962158203
2014-01-09,78.7306900024414
2014-01-10,78.98399353027344
2014-01-13,77.81693267822266
2014-01-14,79.3006820678711
2014-01-15,79.95208740234375
2014-01-16,79.96115112304688
2014-01-17,79.50875091552734
2014-01-21,80.11495971679688
2014-01-22,80.32301330566406
2014-01-23,80.05156707763672
2014-01-24,78.47734832763672
2014-01-27,77.71734619140625
2014-01-28,77.672119140625
2014-01-29,76.83973693847656
2014-01-30,78.26016998291016
2014-01-31,78.05211639404297
2014-02-03,76.2607421875
2014-02-04,76.82164764404297
2014-02-05,76.62262725830078
2014-02-06,77.59976959228516
2014-02-07,78.98399353027344
2014-02-10,79.43636322021484
2014-02-11,80.34113311767578
2014-02-12,80.49494171142578
2014-02-13,81.092041015625
2014-02-14,81.25489807128906
2014-02-18,81.65299987792969
2014-02-19,81.092041015625
2014-02-20,81.4720687866211
2014-02-21,81.36346435546875
2014-02-24,81.79774475097656
2014-02-25,81.7072982788086
2014-02-26,81.63490295410156
2014-02-27,82.16454315185547
2014-02-28,82.07368469238281
2014-03-03,81.4649887084961
2014-03-04,82.50069427490234
2014-03-05,82.72782897949219
2014-03-06,82.65515899658203
2014-03-07,82.24632263183594
2014-03-10,82.3189697265625
2014-03-11,81.96468353271484
2014-03-12,82.2735824584961
2014-03-13,81.11068725585938
2014-03-14,80.55653381347656
2014-03-17,81.26512908935547
2014-03-18,82.24632263183594
2014-03-19,81.80118560791016
2014-03-20,82.02828979492188
2014-03-21,81.04122161865234
2014-03-24,80.3309555053711
2014-03-25,80.59503936767578
2014-03-26,79.55696868896484
2014-03-27,79.11078643798828
2014-03-28,79.26559448242188
2014-03-31,79.83014678955078
2014-04-01,81.23243713378906
2014-04-02,81.4418716430664
2014-04-03,80.79534149169922
2014-04-04,78.64640045166016
2014-04-07,77.89976501464844
2014-04-08,78.61908721923828
2014-04-09,79.96673583984375
2014-04-10,77.48995971679688
2014-04-11,76.58849334716797
2014-04-14,77.18949890136719
2014-04-15,77.44447326660156
2014-04-16,78.473388671875
2014-04-17,78.4916000366211
2014-04-21,79.07439422607422
2014-04-22,79.70267486572266
2014-04-23,79.00152587890625
2014-04-24,79.7573013305664
2014-04-25,78.48249816894531
2014-04-28,78.73746490478516
2014-04-29,79.36579132080078
2014-04-30,79.5751953125
2014-05-01,79.81194305419922
2014-05-02,79.66622924804688
2014-05-05,80.08509826660156
2014-05-06,79.04705810546875
2014-05-07,78.81941223144531
2014-05-08,78.74656677246094
2014-05-09,79.0379638671875
2014-05-12,80.34008026123047
2014-05-13,80.39470672607422
2014-05-14,79.975830078125
2014-05-15,79.34751892089844
2014-05-16,79.86656951904297
2014-05-19,80.42204284667969
2014-05-20,80.13065338134766
2014-05-21,80.89552307128906
2014-05-22,81.25067138671875
2014-05-23,81.84254455566406
2014-05-27,82.86239624023438
2014-05-28,82.60738372802734
2014-05-29,83.13552856445312
2014-05-30,83.14466857910156
2014-06-02,83.06267547607422
2014-06-03,83.02626037597656
2014-06-04,83.33586120605469
2014-06-05,84.03702545166016
2014-06-06,84.5196304321289
2014-06-09,84.45587158203125
2014-06-10,84.60154724121094
2014-06-11,84.5833740234375
2014-06-12,83.81846618652344
2014-06-13,84.0643539428711
2014-06-16,84.13716888427734
2014-06-17,84.18267822265625
2014-06-18,84.65620422363281
2014-06-19,84.60154724121094
2014-06-20,84.70110321044922
2014-06-23,84.71934509277344
2014-06-24,84.63717651367188
2014-06-25,85.17586517333984
2014-06-26,85.22150421142578
2014-06-27,85.59580993652344
2014-06-30,85.74192810058594
2014-07-01,86.68234252929688
2014-07-02,86.8283920288086
2014-07-03,87.37620544433594
2014-07-07,87.11148071289062
2014-07-08,86.06149291992188
2014-07-09,86.70059204101562
2014-07-10,86.42671203613281
2014-07-11,86.98363494873047
2014-07-14,87.50405883789062
2014-07-15,87.2027587890625
2014-07-16,87.54971313476562
2014-07-17,86.39019775390625
2014-07-18,87.75970458984375
2014-07-21,87.6501693725586
2014-07-22,88.20709228515625
2014-07-23,88.77317810058594
2014-07-24,88.67273712158203
2014-07-25,88.32575988769531
2014-07-28,88.35316467285156
2014-07-29,88.19792938232422
2014-07-30,88.54490661621094
2014-07-31,86.75537109375
2014-08-01,86.43582916259766
2014-08-04,87.02928924560547
2014-08-05,86.36277770996094
2014-08-06,86.29885864257812
2014-08-07,86.02494812011719
2014-08-08,86.64582824707031
2014-08-11,87.1571044921875
2014-08-12,87.12063598632812
2014-08-13,88.04273223876953
2014-08-14,88.49925994873047
2014-08-15,88.92839813232422
2014-08-18,89.61316680908203
2014-08-19,90.11530303955078
2014-08-20,90.11530303955078
2014-08-21,90.29790496826172
2014-08-22,90.43486022949219
2014-08-25,90.75442504882812
2014-08-26,90.84573364257812
2014-08-27,90.86398315429688
2014-08-28,90.76354217529297
2014-08-29,91.10139465332031
2014-09-02,91.36615753173828
2014-09-03,90.82745361328125
2014-09-04,90.74529266357422
2014-09-05,91.20182037353516
2014-09-08,91.3752670288086
2014-09-09,90.61747741699219
2014-09-10,91.36615753173828
2014-09-11,91.2930908203125
2014-09-12,90.82745361328125
2014-09-15,89.95095825195312
2014-09-16,90.7361831665039
2014-09-17,90.87312316894531
2014-09-18,91.55789184570312
2014-09-19,91.50113677978516
2014-09-22,90.65000915527344
2014-09-23,90.40291595458984
2014-09-24,91.37300109863281
2014-09-25,89.45110321044922
2014-09-26,90.40291595458984
2014-09-29,90.28392028808594
2014-09-30,90.4120864868164
2014-10-01,88.96604919433594
2014-10-02,88.96604919433594
2014-10-03,89.84464263916016
2014-10-06,89.6524429321289
2014-10-07,88.38030242919922
2014-10-08,90.10089111328125
2014-10-09,88.6457290649414
2014-10-10,86.43097686767578
2014-10-13,85.07646179199219
2014-10-14,85.08562469482422
2014-10-15,84.5364990234375
2014-10-16,84.00569915771484
2014-10-17,85.11309051513672
2014-10-20,86.38518524169922
2014-10-21,88.6548843383789
2014-10-22,88.197265625
2014-10-23,89.52433776855469
2014-10-24,90.25647735595703
2014-10-27,90.32054901123047
2014-10-28,91.68417358398438
2014-10-29,91.34556579589844
2014-10-30,91.53776550292969
2014-10-31,92.80071258544922
2014-11-03,93.07527923583984
2014-11-04,92.76409149169922
2014-11-05,92.77325439453125
2014-11-06,93.06614685058594
2014-11-07,92.98374938964844
2014-11-10,93.31322479248047
2014-11-11,93.6061019897461
2014-11-12,93.77082824707031
2014-11-13,94.17351531982422
2014-11-14,94.46636199951172
2014-11-17,94.18267822265625
2014-11-18,94.88736724853516
2014-11-19,94.45719909667969
2014-11-20,94.87822723388672
2014-11-21,95.06124114990234
2014-11-24,95.80257415771484
2014-11-25,95.948974609375
2014-11-26,96.57132720947266
2014-11-28,97.019775390625
2014-12-01,95.92153930664062
2014-12-02,96.305908203125
2014-12-03,96.47978973388672
2014-12-04,96.43403625488281
2014-12-05,96.44319152832031
2014-12-08,95.75682830810547
2014-12-09,96.05879974365234
2014-12-10,94.54874420166016
2014-12-11,94.99720764160156
2014-12-12,93.96300506591797
2014-12-15,92.99290466308594
2014-12-16,91.50113677978516
2014-12-17,93.16678619384766
2014-12-18,95.40902709960938
2014-12-19,95.82879638671875
2014-12-22,96.06768035888672
2014-12-23,95.727783203125
2014-12-24,95.8104476928711
2014-12-26,96.49021911621094
2014-12-29,96.47185516357422
2014-12-30,95.82879638671875
2014-12-31,94.8459243774414
2015-01-02,94.5611343383789
2015-01-05,93.17408752441406
2015-01-06,91.92476654052734
2015-01-07,93.1097412109375
2015-01-08,94.89186096191406
2015-01-09,94.26719665527344
2015-01-12,93.28428649902344
2015-01-13,93.25672912597656
2015-01-14,92.7423095703125
2015-01-15,91.53894805908203
2015-01-16,92.61370849609375
2015-01-20,93.34857177734375
2015-01-21,93.82624053955078
2015-01-22,95.56243133544922
2015-01-23,95.77368927001953
2015-01-26,95.66349792480469
2015-01-27,93.18323516845703
2015-01-28,92.70555877685547
2015-01-29,93.59661102294922
2015-01-30,92.87093353271484
2015-02-02,93.67929077148438
2015-02-03,94.57951354980469
2015-02-04,94.49684143066406
2015-02-05,95.31442260742188
2015-02-06,94.73568725585938
2015-02-09,94.43257141113281
2015-02-10,95.9023208618164
2015-02-11,96.25138092041016
2015-02-12,97.3720474243164
2015-02-13,98.20802307128906
2015-02-17,98.29985046386719
2015-02-18,98.43766784667969
2015-02-19,98.92452239990234
2015-02-20,99.58590698242188
2015-02-23,99.68696594238281
2015-02-24,99.76045989990234
2015-02-25,99.51242065429688
2015-02-26,100.01764678955078
2015-02-27,99.57674407958984
2015-03-02,100.47694396972656
2015-03-03,100.00847625732422
2015-03-04,99.62265014648438
2015-03-05,99.79717254638672
2015-03-06,98.66728973388672
2015-03-09,98.95207977294922
2015-03-10,97.1148910522461
2015-03-11,96.55451965332031
2015-03-12,97.18836975097656
2015-03-13,96.76578521728516
2015-03-16,98.01508331298828
2015-03-17,98.17127990722656
2015-03-18,99.13580322265625
2015-03-19,99.28275299072266
2015-03-20,99.9254150390625
2015-03-23,99.7320785522461
2015-03-24,99.3730239868164
2015-03-25,97.09883117675781
2015-03-26,96.76737213134766
2015-03-27,97.15408325195312
2015-03-30,98.26814270019531
2015-03-31,97.22773742675781
2015-04-01,96.72136688232422
2015-04-02,96.78578186035156
2015-04-06,97.5776138305664
2015-04-07,97.41189575195312
2015-04-08,98.1852798461914
2015-04-09,98.80219268798828
2015-04-10,99.20728302001953
2015-04-13,98.95868682861328
2015-04-14,98.67325592041016
2015-04-15,99.29014587402344
2015-04-16,99.15203094482422
2015-04-17,97.60523986816406
2015-04-20,99.06915283203125
2015-04-21,99.49270629882812
2015-04-22,100.03591918945312
2015-04-23,100.41340637207031
2015-04-24,101.77606964111328
2015-04-27,101.51829528808594
2015-04-28,101.31572723388672
2015-04-29,100.680419921875
2015-04-30,99.09678649902344
2015-05-01,100.40421295166016
2015-05-04,100.5699462890625
2015-05-05,98.9310531616211
2015-05-06,98.24974060058594
2015-05-07,98.83895111083984
2015-05-08,100.07274627685547
2015-05-11,99.68602752685547
2015-05-12,99.23489379882812
2015-05-13,99.43745422363281
2015-05-14,100.89221954345703
2015-05-15,100.89221954345703
2015-05-18,101.3341293334961
2015-05-19,101.22364044189453
2015-05-20,101.28809356689453
2015-05-21,101.81291961669922
2015-05-22,101.7116470336914
2015-05-26,100.54228973388672
2015-05-27,102.16276550292969
2015-05-28,101.93260955810547
2015-05-29,101.32493591308594
2015-06-01,101.66559600830078
2015-06-02,101.34333038330078
2015-06-03,101.64717102050781
2015-06-04,100.8738021850586
2015-06-05,100.63441467285156
2015-06-08,99.61238098144531
2015-06-09,99.44668579101562
2015-06-10,100.8093490600586
2015-06-11,100.95663452148438
2015-06-12,100.12796783447266
2015-06-15,99.63082122802734
2015-06-16,100.17402648925781
2015-06-17,100.45027160644531
2015-06-18,101.91419982910156
2015-06-19,101.41033172607422
2015-06-22,102.1578369140625
2015-06-23,102.2408676147461
2015-06-24,101.71483612060547
2015-06-25,101.51187133789062
2015-06-26,100.8381576538086
2015-06-29,98.45726013183594
2015-06-30,98.80791473388672
2015-07-01,99.59233856201172
2015-07-02,99.62002563476562
2015-07-06,99.38927459716797
2015-07-07,99.63847351074219
2015-07-08,97.9035415649414
2015-07-09,97.84815979003906
2015-07-10,99.34317779541016
2015-07-13,101.08734130859375
2015-07-14,101.75177764892578
2015-07-15,101.86250305175781
2015-07-16,103.30213165283203
2015-07-17,104.82479858398438
2015-07-20,105.18470001220703
2015-07-21,105.1201171875
2015-07-22,103.92965698242188
2015-07-23,103.54206085205078
2015-07-24,102.52692413330078
2015-07-27,101.67794799804688
2015-07-28,102.55462646484375
2015-07-29,102.94222259521484
2015-07-30,103.43132019042969
2015-07-31,103.31134796142578
2015-08-03,102.98835754394531
2015-08-04,102.79456329345703
2015-08-05,103.58821105957031
2015-08-06,101.92711639404297
2015-08-07,101.79789733886719
2015-08-10,102.96067810058594
2015-08-11,101.64105224609375
2015-08-12,101.9917221069336
2015-08-13,101.82559967041016
2015-08-14,101.98246002197266
2015-08-17,102.83148193359375
2015-08-18,102.30547332763672
2015-08-19,101.6318130493164
2015-08-20,98.81717681884766
2015-08-21,94.49827575683594
2015-08-24,90.8623046875
2015-08-25,90.52088928222656
2015-08-26,95.07966613769531
2015-08-27,97.48828125
2015-08-28,97.4698257446289
2015-08-31,96.26091766357422
2015-09-01,93.25247192382812
2015-09-02,95.88253021240234
2015-09-03,95.41189575195312
2015-09-04,94.27680969238281
2015-09-08,96.9345703125
2015-09-09,95.84564208984375
2015-09-10,96.88843536376953
2015-09-11,97.42366790771484
2015-09-14,97.1283950805664
2015-09-15,98.2726821899414
2015-09-16,98.82636260986328
2015-09-17,98.86331176757812
2015-09-18,97.45718383789062
2015-09-21,97.76246643066406
2015-09-22,96.30082702636719
2015-09-23,96.37481689453125
2015-09-24,96.0233154296875
2015-09-25,95.20921325683594
2015-09-28,92.49874877929688
2015-09-29,92.0177230834961
2015-09-30,94.13615417480469
2015-10-01,94.5616455078125
2015-10-02,96.21756744384766
2015-10-05,97.5959243774414
2015-10-06,97.13339233398438
2015-10-07,97.7161865234375
2015-10-08,98.10472869873047
2015-10-09,98.54876708984375
2015-10-12,98.78926849365234
2015-10-13,98.1509780883789
2015-10-14,97.99373626708984
2015-10-15,99.60337829589844
2015-10-16,100.01966857910156
2015-10-19,100.59320831298828
2015-10-20,100.07515716552734
2015-10-21,99.464599609375
2015-10-22,101.49053955078125
2015-10-23,104.33052062988281
2015-10-26,104.39530944824219
2015-10-27,104.6080322265625
2015-10-28,105.47761535644531
2015-10-29,105.31108856201172
2015-10-30,104.83930969238281
2015-11-02,106.02342224121094
2015-11-03,106.3934555053711
2015-11-04,106.4027099609375
2015-11-05,106.11592102050781
2015-11-06,106.18994903564453
2015-11-09,105.06132507324219
2015-11-10,104.79305267333984
2015-11-11,104.66354370117188
2015-11-12,103.64596557617188
2015-11-13,101.61079406738281
2015-11-16,103.0724105834961
2015-11-17,103.13714599609375
2015-11-18,105.1168441772461
2015-11-19,105.19084167480469
2015-11-20,105.90312957763672
2015-11-23,105.59788513183594
2015-11-24,105.50535583496094
2015-11-25,105.59788513183594
2015-11-27,105.74588012695312
2015-11-30,105.47761535644531
2015-12-01,106.5322265625
2015-12-02,105.87539672851562
2015-12-03,104.08073425292969
2015-12-04,106.51371765136719
2015-12-07,106.03267669677734
2015-12-08,106.04188537597656
2015-12-09,104.43226623535156
2015-12-10,104.90408325195312
2015-12-11,102.4896240234375
2015-12-14,103.26667022705078
2015-12-15,103.89571380615234
2015-12-16,105.44060516357422
2015-12-17,103.90501403808594
2015-12-18,101.91183471679688
2015-12-21,103.04388427734375
2015-12-22,103.72126007080078
2015-12-23,104.49140167236328
2015-12-24,104.47286987304688
2015-12-28,104.41719818115234
2015-12-29,106.05957794189453
2015-12-30,105.10382843017578
2015-12-31,103.7955093383789
2016-01-04,101.60564422607422
2016-01-05,101.42933654785156
2016-01-06,100.45500946044922
2016-01-07,97.30943298339844
2016-01-08,96.51141357421875
2016-01-11,96.80838012695312
2016-01-12,97.93112182617188
2016-01-13,94.55354309082031
2016-01-14,96.56709289550781
2016-01-15,93.56995391845703
2016-01-19,93.77411651611328
2016-01-20,93.48645782470703
2016-01-21,93.5792465209961
2016-01-22,96.28871154785156
2016-01-25,94.85978698730469
2016-01-26,95.71343994140625
2016-01-27,93.32872772216797
2016-01-28,94.64632415771484
2016-01-29,96.6227798461914
2016-02-01,96.8825912475586
2016-02-02,94.78555297851562
2016-02-03,94.33087158203125
2016-02-04,94.32156372070312
2016-02-05,91.04607391357422
2016-02-08,89.65420532226562
2016-02-09,89.37583923339844
2016-02-10,89.71917724609375
2016-02-11,89.58924865722656
2016-02-12,90.9532699584961
2016-02-16,93.00395965576172
2016-02-17,95.11028289794922
2016-02-18,94.02464294433594
2016-02-19,94.30302429199219
2016-02-22,95.83405303955078
2016-02-23,94.25660705566406
2016-02-24,95.15670013427734
2016-02-25,96.09387969970703
2016-02-26,95.97323608398438
2016-02-29,95.11028289794922
2016-03-01,98.1631088256836
2016-03-02,98.20020294189453
2016-03-03,98.0146255493164
2016-03-04,98.05177307128906
2016-03-07,97.4486312866211
2016-03-08,96.64136505126953
2016-03-09,97.26302337646484
2016-03-10,97.11459350585938
2016-03-11,98.81263732910156
2016-03-14,98.97969055175781
2016-03-15,98.94254302978516
2016-03-16,99.82406616210938
2016-03-17,99.76838684082031
2016-03-18,99.92473602294922
2016-03-21,100.31562042236328
2016-03-22,100.62273406982422
2016-03-23,99.79442596435547
2016-03-24,99.8223648071289
2016-03-28,99.68278503417969
2016-03-29,101.28350067138672
2016-03-30,101.77674865722656
2016-03-31,101.62782287597656
2016-04-01,102.70740509033203
2016-04-04,102.3165283203125
2016-04-05,101.33000183105469
2016-04-06,102.99588775634766
2016-04-07,101.51615905761719
2016-04-08,101.44166564941406
2016-04-11,101.06945037841797
2016-04-12,101.91634368896484
2016-04-13,103.21927642822266
2016-04-14,103.22858428955078
2016-04-15,102.96796417236328
2016-04-18,103.51705932617188
2016-04-19,102.88423156738281
2016-04-20,102.96796417236328
2016-04-21,102.977294921875
2016-04-22,101.4230728149414
2016-04-25,101.4230728149414
2016-04-26,100.9298324584961
2016-04-27,100.12017059326172
2016-04-28,98.91031646728516
2016-04-29,98.38915252685547
2016-05-02,99.31981658935547
2016-05-03,98.39844512939453
2016-05-04,97.765625
2016-05-05,97.7376708984375
2016-05-06,98.25884246826172
2016-05-09,98.53804779052734
2016-05-10,99.8874740600586
2016-05-11,98.9847640991211
2016-05-12,98.54735565185547
2016-05-13,98.18441772460938
2016-05-16,99.41287231445312
2016-05-17,98.16581726074219
2016-05-18,98.5194320678711
2016-05-19,98.007568359375
2016-05-20,99.0871353149414
2016-05-23,98.95684814453125
2016-05-24,100.93914794921875
2016-05-25,101.66508483886719
2016-05-26,101.96288299560547
2016-05-27,102.49333190917969
2016-05-31,102.68879699707031
2016-06-01,102.69808959960938
2016-06-02,102.91213989257812
2016-06-03,102.42820739746094
2016-06-06,102.80046844482422
2016-06-07,102.53987121582031
2016-06-08,102.71672058105469
2016-06-09,102.54918670654297
2016-06-10,101.38584899902344
2016-06-13,100.5389633178711
2016-06-14,100.5389633178711
2016-06-15,100.25045776367188
2016-06-16,100.54828643798828
2016-06-17,99.36970520019531
2016-06-20,99.99491882324219
2016-06-21,100.31219482421875
2016-06-22,100.069580078125
2016-06-23,101.49726104736328
2016-06-24,97.31682586669922
2016-06-27,95.38522338867188
2016-06-28,97.4754409790039
2016-06-29,99.2017593383789
2016-06-30,100.3495101928711
2016-07-01,100.8533706665039
2016-07-05,100.2375259399414
2016-07-06,101.05870819091797
2016-07-07,101.35728454589844
2016-07-08,102.92494201660156
2016-07-11,103.51284790039062
2016-07-12,104.03539276123047
2016-07-13,103.78346252441406
2016-07-14,104.49266052246094
2016-07-15,104.32467651367188
2016-07-18,105.01521301269531
2016-07-19,104.63263702392578
2016-07-20,105.85501861572266
2016-07-21,105.6124038696289
2016-07-22,106.05097198486328
2016-07-25,106.06031799316406
2016-07-26,106.18161010742188
2016-07-27,106.9188003540039
2016-07-28,107.29206848144531
2016-07-29,107.52532958984375
2016-08-01,108.09454345703125
2016-08-02,107.27336120605469
2016-08-03,107.62796783447266
2016-08-04,107.93590545654297
2016-08-05,108.97168731689453
2016-08-08,108.85038757324219
2016-08-09,109.10233306884766
2016-08-10,108.82241821289062
2016-08-11,109.28897857666016
2016-08-12,109.36359405517578
2016-08-15,109.83018493652344
2016-08-16,109.22364044189453
2016-08-17,109.41959381103516
2016-08-18,109.4476089477539
2016-08-19,109.41959381103516
2016-08-22,109.5035629272461
2016-08-23,109.69954681396484
2016-08-24,108.99034881591797
2016-08-25,108.81304931640625
2016-08-26,108.97168731689453
2016-08-29,109.12098693847656
2016-08-30,108.76640319824219
2016-08-31,108.65442657470703
2016-09-01,108.93437957763672
2016-09-02,109.28897857666016
2016-09-06,109.97014617919922
2016-09-07,110.03548431396484
2016-09-08,109.3915786743164
2016-09-09,106.63883209228516
2016-09-12,108.55178833007812
2016-09-13,107.58131408691406
2016-09-14,108.09454345703125
2016-09-15,109.7741928100586
2016-09-16,109.72180938720703
2016-09-19,109.24470520019531
2016-09-20,109.45050048828125
2016-09-21,110.52629852294922
2016-09-22,111.40564727783203
2016-09-23,110.69467163085938
2016-09-26,109.7685775756836
2016-09-27,110.85372924804688
2016-09-28,111.04081726074219
2016-09-29,110.23628997802734
2016-09-30,111.05951690673828
2016-10-03,110.90049743652344
2016-10-04,110.73213195800781
2016-10-05,111.1250228881836
2016-10-06,111.06890869140625
2016-10-07,110.82567596435547
2016-10-10,111.52727508544922
2016-10-11,109.93696594238281
2016-10-12,109.84343719482422
2016-10-13,109.45050048828125
2016-10-14,109.58148956298828
2016-10-17,109.28211975097656
2016-10-18,110.25503540039062
2016-10-19,110.24563598632812
2016-10-20,110.11468505859375
2016-10-21,110.52629852294922
2016-10-24,111.85467529296875
2016-10-25,111.49920654296875
2016-10-26,110.741455078125
2016-10-27,110.23628997802734
2016-10-28,109.54405975341797
2016-10-31,109.44114685058594
2016-11-01,108.61795043945312
2016-11-02,107.74794006347656
2016-11-03,106.69087219238281
2016-11-04,106.31668853759766
2016-11-07,108.84244537353516
2016-11-08,109.55342864990234
2016-11-09,110.05857849121094
2016-11-10,108.28115844726562
2016-11-11,108.32794952392578
2016-11-14,107.23345184326172
2016-11-15,108.72085571289062
2016-11-16,109.36630249023438
2016-11-17,110.16146850585938
2016-11-18,109.74988555908203
2016-11-21,110.89115142822266
2016-11-22,111.22789764404297
2016-11-23,110.77888488769531
2016-11-25,111.13438415527344
2016-11-28,110.8818359375
2016-11-29,111.26533508300781
2016-11-30,109.9182357788086
2016-12-01,108.01921844482422
2016-12-02,108.23441314697266
2016-12-05,109.07633209228516
2016-12-06,109.33827209472656
2016-12-07,110.72274780273438
2016-12-08,110.91919708251953
2016-12-09,111.78919982910156
2016-12-12,111.28404235839844
2016-12-13,112.687255859375
2016-12-14,112.45337677001953
2016-12-15,112.63114929199219
2016-12-16,112.21363067626953
2016-12-19,112.67335510253906
2016-12-20,113.10494995117188
2016-12-21,113.02049255371094
2016-12-22,112.70150756835938
2016-12-23,112.77652740478516
2016-12-27,113.3582763671875
2016-12-28,112.47630310058594
2016-12-29,112.3167953491211
2016-12-30,111.16279602050781
2017-01-03,112.15731048583984
2017-01-04,112.76717376708984
2017-01-05,113.4051742553711
2017-01-06,114.39971923828125
2017-01-09,114.77500915527344
2017-01-10,115.0283203125
2017-01-11,115.33795928955078
2017-01-12,115.1596908569336
2017-01-13,115.55376434326172
2017-01-17,115.20659637451172
2017-01-18,115.44119262695312
2017-01-19,115.38488006591797
2017-01-20,115.63822174072266
2017-01-23,115.73201751708984
2017-01-24,116.51074981689453
2017-01-25,117.68356323242188
2017-01-26,117.80553436279297
2017-01-27,118.03072357177734
2017-01-30,117.11122131347656
2017-01-31,116.87664794921875
2017-02-01,117.68356323242188
2017-02-02,117.58035278320312
2017-02-03,117.9180908203125
2017-02-06,118.05883026123047
2017-02-07,118.49044799804688
2017-02-08,118.68746948242188
2017-02-09,119.11907958984375
2017-02-10,119.51313781738281
2017-02-13,120.18868255615234
2017-02-14,120.59210968017578
2017-02-15,121.30517578125
2017-02-16,121.26763916015625
2017-02-17,121.79304504394531
2017-02-21,122.3935317993164
2017-02-22,122.44047546386719
2017-02-23,121.98069763183594
2017-02-24,122.21522521972656
2017-02-27,122.3653793334961
2017-02-28,121.99009704589844
2017-03-01,123.32238006591797
2017-03-02,122.70313262939453
2017-03-03,122.92830657958984
2017-03-06,122.65623474121094
2017-03-07,122.44979858398438
2017-03-08,122.66559600830078
2017-03-09,122.75945281982422
2017-03-10,123.27546691894531
2017-03-13,123.4819107055664
2017-03-14,123.18167114257812
2017-03-15,123.94164276123047
2017-03-16,123.85714721679688
2017-03-17,123.81394958496094
2017-03-20,123.9267578125
2017-03-21,122.0463638305664
2017-03-22,122.87376403808594
2017-03-23,122.5634765625
2017-03-24,122.8172836303711
2017-03-27,123.0147933959961
2017-03-28,123.76692199707031
2017-03-29,124.34046173095703
2017-03-30,124.54727172851562
2017-03-31,124.46267700195312
2017-04-03,124.387451171875
2017-04-04,124.58489227294922
2017-04-05,124.07721710205078
2017-04-06,124.14298248291016
2017-04-07,124.07721710205078
2017-04-10,124.12422180175781
2017-04-11,123.5882797241211
2017-04-12,123.08997344970703
2017-04-13,122.60110473632812
2017-04-17,123.61649322509766
2017-04-18,123.42843627929688
2017-04-19,123.62591552734375
2017-04-20,124.66010284423828
2017-04-21,124.63191986083984
2017-04-24,126.13616180419922
2017-04-25,127.04817199707031
2017-04-26,126.86958312988281
2017-04-27,127.6311264038086
2017-04-28,127.85677337646484
2017-05-01,128.99432373046875
2017-05-02,129.21060180664062
2017-05-03,128.79693603515625
2017-05-04,128.84397888183594
2017-05-05,129.31405639648438
2017-05-08,129.59609985351562
2017-05-09,130.0474090576172
2017-05-10,130.12265014648438
2017-05-11,130.0192413330078
2017-05-12,130.31068420410156
2017-05-15,130.72433471679688
2017-05-16,131.26966857910156
2017-05-17,127.93195343017578
2017-05-18,129.05078125
2017-05-19,129.59609985351562
2017-05-22,130.68673706054688
2017-05-23,130.81838989257812
2017-05-24,131.4200897216797
2017-05-25,132.5389404296875
2017-05-26,132.77398681640625
2017-05-30,132.8867645263672
2017-05-31,132.83981323242188
2017-06-01,133.35687255859375
2017-06-02,134.88003540039062
2017-06-05,134.85182189941406
2017-06-06,134.31585693359375
2017-06-07,134.84242248535156
2017-06-08,134.9834442138672
2017-06-09,131.60809326171875
2017-06-12,130.9029541015625
2017-06-13,131.9654083251953
2017-06-14,131.3918914794922
2017-06-15,130.80899047851562
2017-06-16,130.24143981933594
2017-06-19,132.419189453125
2017-06-20,131.3822021484375
2017-06-21,132.6831817626953
2017-06-22,132.6454620361328
2017-06-23,133.15452575683594
2017-06-26,132.53233337402344
2017-06-27,130.12831115722656
2017-06-28,132.00439453125
2017-06-29,129.71347045898438
2017-06-30,129.76058959960938
2017-07-03,128.39366149902344
2017-07-05,129.656982421875
2017-07-06,128.4879150390625
2017-07-07,129.87380981445312
2017-07-10,130.7222137451172
2017-07-11,131.0898895263672
2017-07-12,132.6454620361328
2017-07-13,132.937744140625
2017-07-14,133.98416137695312
2017-07-17,134.05015563964844
2017-07-18,134.94577026367188
2017-07-19,135.73770141601562
2017-07-20,135.91677856445312
2017-07-21,135.86021423339844
2017-07-24,136.48245239257812
2017-07-25,136.13363647460938
2017-07-26,136.57672119140625
2017-07-27,135.7188262939453
2017-07-28,135.60565185546875
2017-07-31,135.0306396484375
2017-08-01,135.3417510986328
2017-08-02,135.70938110351562
2017-08-03,135.18145751953125
2017-08-04,135.4266357421875
2017-08-07,136.28453063964844
2017-08-08,136.04881286621094
2017-08-09,135.86964416503906
2017-08-10,132.9565887451172
2017-08-11,133.96536254882812
2017-08-14,135.6905059814453
2017-08-15,135.78480529785156
2017-08-16,136.02053833007812
2017-08-17,133.2393798828125
2017-08-18,133.1450653076172
2017-08-21,132.97540283203125
2017-08-22,135.0023193359375
2017-08-23,134.5215606689453
2017-08-24,134.1255645751953
2017-08-25,133.84275817871094
2017-08-28,134.25753784179688
2017-08-29,134.78553771972656
2017-08-30,136.3693084716797
2017-08-31,137.83062744140625
2017-09-01,137.6420440673828
2017-09-05,136.40701293945312
2017-09-06,136.82183837890625
2017-09-07,137.1423797607422
2017-09-08,135.95452880859375
2017-09-11,137.51950073242188
2017-09-12,137.84945678710938
2017-09-13,138.03799438476562
2017-09-14,137.22723388671875
2017-09-15,137.69859313964844
2017-09-18,137.51817321777344
2017-09-19,137.75437927246094
2017-09-20,137.32920837402344
2017-09-21,136.48828125
2017-09-22,136.3560333251953
2017-09-25,134.91986083984375
2017-09-26,135.26947021484375
2017-09-27,136.48828125
2017-09-28,136.44107055664062
2017-09-29,137.42364501953125
2017-10-02,137.54649353027344
2017-10-03,137.83934020996094
2017-10-04,137.9716796875
2017-10-05,139.32278442382812
2017-10-06,139.51170349121094
2017-10-09,139.3511199951172
2017-10-10,139.45506286621094
2017-10-11,139.8707733154297
2017-10-12,139.61566162109375
2017-10-13,140.15419006347656
2017-10-16,140.63604736328125
2017-10-17,140.81558227539062
2017-10-18,140.64552307128906
2017-10-19,140.12591552734375
2017-10-20,140.50381469726562
2017-10-23,139.58731079101562
2017-10-24,139.82347106933594
2017-10-25,139.29441833496094
2017-10-26,138.85035705566406
2017-10-27,142.89419555664062
2017-10-30,143.2154541015625
2017-10-31,143.7539520263672
2017-11-01,143.70675659179688
2017-11-02,143.4326934814453
2017-11-03,144.81211853027344
2017-11-06,145.30348205566406
2017-11-07,145.38848876953125
2017-11-08,145.97421264648438
2017-11-09,145.20895385742188
2017-11-10,145.1995086669922
2017-11-13,145.37901306152344
2017-11-14,144.8498992919922
2017-11-15,144.16969299316406
2017-11-16,146.0120391845703
2017-11-17,145.45457458496094
2017-11-20,145.3412322998047
2017-11-21,146.91909790039062
2017-11-22,147.09857177734375
2017-11-24,147.6371307373047
2017-11-27,147.57098388671875
2017-11-28,147.9489288330078
2017-11-29,145.36959838867188
2017-11-30,146.58837890625
2017-12-01,145.96482849121094
2017-12-04,144.28305053710938
2017-12-05,144.37750244140625
2017-12-06,145.02944946289062
2017-12-07,145.52073669433594
2017-12-08,146.16323852539062
2017-12-11,147.29701232910156
2017-12-12,147.09857177734375
2017-12-13,147.38206481933594
2017-12-14,147.27810668945312
2017-12-15,148.950439453125
2017-12-18,150.19931030273438
2017-12-19,149.30923461914062
2017-12-20,149.1483154296875
2017-12-21,149.16726684570312
2017-12-22,148.99685668945312
2017-12-26,148.19204711914062
2017-12-27,148.2110137939453
2017-12-28,148.390869140625
2017-12-29,147.4724884033203
2018-01-02,150.05726623535156
2018-01-03,151.51528930664062
2018-01-04,151.78041076660156
2018-01-05,153.30471801757812
2018-01-08,153.90121459960938
2018-01-09,153.91070556640625
2018-01-10,153.5509033203125
2018-01-11,154.601806640625
2018-01-12,155.7379913330078
2018-01-16,155.29296875
2018-01-17,156.96884155273438
2018-01-18,156.99722290039062
2018-01-19,157.48960876464844
2018-01-22,159.17486572265625
2018-01-23,160.49087524414062
2018-01-24,159.44943237304688
2018-01-25,159.3926239013672
2018-01-26,161.83534240722656
2018-01-29,161.04949951171875
2018-01-30,159.72398376464844
2018-01-31,160.38671875
2018-02-01,159.02334594726562
2018-02-02,155.85162353515625
2018-02-05,149.70692443847656
2018-02-06,153.6739959716797
2018-02-07,151.6857147216797
2018-02-08,145.28541564941406
2018-02-09,147.79444885253906
2018-02-12,150.41696166992188
2018-02-13,151.19338989257812
2018-02-14,154.0242919921875
2018-02-15,156.8836669921875
2018-02-16,156.18296813964844
2018-02-20,156.4954071044922
2018-02-21,156.0504608154297
2018-02-22,156.03150939941406
2018-02-23,159.22222900390625
2018-02-26,161.33352661132812
2018-02-27,159.3358154296875
2018-02-28,158.3132781982422
2018-03-01,155.72853088378906
2018-03-02,157.15821838378906
2018-03-05,158.90029907226562
2018-03-06,159.57249450683594
2018-03-07,159.94175720214844
2018-03-08,160.8223114013672
2018-03-09,163.94671630859375
2018-03-12,164.8177490234375
2018-03-13,162.5738525390625
2018-03-14,162.54541015625
2018-03-15,162.4034423828125
2018-03-16,161.9205322265625
2018-03-19,158.46578979492188
2018-03-20,158.98733520507812
2018-03-21,158.2950897216797
2018-03-22,154.38795471191406
2018-03-23,150.31967163085938
2018-03-26,155.9053192138672
2018-03-27,150.86019897460938
2018-03-28,149.1248016357422
2018-03-29,151.85595703125
2018-04-02,147.4746551513672
2018-04-03,149.1342315673828
2018-04-04,151.48611450195312
2018-04-05,152.34902954101562
2018-04-06,148.53677368164062
2018-04-09,149.57994079589844
2018-04-10,152.8801727294922
2018-04-11,151.99819946289062
2018-04-12,153.8284454345703
2018-04-13,153.03187561035156
2018-04-16,154.19833374023438
2018-04-17,157.51748657226562
2018-04-18,157.83990478515625
2018-04-19,156.38900756835938
2018-04-20,153.91383361816406
2018-04-23,153.52505493164062
2018-04-24,150.27223205566406
2018-04-25,150.45242309570312
2018-04-26,153.61984252929688
2018-04-27,153.71469116210938
2018-04-30,152.6240997314453
2018-05-01,154.36900329589844
2018-05-02,153.45864868164062
2018-05-03,153.4396209716797
2018-05-04,156.35098266601562
2018-05-07,157.65023803710938
2018-05-08,157.48899841308594
2018-05-09,159.20553588867188
2018-05-10,160.85556030273438
2018-05-11,160.7039031982422
2018-05-14,160.97885131835938
2018-05-15,159.19598388671875
2018-05-16,160.2487030029297
2018-05-17,159.6322479248047
2018-05-18,158.80718994140625
2018-05-21,159.69859313964844
2018-05-22,159.489990234375
2018-05-23,160.8366241455078
2018-05-24,160.78919982910156
2018-05-25,160.95040893554688
2018-05-29,160.23916625976562
2018-05-30,161.38665771484375
2018-05-31,161.2823486328125
2018-06-01,163.81439208984375
2018-06-04,165.2937469482422
2018-06-05,165.8058624267578
2018-06-06,166.77322387695312
2018-06-07,165.41700744628906
2018-06-08,165.426513671875
2018-06-11,165.87225341796875
2018-06-12,166.74473571777344
2018-06-13,166.7352294921875
2018-06-14,168.4232635498047
2018-06-15,167.83529663085938
2018-06-18,167.73831176757812
2018-06-19,167.26316833496094
2018-06-20,168.45115661621094
2018-06-21,166.98756408691406
2018-06-22,166.61691284179688
2018-06-25,162.86305236816406
2018-06-26,163.52825927734375
2018-06-27,161.304443359375
2018-06-28,162.6919403076172
2018-06-29,163.1290740966797
2018-07-02,164.22203063964844
2018-07-03,162.32131958007812
2018-07-05,164.33602905273438
2018-07-06,166.89251708984375
2018-07-09,168.3941192626953
2018-07-10,168.51760864257812
2018-07-11,167.66233825683594
2018-07-12,170.55137634277344
2018-07-13,170.6939697265625
2018-07-16,170.28529357910156
2018-07-17,171.3212127685547
2018-07-18,170.99806213378906
2018-07-19,170.14273071289062
2018-07-20,170.10479736328125
2018-07-23,170.64645385742188
2018-07-24,171.34971618652344
2018-07-25,173.74461364746094
2018-07-26,171.11216735839844
2018-07-27,168.80279541015625
2018-07-30,166.41734313964844
2018-07-31,167.6908721923828
2018-08-01,168.3275604248047
2018-08-02,170.61795043945312
2018-08-03,171.14064025878906
2018-08-06,172.14804077148438
2018-08-07,172.77523803710938
2018-08-08,172.9842987060547
2018-08-09,172.8798065185547
2018-08-10,171.5587615966797
2018-08-13,171.36875915527344
2018-08-14,172.44259643554688
2018-08-15,170.3328399658203
2018-08-16,170.8936004638672
2018-08-17,170.93153381347656
2018-08-20,170.7794647216797
2018-08-21,171.40676879882812
2018-08-22,172.07200622558594
2018-08-23,171.8248748779297
2018-08-24,173.4214630126953
2018-08-27,175.1891632080078
2018-08-28,175.44578552246094
2018-08-29,177.4700164794922
2018-08-30,177.1563720703125
2018-08-31,177.3844757080078
2018-09-04,176.6242218017578
2018-09-05,174.3433380126953
2018-09-06,172.78472900390625
2018-09-07,172.11953735351562
2018-09-10,172.69920349121094
2018-09-11,174.0297088623047
2018-09-12,173.51651000976562
2018-09-13,175.36973571777344
2018-09-14,174.85653686523438
2018-09-17,172.33810424804688
2018-09-18,173.76356506347656
2018-09-19,173.6305694580078
2018-09-20,175.55030822753906
2018-09-21,174.59046936035156
2018-09-24,175.07598876953125
2018-09-25,175.31399536132812
2018-09-26,175.4377899169922
2018-09-27,176.9230194091797
2018-09-28,176.88490295410156
2018-10-01,177.2467041015625
2018-10-02,176.8468475341797
2018-10-03,177.03720092773438
2018-10-04,173.63839721679688
2018-10-05,171.51527404785156
2018-10-08,170.46800231933594
2018-10-09,171.0201873779297
2018-10-10,163.49880981445312
2018-10-11,161.470947265625
2018-10-12,165.9647216796875
2018-10-15,163.95582580566406
2018-10-16,168.7257080078125
2018-10-17,168.7922821044922
2018-10-18,164.8793182373047
2018-10-19,164.72705078125
2018-10-22,165.57432556152344
2018-10-23,164.96499633789062
2018-10-24,157.4150848388672
2018-10-25,162.86094665527344
2018-10-26,158.67181396484375
2018-10-29,155.40623474121094
2018-10-30,157.96726989746094
2018-10-31,161.68035888671875
2018-11-01,163.81300354003906
2018-11-02,161.2614288330078
2018-11-05,160.86158752441406
2018-11-06,162.0802459716797
2018-11-07,167.16433715820312
2018-11-08,166.09796142578125
2018-11-09,163.29888916015625
2018-11-12,158.35765075683594
2018-11-13,158.49093627929688
2018-11-14,157.28187561035156
2018-11-15,160.03334045410156
2018-11-16,159.4716033935547
2018-11-19,154.29232788085938
2018-11-20,151.53134155273438
2018-11-21,152.683349609375
2018-11-23,151.5789031982422
2018-11-26,155.08251953125
2018-11-27,155.60618591308594
2018-11-28,160.61407470703125
2018-11-29,160.09042358398438
2018-11-30,161.25198364257812
2018-12-03,164.07009887695312
2018-12-04,157.77688598632812
2018-12-06,158.89077758789062
2018-12-07,153.6448974609375
2018-12-10,155.25390625
2018-12-11,155.76803588867188
2018-12-12,157.13900756835938
2018-12-13,157.18663024902344
2018-12-14,153.35928344726562
2018-12-17,149.88426208496094
2018-12-18,150.82675170898438
2018-12-19,147.12322998046875
2018-12-20,144.99063110351562
2018-12-21,140.49681091308594
2018-12-24,137.01278686523438
2018-12-26,145.56773376464844
2018-12-27,146.13108825683594
2018-12-28,146.05470275878906
2018-12-31,147.2863311767578
2019-01-02,147.87832641601562
2019-01-03,143.04705810546875
2019-01-04,149.16734313964844
2019-01-07,150.94322204589844
2019-01-08,152.30860900878906
2019-01-09,153.5498504638672
2019-01-10,153.989013671875
2019-01-11,153.42568969726562
2019-01-14,152.06985473632812
2019-01-15,155.03927612304688
2019-01-16,155.0106658935547
2019-01-17,156.2327880859375
2019-01-18,157.779541015625
2019-01-22,154.61920166015625
2019-01-23,154.81967163085938
2019-01-24,155.822265625
2019-01-25,157.6840362548828
2019-01-28,155.7362518310547
2019-01-29,154.26589965820312
2019-01-30,158.19009399414062
2019-01-31,160.55801391601562
2019-02-01,159.88006591796875
2019-02-04,161.86611938476562
2019-02-05,163.29824829101562
2019-02-06,162.81129455566406
2019-02-07,160.6248016357422
2019-02-08,160.93995666503906
2019-02-11,160.787109375
2019-02-12,163.16455078125
2019-02-13,163.27914428710938
2019-02-14,163.4796905517578
2019-02-15,164.16714477539062
2019-02-19,164.49171447753906
2019-02-20,164.46310424804688
2019-02-21,163.86155700683594
2019-02-22,165.07415771484375
2019-02-25,165.67572021484375
2019-02-26,165.8475341796875
2019-02-27,165.7425537109375
2019-02-28,165.36062622070312
2019-03-01,166.50634765625
2019-03-04,166.5349884033203
2019-03-05,166.6591339111328
2019-03-06,165.7138214111328
2019-03-07,163.6800994873047
2019-03-08,163.43190002441406
2019-03-11,166.8310089111328
2019-03-12,167.74761962890625
2019-03-13,169.00794982910156
2019-03-14,168.72142028808594
2019-03-15,170.28732299804688
2019-03-18,170.69290161132812
2019-03-19,171.26683044433594
2019-03-20,171.9459228515625
2019-03-21,174.63380432128906
2019-03-22,170.7981719970703
2019-03-25,170.47288513183594
2019-03-26,171.26683044433594
2019-03-27,170.16673278808594
2019-03-28,170.5589599609375
2019-03-29,171.85031127929688
2019-04-01,174.1268768310547
2019-04-02,174.78688049316406
2019-04-03,175.79122924804688
2019-04-04,175.72425842285156
2019-04-05,176.6329803466797
2019-04-08,177.08255004882812
2019-04-09,176.4608154296875
2019-04-10,177.40774536132812
2019-04-11,176.9868621826172
2019-04-12,177.7520751953125
2019-04-15,177.7808074951172
2019-04-16,178.39295959472656
2019-04-17,179.01473999023438
2019-04-18,179.24429321289062
2019-04-22,179.75123596191406
2019-04-23,182.03733825683594
2019-04-24,181.4634246826172
2019-04-25,182.199951171875
2019-04-26,182.362548828125
2019-04-29,182.71649169921875
2019-04-30,181.30079650878906
2019-05-01,180.71731567382812
2019-05-02,179.9329833984375
2019-05-03,182.80262756347656
2019-05-06,181.68341064453125
2019-05-07,178.1442413330078
2019-05-08,177.6947479248047
2019-05-09,176.73817443847656
2019-05-10,176.95816040039062
2019-05-13,170.81727600097656
2019-05-14,172.6920166015625
2019-05-15,175.13121032714844
2019-05-16,176.89126586914062
2019-05-17,175.08335876464844
2019-05-20,172.12767028808594
2019-05-21,173.9259796142578
2019-05-22,173.15121459960938
2019-05-23,170.50160217285156
2019-05-24,170.41551208496094
2019-05-28,169.77464294433594
2019-05-29,168.37808227539062
2019-05-30,169.08596801757812
2019-05-31,166.3884735107422
2019-06-03,162.72494506835938
2019-06-04,167.30679321289062
2019-06-05,168.55027770996094
2019-06-06,169.88941955566406
2019-06-07,173.17030334472656
2019-06-10,175.1885986328125
2019-06-11,175.42771911621094
2019-06-12,174.41378784179688
2019-06-13,175.44688415527344
2019-06-14,174.70077514648438
2019-06-17,175.75296020507812
2019-06-18,178.30685424804688
2019-06-19,178.9764404296875
2019-06-20,180.64083862304688
2019-06-21,180.37294006347656
2019-06-24,180.37875366210938
2019-06-25,177.28233337402344
2019-06-26,178.1067352294922
2019-06-27,178.78741455078125
2019-06-28,179.01748657226562
2019-07-01,181.43324279785156
2019-07-02,182.15225219726562
2019-07-03,183.52308654785156
2019-07-05,183.1492156982422
2019-07-08,181.86463928222656
2019-07-09,182.77536010742188
2019-07-10,184.59683227539062
2019-07-11,184.46253967285156
2019-07-12,185.52667236328125
2019-07-15,186.12103271484375
2019-07-16,185.16236877441406
2019-07-17,184.2516326904297
2019-07-18,184.46253967285156
2019-07-19,183.11090087890625
2019-07-22,184.5679931640625
2019-07-23,185.77593994140625
2019-07-24,187.0796661376953
2019-07-25,185.30618286132812
2019-07-26,187.21388244628906
2019-07-29,186.57159423828125
2019-07-30,185.76632690429688
2019-07-31,183.19715881347656
2019-08-01,182.2864227294922
2019-08-02,179.60223388671875
2019-08-05,173.2560272216797
2019-08-06,175.681396484375
2019-08-07,176.63040161132812
2019-08-08,180.47459411621094
2019-08-09,178.77781677246094
2019-08-12,176.7262725830078
2019-08-13,180.5992431640625
2019-08-14,175.2020721435547
2019-08-15,175.00076293945312
2019-08-16,177.80955505371094
2019-08-19,180.63755798339844
2019-08-20,179.23793029785156
2019-08-21,180.82933044433594
2019-08-22,180.2445831298828
2019-08-23,174.54061889648438
2019-08-26,177.17686462402344
2019-08-27,176.8030242919922
2019-08-28,177.4357147216797
2019-08-29,180.14866638183594
2019-08-30,179.71730041503906
2019-09-03,177.97254943847656
2019-09-04,180.54168701171875
2019-09-05,183.84901428222656
2019-09-06,183.66690063476562
2019-09-09,183.283447265625
2019-09-10,182.75616455078125
2019-09-11,184.47213745117188
2019-09-12,185.23907470703125
2019-09-13,184.57763671875
2019-09-16,183.753173828125
2019-09-17,184.6351776123047
2019-09-18,184.5584259033203
2019-09-19,184.86520385742188
2019-09-20,182.90957641601562
2019-09-23,182.99026489257812
2019-09-24,180.55995178222656
2019-09-25,182.5867919921875
2019-09-26,181.91441345214844
2019-09-27,179.65704345703125
2019-09-30,181.3668670654297
2019-10-01,179.88758850097656
2019-10-02,176.7945098876953
2019-10-03,178.73489379882812
2019-10-04,181.3668670654297
2019-10-07,180.8193359375
2019-10-08,178.11050415039062
2019-10-09,179.84915161132812
2019-10-10,181.2419891357422
2019-10-11,183.57623291015625
2019-10-14,183.5570068359375
2019-10-15,185.89117431640625
2019-10-16,185.4300994873047
2019-10-17,185.92001342773438
2019-10-18,184.1333465576172
2019-10-21,185.7663116455078
2019-10-22,184.2870330810547
2019-10-23,184.6424560546875
2019-10-24,186.43869018554688
2019-10-25,187.92764282226562
2019-10-28,189.78155517578125
2019-10-29,188.31182861328125
2019-10-30,189.22438049316406
2019-10-31,189.31089782714844
2019-11-01,191.0302734375
2019-11-04,192.2117919921875
2019-11-05,192.3175048828125
2019-11-06,191.88522338867188
2019-11-07,192.52877807617188
2019-11-08,193.2972412109375
2019-11-11,193.0379180908203
2019-11-12,193.5950164794922
2019-11-13,193.64306640625
2019-11-14,193.4893798828125
2019-11-15,194.91104125976562
2019-11-18,195.06472778320312
2019-11-19,195.3529052734375
2019-11-20,194.18099975585938
2019-11-21,193.7487335205078
2019-11-22,193.8736114501953
2019-11-25,196.16940307617188
2019-11-26,196.54396057128906
2019-11-27,197.9176483154297
2019-11-29,197.01470947265625
2019-12-02,194.9975128173828
2019-12-03,193.47018432617188
2019-12-04,194.44993591308594
2019-12-05,194.8341827392578
2019-12-06,196.91864013671875
2019-12-09,196.0253143310547
2019-12-10,195.8619842529297
2019-12-11,196.89942932128906
2019-12-12,198.36907958984375
2019-12-13,199.02230834960938
2019-12-16,201.02029418945312
2019-12-17,201.13558959960938
2019-12-18,201.28927612304688
2019-12-19,202.54762268066406
2019-12-20,203.3640899658203
2019-12-23,203.90130615234375
2019-12-24,204.00714111328125
2019-12-26,205.80731201171875
2019-12-27,205.6341094970703
2019-12-30,204.286376953125
2019-12-31,204.67144775390625
2020-01-02,208.08888244628906
2020-01-03,206.18276977539062
2020-01-06,207.51126098632812
2020-01-07,207.4823455810547
2020-01-08,209.04190063476562
2020-01-09,210.8131866455078
2020-01-10,210.27410888671875
2020-01-13,212.70001220703125
2020-01-14,211.86248779296875
2020-01-15,211.9491424560547
2020-01-16,213.98036193847656
2020-01-17,215.0392608642578
2020-01-21,214.94300842285156
2020-01-22,215.51100158691406
2020-01-23,216.20411682128906
2020-01-24,214.38465881347656
2020-01-27,209.9564208984375
2020-01-28,213.1813201904297
2020-01-29,213.52792358398438
2020-01-30,214.28842163085938
2020-01-31,210.8902130126953
2020-02-03,214.07659912109375
2020-02-04,218.97657775878906
2020-02-05,219.69857788085938
2020-02-06,221.5950164794922
2020-02-07,220.6419677734375
2020-02-10,223.3085174560547
2020-02-11,223.34703063964844
2020-02-12,225.52268981933594
2020-02-13,225.23385620117188
2020-02-14,225.8787841796875
2020-02-18,225.9654998779297
2020-02-19,228.13150024414062
2020-02-20,226.01361083984375
2020-02-21,221.67205810546875
2020-02-24,213.12351989746094
2020-02-25,207.32839965820312
2020-02-26,208.3969268798828
2020-02-27,197.96168518066406
2020-02-28,198.11570739746094
2020-03-02,208.33914184570312
2020-03-03,201.6582794189453
2020-03-04,210.07196044921875
2020-03-05,203.6895294189453
2020-03-06,200.25279235839844
2020-03-09,186.34234619140625
2020-03-10,196.4888153076172
2020-03-11,187.93077087402344
2020-03-12,170.69912719726562
2020-03-13,185.15829467773438
2020-03-16,162.97857666015625
2020-03-17,175.33912658691406
2020-03-18,170.0059814453125
2020-03-19,171.02642822265625
2020-03-20,164.32630920410156
2020-03-23,164.44496154785156
2020-03-24,177.17913818359375
2020-03-25,175.86712646484375
2020-03-26,185.12835693359375
2020-03-27,178.7612762451172
2020-03-30,185.263427734375
2020-03-31,183.6813201904297
2020-04-01,175.87677001953125
2020-04-02,179.44625854492188
2020-04-03,176.89938354492188
2020-04-06,189.5467529296875
2020-04-07,189.46957397460938
2020-04-08,193.492431640625
2020-04-09,193.772216796875
2020-04-13,195.8656463623047
2020-04-14,204.3840789794922
2020-04-15,202.03977966308594
2020-04-16,205.72499084472656
2020-04-17,207.69300842285156
2020-04-20,205.23300170898438
2020-04-21,197.66001892089844
2020-04-22,203.52545166015625
2020-04-23,203.0913543701172
2020-04-24,206.29415893554688
2020-04-27,207.95350646972656
2020-04-28,204.03677368164062
2020-04-29,211.27207946777344
2020-04-30,211.18524169921875
2020-05-01,205.23300170898438
2020-05-04,207.62545776367188
2020-05-05,209.97935485839844
2020-05-06,211.27207946777344
2020-05-07,213.9925994873047
2020-05-08,216.9253387451172
2020-05-11,218.86439514160156
2020-05-12,214.28201293945312
2020-05-13,211.60011291503906
2020-05-14,214.00225830078125
2020-05-15,215.39141845703125
2020-05-18,219.40460205078125
2020-05-19,218.85470581054688
2020-05-20,223.22486877441406
2020-05-21,220.79380798339844
2020-05-22,221.55593872070312
2020-05-26,220.9578094482422
2020-05-27,222.1636962890625
2020-05-28,221.87428283691406
2020-05-29,225.12535095214844
2020-06-01,225.80067443847656
2020-06-02,227.31524658203125
2020-06-03,228.337890625
2020-06-04,226.73643493652344
2020-06-05,231.23199462890625
2020-06-08,233.02638244628906
2020-06-09,234.714599609375
2020-06-10,237.53158569335938
2020-06-11,225.76210021972656
2020-06-12,227.55645751953125
2020-06-15,230.32513427734375
2020-06-16,234.2805633544922
2020-06-17,235.02330017089844
2020-06-18,235.6600341796875
2020-06-19,235.62142944335938
2020-06-22,238.44717407226562
2020-06-23,240.47659301757812
2020-06-24,235.51902770996094
2020-06-25,237.76104736328125
2020-06-26,232.14630126953125
2020-06-29,234.6782684326172
2020-06-30,239.27828979492188
2020-07-01,242.07113647460938
2020-07-02,243.71400451660156
2020-07-06,249.70559692382812
2020-07-07,247.98538208007812
2020-07-08,251.2518768310547
2020-07-09,253.3682861328125
2020-07-10,255.09805297851562
2020-07-13,249.85060119628906
2020-07-14,251.61907958984375
2020-07-15,252.13124084472656
2020-07-16,250.41110229492188
2020-07-17,250.70103454589844
2020-07-20,257.81365966796875
2020-07-21,255.12709045410156
2020-07-22,256.02581787109375
2020-07-23,249.33837890625
2020-07-24,246.9707489013672
2020-07-27,251.37745666503906
2020-07-28,248.17872619628906
2020-07-29,251.0392303466797
2020-07-30,252.35350036621094
2020-07-31,256.8569641113281
2020-08-03,260.3262634277344
2020-08-04,261.2926940917969
2020-08-05,261.9400939941406
2020-08-06,265.4095764160156
2020-08-07,262.3459777832031
2020-08-10,261.22503662109375
2020-08-11,256.27703857421875
2020-08-12,262.7228698730469
2020-08-13,263.322021484375
2020-08-14,263.0129089355469
2020-08-17,266.0665283203125
2020-08-18,268.6275634765625
2020-08-19,266.8204040527344
2020-08-20,270.5216979980469
2020-08-21,272.39654541015625
2020-08-24,274.097412109375
2020-08-25,276.25238037109375
2020-08-26,282.1473388671875
2020-08-27,281.2679138183594
2020-08-28,282.69818115234375
2020-08-31,284.9692687988281
2020-09-01,289.8398132324219
2020-09-02,292.5843505859375
2020-09-03,277.7502136230469
2020-09-04,274.0490417480469
2020-09-08,260.87713623046875
2020-09-09,268.5405578613281
2020-09-10,263.1867370605469
2020-09-11,261.3603210449219
2020-09-14,265.9119873046875
2020-09-15,269.6808776855469
2020-09-16,265.3804016113281
2020-09-17,261.2347412109375
2020-09-18,257.9006652832031
2020-09-21,258.5191345214844
2020-09-22,263.322021484375
2020-09-23,255.28176879882812
2020-09-24,256.4703674316406
2020-09-25,262.4329528808594
2020-09-28,267.8835144042969
2020-09-29,266.6755065917969
2020-09-30,268.5018615722656
2020-10-01,272.7637023925781
2020-10-02,265.090576171875
2020-10-05,270.7439270019531
2020-10-06,265.9119873046875
2020-10-07,270.5119934082031
2020-10-08,271.9519348144531
2020-10-09,276.10736083984375
2020-10-12,284.6308898925781
2020-10-13,284.6213684082031
2020-10-14,282.2439880371094
2020-10-15,280.349853515625
2020-10-16,278.8133239746094
2020-10-19,274.2616271972656
2020-10-20,274.85113525390625
2020-10-21,274.638427734375
2020-10-22,274.62884521484375
2020-10-23,275.1700134277344
2020-10-26,271.0434875488281
2020-10-27,273.15997314453125
2020-10-28,262.5102233886719
2020-10-29,267.1007080078125
2020-10-30,260.3262634277344
2020-11-02,260.9060974121094
2020-11-03,265.4190673828125
2020-11-04,277.26708984375
2020-11-05,284.49566650390625
2020-11-06,284.708251953125
2020-11-09,278.8905944824219
2020-11-10,273.89434814453125
2020-11-11,280.02130126953125
2020-11-12,278.70697021484375
2020-11-13,281.1519470214844
2020-11-16,283.3456726074219
2020-11-17,282.4469299316406
2020-11-18,280.3594970703125
2020-11-19,282.5531311035156
2020-11-20,280.6203918457031
2020-11-23,280.6301574707031
2020-11-24,284.57305908203125
2020-11-25,286.322265625
2020-11-27,288.9604187011719
2020-11-30,289.5498962402344
2020-12-01,293.2608337402344
2020-12-02,293.63775634765625
2020-12-03,294.05322265625
2020-12-04,295.2515869140625
2020-12-07,296.9234619140625
2020-12-08,297.9284973144531
2020-12-09,291.18310546875
2020-12-10,292.3524475097656
2020-12-11,291.70489501953125
2020-12-14,293.8214111328125
2020-12-15,296.9621887207031
2020-12-16,298.5953369140625
2020-12-17,300.5474853515625
2020-12-18,299.6390075683594
2020-12-21,299.0785827636719
2020-12-22,299.8916015625
2020-12-23,298.3814392089844
2020-12-24,299.6980895996094
2020-12-28,302.7187194824219
2020-12-29,302.9897155761719
2020-12-30,302.9994812011719
2020-12-31,303.74493408203125
2021-01-04,299.4560852050781
2021-01-05,301.9247131347656
2021-01-06,297.7424011230469
2021-01-07,304.94537353515625
2021-01-08,308.8663330078125
2021-01-11,304.4033203125
2021-01-12,303.9191589355469
2021-01-13,305.97161865234375
2021-01-14,304.3354797363281
2021-01-15,301.9247131347656
2021-01-19,306.32989501953125
2021-01-20,313.45526123046875
2021-01-21,315.9627685546875
2021-01-22,315.052734375
2021-01-25,317.6570739746094
2021-01-26,318.1217041015625
2021-01-27,309.2536315917969
2021-01-28,311.0834045410156
2021-01-29,304.538818359375
2021-02-01,312.1484375
2021-02-02,317.2407531738281
2021-02-03,315.9822082519531
2021-02-04,319.71929931640625
2021-02-05,320.8035583496094
2021-02-08,322.9527893066406
2021-02-09,322.88507080078125
2021-02-10,322.1493225097656
2021-02-11,323.9209899902344
2021-02-12,325.73138427734375
2021-02-16,324.85040283203125
2021-02-17,323.291748046875
2021-02-18,321.8782043457031
2021-02-19,320.4743347167969
2021-02-22,312.167724609375
2021-02-23,311.23834228515625
2021-02-24,313.80389404296875
2021-02-25,302.86383056640625
2021-02-26,304.13214111328125
2021-03-01,313.28106689453125
2021-03-02,308.25640869140625
2021-03-03,299.31085205078125
2021-03-04,294.4120178222656
2021-03-05,298.8460693359375
2021-03-08,290.384521484375
2021-03-09,301.83758544921875
2021-03-10,300.9759826660156
2021-03-11,307.9079284667969
2021-03-12,305.41009521484375
2021-03-15,308.6727294921875
2021-03-16,310.36700439453125
2021-03-17,311.64495849609375
2021-03-18,302.09906005859375
2021-03-19,303.1639709472656
2021-03-22,308.849365234375
2021-03-23,307.50189208984375
2021-03-24,302.31585693359375
2021-03-25,301.7923278808594
2021-03-26,306.3192138671875
2021-03-29,306.23211669921875
2021-03-30,304.69085693359375
2021-03-31,309.3533630371094
2021-04-01,314.62677001953125
2021-04-05,320.90814208984375
2021-04-06,320.6853332519531
2021-04-07,321.4607849121094
2021-04-08,324.8147277832031
2021-04-09,326.78253173828125
2021-04-12,326.3560791015625
2021-04-13,330.1656188964844
2021-04-14,326.2008972167969
2021-04-15,331.1447448730469
2021-04-16,331.5324401855469
2021-04-19,328.4983825683594
2021-04-20,326.1040344238281
2021-04-21,328.8957824707031
2021-04-22,324.93109130859375
2021-04-23,329.0218200683594
2021-04-26,331.16412353515625
2021-04-27,329.7294616699219
2021-04-28,328.6146240234375
2021-04-29,329.7972717285156
2021-04-30,327.63568115234375
2021-05-03,325.89080810546875
2021-05-04,320.0261535644531
2021-05-05,318.9500732421875
2021-05-06,321.35418701171875
2021-05-07,323.9617614746094
2021-05-10,315.7802734375
2021-05-11,315.343994140625
2021-05-12,307.1819763183594
2021-05-13,309.5570068359375
2021-05-14,316.3908996582031
2021-05-17,314.4716491699219
2021-05-18,312.3487243652344
2021-05-19,312.7073669433594
2021-05-20,318.7562255859375
2021-05-21,316.9919738769531
2021-05-24,322.3235168457031
2021-05-25,322.7694396972656
2021-05-26,323.8938293457031
2021-05-27,322.6821594238281
2021-05-28,323.70001220703125
2021-06-01,322.6240539550781
2021-06-02,323.254150390625
2021-06-03,319.8904113769531
2021-06-04,325.31884765625
2021-06-07,326.2882385253906
2021-06-08,326.4432678222656
2021-06-09,326.5208435058594
2021-06-10,329.9233093261719
2021-06-11,330.78607177734375
2021-06-14,333.95587158203125
2021-06-15,331.7747802734375
2021-06-16,330.5630798339844
2021-06-17,334.7604675292969
2021-06-18,332.1334533691406
2021-06-21,334.1976623535156
2021-06-22,337.3130187988281
2021-06-23,337.4779357910156
2021-06-24,339.5645446777344
2021-06-25,339.147216796875
2021-06-28,343.2717590332031
2021-06-29,344.5140380859375
2021-06-30,343.9704895019531
2021-07-01,344.10638427734375
2021-07-02,348.05633544921875
2021-07-06,349.560546875
2021-07-07,350.29815673828125
2021-07-08,348.18243408203125
2021-07-09,350.3563537597656
2021-07-12,351.7247314453125
2021-07-13,351.7247314453125
2021-07-14,352.35546875
2021-07-15,349.8807678222656
2021-07-16,347.04693603515625
2021-07-19,344.2034606933594
2021-07-20,348.201904296875
2021-07-21,350.8901062011719
2021-07-22,353.2096252441406
2021-07-23,357.3341979980469
2021-07-26,357.6156921386719
2021-07-27,353.6753845214844
2021-07-28,355.0340881347656
2021-07-29,355.6649169921875
2021-07-30,353.81121826171875
2021-08-02,353.8404541015625
2021-08-03,355.9852294921875
2021-08-04,356.4994812011719
2021-08-05,358.7608947753906
2021-08-06,357.1885681152344
2021-08-09,357.8486022949219
2021-08-10,356.0142822265625
2021-08-11,355.40289306640625
2021-08-12,356.68389892578125
2021-08-13,357.9358825683594
2021-08-16,358.0911560058594
2021-08-17,354.93707275390625
2021-08-18,351.52093505859375
2021-08-19,353.21923828125
2021-08-20,356.8780212402344
2021-08-23,362.21575927734375
2021-08-24,363.3220520019531
2021-08-25,363.7394104003906
2021-08-26,361.42962646484375
2021-08-27,364.9427490234375
2021-08-30,369.03826904296875
2021-08-31,368.7374572753906
2021-09-01,369.3487548828125
2021-09-02,369.1741638183594
2021-09-03,370.30963134765625
2021-09-07,370.8336486816406
2021-09-08,369.54290771484375
2021-09-09,368.2716064453125
2021-09-10,365.4765625
2021-09-13,365.2242126464844
2021-09-14,364.1858215332031
2021-09-15,366.8934631347656
2021-09-16,367.1458740234375
2021-09-17,362.7979736328125
2021-09-20,355.30145263671875
2021-09-21,355.7386169433594
2021-09-22,359.06134033203125
2021-09-23,362.37445068359375
2021-09-24,362.7144470214844
2021-09-27,359.8191833496094
2021-09-28,349.63726806640625
2021-09-29,349.06396484375
2021-09-30,347.781494140625
2021-10-01,349.9383544921875
2021-10-04,342.5932922363281
2021-10-05,347.21795654296875
2021-10-06,349.4429016113281
2021-10-07,352.6490478515625
2021-10-08,350.8905334472656
2021-10-11,348.1993103027344
2021-10-12,346.9848327636719
2021-10-13,349.76348876953125
2021-10-14,356.2049865722656
2021-10-15,358.44927978515625
2021-10-18,362.0538024902344
2021-10-19,364.79364013671875
2021-10-20,364.3175354003906
2021-10-21,366.5424499511719
2021-10-22,363.4625244140625
2021-10-25,367.18365478515625
2021-10-26,368.3398132324219
2021-10-27,369.19482421875
2021-10-28,373.2947998046875
2021-10-29,375.1310119628906
2021-11-01,376.4134826660156
2021-11-02,377.9874572753906
2021-11-03,382.00006103515625
2021-11-04,386.8966369628906
2021-11-05,387.26593017578125
2021-11-08,386.7412109375
2021-11-09,384.0792236328125
2021-11-10,378.4344482421875
2021-11-11,379.483642578125
2021-11-12,383.476806640625
2021-11-15,383.3893737792969
2021-11-16,386.11944580078125
2021-11-17,386.3234558105469
2021-11-18,390.3263854980469
2021-11-19,392.5027160644531
2021-11-22,387.94598388671875
2021-11-23,386.1778259277344
2021-11-24,387.4212951660156
2021-11-26,380.076416015625
2021-11-29,388.3249816894531
2021-11-30,382.6218566894531
2021-12-01,376.1123962402344
2021-12-02,378.8230895996094
2021-12-03,372.2358093261719
2021-12-06,375.2184753417969
2021-12-07,386.5177917480469
2021-12-08,388.2471618652344
2021-12-09,382.53436279296875
2021-12-10,386.6927185058594
2021-12-13,381.1062316894531
2021-12-14,377.1616516113281
2021-12-15,385.75994873046875
2021-12-16,375.84027099609375
2021-12-17,373.96514892578125
2021-12-20,370.33758544921875
2021-12-21,378.6258850097656
2021-12-22,383.237060546875
2021-12-23,386.126220703125
2021-12-27,392.5079040527344
2021-12-28,390.688720703125
2021-12-29,390.63031005859375
2021-12-30,389.46295166015625
2021-12-31,387.03094482421875
2022-01-03,390.7567443847656
2022-01-04,385.68841552734375
2022-01-05,373.8397216796875
2022-01-06,373.5770568847656
2022-01-07,369.5301818847656
2022-01-10,369.7733154296875
2022-01-11,375.328125
2022-01-12,376.8165588378906
2022-01-13,367.38995361328125
2022-01-14,369.676025390625
2022-01-18,360.4732666015625
2022-01-19,356.5140380859375
2022-01-20,351.88348388671875
2022-01-21,342.126220703125
2022-01-24,343.6924133300781
2022-01-25,335.7250671386719
2022-01-26,335.19989013671875
2022-01-27,331.82421875
2022-01-28,342.23321533203125
2022-01-31,353.17730712890625
2022-02-01,355.5800476074219
2022-02-02,358.4693298339844
2022-02-03,343.9356384277344
2022-02-04,348.2743225097656
2022-02-07,345.47265625
2022-02-08,349.3542175292969
2022-02-09,356.7572937011719
2022-02-10,348.68292236328125
2022-02-11,337.62213134765625
2022-02-14,338.0404357910156
2022-02-15,346.44549560546875
2022-02-16,346.3579406738281
2022-02-17,336.0559387207031
2022-02-18,332.2230529785156
2022-02-22,328.88629150390625
2022-02-23,320.4618225097656
2022-02-24,331.23077392578125
2022-02-25,336.3672180175781
2022-02-28,337.3692321777344
2022-03-01,332.20367431640625
2022-03-02,337.7778015136719
2022-03-03,332.9526672363281
2022-03-04,328.12750244140625
2022-03-07,316.0257568359375
2022-03-08,314.5568542480469
2022-03-09,325.8802490234375
2022-03-10,322.2615051269531
2022-03-11,315.5783996582031
2022-03-14,309.51776123046875
2022-03-15,319.2263488769531
2022-03-16,331.0654296875
2022-03-17,335.0733642578125
2022-03-18,341.9316711425781
2022-03-21,340.98101806640625
2022-03-22,347.68212890625
2022-03-23,342.6855163574219
2022-03-24,350.30224609375
2022-03-25,350.01007080078125
2022-03-28,355.4256286621094
2022-03-29,361.5423583984375
2022-03-30,357.54888916015625
2022-03-31,353.1171875
2022-04-01,352.4450988769531
2022-04-04,359.70147705078125
2022-04-05,351.7145690917969
2022-04-06,344.0783386230469
2022-04-07,344.8965759277344
2022-04-08,340.0751953125
2022-04-11,332.0299377441406
2022-04-12,330.62738037109375
2022-04-13,337.3479309082031
2022-04-14,329.6337890625
2022-04-18,329.88702392578125
2022-04-19,337.26025390625
2022-04-20,332.34161376953125
2022-04-21,325.465087890625
2022-04-22,316.9424743652344
2022-04-25,321.01385498046875
2022-04-26,308.8971862792969
2022-04-27,308.5270690917969
2022-04-28,319.4846496582031
2022-04-29,305.1083068847656
2022-05-02,310.20233154296875
2022-05-03,310.5334777832031
2022-05-04,321.0332946777344
2022-05-05,304.8647766113281
2022-05-06,301.21221923828125
2022-05-09,289.42669677734375
2022-05-10,292.94293212890625
2022-05-11,284.2547302246094
2022-05-12,283.5826721191406
2022-05-13,294.09222412109375
2022-05-16,290.6831970214844
2022-05-17,298.2122802734375
2022-05-18,283.57293701171875
2022-05-19,282.0534362792969
2022-05-20,281.1768798828125
2022-05-23,285.85211181640625
2022-05-24,279.7743225097656
2022-05-25,283.6898193359375
2022-05-26,291.5500793457031
2022-05-27,301.0661926269531
2022-05-31,300.2674560546875
2022-06-01,298.04669189453125
2022-06-02,306.2088928222656
2022-06-03,298.24151611328125
2022-06-06,299.2349853515625
2022-06-07,301.8161315917969
2022-06-08,299.64410400390625
2022-06-09,291.61822509765625
2022-06-10,281.332763671875
2022-06-13,268.2518310546875
2022-06-14,268.73883056640625
2022-06-15,275.4496765136719
2022-06-16,264.3363037109375
2022-06-17,267.55047607421875
2022-06-21,274.3006286621094
2022-06-22,273.9006042480469
2022-06-23,277.9797058105469
2022-06-24,287.5043029785156
2022-06-27,285.3964538574219
2022-06-28,276.7013854980469
2022-06-29,276.955078125
2022-06-30,273.5199279785156
2022-07-01,275.3253479003906
2022-07-05,280.038818359375
2022-07-06,281.83447265625
2022-07-07,287.86541748046875
2022-07-08,288.22650146484375
2022-07-11,282.0686950683594
2022-07-12,279.3362121582031
2022-07-13,278.7604064941406
2022-07-14,279.755859375
2022-07-15,284.8304443359375
2022-07-18,282.4200134277344
2022-07-19,291.1053161621094
2022-07-20,295.72125244140625
2022-07-21,299.9662780761719
2022-07-22,294.706298828125
2022-07-25,293.0278015136719
2022-07-26,287.2701416015625
2022-07-27,299.4101257324219
2022-07-28,302.3377380371094
2022-07-29,307.85150146484375
2022-08-01,307.66607666015625
2022-08-02,306.7486877441406
2022-08-03,315.1023254394531
2022-08-04,316.57586669921875
2022-08-05,313.98974609375
2022-08-08,312.9748229980469
2022-08-09,309.4323425292969
2022-08-10,318.06890869140625
2022-08-11,316.2635803222656
2022-08-12,322.4213562011719
2022-08-15,325.02703857421875
2022-08-16,324.2657775878906
2022-08-17,320.56719970703125
2022-08-18,321.3381042480469
2022-08-19,315.07293701171875
2022-08-22,306.7779541015625
2022-08-23,306.5242614746094
2022-08-24,307.4123229980469
2022-08-25,312.8479309082031
2022-08-26,300.0249938964844
2022-08-29,297.0679931640625
2022-08-30,293.759765625
2022-08-31,292.0518798828125
2022-09-01,292.1788635253906
2022-09-02,288.0508728027344
2022-09-06,285.98199462890625
2022-09-07,291.7591857910156
2022-09-08,293.27178955078125
2022-09-09,299.683349609375
2022-09-12,303.2453308105469
2022-09-13,286.61639404296875
2022-09-14,288.89007568359375
2022-09-15,284.0790710449219
2022-09-16,282.3418884277344
2022-09-19,284.5405578613281
2022-09-20,282.2726135253906
2022-09-21,277.2181396484375
2022-09-22,273.8061828613281
2022-09-23,269.34814453125
2022-09-26,268.2336730957031
2022-09-27,268.34124755859375
2022-09-28,273.67913818359375
2022-09-29,265.7895812988281
2022-09-30,261.28271484375
2022-10-03,267.4125061035156
2022-10-04,275.8201599121094
2022-10-05,275.6734619140625
2022-10-06,273.503173828125
2022-10-07,263.0815734863281
2022-10-10,260.4517517089844
2022-10-11,256.87359619140625
2022-10-12,256.78558349609375
2022-10-13,262.8078308105469
2022-10-14,254.9085235595703
2022-10-17,263.32598876953125
2022-10-18,265.4083251953125
2022-10-19,264.44049072265625
2022-10-20,263.09130859375
2022-10-21,269.2601623535156
2022-10-24,272.2224426269531
2022-10-25,277.8536376953125
2022-10-26,271.7141418457031
2022-10-27,266.7672119140625
2022-10-28,274.930419921875
2022-10-31,271.7336120605469
2022-11-01,268.9570617675781
2022-11-02,259.7380676269531
2022-11-03,254.66409301757812
2022-11-04,258.7604064941406
2022-11-07,261.6053466796875
2022-11-08,263.5117492675781
2022-11-09,257.4308166503906
2022-11-10,276.42626953125
2022-11-11,281.5197448730469
2022-11-14,279.05609130859375
2022-11-15,282.91778564453125
2022-11-16,279.05609130859375
2022-11-17,278.4401550292969
2022-11-18,278.449951171875
2022-11-21,275.5854797363281
2022-11-22,279.55474853515625
2022-11-23,282.3605041503906
2022-11-25,280.5030517578125
2022-11-28,276.3871765136719
2022-11-29,274.2950744628906
2022-11-30,286.79888916015625
2022-12-01,287.1509094238281
2022-12-02,286.00701904296875
2022-12-05,281.2068786621094
2022-12-06,275.38018798828125
2022-12-07,274.2558898925781
2022-12-08,277.5016174316406
2022-12-09,275.73223876953125
2022-12-12,279.1929016113281
2022-12-13,282.19427490234375
2022-12-14,280.1021423339844
2022-12-15,270.6973571777344
2022-12-16,268.1163635253906
2022-12-19,264.348388671875
2022-12-20,264.1426086425781
2022-12-21,267.974365234375
2022-12-22,261.4182434082031
2022-12-23,262.00616455078125
2022-12-27,258.3019104003906
2022-12-28,254.89166259765625
2022-12-29,261.1046447753906
2022-12-30,260.9478454589844
2023-01-03,259.1839294433594
2023-01-04,260.4186706542969
2023-01-05,256.34197998046875
2023-01-06,263.4173889160156
2023-01-09,265.12249755859375
2023-01-10,267.36669921875
2023-01-11,271.9921569824219
2023-01-12,273.46209716796875
2023-01-13,275.34368896484375
2023-01-17,275.9023132324219
2023-01-18,272.3155212402344
2023-01-19,269.6402282714844
2023-01-20,277.01947021484375
2023-01-23,283.17364501953125
2023-01-24,282.595458984375
2023-01-25,281.9683837890625
2023-01-26,287.4659729003906
2023-01-27,290.3275451660156
2023-01-30,284.4574890136719
2023-01-31,288.7203369140625
2023-02-01,294.89422607421875
2023-02-02,305.47796630859375
2023-02-03,300.0489196777344
2023-02-06,297.51080322265625
2023-02-07,303.6748046875
2023-02-08,298.2751159667969
2023-02-09,295.63897705078125
2023-02-10,293.6986389160156
2023-02-13,298.4024963378906
2023-02-14,300.6074523925781
2023-02-15,302.91046142578125
2023-02-16,297.22650146484375
2023-02-17,295.12939453125
2023-02-21,288.14215087890625
2023-02-22,288.3577575683594
2023-02-23,290.8763427734375
2023-02-24,286.005859375
2023-02-27,288.05401611328125
2023-02-28,287.6816101074219
2023-03-01,285.368896484375
2023-03-02,287.73052978515625
2023-03-03,293.678955078125
2023-03-06,294.01220703125
2023-03-07,290.4059143066406
2023-03-08,291.856201171875
2023-03-09,286.799560546875
2023-03-10,282.7718505859375
2023-03-13,284.8691101074219
2023-03-14,291.415283203125
2023-03-15,292.94403076171875
2023-03-16,300.6662292480469
2023-03-17,299.2452697753906
2023-03-20,300.3072814941406
2023-03-21,304.596435546875
2023-03-22,300.4544677734375
2023-03-23,304.0173034667969
2023-03-24,305.13623046875
2023-03-27,303.0456237792969
2023-03-28,301.4360046386719
2023-03-29,306.932373046875
2023-03-30,309.8375549316406
2023-03-31,314.9904479980469
2023-04-03,314.2247619628906
2023-04-04,313.16485595703125
2023-04-05,310.0730895996094
2023-04-06,312.1636962890625
2023-04-10,311.9870300292969
2023-04-11,309.9847717285156
2023-04-12,307.2464294433594
2023-04-13,313.262939453125
2023-04-14,312.674072265625
2023-04-17,312.9390563964844
2023-04-18,312.958740234375
2023-04-19,312.81146240234375
2023-04-20,310.4263916015625
2023-04-21,310.7503662109375
2023-04-24,310.10260009765625
2023-04-25,304.2528991699219
2023-04-26,306.09808349609375
2023-04-27,314.4211730957031
2023-04-28,316.59027099609375
2023-05-01,316.22711181640625
2023-05-02,313.4691162109375
2023-05-03,311.4178161621094
2023-05-04,310.3185119628906
2023-05-05,316.9141540527344
2023-05-08,317.6993103027344
2023-05-09,315.68731689453125
2023-05-10,319.12255859375
2023-05-11,320.1628723144531
2023-05-12,319.0145263671875
2023-05-15,320.74200439453125
2023-05-16,321.1051330566406
2023-05-17,324.9917907714844
2023-05-18,331.0279541015625
2023-05-19,330.2820739746094
2023-05-22,331.3911437988281
2023-05-23,327.1903076171875
2023-05-24,325.5119323730469
2023-05-25,333.4325866699219
2023-05-26,341.9520263671875
2023-05-30,343.50274658203125
2023-05-31,341.5495910644531
2023-06-01,345.49517822265625
2023-06-02,348.0863037109375
2023-06-05,348.3316650390625
2023-06-06,348.2728576660156
2023-06-07,342.36419677734375
2023-06-08,346.6141052246094
2023-06-09,347.9390869140625
2023-06-12,353.8182067871094
2023-06-13,356.5369873046875
2023-06-14,359.12811279296875
2023-06-15,363.40740966796875
2023-06-16,361.1205139160156
2023-06-20,360.6035461425781
2023-06-21,355.68939208984375
2023-06-22,359.88616943359375
2023-06-23,356.31842041015625
2023-06-26,351.54180908203125
2023-06-27,357.58624267578125
2023-06-28,358.28411865234375
2023-06-29,357.5665588378906
2023-06-30,363.0803527832031
2023-07-03,363.9354248046875
2023-07-05,363.9255676269531
2023-07-06,361.1539611816406
2023-07-07,359.95489501953125
2023-07-10,360.0728759765625
2023-07-11,361.851806640625
2023-07-12,366.4220275878906
2023-07-13,372.6432800292969
2023-07-14,372.56475830078125
2023-07-17,376.0439453125
2023-07-18,379.1202697753906
2023-07-19,379.0317687988281
2023-07-20,370.29437255859375
2023-07-21,369.1837463378906
2023-07-24,369.7734375
2023-07-25,372.27972412109375
2023-07-26,371.04132080078125
2023-07-27,370.1567687988281
2023-07-28,376.8990478515625
2023-07-31,377.0955810546875
2023-08-01,376.220947265625
2023-08-02,367.9650573730469
2023-08-03,367.3753967285156
2023-08-04,365.6553649902344
2023-08-07,368.7513732910156
2023-08-08,365.61602783203125
2023-08-09,361.59625244140625
2023-08-10,362.2645263671875
2023-08-11,359.95489501953125
2023-08-14,363.99432373046875
2023-08-15,360.1318664550781
2023-08-16,356.31842041015625
2023-08-17,352.4263000488281
2023-08-18,351.9841003417969
2023-08-21,357.6550598144531
2023-08-22,357.1440124511719
2023-08-23,362.775634765625
2023-08-24,355.0210876464844
2023-08-25,357.77301025390625
2023-08-28,360.4659729003906
2023-08-29,368.33856201171875
2023-08-30,370.3926696777344
2023-08-31,371.5032958984375
2023-09-01,371.110107421875
2023-09-05,371.58184814453125
2023-09-06,368.30908203125
2023-09-07,365.6750183105469
2023-09-08,366.18609619140625
2023-09-11,370.5007629394531
2023-09-12,366.3925476074219
2023-09-13,367.7880859375
2023-09-14,370.7955322265625
2023-09-15,364.44647216796875
2023-09-18,364.8263854980469
2023-09-19,364.0488586425781
2023-09-20,358.8027648925781
2023-09-21,352.2278137207031
2023-09-22,352.277099609375
2023-09-25,353.9502868652344
2023-09-26,348.6352844238281
2023-09-27,349.4522399902344
2023-09-28,352.3754577636719
2023-09-29,352.6313781738281
2023-10-02,355.5743713378906
2023-10-03,349.3341064453125
2023-10-04,354.0880432128906
2023-10-05,353.0447692871094
2023-10-06,358.9602355957031
2023-10-09,360.7909851074219
2023-10-10,362.7889404296875
2023-10-11,365.3775634765625
2023-10-12,364.10784912109375
2023-10-13,359.5310363769531
2023-10-16,363.5960998535156
2023-10-17,362.4051818847656
2023-10-18,357.6511535644531
2023-10-19,354.3046569824219
2023-10-20,349.0191650390625
2023-10-23,350.07232666015625
2023-10-24,353.47784423828125
2023-10-25,344.826171875
2023-10-26,338.2513427734375
2023-10-27,339.8753967285156
2023-10-30,343.7041931152344
2023-10-31,345.347900390625
2023-11-01,351.3420104980469
2023-11-02,357.7200622558594
2023-11-03,361.9228210449219
2023-11-06,363.3992004394531
2023-11-07,366.8343200683594
2023-11-08,367.0704650878906
2023-11-09,364.24566650390625
2023-11-10,372.4346923828125
2023-11-13,371.2732849121094
2023-11-14,379.2655029296875
2023-11-15,379.5509338378906
2023-11-16,379.8757629394531
2023-11-17,379.9643859863281
2023-11-20,384.59039306640625
2023-11-21,382.35614013671875
2023-11-22,383.9211120605469
2023-11-24,383.37969970703125
2023-11-27,383.0450744628906
2023-11-28,384.04901123046875
2023-11-29,383.67498779296875
2023-11-30,382.7104187011719
2023-12-01,383.802978515625
2023-12-04,380.23992919921875
2023-12-05,381.1947021484375
2023-12-06,378.9898986816406
2023-12-07,384.2852478027344
2023-12-08,385.99786376953125
2023-12-11,389.29510498046875
2023-12-12,392.3955383300781
2023-12-13,397.38580322265625
2023-12-14,397.0412902832031
2023-12-15,398.9605407714844
2023-12-18,401.4735107421875
2023-12-19,403.5248718261719
2023-12-20,397.5286560058594
2023-12-21,402.154052734375
2023-12-22,402.755615234375
2023-12-26,405.2211608886719
2023-12-27,406.046142578125
2023-12-28,405.84869384765625
2023-12-29,404.09234619140625
2024-01-02,397.2542419433594
2024-01-03,393.0506591796875
2024-01-04,391.0278015136719
2024-01-05,391.4915771484375
2024-01-08,399.5829162597656
2024-01-09,400.372314453125
2024-01-10,403.0858459472656
2024-01-11,403.924560546875
2024-01-12,404.1318054199219
2024-01-16,404.09234619140625
2024-01-17,401.8129577636719
2024-01-18,407.516357421875
2024-01-19,415.59783935546875
2024-01-22,416.1405334472656
2024-01-23,417.8673095703125
2024-01-24,420.1861877441406
2024-01-25,420.6993103027344
2024-01-26,418.19293212890625
2024-01-29,422.4754333496094
2024-01-30,419.6632080078125
2024-01-31,411.443603515625
2024-02-01,416.28851318359375
2024-02-02,423.32403564453125
2024-02-05,422.771484375
2024-02-06,421.9228515625
2024-02-07,426.2645568847656
2024-02-08,427.0539245605469
2024-02-09,431.2574462890625
2024-02-12,429.57012939453125
2024-02-13,422.8701171875
2024-02-14,427.478271484375
2024-02-15,428.7511291503906
2024-02-16,424.86334228515625
2024-02-20,421.65643310546875
2024-02-21,419.9690856933594
2024-02-22,432.26397705078125
2024-02-23,430.9910583496094
2024-02-26,430.7640686035156
2024-02-27,431.80023193359375
2024-02-28,429.50103759765625
2024-02-29,433.1816101074219
2024-03-01,439.7039794921875
2024-03-04,438.1351318359375
2024-03-05,430.27069091796875
2024-03-06,432.9743957519531
2024-03-07,439.5461120605469
2024-03-08,433.20135498046875
2024-03-11,431.5929870605469
2024-03-12,437.7799377441406
2024-03-13,434.4150695800781
2024-03-14,433.3197937011719
2024-03-15,428.1689147949219
2024-03-18,432.2526550292969
2024-03-19,433.3295593261719
2024-03-20,438.4674072265625
2024-03-21,440.54229736328125
2024-03-22,441.0462341308594
2024-03-25,439.4455871582031
2024-03-26,438.02276611328125
2024-03-27,439.5147705078125
2024-03-28,438.7045593261719
2024-04-01,439.6333312988281
2024-04-02,435.83917236328125
2024-04-03,436.8173828125
2024-04-04,430.1380920410156
2024-04-05,435.20684814453125
2024-04-08,435.3352966308594
2024-04-09,436.9458312988281
2024-04-10,433.1319580078125
2024-04-11,440.0483093261719
2024-04-12,433.0330810546875
2024-04-15,425.9093017578125
2024-04-16,425.9488525390625
2024-04-17,420.7516784667969
2024-04-18,418.3507080078125
2024-04-19,409.6954040527344
2024-04-22,413.8155212402344
2024-04-23,419.9908447265625
2024-04-24,421.41363525390625
2024-04-25,419.3782958984375
2024-04-26,425.8499755859375
2024-04-29,427.5790710449219
2024-04-30,419.5165710449219
2024-05-01,416.4832763671875
2024-05-02,421.79888916015625
2024-05-03,430.2764892578125
2024-05-06,434.989501953125
2024-05-07,435.05865478515625
2024-05-08,434.8017883300781
2024-05-09,435.75030517578125
2024-05-10,436.7778625488281
2024-05-13,437.7856140136719
2024-05-14,440.6015930175781
2024-05-15,447.4883117675781
2024-05-16,446.579345703125
2024-05-17,446.3619079589844
2024-05-20,449.4743347167969
2024-05-21,450.3536682128906
2024-05-22,450.2647705078125
2024-05-23,448.2392578125
2024-05-24,452.4779968261719
2024-05-28,454.18731689453125
2024-05-29,450.9859924316406
2024-05-30,446.1544494628906
2024-05-31,445.324462890625
2024-06-03,447.7155456542969
2024-06-04,448.9407958984375
2024-06-05,457.9913024902344
2024-06-06,457.8332214355469
2024-06-07,457.4281005859375
2024-06-10,459.2757568359375
2024-06-11,462.42767333984375
2024-06-12,468.4844055175781
2024-06-13,471.0237121582031
2024-06-14,473.4642028808594
2024-06-17,479.2640380859375
2024-06-18,479.4122314453125
2024-06-20,475.7169494628906
2024-06-21,474.4423828125
2024-06-24,469.0409851074219
2024-06-25,474.40478515625
2024-06-26,475.3844909667969
2024-06-27,476.611572265625
2024-06-28,474.1375427246094
2024-07-01,476.91839599609375
2024-07-02,481.9258728027344
2024-07-03,485.9437561035156
2024-07-05,491.0106506347656
2024-07-08,492.1783142089844
2024-07-09,492.6039123535156
2024-07-10,497.7400207519531
2024-07-11,486.8244934082031
2024-07-12,489.68450927734375
2024-07-15,491.00067138671875
2024-07-16,491.1886901855469
2024-07-17,476.7698974609375
2024-07-18,474.5135803222656
2024-07-19,470.3077392578125
2024-07-22,477.31427001953125
2024-07-23,475.6319274902344
2024-07-24,458.57080078125
2024-07-25,453.5138244628906
2024-07-26,458.16510009765625
2024-07-29,459.08538818359375
2024-07-30,452.7815246582031
2024-07-31,466.1810302734375
2024-08-01,454.889404296875
2024-08-02,444.0926208496094
2024-08-05,430.85150146484375
2024-08-06,434.96832275390625
2024-08-07,430.2577209472656
2024-08-08,443.4197082519531
2024-08-09,445.7353820800781
2024-08-12,446.69537353515625
2024-08-13,457.77911376953125
2024-08-14,457.92755126953125
2024-08-15,469.4962463378906
2024-08-16,470.09991455078125
2024-08-19,476.275146484375
2024-08-20,475.2756652832031
2024-08-21,477.4924011230469
2024-08-22,469.9217529296875
2024-08-23,475.0182800292969
2024-08-26,470.40667724609375
2024-08-27,471.81195068359375
2024-08-28,466.4581298828125
2024-08-29,465.7752990722656
2024-08-30,471.3270263671875
2024-09-03,457.0171203613281
2024-09-04,455.82952880859375
2024-09-05,456.255126953125
2024-09-06,444.0333251953125
2024-09-09,449.7433776855469
2024-09-10,453.8997802734375
2024-09-11,463.7564392089844
2024-09-12,468.3087158203125
2024-09-13,470.40667724609375
2024-09-16,468.3284606933594
2024-09-17,468.57586669921875
2024-09-18,466.54718017578125
2024-09-19,478.3434143066406
2024-09-20,477.4330139160156
2024-09-23,478.69854736328125
2024-09-24,481.007568359375
2024-09-25,481.4535217285156
2024-09-26,485.0707092285156
2024-09-27,482.3751525878906
2024-09-30,483.6833190917969
2024-10-01,476.9444274902344
2024-10-02,477.61834716796875
2024-10-03,477.26153564453125
2024-10-04,482.9400329589844
2024-10-07,477.7669677734375
2024-10-08,484.9022521972656
2024-10-09,488.7176513671875
2024-10-10,488.16265869140625
2024-10-11,488.9257507324219
2024-10-14,493.0285949707031
2024-10-15,486.43829345703125
2024-10-16,486.4977722167969
2024-10-17,486.8346862792969
2024-10-18,490.02581787109375
2024-10-21,490.9672546386719
2024-10-22,491.5023498535156
2024-10-23,483.9706726074219
2024-10-24,487.8951110839844
2024-10-25,490.8681640625
2024-10-28,490.94744873046875
2024-10-29,495.66461181640625
2024-10-30,491.91864013671875
2024-10-31,479.501220703125
2024-11-01,483.049072265625
2024-11-04,481.6418151855469
2024-11-05,487.7861022949219
2024-11-06,501.0359191894531
2024-11-07,508.9243469238281
2024-11-08,509.5190124511719
2024-11-11,509.2216796875
2024-11-12,508.29998779296875
2024-11-13,507.6459655761719
2024-11-14,504.1179504394531
2024-11-15,492.10693359375
2024-11-18,495.52587890625
2024-11-19,498.9349670410156
2024-11-20,498.64764404296875
2024-11-21,500.4413757324219
2024-11-22,501.2440185546875
2024-11-25,502.036865234375
2024-11-26,504.732421875
2024-11-27,500.7584533691406
2024-11-29,505.15850830078125
2024-12-02,510.6586608886719
2024-12-03,512.2244873046875
2024-12-04,518.5570678710938
2024-12-05,517.1199951171875
2024-12-06,521.748046875
2024-12-09,517.6849365234375
2024-12-10,515.9209594726562
2024-12-11,525.1571044921875
2024-12-12,521.7678833007812
2024-12-13,525.76171875
2024-12-16,533.3330078125
2024-12-17,530.9843139648438
2024-12-18,511.8280334472656
2024-12-19,509.5486755371094
2024-12-20,513.9984130859375
2024-12-23,519.006103515625
2024-12-24,526.043701171875
2024-12-26,525.686279296875
2024-12-27,518.6983642578125
2024-12-30,511.7998046875
2024-12-31,507.4521179199219
2025-01-02,506.45953369140625
2025-01-03,514.747802734375
2025-01-06,520.6637573242188
2025-01-07,511.3728942871094
2025-01-08,511.4623107910156
2025-01-10,503.44195556640625
2025-01-13,501.82403564453125
2025-01-14,501.3475341796875
2025-01-15,512.8816528320312
2025-01-16,509.2884216308594
2025-01-17,517.8843994140625
2025-01-21,520.9218139648438
2025-01-22,527.5822143554688
2025-01-23,528.703857421875
2025-01-24,525.7161865234375
2025-01-27,510.41009521484375
2025-01-28,517.953857421875
2025-01-29,516.981201171875
2025-01-30,519.1847534179688
2025-01-31,518.4302978515625
2025-02-03,514.28125
2025-02-04,520.59423828125
2025-02-05,522.9566650390625
2025-02-06,525.686279296875
2025-02-07,519.0556640625
2025-02-10,525.3389892578125
2025-02-11,524.0882568359375
2025-02-12,524.3959350585938
2025-02-13,531.93994140625
2025-02-14,534.1731567382812
2025-02-18,535.3840942382812
2025-02-19,535.5330810546875
2025-02-20,533.2599487304688
2025-02-21,522.1923828125
2025-02-24,516.0282592773438
2025-02-25,509.5266418457031
2025-02-26,510.7574768066406
2025-02-27,496.5731201171875
2025-02-28,504.4147644042969
2025-03-03,493.3768615722656
2025-03-04,491.8879699707031
2025-03-05,498.30023193359375
2025-03-06,484.59234619140625
2025-03-07,488.15576171875
2025-03-10,469.2366638183594
2025-03-11,468.1149597167969
2025-03-12,473.3956604003906
2025-03-13,464.8790283203125
2025-03-14,476.11541748046875
2025-03-17,479.2024230957031
2025-03-18,471.0332336425781
2025-03-19,477.3363342285156
2025-03-20,475.7183837890625
2025-03-21,477.2867126464844
2025-03-24,487.7604064941406
2025-03-25,490.54388427734375
2025-03-26,481.5175476074219
2025-03-27,478.7738342285156
2025-03-28,466.16876220703125
2025-03-31,466.1488952636719
2025-04-01,469.90655517578125
2025-04-02,473.336181640625
2025-04-03,447.99676513671875
2025-04-04,420.1722106933594
2025-04-07,421.1861572265625
2025-04-08,413.6012268066406
2025-04-09,463.2461853027344
2025-04-10,443.5433044433594
2025-04-11,451.7147216796875
2025-04-14,454.7764892578125
2025-04-15,455.2834777832031
2025-04-16,441.5550842285156
2025-04-17,441.4755554199219
2025-04-21,430.5505065917969
2025-04-22,441.8533020019531
2025-04-23,451.8737487792969
2025-04-24,464.5881652832031
2025-04-25,469.76739501953125
2025-04-28,469.6182556152344
2025-04-29,472.7198486328125
2025-04-30,472.66015625
2025-05-01,478.83349609375
2025-05-02,485.94122314453125
2025-05-05,483.0583801269531
2025-05-06,478.5650939941406
2025-05-07,480.44384765625
2025-05-08,485.4044189453125
2025-05-09,485.0863037109375
2025-05-12,504.84881591796875
2025-05-13,512.5430908203125
2025-05-14,515.6148071289062
2025-05-15,516.1814575195312
2025-05-16,518.4281005859375
2025-05-19,518.9251098632812
2025-05-20,517.1954956054688
2025-05-21,510.0081481933594
2025-05-22,510.9625244140625
2025-05-23,506.2305908203125
2025-05-27,518.1398315429688
2025-05-28,515.8433837890625
2025-05-29,516.8574829101562
2025-05-30,516.0422973632812
2025-06-02,520.1181030273438
2025-06-03,524.183837890625
2025-06-04,525.6452026367188
2025-06-05,521.6886596679688
2025-06-06,526.788330078125
2025-06-09,527.5638427734375
2025-06-10,531.0530395507812
2025-06-11,529.2636108398438
2025-06-12,530.50634765625
2025-06-13,523.8458862304688
2025-06-16,531.132568359375
2025-06-17,525.953369140625
2025-06-18,525.8638916015625
2025-06-20,523.7167358398438
2025-06-23,529.1017456054688
2025-06-24,537.1928100585938
2025-06-25,538.566162109375
2025-06-26,543.6018676757812
2025-06-27,545.4629516601562
2025-06-30,548.9959716796875
2025-07-01,544.3681640625
2025-07-02,548.1599731445312
2025-07-03,553.553955078125
2025-07-07,549.3840942382812
2025-07-08,549.6925659179688
2025-07-09,553.5838012695312
2025-07-10,552.7877197265625
2025-07-11,551.543701171875
2025-07-14,553.5440063476562
2025-07-15,554.0515747070312
2025-07-16,554.6188354492188
2025-07-17,559.1072387695312
2025-07-18,558.56982421875
2025-07-21,561.4658203125
2025-07-22,558.5598754882812
2025-07-23,561.107666015625
2025-07-24,562.3018798828125
2025-07-25,563.6553344726562
2025-07-28,565.4169311523438
2025-07-29,564.5410766601562
2025-07-30,565.2974243164062
2025-07-31,562.3018798828125
2025-08-01,551.2251586914062
2025-08-04,561.3961791992188
2025-08-05,557.5845336914062
2025-08-06,564.6007690429688
2025-08-07,566.5115356445312
2025-08-08,571.796142578125
2025-08-11,570.104248046875
2025-08-12,577.269775390625
2025-08-13,577.558349609375
2025-08-14,577.1105346679688
2025-08-15,574.57275390625
2025-08-18,574.3438110351562
2025-08-19,566.5513916015625
2025-08-20,563.1876220703125
2025-08-21,560.5802001953125
2025-08-22,569.2284545898438
2025-08-25,567.58642578125
2025-08-26,569.8653564453125
2025-08-27,570.7412109375
2025-08-28,574.3140258789062
2025-08-29,567.666015625
2025-09-02,562.9088745117188
2025-09-03,567.3375854492188
2025-09-04,572.4728393554688
2025-09-05,573.2988891601562
2025-09-08,576.095458984375
2025-09-09,577.7275390625
2025-09-10,577.9166259765625
2025-09-11,581.2804565429688
2025-09-12,583.8480834960938
2025-09-15,588.843994140625
2025-09-16,588.3463134765625
2025-09-17,587.1720581054688
2025-09-18,592.466552734375
2025-09-19,596.4771728515625
2025-09-22,600.0083618164062
2025-09-23,596.02294921875
2025-09-24,593.9305419921875
2025-09-25,591.3699340820312
2025-09-26,593.801025390625
2025-09-29,596.5509643554688
2025-09-30,598.1849975585938
2025-10-01,601.0545043945312
2025-10-02,603.5255126953125
2025-10-03,600.9848022460938
2025-10-06,605.498291015625
2025-10-07,602.3099975585938
2025-10-08,609.2147216796875
2025-10-09,608.4774169921875
2025-10-10,587.3546142578125
2025-10-13,599.8190307617188
2025-10-14,595.8236694335938
2025-10-15,600.0282592773438
2025-10-16,597.806396484375
2025-10-17,601.7320556640625
2025-10-20,609.3143310546875
2025-10-21,609.1549682617188
2025-10-22,603.286376953125
2025-10-23,608.35791015625
2025-10-24,614.8541259765625
2025-10-27,625.80419921875
2025-10-28,630.6165161132812
2025-10-29,633.4561767578125
2025-10-30,623.7715454101562
2025-10-31,626.780517578125
2025-11-03,629.7796020507812
2025-11-04,616.996337890625
2025-11-05,621.0116577148438
2025-11-06,609.4439086914062
2025-11-07,607.5209350585938
2025-11-10,620.9617919921875
2025-11-11,619.307861328125
2025-11-12,618.8197021484375
2025-11-13,606.1858520507812
2025-11-14,606.64404296875
2025-11-17,601.4630126953125
2025-11-18,594.1397705078125
2025-11-19,597.686767578125
2025-11-20,583.5385131835938
2025-11-21,587.9224853515625
2025-11-24,602.9575805664062
2025-11-25,606.6740112304688
2025-11-26,612.034423828125
2025-11-28,616.996337890625
2025-12-01,614.923828125
2025-12-02,619.7362670898438
2025-12-03,621.2507934570312
2025-12-04,620.6729125976562
2025-12-05,623.20361328125
2025-12-08,622.0079956054688
2025-12-09,622.775146484375
2025-12-10,625.3258666992188
2025-12-11,623.3032836914062
2025-12-12,611.3867797851562
2025-12-15,608.3179931640625
2025-12-16,609.5235595703125
2025-12-17,598.2247924804688
2025-12-18,606.8931884765625
2025-12-19,614.8043212890625
2025-12-22,617.7513427734375
2025-12-23,620.6444702148438
2025-12-24,622.460205078125
2025-12-26,622.4203491210938
2025-12-29,619.4074096679688
2025-12-30,617.9707641601562
2025-12-31,612.8628540039062
2026-01-02,611.6756591796875
2026-01-05,616.5341796875
2026-01-06,621.951416015625
2026-01-07,622.550048828125
2026-01-08,619.0083618164062
2026-01-09,625.173828125
2026-01-12,625.6925659179688
2026-01-13,624.7647705078125
2026-01-14,618.0905151367188
2026-01-15,620.3153076171875
2026-01-16,619.7965087890625
2026-01-20,606.6276245117188
2026-01-21,614.8282470703125
2026-01-22,619.2976684570312
2026-01-23,621.2530517578125
2026-01-26,623.9866333007812
2026-01-27,629.6432495117188
2026-01-28,631.728271484375
2026-01-29,627.9472045898438
2026-01-30,620.405029296875
2026-02-02,624.6650390625
2026-02-03,615.0676879882812
2026-02-04,604.322998046875
2026-02-05,595.6235961914062
2026-02-06,608.2138671875
2026-02-09,612.8728637695312
2026-02-10,610.029541015625
2026-02-11,611.6657104492188
2026-02-12,599.22509765625
2026-02-13,600.5020141601562
2026-02-17,599.8834838867188
2026-02-18,604.3629760742188
2026-02-19,602.04833984375
2026-02-20,607.3757934570312
2026-02-23,599.9932250976562
2026-02-24,606.4380493164062
2026-02-25,615.227294921875
2026-02-26,607.8048095703125
2026-02-27,605.8594360351562
2026-03-02,606.6575317382812
2026-03-03,600.162841796875
2026-03-04,609.3112182617188
2026-03-05,607.4755859375
2026-03-06,598.337158203125
2026-03-09,606.3283081054688
2026-03-10,606.3383178710938
2026-03-11,606.2584228515625
2026-03-12,595.85302734375
2026-03-13,592.3213500976562
2026-03-16,598.9656982421875
2026-03-17,601.8887939453125
2026-03-18,593.4986572265625
2026-03-19,591.623046875
2026-03-20,580.6888427734375
2026-03-23,587.3545532226562
2026-03-24,583.3389282226562
2026-03-25,587.1747436523438
2026-03-26,573.1600952148438
2026-03-27,561.9624633789062
2026-03-30,557.6671752929688
2026-03-31,576.54638671875
2026-04-01,583.6685791015625
2026-04-02,584.3378295898438
2026-04-06,587.85400390625
2026-04-07,587.9439086914062
2026-04-08,605.4246826171875
2026-04-09,609.5202026367188
2026-04-10,610.3992309570312
2026-04-13,616.7122802734375
2026-04-14,627.909912109375
2026-04-15,636.7003173828125
2026-04-16,639.7669067382812
2026-04-17,648.1376953125
2026-04-20,646.0799560546875
2026-04-21,643.6226806640625
2026-04-22,654.390869140625
2026-04-23,650.7048950195312
2026-04-24,663.1512451171875
2026-04-27,663.5008544921875
2026-04-28,656.8281860351562
2026-04-29,660.84375
2026-04-30,667.0069580078125
2026-05-01,673.4099731445312
2026-05-04,672.141357421875
2026-05-05,680.8617553710938
2026-05-06,695.0062255859375
2026-05-07,694.1771240234375
2026-05-08,710.44921875
2026-05-11,712.5069580078125
2026-05-12,706.463623046875
2026-05-13,713.9254760742188
2026-05-14,718.9998168945312
2026-05-15,708.1517944335938
2026-05-18,705.1051025390625
2026-05-19,700.7599487304688
2026-05-20,712.3671875
2026-05-21,713.7256469726562
2026-05-22,716.7523193359375
2026-05-26,729.4783935546875
2026-05-27,728.6492919921875
2026-05-28,734.79248046875
2026-05-29,737.49951171875
2026-06-01,741.9246826171875
2026-06-02,745.3408813476562
2026-06-03,743.39306640625
2026-06-04,739.7969970703125
2026-06-05,704.2860107421875
2026-06-08,715.283935546875
2026-06-09,707.052978515625
2026-06-10,692.9285278320312
2026-06-11,716.332763671875
2026-06-12,720.5481567382812
2026-06-15,743.1832885742188
2026-06-16,729.0587768554688
2026-06-17,721.7168579101562
2026-06-18,739.8070068359375
2026-06-22,737.9500122070312
2026-06-23,713.6500244140625
2026-06-24,710.6199951171875
2026-06-25,716.3800048828125
2026-06-26,706.52001953125
2026-06-29,724.0800170898438
2026-06-30,736.4000244140625
2026-07-01,725.1699829101562
2026-07-02,712.5999755859375
2026-07-06,722.8200073242188
2026-07-07,709.4299926757812
2026-07-08,711.4400024414062
2026-07-09,723.280029296875
2026-07-10,725.510009765625
2026-07-13,711.739990234375
2026-07-14,719.6900024414062
2026-07-15,717.739990234375
2026-07-16,705.9400024414062
2026-07-17,695.3300170898438
2026-07-20,696.0599975585938
2026-07-21,708.969970703125
2026-07-22,705.3499755859375
2026-07-23,691.9600219726562
2026-07-24,684.22998046875
2026-07-27,682.1199951171875
2026-07-28,675.489990234375
2026-07-29,661.72998046875
2026-07-30,683.5499877929688
2026-07-31,687.989990234375
2026-08-03,700.0700073242188
2026-08-04,723.8499755859375
2026-08-05,717.2999877929688
2026-08-06,714.6500244140625
2026-08-07,723.030029296875
2026-08-10,720.8699951171875
2026-08-11,718.4500122070312
2026-08-12,723.7000122070312
2026-08-13,732.0700073242188
2026-08-14,731.0700073242188
2026-08-17,729.8699951171875
2026-08-18,717.510009765625
2026-08-19,716.0800170898438
2026-08-20,710.9299926757812
2026-08-21,713.4400024414062
2026-08-24,706.3200073242188
2026-08-25,710.719970703125
2026-08-26,711.3699951171875
2026-08-27,721.1099853515625
2026-08-28,716.4299926757812
2026-08-31,716.760009765625
2026-09-01,707.6400146484375
2026-09-02,709.239990234375
2026-09-03,717.6699829101562
2026-09-04,718.9600219726562
2026-09-08,718.3599853515625