2010-03-11,0.6008639335632324
2010-03-12,0.586005687713623
2010-03-15,0.5675075054168701
2010-03-16,0.613599956035614
2010-03-17,0.6357359886169434
2010-03-18,0.620270848274231
2010-03-19,0.5920698046684265
2010-03-22,0.6348263025283813
2010-03-23,0.6757633090019226
2010-03-24,0.6383141279220581
2010-03-25,0.6351301670074463
2010-03-26,0.6251233220100403
2010-03-29,0.6419530510902405
2010-03-30,0.654233992099762
2010-03-31,0.6440752744674683
2010-04-01,0.6461975574493408
2010-04-05,0.7009321451187134
2010-04-06,0.6903185844421387
2010-04-07,0.6971413493156433
2010-04-08,0.6724282503128052
2010-04-09,0.6903185844421387
2010-04-12,0.7076029777526855
2010-04-13,0.7212486267089844
2010-04-14,0.8140392303466797
2010-04-15,0.8210141062736511
2010-04-16,0.7906906008720398
2010-04-19,0.7640051245689392
2010-04-20,0.8010003566741943
2010-04-21,0.7759833335876465
2010-04-22,0.819801390171051
2010-04-23,0.8234402537345886
2010-04-26,0.830717921257019
2010-04-27,0.7447502017021179
2010-04-28,0.7596085071563721
2010-04-29,0.7856871485710144
2010-04-30,0.6797059774398804
2010-05-03,0.7297399640083313
2010-05-04,0.6331586837768555
2010-05-05,0.6128422021865845
2010-05-06,0.5606847405433655
2010-05-07,0.5265706777572632
2010-05-10,0.6186032295227051
2010-05-11,0.606777012348175
2010-05-12,0.6560534238815308
2010-05-13,0.6046547889709473
2010-05-14,0.5494652986526489
2010-05-17,0.5722082257270813
2010-05-18,0.5255098342895508
2010-05-19,0.5338482856750488
2010-05-20,0.49033409357070923
2010-05-21,0.5223259329795837
2010-05-24,0.4915468692779541
2010-05-25,0.5026153326034546
2010-05-26,0.5000380873680115
2010-05-27,0.5761498808860779
2010-05-28,0.5484035611152649
2010-06-01,0.5111055374145508
2010-06-02,0.5656882524490356
2010-06-03,0.5873703360557556
2010-06-04,0.5109545588493347
2010-06-07,0.45394572615623474
2010-06-08,0.44894227385520935
2010-06-09,0.439997136592865
2010-06-10,0.4883628487586975
2010-06-11,0.5092860460281372
2010-06-14,0.5189899802207947
2010-06-15,0.605412483215332
2010-06-16,0.6137517690658569
2010-06-17,0.6098092794418335
2010-06-18,0.6057154536247253
2010-06-21,0.5896445512771606
2010-06-22,0.5585624575614929
2010-06-23,0.5634139776229858
2010-06-24,0.5142894983291626
2010-06-25,0.5159579515457153
2010-06-28,0.522022008895874
2010-06-29,0.45091360807418823
2010-06-30,0.429080605506897
2010-07-01,0.4307481050491333
2010-07-02,0.42544180154800415
2010-07-06,0.4246830940246582
2010-07-07,0.49139565229415894
2010-07-08,0.4877569079399109
2010-07-09,0.5045866370201111
2010-07-12,0.5238415002822876
2010-07-13,0.557500958442688
2010-07-14,0.5523465275764465
2010-07-15,0.545219898223877
2010-07-16,0.4933662414550781
2010-07-19,0.5306643843650818
2010-07-20,0.532180905342102
2010-07-21,0.4998859167098999
2010-07-22,0.5456745624542236
2010-07-23,0.5561361908912659
2010-07-26,0.5761498808860779
2010-07-27,0.5643236637115479
2010-07-28,0.5350618958473206
2010-07-29,0.5026153326034546
2010-07-30,0.48684731125831604
2010-08-02,0.5126221179962158
2010-08-03,0.49715709686279297
2010-08-04,0.5117123126983643
2010-08-05,0.4994314908981323
2010-08-06,0.5000380873680115
2010-08-09,0.5082253813743591
2010-08-10,0.4692589342594147
2010-08-11,0.41270580887794495
2010-08-12,0.39617908000946045
2010-08-13,0.38420096039772034
2010-08-16,0.3881436288356781
2010-08-17,0.40300193428993225
2010-08-18,0.4164956510066986
2010-08-19,0.3955722153186798
2010-08-20,0.4001207947731018
2010-08-23,0.3860202729701996
2010-08-24,0.36646151542663574
2010-08-25,0.37752997875213623
2010-08-26,0.3559998571872711
2010-08-27,0.3772270977497101
2010-08-30,0.34993571043014526
2010-08-31,0.3276478052139282
2010-09-01,0.35812312364578247
2010-09-02,0.381926566362381
2010-09-03,0.39845335483551025
2010-09-07,0.37692320346832275
2010-09-08,0.37070709466934204
2010-09-09,0.3722236752510071
2010-09-10,0.3576682209968567
2010-09-13,0.3931470215320587
2010-09-14,0.41240185499191284
2010-09-15,0.4092180132865906
2010-09-16,0.41786032915115356
2010-09-17,0.418163925409317
2010-09-20,0.4231674373149872
2010-09-21,0.4202863872051239
2010-09-22,0.4029659926891327
2010-09-23,0.4107007682323456
2010-09-24,0.45953625440597534
2010-09-27,0.4516495168209076
2010-09-28,0.47273096442222595
2010-09-29,0.48319560289382935
2010-09-30,0.47273096442222595
2010-10-01,0.4677259922027588
2010-10-04,0.4486165940761566
2010-10-05,0.47667384147644043
2010-10-06,0.46029427647590637
2010-10-07,0.46044614911079407
2010-10-08,0.47546079754829407
2010-10-11,0.48410552740097046
2010-10-12,0.4944182336330414
2010-10-13,0.49669307470321655
2010-10-14,0.49259835481643677
2010-10-15,0.503821849822998
2010-10-18,0.4921434223651886
2010-10-19,0.4715178906917572
2010-10-20,0.47940370440483093
2010-10-21,0.4722760021686554
2010-10-22,0.5003331303596497
2010-10-25,0.5167126655578613
2010-10-26,0.5101916790008545
2010-10-27,0.5570553541183472
2010-10-28,0.5584203600883484
2010-10-29,0.5688850283622742
2010-11-01,0.56312096118927
2010-11-02,0.5740408897399902
2010-11-03,0.592999279499054
2010-11-04,0.6474456787109375
2010-11-05,0.6609430909156799
2010-11-08,0.6618531942367554
2010-11-09,0.6366779208183289
2010-11-10,0.637436032295227
2010-11-11,0.6151415705680847
2010-11-12,0.6136246919631958
2010-11-15,0.5999752283096313
2010-11-16,0.5744959712028503
2010-11-17,0.5728278160095215
2010-11-18,0.6048288941383362
2010-11-19,0.6342511177062988
2010-11-22,0.6577585935592651
2010-11-23,0.6401658654212952
2010-11-24,0.69142746925354
2010-11-26,0.6799017786979675
2010-11-29,0.6751997470855713
2010-11-30,0.6501755714416504
2010-12-01,0.7125085592269897
2010-12-02,0.752547562122345
2010-12-03,0.7634673118591309
2010-12-06,0.7595241665840149
2010-12-07,0.758007287979126
2010-12-08,0.7787845134735107
2010-12-09,0.7843966484069824
2010-12-10,0.7865197658538818
2010-12-13,0.7718088626861572
2010-12-14,0.7520924210548401
2010-12-15,0.728736162185669
2010-12-16,0.7416278123855591
2010-12-17,0.7567944526672363
2010-12-20,0.7481494545936584
2010-12-21,0.7639222145080566
2010-12-22,0.7646800875663757
2010-12-23,0.7583103775978088
2010-12-27,0.7605854272842407
2010-12-28,0.7508796453475952
2010-12-29,0.7539124488830566
2010-12-30,0.7605854272842407
2010-12-31,0.7581592798233032
2011-01-03,0.7751447558403015
2011-01-04,0.7777238488197327
2011-01-05,0.7853063941001892
2011-01-06,0.8288331627845764
2011-01-07,0.8342930674552917
2011-01-10,0.8605313301086426
2011-01-11,0.8700860142707825
2011-01-12,0.9189205169677734
2011-01-13,0.9186176657676697
2011-01-14,0.9936903715133667
2011-01-18,0.9820125102996826
2011-01-19,0.9136126041412354
2011-01-20,0.880398690700531
2011-01-21,0.8652321696281433
2011-01-24,0.9277175068855286
2011-01-25,0.908304750919342
2011-01-26,0.9334801435470581
2011-01-27,0.9850452542304993
2011-01-28,0.9052708745002747
2011-01-31,0.9155846238136292
2011-02-01,0.9818606376647949
2011-02-02,0.9985430240631104
2011-02-03,0.9996053576469421
2011-02-04,1.058753490447998
2011-02-07,1.047833800315857
2011-02-08,1.0454068183898926
2011-02-09,1.0255392789840698
2011-02-10,1.0343360900878906
2011-02-11,1.0579955577850342
2011-02-14,1.0821095705032349
2011-02-15,1.0511705875396729
2011-02-16,1.084384799003601
2011-02-17,1.1321579217910767
2011-02-18,1.1191145181655884
2011-02-22,0.985803484916687
2011-02-23,0.9328739047050476
2011-02-24,0.9789788126945496
2011-02-25,1.052990198135376
2011-02-28,1.0211411714553833
2011-03-01,0.9601735472679138
2011-03-02,1.0011218786239624
2011-03-03,1.0592083930969238
2011-03-04,1.0258424282073975
2011-03-07,0.9409117698669434
2011-03-08,0.9459167122840881
2011-03-09,0.861592173576355
2011-03-10,0.7963783740997314
2011-03-11,0.817610502243042
2011-03-14,0.8142737746238708
2011-03-15,0.7846994400024414
2011-03-16,0.7340449690818787
2011-03-17,0.7608893513679504
2011-03-18,0.7684720754623413
2011-03-21,0.8082077503204346
2011-03-22,0.7892492413520813
2011-03-23,0.8106338977813721
2011-03-24,0.870388925075531
2011-03-25,0.8631089925765991
2011-03-28,0.8672041296958923
2011-03-29,0.8910152316093445
2011-03-30,0.8938963413238525
2011-03-31,0.871147096157074
2011-04-01,0.8406628966331482
2011-04-04,0.818975567817688
2011-04-05,0.8723608255386353
2011-04-06,0.9151294827461243
2011-04-07,0.9017831683158875
2011-04-08,0.8796405792236328
2011-04-11,0.8559814095497131
2011-04-12,0.8035059571266174
2011-04-13,0.810330867767334
2011-04-14,0.811998724937439
2011-04-15,0.8280752301216125
2011-04-18,0.7837896943092346
2011-04-19,0.7931933999061584
2011-04-20,0.8948062658309937
2011-04-21,0.8923801779747009
2011-04-25,0.8949582576751709
2011-04-26,0.9380300641059875
2011-04-27,0.9378789663314819
2011-04-28,0.9192245006561279
2011-04-29,0.9327222108840942
2011-05-02,0.9036029577255249
2011-05-03,0.8702369928359985
2011-05-04,0.8717541098594666
2011-05-05,0.8770618438720703
2011-05-06,0.8963232636451721
2011-05-09,0.8885883688926697
2011-05-10,0.9001151323318481
2011-05-11,0.8794885873794556
2011-05-12,0.9155846238136292
2011-05-13,0.8800957798957825
2011-05-16,0.8427867889404297
2011-05-17,0.8123028874397278
2011-05-18,0.858104407787323
2011-05-19,0.8367200493812561
2011-05-20,0.8289852142333984
2011-05-23,0.7780268788337708
2011-05-24,0.7604342103004456
2011-05-25,0.780453622341156
2011-05-26,0.8024439811706543
2011-05-27,0.8309571743011475
2011-05-31,0.8682659864425659
2011-06-01,0.7895533442497253
2011-06-02,0.789856493473053
2011-06-03,0.7478457093238831
2011-06-06,0.7296460270881653
2011-06-07,0.7404147982597351
2011-06-08,0.6959773302078247
2011-06-09,0.6982520222663879
2011-06-10,0.664432168006897
2011-06-13,0.6450186371803284
2011-06-14,0.6811146140098572
2011-06-15,0.6410759687423706
2011-06-16,0.6193884611129761
2011-06-17,0.5923922657966614
2011-06-20,0.5942121148109436
2011-06-21,0.6389527320861816
2011-06-22,0.6295491456985474
2011-06-23,0.6579104065895081
2011-06-24,0.6108947992324829
2011-06-27,0.6213594079017639
2011-06-28,0.6450186371803284
2011-06-29,0.6477485299110413
2011-06-30,0.6946123838424683
2011-07-01,0.739959716796875
2011-07-05,0.7197885513305664
2011-07-06,0.7031059861183167
2011-07-07,0.7446609139442444
2011-07-08,0.7112958431243896
2011-07-11,0.674744725227356
2011-07-12,0.6171135902404785
2011-07-13,0.6105917096138
2011-07-14,0.5831406116485596
2011-07-15,0.5923922657966614
2011-07-18,0.5669131278991699
2011-07-19,0.6230282783508301
2011-07-20,0.6149896383285522
2011-07-21,0.6318239569664001
2011-07-22,0.6745928525924683
2011-07-25,0.648810625076294
2011-07-26,0.6650381684303284
2011-07-27,0.5922403335571289
2011-07-28,0.5878424048423767
2011-07-29,0.5737378597259521
2011-08-01,0.5723730325698853
2011-08-02,0.5215663909912109
2011-08-03,0.5380969643592834
2011-08-04,0.44982942938804626
2011-08-05,0.41707050800323486
2011-08-08,0.3518564999103546
2011-08-09,0.3991750478744507
2011-08-10,0.37521183490753174
2011-08-11,0.4310241639614105
2011-08-12,0.42677730321884155
2011-08-15,0.4519534707069397
2011-08-16,0.4264741539955139
2011-08-17,0.4172225892543793
2011-08-18,0.3450317084789276
2011-08-19,0.3248603045940399
2011-08-22,0.33396002650260925
2011-08-23,0.3850703537464142
2011-08-24,0.38446342945098877
2011-08-25,0.3539794385433197
2011-08-26,0.38203656673431396
2011-08-29,0.4246542751789093
2011-08-30,0.4246542751789093
2011-08-31,0.41555455327033997
2011-09-01,0.39477622509002686
2011-09-02,0.3676290214061737
2011-09-06,0.36034923791885376
2011-09-07,0.40675783157348633
2011-09-08,0.40069106221199036
2011-09-09,0.38764846324920654
2011-09-12,0.42298534512519836
2011-09-13,0.4486165940761566
2011-09-14,0.4822854697704315
2011-09-15,0.5041248798370361
2011-09-16,0.505793035030365
2011-09-19,0.4888073801994324
2011-09-20,0.47273096442222595
2011-09-21,0.4431566894054413
2011-09-22,0.39871999621391296
2011-09-23,0.4205593168735504
2011-09-26,0.4198005497455597
2011-09-27,0.44270169734954834
2011-09-28,0.4044829308986664
2011-09-29,0.38795143365859985
2011-09-30,0.3489745855331421
2011-10-03,0.31014880537986755
2011-10-04,0.3492775559425354
2011-10-05,0.3821885585784912
2011-10-06,0.39538320899009705
2011-10-07,0.40160104632377625
2011-10-10,0.43360206484794617
2011-10-11,0.4307202398777008
2011-10-12,0.44209474325180054
2011-10-13,0.46984896063804626
2011-10-14,0.4865325391292572
2011-10-17,0.44649362564086914
2011-10-18,0.475308895111084
2011-10-19,0.4442186951637268
2011-10-20,0.4228343665599823
2011-10-21,0.4486165940761566
2011-10-24,0.4951772093772888
2011-10-25,0.468484103679657
2011-10-26,0.47500571608543396
2011-10-27,0.5355190634727478
2011-10-28,0.5397657155990601
2011-10-31,0.49866506457328796
2011-11-01,0.4508915841579437
2011-11-02,0.45771631598472595
2011-11-03,0.4988171458244324
2011-11-04,0.516257643699646
2011-11-07,0.5139826536178589
2011-11-08,0.5221723914146423
2011-11-09,0.45134642720222473
2011-11-10,0.46332821249961853
2011-11-11,0.5106467604637146
2011-11-14,0.49305352568626404
2011-11-15,0.5130727291107178
2011-11-16,0.5047319531440735
2011-11-17,0.44740352034568787
2011-11-18,0.43405693769454956
2011-11-21,0.4091847836971283
2011-11-22,0.39447328448295593
2011-11-23,0.3573163151741028
2011-11-25,0.3424527645111084
2011-11-28,0.3774867355823517
2011-11-29,0.36899393796920776
2011-11-30,0.43208518624305725
2011-12-01,0.43951690196990967
2011-12-02,0.43663498759269714
2011-12-05,0.4501335322856903
2011-12-06,0.44740352034568787
2011-12-07,0.4631761908531189
2011-12-08,0.4237442910671234
2011-12-09,0.43906185030937195
2011-12-12,0.4038759469985962
2011-12-13,0.3749086856842041
2011-12-14,0.35686132311820984
2011-12-15,0.35595136880874634
2011-12-16,0.364292174577713
2011-12-19,0.33365702629089355
2011-12-20,0.37763872742652893
2011-12-21,0.36656707525253296
2011-12-22,0.40266305208206177
2011-12-23,0.40842583775520325
2011-12-27,0.40736472606658936
2011-12-28,0.3874964118003845
2011-12-29,0.39871999621391296
2011-12-30,0.39371514320373535
2012-01-03,0.40812280774116516
2012-01-04,0.40781983733177185
2012-01-05,0.42541223764419556
2012-01-06,0.42920416593551636
2012-01-09,0.4530145227909088
2012-01-10,0.4669681191444397
2012-01-11,0.47273096442222595
2012-01-12,0.48865559697151184
2012-01-13,0.4568063020706177
2012-01-17,0.462721049785614
2012-01-18,0.5308172106742859
2012-01-19,0.5634250640869141
2012-01-20,0.5716148614883423
2012-01-23,0.567216157913208
2012-01-24,0.5711600184440613
2012-01-25,0.5785906314849854
2012-01-26,0.560695230960846
2012-01-27,0.5684297680854797
2012-01-30,0.5485615134239197
2012-01-31,0.5508365631103516
2012-02-01,0.5870844125747681
2012-02-02,0.5984593033790588
2012-02-03,0.6237865686416626
2012-02-06,0.6039189696311951
2012-02-07,0.6045249104499817
2012-02-08,0.6274263858795166
2012-02-09,0.6328862309455872
2012-02-10,0.5937572121620178
2012-02-13,0.5999752283096313
2012-02-14,0.6086199283599854
2012-02-15,0.6168094277381897
2012-02-16,0.6624601483345032
2012-02-17,0.6469905972480774
2012-02-21,0.6210564374923706
2012-02-22,0.6116536259651184
2012-02-23,0.6152934432029724
2012-02-24,0.6107437014579773
2012-02-27,0.6113496422767639
2012-02-28,0.6422889232635498
2012-02-29,0.6125637888908386
2012-03-01,0.6131695508956909
2012-03-02,0.5943642258644104
2012-03-05,0.5499265193939209
2012-03-06,0.5332440733909607
2012-03-07,0.5588752031326294
2012-03-08,0.5826857686042786
2012-03-09,0.601492166519165
2012-03-12,0.5851125717163086
2012-03-13,0.6230282783508301
2012-03-14,0.6174165606498718
2012-03-15,0.6522984504699707
2012-03-16,0.6536634564399719
2012-03-19,0.6694369316101074
2012-03-20,0.6563934683799744
2012-03-21,0.6627632975578308
2012-03-22,0.6513885259628296
2012-03-23,0.6563934683799744
2012-03-26,0.6841475963592529
2012-03-27,0.6824794411659241
2012-03-28,0.6579104065895081
2012-03-29,0.6600334048271179
2012-03-30,0.6676170825958252
2012-04-02,0.6670101284980774
2012-04-03,0.6362230777740479
2012-04-04,0.5928473472595215
2012-04-05,0.5984593033790588
2012-04-09,0.5735858678817749
2012-04-10,0.543556809425354
2012-04-11,0.5688850283622742
2012-04-12,0.600127100944519
2012-04-13,0.5679749846458435
2012-04-16,0.5688850283622742
2012-04-17,0.5952742099761963
2012-04-18,0.5804107189178467
2012-04-19,0.561453104019165
2012-04-20,0.5224764943122864
2012-04-23,0.5033668875694275
2012-04-24,0.4912334084510803
2012-04-25,0.5239923000335693
2012-04-26,0.5593301653862
2012-04-27,0.5597850680351257
2012-04-30,0.5506855249404907
2012-05-01,0.5572063326835632
2012-05-02,0.5649410486221313
2012-05-03,0.5244474411010742
2012-05-04,0.49062731862068176
2012-05-07,0.4875935912132263
2012-05-08,0.47910076379776
2012-05-09,0.47500571608543396
2012-05-10,0.4689390957355499
2012-05-11,0.4789486527442932
2012-05-14,0.4648441672325134
2012-05-15,0.4501335322856903
2012-05-16,0.4293552041053772
2012-05-17,0.3982650935649872
2012-05-18,0.3762737810611725
2012-05-21,0.4047859013080597
2012-05-22,0.39690008759498596
2012-05-23,0.40160104632377625
2012-05-24,0.38582843542099
2012-05-25,0.3997809886932373
2012-05-29,0.42328932881355286
2012-05-30,0.40038809180259705
2012-05-31,0.38704147934913635
2012-06-01,0.341694712638855
2012-06-04,0.33699291944503784
2012-06-05,0.35974225401878357
2012-06-06,0.3961411714553833
2012-06-07,0.3800656199455261
2012-06-08,0.3967481851577759
2012-06-11,0.374150812625885
2012-06-12,0.39962995052337646
2012-06-13,0.385980486869812
2012-06-14,0.38476648926734924
2012-06-15,0.4020559787750244
2012-06-18,0.42086243629455566
2012-06-19,0.43375399708747864
2012-06-20,0.44846463203430176
2012-06-21,0.3923501670360565
2012-06-22,0.4085778295993805
2012-06-25,0.3691459894180298
2012-06-26,0.37248191237449646
2012-06-27,0.3878003656864166
2012-06-28,0.3800656199455261
2012-06-29,0.42768722772598267
2012-07-02,0.42601922154426575
2012-07-03,0.4454317092895508
2012-07-05,0.43329906463623047
2012-07-06,0.40160104632377625
2012-07-09,0.38764846324920654
2012-07-10,0.36050117015838623
2012-07-11,0.3492775559425354
2012-07-12,0.3335050642490387
2012-07-13,0.34199777245521545
2012-07-16,0.33062320947647095
2012-07-17,0.3260732591152191
2012-07-18,0.3591362535953522
2012-07-19,0.38203656673431396
2012-07-20,0.362927109003067
2012-07-23,0.35215944051742554
2012-07-24,0.34882262349128723
2012-07-25,0.3673259913921356
2012-07-26,0.3931082487106323
2012-07-27,0.42040741443634033
2012-07-30,0.40933582186698914
2012-07-31,0.4190424680709839
2012-08-01,0.41828444600105286
2012-08-02,0.4143405854701996
2012-08-03,0.4398198425769806
2012-08-06,0.44755467772483826
2012-08-07,0.4745507836341858
2012-08-08,0.48092061281204224
2012-08-09,0.48971736431121826
2012-08-10,0.49608713388442993
2012-08-13,0.4865325391292572
2012-08-14,0.47318586707115173
2012-08-15,0.48122358322143555
2012-08-16,0.5062478184700012
2012-08-17,0.49608713388442993
2012-08-20,0.4830435812473297
2012-08-21,0.48410552740097046
2012-08-22,0.47394394874572754
2012-08-23,0.46438902616500854
2012-08-24,0.47197291254997253
2012-08-27,0.4677259922027588
2012-08-28,0.4665129780769348
2012-08-29,0.4674229323863983
2012-08-30,0.4442186951637268
2012-08-31,0.46165934205055237
2012-09-04,0.4510434567928314
2012-09-05,0.4410337507724762
2012-09-06,0.4880483150482178
2012-09-07,0.4789486527442932
2012-09-10,0.45392438769340515
2012-09-11,0.46165934205055237
2012-09-12,0.46454113721847534
2012-09-13,0.47743290662765503
2012-09-14,0.4957832396030426
2012-09-17,0.4821335971355438
2012-09-18,0.47546079754829407
2012-09-19,0.4663611054420471
2012-09-20,0.45422837138175964
2012-09-21,0.45468342304229736
2012-09-24,0.4342089891433716
2012-09-25,0.40099504590034485
2012-09-26,0.3940182328224182
2012-09-27,0.42040741443634033
2012-09-28,0.4088808000087738
2012-10-01,0.4053928852081299
2012-10-02,0.41267263889312744
2012-10-03,0.4058478772640228
2012-10-04,0.41525059938430786
2012-10-05,0.41358259320259094
2012-10-08,0.3997809886932373
2012-10-09,0.3809755742549896
2012-10-10,0.3652021884918213
2012-10-11,0.36747702956199646
2012-10-12,0.36125919222831726
2012-10-15,0.37703174352645874
2012-10-16,0.40129804611206055
2012-10-17,0.3985680639743805
2012-10-18,0.3885583281517029
2012-10-19,0.35519248247146606
2012-10-22,0.3545864224433899
2012-10-23,0.35792240500450134
2012-10-24,0.34139174222946167
2012-10-25,0.35519248247146606
2012-10-26,0.3601972758769989
2012-10-31,0.35974225401878357
2012-11-01,0.396445095539093
2012-11-02,0.37430182099342346
2012-11-05,0.39295628666877747
2012-11-06,0.4085778295993805
2012-11-07,0.3777907192707062
2012-11-08,0.36398908495903015
2012-11-09,0.36656707525253296
2012-11-12,0.36687105894088745
2012-11-13,0.3589842617511749
2012-11-14,0.34139174222946167
2012-11-15,0.32743820548057556
2012-11-16,0.3278932571411133
2012-11-19,0.3465476632118225
2012-11-20,0.3442727029323578
2012-11-21,0.34594160318374634
2012-11-23,0.36368608474731445
2012-11-26,0.3697519302368164
2012-11-27,0.365354061126709
2012-11-28,0.3780936300754547
2012-11-29,0.3812786638736725
2012-11-30,0.37976163625717163
2012-12-03,0.3747568130493164
2012-12-04,0.38112667202949524
2012-12-05,0.3787006139755249
2012-12-06,0.3921983242034912
2012-12-07,0.39477622509002686
2012-12-10,0.4020559787750244
2012-12-11,0.426322340965271
2012-12-12,0.42131736874580383
2012-12-13,0.409487783908844
2012-12-14,0.40099504590034485
2012-12-17,0.4056958258152008
2012-12-18,0.42450225353240967
2012-12-19,0.42783913016319275
2012-12-20,0.4270802438259125
2012-12-21,0.41358259320259094
2012-12-24,0.40994277596473694
2012-12-26,0.40069106221199036
2012-12-27,0.3943212628364563
2012-12-28,0.3874964118003845
2012-12-31,0.40781983733177185
2013-01-02,0.45968830585479736
2013-01-03,0.45149850845336914
2013-01-04,0.44998157024383545
2013-01-07,0.4454317092895508
2013-01-08,0.4307202398777008
2013-01-09,0.44345980882644653
2013-01-10,0.4613563120365143
2013-01-11,0.4693940281867981
2013-01-14,0.46545112133026123
2013-01-15,0.4584742486476898
2013-01-16,0.47333773970603943
2013-01-17,0.5033668875694275
2013-01-18,0.49532800912857056
2013-01-22,0.49093031883239746
2013-01-23,0.5070067644119263
2013-01-24,0.4935082495212555
2013-01-25,0.5118597149848938
2013-01-28,0.5153474807739258
2013-01-29,0.505793035030365
2013-01-30,0.5083717107772827
2013-01-31,0.503821849822998
2013-02-01,0.530666172504425
2013-02-04,0.507612943649292
2013-02-05,0.5315760374069214
2013-02-06,0.5344571471214294
2013-02-07,0.5274812579154968
2013-02-08,0.5479555726051331
2013-02-11,0.5503816604614258
2013-02-12,0.553870439529419
2013-02-13,0.5582681894302368
2013-02-14,0.5741927623748779
2013-02-15,0.56312096118927
2013-02-19,0.5834444761276245
2013-02-20,0.5443156361579895
2013-02-21,0.5145896077156067
2013-02-22,0.546741783618927
2013-02-25,0.5154995918273926
2013-02-26,0.5283911228179932
2013-02-27,0.5520505309104919
2013-02-28,0.5661550760269165
2013-03-01,0.5461356043815613
2013-03-04,0.5438607931137085
2013-03-05,0.5748000144958496
2013-03-06,0.5773777961730957
2013-03-07,0.5848096013069153
2013-03-08,0.5861743688583374
2013-03-11,0.5889043211936951
2013-03-12,0.5977002382278442
2013-03-13,0.603009045124054
2013-03-14,0.6113496422767639
2013-03-15,0.5816245079040527
2013-03-18,0.5581164360046387
2013-03-19,0.5515953898429871
2013-03-20,0.5732826590538025
2013-03-21,0.5461356043815613
2013-03-22,0.5632731914520264
2013-03-25,0.5603914856910706
2013-03-26,0.575860857963562
2013-03-27,0.5782877206802368
2013-03-28,0.5887523889541626
2013-04-01,0.5555384755134583
2013-04-02,0.5396139025688171
2013-04-03,0.5071578621864319
2013-04-04,0.5265712141990662
2013-04-05,0.5189874768257141
2013-04-08,0.5380969643592834
2013-04-09,0.5528083443641663
2013-04-10,0.588297426700592
2013-04-11,0.582534670829773
2013-04-12,0.5738898515701294
2013-04-15,0.5329410433769226
2013-04-16,0.5649410486221313
2013-04-17,0.5092816948890686
2013-04-18,0.49548017978668213
2013-04-19,0.5073099136352539
2013-04-22,0.5227792859077454
2013-04-23,0.5564483404159546
2013-04-24,0.576467752456665
2013-04-25,0.5933021903038025
2013-04-26,0.5770747065544128
2013-04-29,0.5967901349067688
2013-04-30,0.6145346760749817
2013-05-01,0.5972451567649841
2013-05-02,0.6219663023948669
2013-05-03,0.6400138735771179
2013-05-06,0.6529055237770081
2013-05-07,0.6519954204559326
2013-05-08,0.6776267290115356
2013-05-09,0.6883943676948547
2013-05-10,0.7072010636329651
2013-05-13,0.6859675049781799
2013-05-14,0.6964319944381714
2013-05-15,0.7149357199668884
2013-05-16,0.7012859582901001
2013-05-17,0.7276752591133118
2013-05-20,0.7235803604125977
2013-05-21,0.7220633029937744
2013-05-22,0.6890015006065369
2013-05-23,0.6882424354553223
2013-05-24,0.6880913972854614
2013-05-28,0.7064417600631714
2013-05-29,0.7150865793228149
2013-05-30,0.7479977011680603
2013-05-31,0.7261582016944885
2013-06-03,0.7279781699180603
2013-06-04,0.7376847863197327
2013-06-05,0.70340895652771
2013-06-06,0.6979491710662842
2013-06-07,0.7313151359558105
2013-06-10,0.7428407669067383
2013-06-11,0.6953712105751038
2013-06-12,0.669891893863678
2013-06-13,0.710385799407959
2013-06-14,0.7026511430740356
2013-06-17,0.7328312397003174
2013-06-18,0.7684720754623413
2013-06-19,0.7434478998184204
2013-06-20,0.6741378903388977
2013-06-21,0.6792946457862854
2013-06-24,0.6371329426765442
2013-06-25,0.6842994689941406
2013-06-26,0.6930962800979614
2013-06-27,0.7021960616111755
2013-06-28,0.7115986347198486
2013-07-01,0.7062907814979553
2013-07-02,0.7081108689308167
2013-07-03,0.7193335890769958
2013-07-05,0.7473905682563782
2013-07-08,0.7029538750648499
2013-07-09,0.7246413826942444
2013-07-10,0.7495145797729492
2013-07-11,0.797288179397583
2013-07-12,0.810937762260437
2013-07-15,0.8107857704162598
2013-07-16,0.8174585103988647
2013-07-17,0.819582462310791
2013-07-18,0.7992590069770813
2013-07-19,0.7944061160087585
2013-07-22,0.7886433601379395
2013-07-23,0.7799985408782959
2013-07-24,0.7372300624847412
2013-07-25,0.7504245638847351
2013-07-26,0.7301011085510254
2013-07-29,0.7181204557418823
2013-07-30,0.7420828342437744
2013-07-31,0.7526994943618774
2013-08-01,0.7934963703155518
2013-08-02,0.7784817218780518
2013-08-05,0.7748417854309082
2013-08-06,0.7590692639350891
2013-08-07,0.7354099154472351
2013-08-08,0.7376847863197327
2013-08-09,0.7267652153968811
2013-08-12,0.7348031401634216
2013-08-13,0.7593722939491272
2013-08-14,0.7255513072013855
2013-08-15,0.6758068799972534
2013-08-16,0.6824794411659241
2013-08-19,0.6686781644821167
2013-08-20,0.6820245385169983
2013-08-21,0.6670101284980774
2013-08-22,0.6896073222160339
2013-08-23,0.6900625824928284
2013-08-26,0.6853614449501038
2013-08-27,0.6342511177062988
2013-08-28,0.6551806330680847
2013-08-29,0.6802048683166504
2013-08-30,0.6615501046180725
2013-09-03,0.6777777671813965
2013-09-04,0.7297981381416321
2013-09-05,0.7469357252120972
2013-09-06,0.7378359436988831
2013-09-09,0.7674100995063782
2013-09-10,0.8100277781486511
2013-09-11,0.8030509948730469
2013-09-12,0.7890982031822205
2013-09-13,0.799562931060791
2013-09-16,0.80911785364151
2013-09-17,0.8254973292350769
2013-09-18,0.8467297554016113
2013-09-19,0.8379330635070801
2013-09-20,0.8244353532791138
2013-09-23,0.8138188123703003
2013-09-24,0.8301981687545776
2013-09-25,0.8323222398757935
2013-09-26,0.8311080932617188
2013-09-27,0.811998724937439
2013-09-30,0.8135156631469727
2013-10-01,0.8345971703529358
2013-10-02,0.8330801129341125
2013-10-03,0.8264073133468628
2013-10-04,0.8449097871780396
2013-10-07,0.8323222398757935
2013-10-08,0.7927383780479431
2013-10-09,0.7825766205787659
2013-10-10,0.8358100056648254
2013-10-11,0.8435447812080383
2013-10-14,0.8600761294364929
2013-10-15,0.8380849361419678
2013-10-16,0.861896276473999
2013-10-17,0.8800957798957825
2013-10-18,0.886010468006134
2013-10-21,0.8964749574661255
2013-10-22,0.8905603289604187
2013-10-23,0.8025960922241211
2013-10-24,0.8221604824066162
2013-10-25,0.8312602043151855
2013-10-28,0.8483977317810059
2013-10-29,0.8857066035270691
2013-10-30,0.8726639151573181
2013-10-31,0.8875263929367065
2013-11-01,0.8778208494186401
2013-11-04,0.8761518001556396
2013-11-05,0.8682659864425659
2013-11-06,0.8779717087745667
2013-11-07,0.82746821641922
2013-11-08,0.8549194931983948
2013-11-11,0.854312539100647
2013-11-12,0.8685692548751831
2013-11-13,0.8931383490562439
2013-11-14,0.8807016015052795
2013-11-15,0.8973852396011353
2013-11-18,0.8731189966201782
2013-11-19,0.8426347374916077
2013-11-20,0.830047070980072
2013-11-21,0.8743318319320679
2013-11-22,0.8758488297462463
2013-11-25,0.8728159070014954
2013-11-26,0.8952612280845642
2013-11-27,0.9069399833679199
2013-11-29,0.9067878127098083
2013-12-02,0.9019351005554199
2013-12-03,0.9111857414245605
2013-12-04,0.8996598720550537
2013-12-05,0.9055747389793396
2013-12-06,0.9368170499801636
2013-12-09,0.9440968036651611
2013-12-10,0.9360589385032654
2013-12-11,0.9084558486938477
2013-12-12,0.8855554461479187
2013-12-13,0.880853533744812
2013-12-16,0.916342556476593
2013-12-17,0.9448546767234802
2013-12-18,0.9636609554290771
2013-12-19,0.9463717341423035
2013-12-20,0.9704858660697937
2013-12-23,0.9946005940437317
2013-12-24,1.006429672241211
2013-12-26,1.0156816244125366
2013-12-27,1.0129514932632446
2013-12-30,1.0206865072250366
2013-12-31,1.046771764755249
2014-01-02,0.999756932258606
2014-01-03,0.9961171746253967
2014-01-06,0.9773111939430237
2014-01-07,1.0000600814819336
2014-01-08,1.0441938638687134
2014-01-09,1.0220513343811035
2014-01-10,1.0344868898391724
2014-01-13,0.9976333379745483
2014-01-14,1.0661851167678833
2014-01-15,1.0931804180145264
2014-01-16,1.0749807357788086
2014-01-17,1.0564782619476318
2014-01-21,1.0772556066513062
2014-01-22,1.1141101121902466
2014-01-23,1.0761948823928833
2014-01-24,1.0006670951843262
2014-01-27,0.9815573692321777
2014-01-28,0.9935383796691895
2014-01-29,0.9795861840248108
2014-01-30,1.0176531076431274
2014-01-31,1.0018800497055054
2014-02-03,0.9386371374130249
2014-02-04,0.9401537775993347
2014-02-05,0.9439448714256287
2014-02-06,0.9888373613357544
2014-02-07,1.0366106033325195
2014-02-10,1.0525357723236084
2014-02-11,1.092725157737732
2014-02-12,1.1235132217407227
2014-02-13,1.1638550758361816
2014-02-14,1.1831167936325073
2014-02-18,1.192671298980713
2014-02-19,1.1899417638778687
2014-02-20,1.2179986238479614
2014-02-21,1.1994956731796265
2014-02-24,1.2132965326309204
2014-02-25,1.1955523490905762
2014-02-26,1.2187561988830566
2014-02-27,1.2170886993408203
2014-02-28,1.2132965326309204
2014-03-03,1.1934292316436768
2014-03-04,1.255307912826538
2014-03-05,1.26319420337677
2014-03-06,1.2920091152191162
2014-03-07,1.2859433889389038
2014-03-10,1.2777538299560547
2014-03-11,1.2574304342269897
2014-03-12,1.289128303527832
2014-03-13,1.2246712446212769
2014-03-14,1.205259084701538
2014-03-17,1.2484827041625977
2014-03-18,1.3017160892486572
2014-03-19,1.298833966255188
2014-03-20,1.3719359636306763
2014-03-21,1.335840106010437
2014-03-24,1.3193085193634033
2014-03-25,1.3466079235076904
2014-03-26,1.3058110475540161
2014-03-27,1.2735071182250977
2014-03-28,1.3009586334228516
2014-03-31,1.36359441280365
2014-04-01,1.4272923469543457
2014-04-02,1.4183446168899536
2014-04-03,1.4268373250961304
2014-04-04,1.3068733215332031
2014-04-07,1.2707772254943848
2014-04-08,1.3183984756469727
2014-04-09,1.3608644008636475
2014-04-10,1.2354397773742676
2014-04-11,1.1764427423477173
2014-04-14,1.2040458917617798
2014-04-15,1.228918194770813
2014-04-16,1.2217903137207031
2014-04-17,1.2923134565353394
2014-04-21,1.3264374732971191
2014-04-22,1.3643521070480347
2014-04-23,1.3587415218353271
2014-04-24,1.379821538925171
2014-04-25,1.246359944343567
2014-04-28,1.223610281944275
2014-04-29,1.245904803276062
2014-04-30,1.2710797786712646
2014-05-01,1.2584924697875977
2014-05-02,1.2660751342773438
2014-05-05,1.2721421718597412
2014-05-06,1.2569754123687744
2014-05-07,1.2594023942947388
2014-05-08,1.2851850986480713
2014-05-09,1.274720311164856
2014-05-12,1.3437271118164062
2014-05-13,1.3140006065368652
2014-05-14,1.2804838418960571
2014-05-15,1.235591173171997
2014-05-16,1.2721421718597412
2014-05-19,1.312938928604126
2014-05-20,1.2944363355636597
2014-05-21,1.3130908012390137
2014-05-22,1.3323522806167603
2014-05-23,1.3681440353393555
2014-05-27,1.4204673767089844
2014-05-28,1.4250171184539795
2014-05-29,1.4338139295578003
2014-05-30,1.4397287368774414
2014-06-02,1.4630844593048096
2014-06-03,1.5043367147445679
2014-06-04,1.5248112678527832
2014-06-05,1.5458920001983643
2014-06-06,1.5689449310302734
2014-06-09,1.5801677703857422
2014-06-10,1.595940351486206
2014-06-11,1.6191444396972656
2014-06-12,1.6023101806640625
2014-06-13,1.64780855178833
2014-06-16,1.6785966157913208
2014-06-17,1.7163605690002441
2014-06-18,1.6957340240478516
2014-06-19,1.7004363536834717
2014-06-20,1.7152987718582153
2014-06-23,1.6963412761688232
2014-06-24,1.6585772037506104
2014-06-25,1.6764730215072632
2014-06-26,1.6550885438919067
2014-06-27,1.6629751920700073
2014-06-30,1.7149959802627563
2014-07-01,1.7856693267822266
2014-07-02,1.7991679906845093
2014-07-03,1.8354151248931885
2014-07-07,1.7970446348190308
2014-07-08,1.7698971033096313
2014-07-09,1.8006844520568848
2014-07-10,1.7747502326965332
2014-07-11,1.7782388925552368
2014-07-14,1.8022011518478394
2014-07-15,1.7879449129104614
2014-07-16,1.8498224020004272
2014-07-17,1.706957221031189
2014-07-18,1.773840069770813
2014-07-21,1.7883999347686768
2014-07-22,1.8225233554840088
2014-07-23,1.6966444253921509
2014-07-24,1.6537234783172607
2014-07-25,1.5542333126068115
2014-07-28,1.549228549003601
2014-07-29,1.5421005487442017
2014-07-30,1.587599515914917
2014-07-31,1.4799184799194336
2014-08-01,1.5020617246627808
2014-08-04,1.5208678245544434
2014-08-05,1.4755209684371948
2014-08-06,1.488715410232544
2014-08-07,1.4303251504898071
2014-08-08,1.4782506227493286
2014-08-11,1.5228396654129028
2014-08-12,1.517076849937439
2014-08-13,1.5607553720474243
2014-08-14,1.5690960884094238
2014-08-15,1.6164147853851318
2014-08-18,1.6377993822097778
2014-08-19,1.672832727432251
2014-08-20,1.7139339447021484
2014-08-21,1.7366831302642822
2014-08-22,1.740475058555603
2014-08-25,1.7193933725357056
2014-08-26,1.7209105491638184
2014-08-27,1.7303130626678467
2014-08-28,1.7673189640045166
2014-08-29,1.7868833541870117
2014-09-02,1.762769341468811
2014-09-03,1.7782388925552368
2014-09-04,1.7918884754180908
2014-09-05,1.8369320631027222
2014-09-08,1.8483065366744995
2014-09-09,1.7993186712265015
2014-09-10,1.7974992990493774
2014-09-11,1.8111484050750732
2014-09-12,1.7410807609558105
2014-09-15,1.677535057067871
2014-09-16,1.7645889520645142
2014-09-17,1.8062959909439087
2014-09-18,1.8839466571807861
2014-09-19,1.8166085481643677
2014-09-22,1.750180721282959
2014-09-23,1.7365309000015259
2014-09-24,1.7988640069961548
2014-09-25,1.701497197151184
2014-09-26,1.7606455087661743
2014-09-29,1.7680771350860596
2014-09-30,1.7239433526992798
2014-10-01,1.5982152223587036
2014-10-02,1.571675181388855
2014-10-03,1.5954850912094116
2014-10-06,1.5569634437561035
2014-10-07,1.469454050064087
2014-10-08,1.5663660764694214
2014-10-09,1.4409421682357788
2014-10-10,1.1423190832138062
2014-10-13,1.06846022605896
2014-10-14,1.1288212537765503
2014-10-15,1.1436837911605835
2014-10-16,1.1932774782180786
2014-10-17,1.2223962545394897
2014-10-20,1.2801796197891235
2014-10-21,1.4194055795669556
2014-10-22,1.3604097366333008
2014-10-23,1.4192546606063843
2014-10-24,1.4650559425354004
2014-10-27,1.4800708293914795
2014-10-28,1.5445266962051392
2014-10-29,1.5537786483764648
2014-10-30,1.5013030767440796
2014-10-31,1.6758670806884766
2014-11-03,1.706957221031189
2014-11-04,1.6927013397216797
2014-11-05,1.7425976991653442
2014-11-06,1.6981614828109741
2014-11-07,1.648263692855835
2014-11-10,1.6855725049972534
2014-11-11,1.670861840248108
2014-11-12,1.6678282022476196
2014-11-13,1.6707099676132202
2014-11-14,1.7118107080459595
2014-11-17,1.6896672248840332
2014-11-18,1.7873384952545166
2014-11-19,1.7529106140136719
2014-11-20,1.8017460107803345
2014-11-21,1.8558895587921143
2014-11-24,1.9132180213928223
2014-11-25,1.9124594926834106
2014-11-26,2.0357608795166016
2014-11-28,2.047438859939575
2014-12-01,1.976006269454956
2014-12-02,2.013617992401123
2014-12-03,2.1387391090393066
2014-12-04,2.147991418838501
2014-12-05,2.2139642238616943
2014-12-08,2.118568181991577
2014-12-09,2.112804412841797
2014-12-10,1.9945085048675537
2014-12-11,2.022869348526001
2014-12-12,1.9227721691131592
2014-12-15,1.8681738376617432
2014-12-16,1.8363248109817505
2014-12-17,1.954773187637329
2014-12-18,2.062605142593384
2014-12-19,2.0465283393859863
2014-12-22,2.13737416267395
2014-12-23,2.1253156661987305
2014-12-24,2.132748603820801
2014-12-26,2.1410892009735107
2014-12-29,2.1219797134399414
2014-12-30,2.08542799949646
2014-12-31,2.04478120803833
2015-01-02,2.044933319091797
2015-01-05,1.9292101860046387
2015-01-06,1.7978665828704834
2015-01-07,1.852315068244934
2015-01-08,2.018998146057129
2015-01-09,2.024003028869629
2015-01-12,1.90236496925354
2015-01-13,1.8456419706344604
2015-01-14,1.816066861152649
2015-01-15,1.771780014038086
2015-01-16,1.8322948217391968
2015-01-20,1.890231966972351
2015-01-21,1.9522631168365479
2015-01-22,1.988967776298523
2015-01-23,1.97152578830719
2015-01-26,1.9921525716781616
2015-01-27,1.8776434659957886
2015-01-28,1.8495852947235107
2015-01-29,1.8548929691314697
2015-01-30,1.7408396005630493
2015-02-02,1.7567644119262695
2015-02-03,1.8515572547912598
2015-02-04,1.873700499534607
2015-02-05,1.924963355064392
2015-02-06,1.895843505859375
2015-02-09,1.8338121175765991
2015-02-10,2.019604206085205
2015-02-11,2.039928674697876
2015-02-12,2.1383602619171143
2015-02-13,2.1838598251342773
2015-02-17,2.205699920654297
2015-02-18,2.184011697769165
2015-02-19,2.2040324211120605
2015-02-20,2.243314504623413
2015-02-23,2.198723554611206
2015-02-24,2.287752628326416
2015-02-25,2.249380350112915
2015-02-26,2.2950327396392822
2015-02-27,2.278500556945801
2015-03-02,2.4677813053131104
2015-03-03,2.3252155780792236
2015-03-04,2.321423053741455
2015-03-05,2.3235459327697754
2015-03-06,2.2534754276275635
2015-03-09,2.2731924057006836
2015-03-10,2.1448814868927
2015-03-11,2.162930727005005
2015-03-12,2.1601998805999756
2015-03-13,2.204789876937866
2015-03-16,2.3018572330474854
2015-03-17,2.2528693675994873
2015-03-18,2.3023123741149902
2015-03-19,2.3191473484039307
2015-03-20,2.4209165573120117
2015-03-23,2.3531203269958496
2015-03-24,2.292910099029541
2015-03-25,1.9788057804107666
2015-03-26,1.8972076177597046
2015-03-27,2.052971363067627
2015-03-30,2.138512372970581
2015-03-31,2.063283920288086
2015-04-01,2.024458408355713
2015-04-02,2.004133939743042
2015-04-06,2.032799482345581
2015-04-07,2.0379562377929688
2015-04-08,2.074659585952759
2015-04-09,2.1551949977874756
2015-04-10,2.1793105602264404
2015-04-13,2.1369948387145996
2015-04-14,2.074659585952759
2015-04-15,2.179462194442749
2015-04-16,2.1520094871520996
2015-04-17,2.05979585647583
2015-04-20,2.110149383544922
2015-04-21,2.1562561988830566
2015-04-22,2.2455897331237793
2015-04-23,2.1401801109313965
2015-04-24,2.0355288982391357
2015-04-27,2.056763172149658
2015-04-28,2.059340715408325
2015-04-29,2.0247604846954346
2015-04-30,1.9785023927688599
2015-05-01,2.132748603820801
2015-05-04,2.1187942028045654
2015-05-05,1.984872817993164
2015-05-06,1.9774417877197266
2015-05-07,2.0440235137939453
2015-05-08,2.1025662422180176
2015-05-11,2.1031739711761475
2015-05-12,2.0528194904327393
2015-05-13,2.0863382816314697
2015-05-14,2.163384437561035
2015-05-15,2.174001932144165
2015-05-18,2.2322421073913574
2015-05-19,2.211918354034424
2015-05-20,2.2234461307525635
2015-05-21,2.25681209564209
2015-05-22,2.2731924057006836
2015-05-26,2.2240524291992188
2015-05-27,2.483706474304199
2015-05-28,2.4903807640075684
2015-05-29,2.512220621109009
2015-06-01,2.5237464904785156
2015-06-02,2.4345667362213135
2015-06-03,2.386033296585083
2015-06-04,2.3235459327697754
2015-06-05,2.327185869216919
2015-06-08,2.1991794109344482
2015-06-09,2.187652349472046
2015-06-10,2.26955246925354
2015-06-11,2.2683393955230713
2015-06-12,2.206458568572998
2015-06-15,2.1900789737701416
2015-06-16,2.2131316661834717
2015-06-17,2.2179853916168213
2015-06-18,2.3120198249816895
2015-06-19,2.2913918495178223
2015-06-22,2.334465980529785
2015-06-23,2.2944254875183105
2015-06-24,2.2264792919158936
2015-06-25,2.2216246128082275
2015-06-26,2.0596444606781006
2015-06-29,1.8837097883224487
2015-06-30,1.9061568975448608
2015-07-01,1.9201109409332275
2015-07-02,1.9437706470489502
2015-07-06,1.8661171197891235
2015-07-07,1.8412431478500366
2015-07-08,1.7065622806549072
2015-07-09,1.625268816947937
2015-07-10,1.7174824476242065
2015-07-13,1.7587368488311768
2015-07-14,1.819403052330017
2015-07-15,1.7823970317840576
2015-07-16,1.7939231395721436
2015-07-17,1.7787564992904663
2015-07-20,1.7423566579818726
2015-07-21,1.7472095489501953
2015-07-22,1.61798894405365
2015-07-23,1.6889690160751343
2015-07-24,1.5870482921600342
2015-07-27,1.5494356155395508
2015-07-28,1.6458956003189087
2015-07-29,1.6543887853622437
2015-07-30,1.6731959581375122
2015-07-31,1.6143487691879272
2015-08-03,1.5985753536224365
2015-08-04,1.545188307762146
2015-08-05,1.602821707725525
2015-08-06,1.5191011428833008
2015-08-07,1.5439753532409668
2015-08-10,1.6598488092422485
2015-08-11,1.5470083951950073
2015-08-12,1.573095679283142
2015-08-13,1.5251686573028564
2015-08-14,1.4984750747680664
2015-08-17,1.5433682203292847
2015-08-18,1.4481209516525269
2015-08-19,1.4074746370315552
2015-08-20,1.2509537935256958
2015-08-21,1.1623793840408325
2015-08-24,1.073198914527893
2015-08-25,1.0380123853683472
2015-08-26,1.1921063661575317
2015-08-27,1.326180338859558
2015-08-28,1.3516607284545898
2015-08-31,1.3352802991867065
2015-09-01,1.1975665092468262
2015-09-02,1.2818940877914429
2015-09-03,1.3116199970245361
2015-09-04,1.2418538331985474
2015-09-08,1.4044407606124878
2015-09-09,1.3304275274276733
2015-09-10,1.3492342233657837
2015-09-11,1.3486274480819702
2015-09-14,1.3619742393493652
2015-09-15,1.408687710762024
2015-09-16,1.4202145338058472
2015-09-17,1.381994605064392
2015-09-18,1.3128341436386108
2015-09-21,1.2994873523712158
2015-09-22,1.2145535945892334
2015-09-23,1.1866462230682373
2015-09-24,1.1817933320999146
2015-09-25,1.1999940872192383
2015-09-28,1.0998930931091309
2015-09-29,1.1241592168807983
2015-09-30,1.2497395277023315
2015-10-01,1.2084863185882568
2015-10-02,1.286139965057373
2015-10-05,1.3577274084091187
2015-10-06,1.371680736541748
2015-10-07,1.433560848236084
2015-10-08,1.4602546691894531
2015-10-09,1.421427845954895
2015-10-12,1.427494764328003
2015-10-13,1.3698601722717285
2015-10-14,1.5245615243911743
2015-10-15,1.5700613260269165
2015-10-16,1.5761288404464722
2015-10-19,1.5755218267440796
2015-10-20,1.5682417154312134
2015-10-21,1.5767356157302856
2015-10-22,1.7368963956832886
2015-10-23,1.8048429489135742
2015-10-26,1.6968560218811035
2015-10-27,1.6616694927215576
2015-10-28,1.7478169202804565
2015-10-29,1.5943288803100586
2015-10-30,1.6349761486053467
2015-11-02,1.6762291193008423
2015-11-03,1.7011024951934814
2015-11-04,1.7193025350570679
2015-11-05,1.6119219064712524
2015-11-06,1.7332565784454346
2015-11-09,1.684116005897522
2015-11-10,1.5925085544586182
2015-11-11,1.5961486101150513
2015-11-12,1.5373013019561768
2015-11-13,1.4942280054092407
2015-11-16,1.5500413179397583
2015-11-17,1.5803756713867188
2015-11-18,1.6270889043807983
2015-11-19,1.6386158466339111
2015-11-20,1.655602216720581
2015-11-23,1.589475393295288
2015-11-24,1.6507487297058105
2015-11-25,1.6549960374832153
2015-11-27,1.692002534866333
2015-11-30,1.7435698509216309
2015-12-01,1.8115166425704956
2015-12-02,1.7860369682312012
2015-12-03,1.7526698112487793
2015-12-04,1.8497368097305298
2015-12-07,1.7969566583633423
2015-12-08,1.7532765865325928
2015-12-09,1.6835089921951294
2015-12-10,1.7126291990280151
2015-12-11,1.6119219064712524
2015-12-14,1.5809816122055054
2015-12-15,1.6537818908691406
2015-12-16,1.692002534866333
2015-12-17,1.6173818111419678
2015-12-18,1.560355305671692
2015-12-21,1.6471089124679565
2015-12-22,1.653175950050354
2015-12-23,1.6889690160751343
2015-12-24,1.7065622806549072
2015-12-28,1.68654203414917
2015-12-29,1.7478169202804565
2015-12-30,1.6938220262527466
2015-12-31,1.6240555047988892
2016-01-04,1.5688488483428955
2016-01-05,1.5203152894973755
2016-01-06,1.3977677822113037
2016-01-07,1.254593849182129
2016-01-08,1.1927132606506348
2016-01-11,1.2109136581420898
2016-01-12,1.2412467002868652
2016-01-13,1.1235530376434326
2016-01-14,1.1927132606506348
2016-01-15,1.0319455862045288
2016-01-19,1.035585641860962
2016-01-20,1.0556055307388306
2016-01-21,1.0992857217788696
2016-01-22,1.1635932922363281
2016-01-25,1.1138463020324707
2016-01-26,1.1466059684753418
2016-01-27,1.1059588193893433
2016-01-28,1.0962527990341187
2016-01-29,1.2442796230316162
2016-02-01,1.2630869150161743
2016-02-02,1.138113260269165
2016-02-03,1.1472132205963135
2016-02-04,1.2036337852478027
2016-02-05,1.0816926956176758
2016-02-08,0.9979724287986755
2016-02-09,0.9785583019256592
2016-02-10,0.9573252201080322
2016-02-11,0.9354850649833679
2016-02-12,0.9973652958869934
2016-02-16,1.1029260158538818
2016-02-17,1.1817933320999146
2016-02-18,1.1629862785339355
2016-02-19,1.1787594556808472
2016-02-22,1.2345737218856812
2016-02-23,1.1745134592056274
2016-02-24,1.2236535549163818
2016-02-25,1.2709741592407227
2016-02-26,1.2903869152069092
2016-02-29,1.2837138175964355
2016-03-01,1.390487551689148
2016-03-02,1.4141478538513184
2016-03-03,1.4171804189682007
2016-03-04,1.4620749950408936
2016-03-07,1.4784549474716187
2016-03-08,1.377747893333435
2016-03-09,1.411721110343933
2016-03-10,1.430527687072754
2016-03-11,1.5154613256454468
2016-03-14,1.497868537902832
2016-03-15,1.4893752336502075
2016-03-16,1.5306283235549927
2016-03-17,1.5639954805374146
2016-03-18,1.6264817714691162
2016-03-21,1.634368896484375
2016-03-22,1.6301220655441284
2016-03-23,1.5646015405654907
2016-03-24,1.560961365699768
2016-03-28,1.5591415166854858
2016-03-29,1.618595838546753
2016-03-30,1.6671295166015625
2016-03-31,1.6386158466339111
2016-04-01,1.670769214630127
2016-04-04,1.6246620416641235
2016-04-05,1.5955417156219482
2016-04-06,1.6440759897232056
2016-04-07,1.567028522491455
2016-04-08,1.5906884670257568
2016-04-11,1.588261604309082
2016-04-12,1.5834087133407593
2016-04-13,1.6913959980010986
2016-04-14,1.6501414775848389
2016-04-15,1.605855941772461
2016-04-18,1.6082818508148193
2016-04-19,1.5470083951950073
2016-04-20,1.5925085544586182
2016-04-21,1.5646015405654907
2016-04-22,1.573095679283142
2016-04-25,1.544581651687622
2016-04-26,1.606462001800537
2016-04-27,1.6580291986465454
2016-04-28,1.5245615243911743
2016-04-29,1.4074746370315552
2016-05-02,1.4365947246551514
2016-05-03,1.3886677026748657
2016-05-04,1.3389201164245605
2016-05-05,1.3492342233657837
2016-05-06,1.3546942472457886
2016-05-09,1.3486274480819702
2016-05-10,1.3989806175231934
2016-05-11,1.3862403631210327
2016-05-12,1.3128341436386108
2016-05-13,1.328607201576233
2016-05-16,1.390487551689148
2016-05-17,1.363187313079834
2016-05-18,1.4293148517608643
2016-05-19,1.4014074802398682
2016-05-20,1.5318416357040405
2016-05-23,1.5652086734771729
2016-05-24,1.6786562204360962
2016-05-25,1.708382248878479
2016-05-26,1.7253692150115967
2016-05-27,1.7569166421890259
2016-05-31,1.78542959690094
2016-06-01,1.8163700103759766
2016-06-02,1.8151569366455078
2016-06-03,1.8321433067321777
2016-06-06,1.8181897401809692
2016-06-07,1.8715771436691284
2016-06-08,1.8667230606079102
2016-06-09,1.874003529548645
2016-06-10,1.7799698114395142
2016-06-13,1.7557027339935303
2016-06-14,1.7508496046066284
2016-06-15,1.7514564990997314
2016-06-16,1.7496365308761597
2016-06-17,1.7059561014175415
2016-06-20,1.7635895013809204
2016-06-21,1.7817898988723755
2016-06-22,1.7739026546478271
2016-06-23,1.9122235774993896
2016-06-24,1.589475393295288
2016-06-27,1.4001946449279785
2016-06-28,1.5124281644821167
2016-06-29,1.603428602218628
2016-06-30,1.690788984298706
2016-07-01,1.6361888647079468
2016-07-05,1.5536813735961914
2016-07-06,1.560355305671692
2016-07-07,1.6173818111419678
2016-07-08,1.7532765865325928
2016-07-11,1.8109099864959717
2016-07-12,1.8849233388900757
2016-07-13,1.8897769451141357
2016-07-14,1.9310299158096313
2016-07-15,1.9267833232879639
2016-07-18,2.013537883758545
2016-07-19,1.989877700805664
2016-07-20,2.085731267929077
2016-07-21,2.042051076889038
2016-07-22,2.074204206466675
2016-07-25,2.107571840286255
2016-07-26,2.3647992610931396
2016-07-27,2.3502397537231445
2016-07-28,2.3132333755493164
2016-07-29,2.2780449390411377
2016-08-01,2.290179491043091
2016-08-02,2.1803712844848633
2016-08-03,2.1955392360687256
2016-08-04,2.2525651454925537
2016-08-05,2.338712692260742
2016-08-08,2.3290059566497803
2016-08-09,2.389066457748413
2016-08-10,2.33385968208313
2016-08-11,2.3672258853912354
2016-08-12,2.3975601196289062
2016-08-15,2.497053384780884
2016-08-16,2.443666458129883
2016-08-17,2.442453145980835
2016-08-18,2.4964466094970703
2016-08-19,2.56136155128479
2016-08-22,2.56439471244812
2016-08-23,2.6056478023529053
2016-08-24,2.538306951522827
2016-08-25,2.569247007369995
2016-08-26,2.6050407886505127
2016-08-29,2.631734609603882
2016-08-30,2.6086809635162354
2016-08-31,2.610501289367676
2016-09-01,2.679054021835327
2016-09-02,2.664494276046753
2016-09-06,2.642047166824341
2016-09-07,2.5838069915771484
2016-09-08,2.5722808837890625
2016-09-09,2.2889654636383057
2016-09-12,2.4260733127593994
2016-09-13,2.3556995391845703
2016-09-14,2.423039436340332
2016-09-15,2.5904815196990967
2016-09-16,2.591693878173828
2016-09-19,2.6044344902038574
2016-09-20,2.57167387008667
2016-09-21,2.6723814010620117
2016-09-22,2.703322410583496
2016-09-23,2.6171743869781494
2016-09-26,2.535881280899048
2016-09-27,2.6723814010620117
2016-09-28,2.6899750232696533
2016-09-29,2.788862466812134
2016-09-30,2.918689012527466
2016-10-03,2.8580222129821777
2016-10-04,2.8361825942993164
2016-10-05,2.9023091793060303
2016-10-06,2.9526634216308594
2016-10-07,2.935675621032715
2016-10-10,2.891996145248413
2016-10-11,2.711207628250122
2016-10-12,2.680875062942505
2016-10-13,2.5838069915771484
2016-10-14,2.6469016075134277
2016-10-17,2.6020071506500244
2016-10-18,2.6972548961639404
2016-10-19,2.657214403152466
2016-10-20,2.7142419815063477
2016-10-21,2.692401885986328
2016-10-24,2.8422489166259766
2016-10-25,2.835575580596924
2016-10-26,2.819195508956909
2016-10-27,2.7815825939178467
2016-10-28,2.733654022216797
2016-10-31,2.7767279148101807
2016-11-01,2.698467493057251
2016-11-02,2.644474506378174
2016-11-03,2.6268815994262695
2016-11-04,2.5807738304138184
2016-11-07,2.804028272628784
2016-11-08,2.822228193283081
2016-11-09,2.7773354053497314
2016-11-10,2.6032211780548096
2016-11-11,2.896847724914551
2016-11-14,2.8483152389526367
2016-11-15,3.012723684310913
2016-11-16,3.117070198059082
2016-11-17,3.2189905643463135
2016-11-18,3.2851173877716064
2016-11-21,3.328798532485962
2016-11-22,3.462265968322754
2016-11-23,3.4762191772460938
2016-11-25,3.490779399871826
2016-11-28,3.4616591930389404
2016-11-29,3.441638708114624
2016-11-30,3.37975811958313
2016-12-01,2.8798625469207764
2016-12-02,2.9914891719818115
2016-12-05,3.1006898880004883
2016-12-06,3.229304075241089
2016-12-07,3.4337518215179443
2016-12-08,3.521719455718994
2016-12-09,3.4774320125579834
2016-12-12,3.3985657691955566
2016-12-13,3.51322603225708
2016-12-14,3.5053396224975586
2016-12-15,3.6897671222686768
2016-12-16,3.5696463584899902
2016-12-19,3.680666446685791
2016-12-20,3.783893585205078
2016-12-21,3.783893585205078
2016-12-22,3.844913959503174
2016-12-23,3.9021196365356445
2016-12-27,4.044501304626465
2016-12-28,3.8093183040618896
2016-12-29,3.8086836338043213
2016-12-30,3.6294357776641846
2017-01-03,3.6351563930511475
2017-01-04,3.668208599090576
2017-01-05,3.567143440246582
2017-01-06,3.652953863143921
2017-01-09,3.7705447673797607
2017-01-10,3.827751398086548
2017-01-11,3.8639822006225586
2017-01-12,3.764188766479492
2017-01-13,3.835378646850586
2017-01-17,3.6510469913482666
2017-01-18,3.8035974502563477
2017-01-19,3.751476764678955
2017-01-20,3.8970351219177246
2017-01-23,3.820124864578247
2017-01-24,4.047043323516846
2017-01-25,4.225019454956055
2017-01-26,4.151287078857422
2017-01-27,4.308921813964844
2017-01-30,4.240273475646973
2017-01-31,4.075011730194092
2017-02-01,4.268876552581787
2017-02-02,4.258071422576904
2017-02-03,4.331803798675537
2017-02-06,4.37693452835083
2017-02-07,4.425241947174072
2017-02-08,4.446852207183838
2017-02-09,4.3305344581604
2017-02-10,4.320362567901611
2017-02-13,4.350872993469238
2017-02-14,4.305107593536377
2017-02-15,4.412527561187744
2017-02-16,4.429055213928223
2017-02-17,4.500246047973633
2017-02-21,4.693477630615234
2017-02-22,4.694113731384277
2017-02-23,4.460837364196777
2017-02-24,4.453209400177002
2017-02-27,4.581606388092041
2017-02-28,4.404264450073242
2017-03-01,4.610844612121582
2017-03-02,4.467828750610352
2017-03-03,4.45956563949585
2017-03-06,4.466557502746582
2017-03-07,4.4977030754089355
2017-03-08,4.53075647354126
2017-03-09,4.552366733551025
2017-03-10,4.709366798400879
2017-03-13,4.818696022033691
2017-03-14,4.774200439453125
2017-03-15,4.889886856079102
2017-03-16,4.8708176612854
2017-03-17,4.897512912750244
2017-03-20,5.006841659545898
2017-03-21,4.658516883850098
2017-03-22,4.807253837585449
2017-03-23,4.770387649536133
2017-03-24,4.8708176612854
2017-03-27,4.896241188049316
2017-03-28,4.945184707641602
2017-03-29,4.903869152069092
2017-03-30,4.987772464752197
2017-03-31,4.978237628936768
2017-04-03,4.891793727874756
2017-04-04,4.816788673400879
2017-04-05,4.712544918060303
2017-04-06,4.730343341827393
2017-04-07,4.793271064758301
2017-04-10,4.682034969329834
2017-04-11,4.568257808685303
2017-04-12,4.327357292175293
2017-04-13,4.2440876960754395
2017-04-17,4.409985542297363
2017-04-18,4.462745189666748
2017-04-19,4.535840034484863
2017-04-20,4.753225326538086
2017-04-21,4.686483383178711
2017-04-24,4.887979030609131
2017-04-25,5.040530681610107
2017-04-26,4.910861492156982
2017-04-27,5.119983673095703
2017-04-28,4.858739376068115
2017-05-01,5.000484466552734
2017-05-02,4.839670181274414
2017-05-03,4.893064498901367
2017-05-04,4.880987644195557
2017-05-05,4.933108329772949
2017-05-08,4.878445148468018
2017-05-09,5.026546001434326
2017-05-10,5.344995021820068
2017-05-11,5.39902400970459
2017-05-12,5.447967529296875
2017-05-15,5.697768688201904
2017-05-16,5.952019691467285
2017-05-17,5.170833587646484
2017-05-18,5.467036247253418
2017-05-19,5.646918296813965
2017-05-22,5.827436923980713
2017-05-23,5.7600603103637695
2017-05-24,5.867481231689453
2017-05-25,5.966002464294434
2017-05-26,6.037830829620361
2017-05-30,6.158599376678467
2017-05-31,6.156692028045654
2017-06-01,6.171947956085205
2017-06-02,6.355644702911377
2017-06-05,6.410943984985352
2017-06-06,6.474506378173828
2017-06-07,6.626420021057129
2017-06-08,6.97347354888916
2017-06-09,6.094400405883789
2017-06-12,5.9920654296875
2017-06-13,6.1077494621276855
2017-06-14,5.910705089569092
2017-06-15,5.76832389831543
2017-06-16,5.7015838623046875
2017-06-19,6.026388168334961
2017-06-20,5.82616662979126
2017-06-21,6.024482250213623
2017-06-22,5.979352951049805
2017-06-23,6.034650802612305
2017-06-26,5.884643077850342
2017-06-27,5.4091925621032715
2017-06-28,5.685691833496094
2017-06-29,5.259185791015625
2017-06-30,5.180367946624756
2017-07-03,4.957896709442139
2017-07-05,5.272532939910889
2017-07-06,5.202616214752197
2017-07-07,5.458136558532715
2017-07-10,5.653909683227539
2017-07-11,5.78675651550293
2017-07-12,6.062620162963867
2017-07-13,6.011767864227295
2017-07-14,6.252035617828369
2017-07-17,6.171947956085205
2017-07-18,6.2297892570495605
2017-07-19,6.396958827972412
2017-07-20,6.452260494232178
2017-07-21,6.2869954109191895
2017-07-24,6.225338935852051
2017-07-25,6.221525192260742
2017-07-26,6.407129287719727
2017-07-27,6.117918968200684
2017-07-28,6.058170795440674
2017-07-31,5.922145843505859
2017-08-01,6.021303176879883
2017-08-02,5.8929057121276855
2017-08-03,5.822986602783203
2017-08-04,5.829342365264893
2017-08-07,6.132538795471191
2017-08-08,6.068340301513672
2017-08-09,6.0085906982421875
2017-08-10,5.507080554962158
2017-08-11,5.597975254058838
2017-08-14,6.031473636627197
2017-08-15,6.075967311859131
2017-08-16,6.103297233581543
2017-08-17,5.617044448852539
2017-08-18,5.668529510498047
2017-08-21,5.547123908996582
2017-08-22,5.810275077819824
2017-08-23,5.887185096740723
2017-08-24,5.880195140838623
2017-08-25,5.792477130889893
2017-08-28,5.837605953216553
2017-08-29,5.878922462463379
2017-08-30,6.1783037185668945
2017-08-31,6.359457492828369
2017-09-01,6.442723751068115
2017-09-05,6.170040130615234
2017-09-06,6.206906318664551
2017-09-07,6.235510349273682
2017-09-08,6.004775524139404
2017-09-11,6.356914520263672
2017-09-12,6.44209098815918
2017-09-13,6.468149185180664
2017-09-14,6.558408737182617
2017-09-15,6.890840530395508
2017-09-18,7.164162635803223
2017-09-19,7.238531589508057
2017-09-20,6.933428764343262
2017-09-21,6.84889030456543
2017-09-22,6.946778297424316
2017-09-25,6.542518138885498
2017-09-26,6.5310773849487305
2017-09-27,6.988729476928711
2017-09-28,7.1457295417785645
2017-09-29,7.326249122619629
2017-10-02,7.453373908996582
2017-10-03,7.527105808258057
2017-10-04,7.576685428619385
2017-10-05,7.592574596405029
2017-10-06,7.691098690032959
2017-10-09,7.851912021636963
2017-10-10,8.004462242126465
2017-10-11,8.16146183013916
2017-10-12,8.078831672668457
2017-10-13,8.237736701965332
2017-10-16,8.355965614318848
2017-10-17,8.33753490447998
2017-10-18,8.419529914855957
2017-10-19,8.345791816711426
2017-10-20,8.465928077697754
2017-10-23,8.601953506469727
2017-10-24,8.777387619018555
2017-10-25,8.434782028198242
2017-10-26,8.58606243133545
2017-10-27,9.112360954284668
2017-10-30,9.198171615600586
2017-10-31,9.40475082397461
2017-11-01,9.317033767700195
2017-11-02,9.44034481048584
2017-11-03,9.943761825561523
2017-11-06,10.367093086242676
2017-11-07,10.33849048614502
2017-11-08,10.442730903625488
2017-11-09,9.807103157043457
2017-11-10,9.993340492248535
2017-11-13,10.074701309204102
2017-11-14,10.046734809875488
2017-11-15,9.780407905578613
2017-11-16,10.220897674560547
2017-11-17,10.085508346557617
2017-11-20,10.441459655761719
2017-11-21,10.81584358215332
2017-11-22,10.604816436767578
2017-11-24,10.888306617736816
2017-11-27,10.478323936462402
2017-11-28,10.468789100646973
2017-11-29,9.092656135559082
2017-11-30,9.26109790802002
2017-12-01,8.943921089172363
2017-12-04,8.294941902160645
2017-12-05,8.30575180053711
2017-12-06,8.389655113220215
2017-12-07,8.635008811950684
2017-12-08,8.5015230178833
2017-12-11,8.649624824523926
2017-12-12,8.390290260314941
2017-12-13,8.389019012451172
2017-12-14,8.369950294494629
2017-12-15,8.742424964904785
2017-12-18,9.331653594970703
2017-12-19,9.297999382019043
2017-12-20,9.492664337158203
2017-12-21,9.185401916503906
2017-12-22,9.161229133605957
2017-12-26,8.896590232849121
2017-12-27,8.986287117004395
2017-12-28,9.043540954589844
2017-12-29,8.772536277770996
2018-01-02,9.495844841003418
2018-01-03,9.968504905700684
2018-01-04,10.143448829650879
2018-01-05,10.326662063598633
2018-01-08,10.558856010437012
2018-01-09,10.255409240722656
2018-01-10,9.876264572143555
2018-01-11,10.0512056350708
2018-01-12,10.207066535949707
2018-01-16,10.31648063659668
2018-01-17,11.2039155960083
2018-01-18,11.363587379455566
2018-01-19,11.394124031066895
2018-01-22,11.658123970031738
2018-01-23,11.922764778137207
2018-01-24,11.102131843566895
2018-01-25,10.524502754211426
2018-01-26,11.522625923156738
2018-01-29,11.485733032226562
2018-01-30,10.78659725189209
2018-01-31,11.063323020935059
2018-02-01,10.899831771850586
2018-02-02,9.989498138427734
2018-02-05,8.65294361114502
2018-02-06,9.542283058166504
2018-02-07,8.907404899597168
2018-02-08,7.780141353607178
2018-02-09,8.488815307617188
2018-02-12,8.936666488647461
2018-02-13,8.92330551147461
2018-02-14,9.522561073303223
2018-02-15,9.874353408813477
2018-02-16,9.762393951416016
2018-02-20,10.268132209777832
2018-02-21,9.920158386230469
2018-02-22,9.84636402130127
2018-02-23,10.485697746276855
2018-02-26,11.153018951416016
2018-02-27,11.04996395111084
2018-02-28,10.745884895324707
2018-03-01,10.22741985321045
2018-03-02,10.756064414978027
2018-03-05,11.04932975769043
2018-03-06,11.54870891571045
2018-03-07,11.639678001403809
2018-03-08,11.689299583435059
2018-03-09,12.417688369750977
2018-03-12,12.804473876953125
2018-03-13,12.206486701965332
2018-03-14,12.201400756835938
2018-03-15,12.165775299072266
2018-03-16,12.156232833862305
2018-03-19,11.452014923095703
2018-03-20,11.719833374023438
2018-03-21,11.79935359954834
2018-03-22,10.830491065979004
2018-03-23,9.747125625610352
2018-03-26,10.972990036010742
2018-03-27,9.749670028686523
2018-03-28,9.131331443786621
2018-03-29,9.721677780151367
2018-04-02,8.59568977355957
2018-04-03,9.088069915771484
2018-04-04,9.434775352478027
2018-04-05,9.144686698913574
2018-04-06,8.310060501098633
2018-04-09,8.46209716796875
2018-04-10,9.275735855102539
2018-04-11,9.27955150604248
2018-04-12,9.808197021484375
2018-04-13,9.577906608581543
2018-04-16,9.639616966247559
2018-04-17,10.182888984680176
2018-04-18,9.867358207702637
2018-04-19,8.593143463134766
2018-04-20,8.284608840942383
2018-04-23,7.951266765594482
2018-04-24,7.757877349853516
2018-04-25,7.730521202087402
2018-04-26,8.202544212341309
2018-04-27,8.021244049072266
2018-04-30,7.755331516265869
2018-05-01,8.138935089111328
2018-05-02,8.026968955993652
2018-05-03,8.172012329101562
2018-05-04,8.761087417602539
2018-05-07,9.000920295715332
2018-05-08,9.192398071289062
2018-05-09,9.58935832977295
2018-05-10,10.101460456848145
2018-05-11,9.860358238220215
2018-05-14,10.24841594696045
2018-05-15,9.885807037353516
2018-05-16,10.284673690795898
2018-05-17,10.164441108703613
2018-05-18,9.736948013305664
2018-05-21,10.041029930114746
2018-05-22,10.210241317749023
2018-05-23,10.373733520507812
2018-05-24,10.481243133544922
2018-05-25,10.739521980285645
2018-05-29,10.534043312072754
2018-05-30,10.742703437805176
2018-05-31,10.509873390197754
2018-06-01,11.214091300964355
2018-06-04,11.488273620605469
2018-06-05,11.640952110290527
2018-06-06,11.865511894226074
2018-06-07,11.550615310668945
2018-06-08,11.245899200439453
2018-06-11,11.162562370300293
2018-06-12,11.33368968963623
2018-06-13,11.294881820678711
2018-06-14,11.488273620605469
2018-06-15,11.466005325317383
2018-06-18,11.113578796386719
2018-06-19,10.74648380279541
2018-06-20,10.915403366088867
2018-06-21,10.506171226501465
2018-06-22,10.26266860961914
2018-06-25,9.356239318847656
2018-06-26,9.454405784606934
2018-06-27,8.758966445922852
2018-06-28,8.980154037475586
2018-06-29,9.019673347473145
2018-07-02,9.18604850769043
2018-07-03,8.666539192199707
2018-07-05,9.36771297454834
2018-07-06,9.721488952636719
2018-07-09,9.903157234191895
2018-07-10,10.212950706481934
2018-07-11,9.419984817504883
2018-07-12,9.622050285339355
2018-07-13,9.499027252197266
2018-07-16,9.460142135620117
2018-07-17,9.879573822021484
2018-07-18,10.093113899230957
2018-07-19,10.019173622131348
2018-07-20,9.87256145477295
2018-07-23,9.913993835449219
2018-07-24,9.594005584716797
2018-07-25,9.744438171386719
2018-07-26,10.274142265319824
2018-07-27,10.12625789642334
2018-07-30,9.83813762664795
2018-07-31,10.021720886230469
2018-08-01,9.966903686523438
2018-08-02,10.276055335998535
2018-08-03,10.32641315460205
2018-08-06,10.51254653930664
2018-08-07,10.770066261291504
2018-08-08,10.852294921875
2018-08-09,10.516366958618164
2018-08-10,9.724041938781738
2018-08-13,9.762285232543945
2018-08-14,9.732963562011719
2018-08-15,9.332018852233887
2018-08-16,9.267001152038574
2018-08-17,9.05537223815918
2018-08-20,9.034339904785156
2018-08-21,9.569144248962402
2018-08-22,9.694721221923828
2018-08-23,9.727861404418945
2018-08-24,10.146018981933594
2018-08-27,10.62154769897461
2018-08-28,10.744568824768066
2018-08-29,10.833809852600098
2018-08-30,10.529117584228516
2018-08-31,10.708870887756348
2018-09-04,10.954916954040527
2018-09-05,10.797478675842285
2018-09-06,9.931204795837402
2018-09-07,9.8107328414917
2018-09-10,10.13072395324707
2018-09-11,9.827942848205566
2018-09-12,9.490737915039062
2018-09-13,9.82475471496582
2018-09-14,10.143470764160156
2018-09-17,9.688981056213379
2018-09-18,9.961165428161621
2018-09-19,10.01789665222168
2018-09-20,10.362749099731445
2018-09-21,10.269681930541992
2018-09-24,10.378684997558594
2018-09-25,9.861051559448242
2018-09-26,9.58299732208252
2018-09-27,9.707003593444824
2018-09-28,9.882782936096191
2018-10-01,9.965242385864258
2018-10-02,9.981224060058594
2018-10-03,9.997842788696289
2018-10-04,9.460270881652832
2018-10-05,8.792295455932617
2018-10-08,8.480367660522461
2018-10-09,8.473333358764648
2018-10-10,7.348967552185059
2018-10-11,7.115017414093018
2018-10-12,7.511325836181641
2018-10-15,7.310615539550781
2018-10-16,8.026529312133789
2018-10-17,7.924893856048584
2018-10-18,7.331709861755371
2018-10-19,6.985898494720459
2018-10-22,7.122048377990723
2018-10-23,7.007630825042725
2018-10-24,5.621828556060791
2018-10-25,6.00407600402832
2018-10-26,5.68447208404541
2018-10-29,5.5169997215271
2018-10-30,6.203507900238037
2018-10-31,6.426591873168945
2018-11-01,7.311254501342773
2018-11-02,6.983341217041016
2018-11-05,6.803722858428955
2018-11-06,7.050457000732422
2018-11-07,7.303585052490234
2018-11-08,7.20770263671875
2018-11-09,6.8056416511535645
2018-11-12,5.913948059082031
2018-11-13,6.132554531097412
2018-11-14,6.2041473388671875
2018-11-15,6.831848621368408
2018-11-16,6.587672233581543
2018-11-19,5.821261882781982
2018-11-20,5.848747730255127
2018-11-21,5.918423175811768
2018-11-23,5.915864944458008
2018-11-26,6.25016975402832
2018-11-27,6.290441036224365
2018-11-28,6.722543239593506
2018-11-29,6.562742710113525
2018-11-30,6.832488536834717
2018-12-03,7.384762763977051
2018-12-04,6.3076982498168945
2018-12-06,6.2041473388671875
2018-12-07,5.5093278884887695
2018-12-10,5.742640018463135
2018-12-11,5.844272613525391
2018-12-12,6.103152751922607
2018-12-13,6.035397052764893
2018-12-14,5.777795314788818
2018-12-17,5.5611042976379395
2018-12-18,5.78099250793457
2018-12-19,5.050378322601318
2018-12-20,4.921257972717285
2018-12-21,4.695616245269775
2018-12-24,4.2878031730651855
2018-12-26,5.02480936050415
2018-12-27,5.137267589569092
2018-12-28,5.245683670043945
2018-12-31,5.345118999481201
2019-01-02,5.486894607543945
2019-01-03,4.511789321899414
2019-01-04,5.094929218292236
2019-01-07,5.393875598907471
2019-01-08,5.311118125915527
2019-01-09,5.721691608428955
2019-01-10,5.882709503173828
2019-01-11,6.046937465667725
2019-01-14,5.76082181930542
2019-01-15,5.798672199249268
2019-01-16,5.656897068023682
2019-01-17,5.852558612823486
2019-01-18,6.254148006439209
2019-01-22,5.728106498718262
2019-01-23,5.608782768249512
2019-01-24,6.567851543426514
2019-01-25,6.987402439117432
2019-01-28,6.561435699462891
2019-01-29,6.277885437011719
2019-01-30,6.822533130645752
2019-01-31,6.82766580581665
2019-02-01,7.066308498382568
2019-02-04,7.172800540924072
2019-02-05,7.272877216339111
2019-02-06,7.8572998046875
2019-02-07,7.332538604736328
2019-02-08,7.302387714385986
2019-02-11,7.406955718994141
2019-02-12,7.873977184295654
2019-02-13,7.942621231079102
2019-02-14,8.004851341247559
2019-02-15,8.13443660736084
2019-02-19,8.081830024719238
2019-02-20,8.304437637329102
2019-02-21,8.121603965759277
2019-02-22,8.375003814697266
2019-02-25,8.58542251586914
2019-02-26,8.407721519470215
2019-02-27,8.110699653625488
2019-02-28,8.130585670471191
2019-03-01,8.342926025390625
2019-03-04,8.346776962280273
2019-03-05,8.227458000183105
2019-03-06,7.825223445892334
2019-03-07,7.558993339538574
2019-03-08,7.546805381774902
2019-03-11,8.085036277770996
2019-03-12,8.179340362548828
2019-03-13,8.279417991638184
2019-03-14,8.138282775878906
2019-03-15,8.839461326599121
2019-03-18,8.781726837158203
2019-03-19,9.137307167053223
2019-03-20,8.877031326293945
2019-03-21,9.79731559753418
2019-03-22,8.963789939880371
2019-03-25,8.621895790100098
2019-03-26,8.884101867675781
2019-03-27,8.494650840759277
2019-03-28,8.450305938720703
2019-03-29,8.839112281799316
2019-04-01,9.490126609802246
2019-04-02,9.520332336425781
2019-04-03,10.168773651123047
2019-04-04,10.207332611083984
2019-04-05,10.440617561340332
2019-04-08,10.515807151794434
2019-04-09,10.161060333251953
2019-04-10,10.421980857849121
2019-04-11,10.39627456665039
2019-04-12,10.82878303527832
2019-04-15,10.59807014465332
2019-04-16,11.607684135437012
2019-04-17,12.13594913482666
2019-04-18,12.15908432006836
2019-04-22,12.164225578308105
2019-04-23,12.529255867004395
2019-04-24,12.892355918884277
2019-04-25,12.190574645996094
2019-04-26,11.885313034057617
2019-04-29,11.82297420501709
2019-04-30,12.085179328918457
2019-05-01,11.78891372680664
2019-05-02,12.181578636169434
2019-05-03,12.425789833068848
2019-05-06,11.815264701843262
2019-05-07,10.952815055847168
2019-05-08,10.68996810913086
2019-05-09,10.309514999389648
2019-05-10,10.339717864990234
2019-05-13,8.880244255065918
2019-05-14,9.515832901000977
2019-05-15,9.749117851257324
2019-05-16,9.254270553588867
2019-05-17,8.707371711730957
2019-05-20,7.663692474365234
2019-05-21,8.1456880569458
2019-05-22,7.636058330535889
2019-05-23,7.249823093414307
2019-05-24,7.061522483825684
2019-05-28,6.869368076324463
2019-05-29,6.962554931640625
2019-05-30,7.121290683746338
2019-05-31,6.812171936035156
2019-06-03,6.877724647521973
2019-06-04,7.750453472137451
2019-06-05,7.5962138175964355
2019-06-06,7.911759376525879
2019-06-07,8.159826278686523
2019-06-10,8.79605484008789
2019-06-11,8.862249374389648
2019-06-12,8.236947059631348
2019-06-13,8.393109321594238
2019-06-14,7.72796106338501
2019-06-17,7.5724358558654785
2019-06-18,8.560201644897461
2019-06-19,8.576909065246582
2019-06-20,8.814695358276367
2019-06-21,8.632821083068848
2019-06-24,8.690016746520996
2019-06-25,8.320859909057617
2019-06-26,9.102811813354492
2019-06-27,9.50440502166748
2019-06-28,9.543664932250977
2019-07-01,10.315959930419922
2019-07-02,9.883475303649902
2019-07-03,9.729659080505371
2019-07-05,9.574555397033691
2019-07-08,9.342864990234375
2019-07-09,9.558465957641602
2019-07-10,9.759263038635254
2019-07-11,9.833276748657227
2019-07-12,10.395121574401855
2019-07-15,10.637107849121094
2019-07-16,10.292793273925781
2019-07-17,10.379034042358398
2019-07-18,10.854639053344727
2019-07-19,10.782559394836426
2019-07-22,11.413911819458008
2019-07-23,11.848326683044434
2019-07-24,12.928257942199707
2019-07-25,12.27244758605957
2019-07-26,12.263437271118164
2019-07-29,12.358044624328613
2019-07-30,12.274378776550293
2019-07-31,11.088902473449707
2019-08-01,10.423439025878906
2019-08-02,9.93496036529541
2019-08-05,8.636857986450195
2019-08-06,8.983746528625488
2019-08-07,9.172961235046387
2019-08-08,9.922735214233398
2019-08-09,9.367965698242188
2019-08-12,9.032018661499023
2019-08-13,9.829414367675781
2019-08-14,8.907805442810059
2019-08-15,8.834437370300293
2019-08-16,9.557177543640137
2019-08-19,10.106155395507812
2019-08-20,9.945901870727539
2019-08-21,10.227791786193848
2019-08-22,10.216848373413086
2019-08-23,8.8930025100708
2019-08-26,9.11310863494873
2019-08-27,9.01785659790039
2019-08-28,9.183259010314941
2019-08-29,9.80495834350586
2019-08-30,9.972289085388184
2019-09-03,9.453563690185547
2019-09-04,10.226503372192383
2019-09-05,11.18157958984375
2019-09-06,11.226627349853516
2019-09-09,11.384307861328125
2019-09-10,11.534258842468262
2019-09-11,12.051055908203125
2019-09-12,12.157246589660645
2019-09-13,12.047195434570312
2019-09-16,11.801989555358887
2019-09-17,11.909468650817871
2019-09-18,11.932639122009277
2019-09-19,11.751144409179688
2019-09-20,11.095982551574707
2019-09-23,11.435148239135742
2019-09-24,10.88153076171875
2019-09-25,11.437918663024902
2019-09-26,11.47402572631836
2019-09-27,10.637829780578613
2019-09-30,10.974370956420898
2019-10-01,10.673931121826172
2019-10-02,10.170409202575684
2019-10-03,10.690696716308594
2019-10-04,11.270294189453125
2019-10-07,11.013697624206543
2019-10-08,10.000846862792969
2019-10-09,10.505017280578613
2019-10-10,10.810613632202148
2019-10-11,11.536564826965332
2019-10-14,11.534628868103027
2019-10-15,12.290882110595703
2019-10-16,11.756410598754883
2019-10-17,11.879552841186523
2019-10-18,11.483051300048828
2019-10-21,12.136148452758789
2019-10-22,11.8524751663208
2019-10-23,11.163272857666016
2019-10-24,11.973038673400879
2019-10-25,12.70994758605957
2019-10-28,13.376583099365234
2019-10-29,13.025858879089355
2019-10-30,13.027791976928711
2019-10-31,12.782803535461426
2019-11-01,13.664128303527832
2019-11-04,14.558995246887207
2019-11-05,14.642810821533203
2019-11-06,14.312713623046875
2019-11-07,14.59381103515625
2019-11-08,14.826553344726562
2019-11-11,14.585429191589355
2019-11-12,14.714373588562012
2019-11-13,14.705992698669434
2019-11-14,14.584785461425781
2019-11-15,14.96387767791748
2019-11-18,14.87297248840332
2019-11-19,14.642810821533203
2019-11-20,14.139284133911133
2019-11-21,13.656391143798828
2019-11-22,13.649300575256348
2019-11-25,14.642165184020996
2019-11-26,14.444235801696777
2019-11-27,14.753698348999023
2019-11-29,14.27660846710205
2019-12-02,13.648655891418457
2019-12-03,13.024571418762207
2019-12-04,13.636405944824219
2019-12-05,13.800164222717285
2019-12-06,14.441656112670898
2019-12-09,14.197951316833496
2019-12-10,14.355910301208496
2019-12-11,15.297197341918945
2019-12-12,16.53827476501465
2019-12-13,16.26620864868164
2019-12-16,16.72782325744629
2019-12-17,16.947668075561523
2019-12-18,16.92317008972168
2019-12-19,17.32096290588379
2019-12-20,17.87735366821289
2019-12-23,17.997915267944336
2019-12-24,18.131507873535156
2019-12-26,18.199922561645508
2019-12-27,17.997264862060547
2019-12-30,17.618425369262695
2019-12-31,17.736530303955078
2020-01-02,18.84271812438965
2020-01-03,17.824947357177734
2020-01-06,17.259586334228516
2020-01-07,18.149578094482422
2020-01-08,18.189590454101562
2020-01-09,18.503890991210938
2020-01-10,18.125701904296875
2020-01-13,18.836271286010742
2020-01-14,18.957603454589844
2020-01-15,18.27413558959961
2020-01-16,19.189939498901367
2020-01-17,19.562328338623047
2020-01-21,19.52618980407715
2020-01-22,19.992155075073242
2020-01-23,20.448450088500977
2020-01-24,19.757238388061523
2020-01-27,17.465465545654297
2020-01-28,18.715579986572266
2020-01-29,17.683612823486328
2020-01-30,17.617780685424805
2020-01-31,15.72227954864502
2020-02-03,16.322484970092773
2020-02-04,17.844955444335938
2020-02-05,19.013105392456055
2020-02-06,19.02536964416504
2020-02-07,17.682966232299805
2020-02-10,18.483884811401367
2020-02-11,19.593307495117188
2020-02-12,20.454256057739258
2020-02-13,20.499433517456055
2020-02-14,20.367773056030273
2020-02-18,19.521671295166016
2020-02-19,21.038328170776367
2020-02-20,20.09800148010254
2020-02-21,18.293498992919922
2020-02-24,15.683552742004395
2020-02-25,14.243049621582031
2020-02-26,14.362446784973145
2020-02-27,12.335283279418945
2020-02-28,13.230435371398926
2020-03-02,14.540573120117188
2020-03-03,13.068445205688477
2020-03-04,14.981371879577637
2020-03-05,13.637674331665039
2020-03-06,12.818034172058105
2020-03-09,9.570444107055664
2020-03-10,11.39753532409668
2020-03-11,9.463957786560059
2020-03-12,6.585529804229736
2020-03-13,8.384870529174805
2020-03-16,5.148899078369141
2020-03-17,5.660690784454346
2020-03-18,4.195016384124756
2020-03-19,4.513193607330322
2020-03-20,4.127249717712402
2020-03-23,4.511256694793701
2020-03-24,6.056704521179199
2020-03-25,5.819580554962158
2020-03-26,6.983236789703369
2020-03-27,5.908097267150879
2020-03-30,6.543877124786377
2020-03-31,6.121317386627197
2020-04-01,5.130819320678711
2020-04-02,5.600546360015869
2020-04-03,5.267795562744141
2020-04-06,6.883735656738281
2020-04-07,6.797154903411865
2020-04-08,7.4781646728515625
2020-04-09,6.987760066986084
2020-04-13,7.239745616912842
2020-04-14,8.20116901397705
2020-04-15,7.535667419433594
2020-04-16,8.090034484863281
2020-04-17,8.300025939941406
2020-04-20,7.764392852783203
2020-04-21,6.673747539520264
2020-04-22,7.791530132293701
2020-04-23,7.593818187713623
2020-04-24,8.077115058898926
2020-04-27,8.403403282165527
2020-04-28,8.272241592407227
2020-04-29,9.459158897399902
2020-04-30,8.4647855758667
2020-05-01,7.178365230560303
2020-05-04,7.379954814910889
2020-05-05,7.754055500030518
2020-05-06,8.022842407226562
2020-05-07,8.258026123046875
2020-05-08,8.979743957519531
2020-05-11,8.955188751220703
2020-05-12,8.196000099182129
2020-05-13,7.754701137542725
2020-05-14,8.37432861328125
2020-05-15,7.849679946899414
2020-05-18,8.948079109191895
2020-05-19,8.840824127197266
2020-05-20,9.846181869506836
2020-05-21,9.08117961883545
2020-05-22,9.21298885345459
2020-05-26,9.49857234954834
2020-05-27,9.90433406829834
2020-05-28,9.254342079162598
2020-05-29,9.957315444946289
2020-06-01,9.833905220031738
2020-06-02,10.467101097106934
2020-06-03,11.384589195251465
2020-06-04,11.684386253356934
2020-06-05,12.535324096679688
2020-06-08,12.459081649780273
2020-06-09,12.480406761169434
2020-06-10,12.595412254333496
2020-06-11,10.191854476928711
2020-06-12,10.61441707611084
2020-06-15,11.080267906188965
2020-06-16,11.667587280273438
2020-06-17,11.99064826965332
2020-06-18,11.93508243560791
2020-06-19,11.694726943969727
2020-06-22,12.007448196411133
2020-06-23,12.112431526184082
2020-06-24,11.298556327819824
2020-06-25,11.57652759552002
2020-06-26,10.883539199829102
2020-06-29,11.257830619812012
2020-06-30,12.166730880737305
2020-07-01,11.657979011535645
2020-07-02,12.091743469238281
2020-07-06,13.061410903930664
2020-07-07,12.57851505279541
2020-07-08,13.098905563354492
2020-07-09,13.619937896728516
2020-07-10,13.484185218811035
2020-07-13,12.811233520507812
2020-07-14,13.490004539489746
2020-07-15,13.35489559173584
2020-07-16,13.191991806030273
2020-07-17,13.436348915100098
2020-07-20,14.264445304870605
2020-07-21,13.962553977966309
2020-07-22,14.129982948303223
2020-07-23,13.471901893615723
2020-07-24,12.82998275756836
2020-07-27,14.04529857635498
2020-07-28,13.214619636535645
2020-07-29,14.070509910583496
2020-07-30,14.894079208374023
2020-07-31,14.642613410949707
2020-08-03,15.514018058776855
2020-08-04,16.18050765991211
2020-08-05,16.148826599121094
2020-08-06,16.090003967285156
2020-08-07,15.543111801147461
2020-08-10,15.55280590057373
2020-08-11,15.037590980529785
2020-08-12,16.552207946777344
2020-08-13,16.01049041748047
2020-08-14,15.95425033569336
2020-08-17,16.558029174804688
2020-08-18,16.284582138061523
2020-08-19,15.96847152709961
2020-08-20,15.55280590057373
2020-08-21,15.895425796508789
2020-08-24,16.335006713867188
2020-08-25,16.861209869384766
2020-08-26,17.051265716552734
2020-08-27,16.38671875
2020-08-28,17.315013885498047
2020-08-31,17.266536712646484
2020-09-01,18.238780975341797
2020-09-02,19.87493896484375
2020-09-03,16.483043670654297
2020-09-04,16.026004791259766
2020-09-08,13.744054794311523
2020-09-09,14.880505561828613
2020-09-10,14.262502670288086
2020-09-11,14.212727546691895
2020-09-14,15.111284255981445
2020-09-15,15.888311386108398
2020-09-16,15.409944534301758
2020-09-17,15.339481353759766
2020-09-18,14.624512672424316
2020-09-21,14.55405044555664
2020-09-22,15.081548690795898
2020-09-23,13.958674430847168
2020-09-24,14.366581916809082
2020-09-25,14.986522674560547
2020-09-28,16.210247039794922
2020-09-29,16.34534454345703
2020-09-30,16.367326736450195
2020-10-01,17.383541107177734
2020-10-02,15.83401107788086
2020-10-05,17.37965965270996
2020-10-06,17.08293914794922
2020-10-07,18.113372802734375
2020-10-08,18.742359161376953
2020-10-09,19.725603103637695
2020-10-12,20.58213996887207
2020-10-13,20.55758285522461
2020-10-14,20.23177719116211
2020-10-15,20.072107315063477
2020-10-16,19.785724639892578
2020-10-19,19.467029571533203
2020-10-20,19.404966354370117
2020-10-21,18.995121002197266
2020-10-22,19.061710357666016
2020-10-23,18.782442092895508
2020-10-26,17.582645416259766
2020-10-27,17.4009952545166
2020-10-28,15.669167518615723
2020-10-29,16.91680145263672
2020-10-30,16.09323501586914
2020-11-02,16.352458953857422
2020-11-03,17.325355529785156
2020-11-04,19.141218185424805
2020-11-05,21.665586471557617
2020-11-06,22.780054092407227
2020-11-09,21.909936904907227
2020-11-10,19.9395809173584
2020-11-11,22.112276077270508
2020-11-12,21.256385803222656
2020-11-13,22.045053482055664
2020-11-16,23.670856475830078
2020-11-17,23.094228744506836
2020-11-18,22.60422134399414
2020-11-19,23.65340232849121
2020-11-20,23.2694149017334
2020-11-23,24.322471618652344
2020-11-24,24.715511322021484
2020-11-25,24.45111656188965
2020-11-27,25.292789459228516
2020-11-30,26.24370765686035
2020-12-01,27.636144638061523
2020-12-02,27.84624481201172
2020-12-03,27.888259887695312
2020-12-04,30.209638595581055
2020-12-07,30.6046199798584
2020-12-08,30.99054527282715
2020-12-09,28.340124130249023
2020-12-10,28.285179138183594
2020-12-11,27.309045791625977
2020-12-14,28.33754539489746
2020-12-15,29.519237518310547
2020-12-16,29.453947067260742
2020-12-17,29.611684799194336
2020-12-18,29.225107192993164
2020-12-21,28.649770736694336
2020-12-22,28.54380989074707
2020-12-23,27.95095443725586
2020-12-24,28.7578067779541
2020-12-28,28.594234466552734
2020-12-29,28.374420166015625
2020-12-30,29.841373443603516
2020-12-31,30.158809661865234
2021-01-04,29.74245834350586
2021-01-05,31.465425491333008
2021-01-06,31.233972549438477
2021-01-07,34.67603302001953
2021-01-08,34.70513153076172
2021-01-11,35.969078063964844
2021-01-12,36.67573165893555
2021-01-13,36.77334976196289
2021-01-14,39.166107177734375
2021-01-15,36.68089294433594
2021-01-19,40.40743637084961
2021-01-20,40.07059860229492
2021-01-21,41.85433578491211
2021-01-22,39.55725860595703
2021-01-25,39.727291107177734
2021-01-26,37.8750114440918
2021-01-27,32.142330169677734
2021-01-28,34.07218933105469
2021-01-29,32.3912467956543
2021-02-01,36.21928024291992
2021-02-02,37.8679084777832
2021-02-03,35.52556228637695
2021-02-04,36.403533935546875
2021-02-05,35.61284637451172
2021-02-08,38.92043685913086
2021-02-09,38.42455291748047
2021-02-10,38.787899017333984
2021-02-11,42.829933166503906
2021-02-12,44.388694763183594
2021-02-16,45.17421340942383
2021-02-17,42.68058395385742
2021-02-18,41.39530944824219
2021-02-19,44.41455841064453
2021-02-22,39.57342529296875
2021-02-23,38.77044677734375
2021-02-24,42.42327117919922
2021-02-25,35.12406921386719
2021-02-26,37.5407600402832
2021-03-01,41.271827697753906
2021-03-02,37.38494873046875
2021-03-03,33.951942443847656
2021-03-04,29.07395362854004
2021-03-05,31.760242462158203
2021-03-08,26.688302993774414
2021-03-09,31.46930694580078
2021-03-10,29.791587829589844
2021-03-11,33.428253173828125
2021-03-12,32.40999221801758
2021-03-15,34.49501037597656
2021-03-16,35.862403869628906
2021-03-17,37.25888442993164
2021-03-18,32.691226959228516
2021-03-19,33.69979476928711
2021-03-22,35.88179397583008
2021-03-23,33.01583480834961
2021-03-24,31.618745803833008
2021-03-25,31.83219337463379
2021-03-26,36.56675338745117
2021-03-29,34.72337341308594
2021-03-30,34.461429595947266
2021-03-31,37.071250915527344
2021-04-01,41.14609146118164
2021-04-05,43.65890884399414
2021-04-06,42.087181091308594
2021-04-07,42.087181091308594
2021-04-08,43.455162048339844
2021-04-09,43.15439987182617
2021-04-12,41.80582809448242
2021-04-13,41.417747497558594
2021-04-14,40.04007339477539
2021-04-15,42.174503326416016
2021-04-16,41.4759521484375
2021-04-19,38.41983413696289
2021-04-20,36.5861701965332
2021-04-21,39.535560607910156
2021-04-22,36.848114013671875
2021-04-23,38.95344161987305
2021-04-26,40.95205307006836
2021-04-27,40.10798645019531
2021-04-28,38.24518966674805
2021-04-29,39.10868453979492
2021-04-30,35.8003044128418
2021-05-03,34.54874801635742
2021-05-04,32.957611083984375
2021-05-05,33.52034378051758
2021-05-06,34.345008850097656
2021-05-07,35.82941436767578
2021-05-10,30.97842025756836
2021-05-11,31.15305519104004
2021-05-12,27.291664123535156
2021-05-13,28.455900192260742
2021-05-14,30.97842025756836
2021-05-17,30.17314910888672
2021-05-18,29.387296676635742
2021-05-19,31.094839096069336
2021-05-20,33.60765075683594
2021-05-21,33.12255859375
2021-05-24,35.44132995605469
2021-05-25,35.83910369873047
2021-05-26,36.07195281982422
2021-05-27,36.731685638427734
2021-05-28,37.62427520751953
2021-06-01,37.19738006591797
2021-06-02,38.02204513549805
2021-06-03,36.01374816894531
2021-06-04,38.555667877197266
2021-06-07,37.75040817260742
2021-06-08,37.03245162963867
2021-06-09,36.57646179199219
2021-06-10,37.87652587890625
2021-06-11,38.3131103515625
2021-06-14,39.94304275512695
2021-06-15,38.846717834472656
2021-06-16,38.01234436035156
2021-06-17,39.10868453979492
2021-06-18,36.20777893066406
2021-06-21,36.98393249511719
2021-06-22,37.44963455200195
2021-06-23,37.88623046875
2021-06-24,39.85573196411133
2021-06-25,39.4482536315918
2021-06-28,42.34913635253906
2021-06-29,43.30963134765625
2021-06-30,43.212615966796875
2021-07-01,41.30132293701172
2021-07-02,42.02898025512695
2021-07-06,41.7573127746582
2021-07-07,40.01095962524414
2021-07-08,38.59446334838867
2021-07-09,40.5251579284668
2021-07-12,42.03867721557617
2021-07-13,41.349830627441406
2021-07-14,40.903541564941406
2021-07-15,38.24518966674805
2021-07-16,35.664466857910156
2021-07-19,35.742088317871094
2021-07-20,37.19738006591797
2021-07-21,40.60276794433594
2021-07-22,39.52586364746094
2021-07-23,40.311710357666016
2021-07-26,40.21470260620117
2021-07-27,37.983245849609375
2021-07-28,39.95275115966797
2021-07-29,42.15509033203125
2021-07-30,43.06708526611328
2021-08-02,43.86263656616211
2021-08-03,44.59999465942383
2021-08-04,46.19112014770508
2021-08-05,45.76422882080078
2021-08-06,45.240325927734375
2021-08-09,44.77463150024414
2021-08-10,43.12529754638672
2021-08-11,42.85364532470703
2021-08-12,41.349830627441406
2021-08-13,42.1842041015625
2021-08-16,41.72820281982422
2021-08-17,39.25421142578125
2021-08-18,37.50783920288086
2021-08-19,38.448944091796875
2021-08-20,39.22510528564453
2021-08-23,42.38794708251953
2021-08-24,42.42675018310547
2021-08-25,43.445457458496094
2021-08-26,43.34844207763672
2021-08-27,45.890357971191406
2021-08-30,46.31725311279297
2021-08-31,45.16271209716797
2021-09-01,44.59029006958008
2021-09-02,44.92015838623047
2021-09-03,45.83214569091797
2021-09-07,45.37615966796875
2021-09-08,43.61039352416992
2021-09-09,44.19251251220703
2021-09-10,45.201515197753906
2021-09-13,46.4433708190918
2021-09-14,46.4433708190918
2021-09-15,47.14190673828125
2021-09-16,47.607608795166016
2021-09-17,45.356746673583984
2021-09-20,42.00955581665039
2021-09-21,42.30061721801758
2021-09-22,44.881351470947266
2021-09-23,46.66651916503906
2021-09-24,46.52099609375
2021-09-27,46.26873779296875
2021-09-28,40.971458435058594
2021-09-29,38.92433547973633
2021-09-30,38.846717834472656
2021-10-01,38.875823974609375
2021-10-04,35.916725158691406
2021-10-05,37.498146057128906
2021-10-06,37.89592361450195
2021-10-07,39.1862907409668
2021-10-08,38.15788269042969
2021-10-11,37.2361946105957
2021-10-12,35.945831298828125
2021-10-13,36.527950286865234
2021-10-14,39.826622009277344
2021-10-15,40.59307861328125
2021-10-18,41.582672119140625
2021-10-19,43.105892181396484
2021-10-20,42.882747650146484
2021-10-21,44.231319427490234
2021-10-22,42.73721694946289
2021-10-25,43.71711730957031
2021-10-26,43.620094299316406
2021-10-27,42.77602767944336
2021-10-28,45.59929275512695
2021-10-29,46.22993850708008
2021-11-01,48.4710807800293
2021-11-02,50.275657653808594
2021-11-03,52.070518493652344
2021-11-04,57.319297790527344
2021-11-05,59.09475326538086
2021-11-08,61.6463737487793
2021-11-09,61.51055145263672
2021-11-10,56.22296905517578
2021-11-11,59.80299377441406
2021-11-12,61.462032318115234
2021-11-15,61.316505432128906
2021-11-16,64.1785888671875
2021-11-17,62.597164154052734
2021-11-18,65.95406341552734
2021-11-19,66.56527709960938
2021-11-22,63.48005294799805
2021-11-23,62.81060028076172
2021-11-24,64.8868179321289
2021-11-26,59.541038513183594
2021-11-29,66.3712387084961
2021-11-30,62.742698669433594
2021-12-01,61.27769470214844
2021-12-02,61.36501693725586
2021-12-03,61.05455017089844
2021-12-06,60.73439025878906
2021-12-07,69.84453582763672
2021-12-08,68.58329772949219
2021-12-09,63.93603515625
2021-12-10,65.58536529541016
2021-12-13,60.48213577270508
2021-12-14,59.68656539916992
2021-12-15,66.0898666381836
2021-12-16,57.464813232421875
2021-12-17,57.20286560058594
2021-12-20,55.83488845825195
2021-12-21,61.62255859375
2021-12-22,63.44696807861328
2021-12-23,65.41694641113281
2021-12-27,70.83197021484375
2021-12-28,68.43499755859375
2021-12-29,68.90080261230469
2021-12-30,66.33887481689453
2021-12-31,65.99921417236328
2022-01-03,69.9682846069336
2022-01-04,68.9687271118164
2022-01-05,62.11747741699219
2022-01-06,63.60223388671875
2022-01-07,57.97372055053711
2022-01-10,58.22603225708008
2022-01-11,61.41876220703125
2022-01-12,62.670623779296875
2022-01-13,58.42012405395508
2022-01-14,62.573577880859375
2022-01-18,54.324886322021484
2022-01-19,49.31745147705078
2022-01-20,44.63026428222656
2022-01-21,42.417659759521484
2022-01-24,44.10622787475586
2022-01-25,39.001739501953125
2022-01-26,40.87467575073242
2022-01-27,35.28497314453125
2022-01-28,37.27436447143555
2022-01-31,43.26193618774414
2022-02-01,44.55261993408203
2022-02-02,47.88121032714844
2022-02-03,41.369598388671875
2022-02-04,42.175052642822266
2022-02-07,42.12654113769531
2022-02-08,45.22222137451172
2022-02-09,49.51153564453125
2022-02-10,45.04753494262695
2022-02-11,38.37095642089844
2022-02-14,38.41947555541992
2022-02-15,44.649658203125
2022-02-16,44.737003326416016
2022-02-17,39.6616325378418
2022-02-18,38.45830154418945
2022-02-22,37.468448638916016
2022-02-23,34.8482780456543
2022-02-24,38.75912857055664
2022-02-25,40.54472732543945
2022-02-28,39.79749298095703
2022-03-01,35.498470306396484
2022-03-02,38.93381118774414
2022-03-03,36.43979263305664
2022-03-04,33.74198532104492
2022-03-07,28.70543670654297
2022-03-08,30.238719940185547
2022-03-09,33.89725875854492
2022-03-10,31.78171157836914
2022-03-11,29.78261947631836
2022-03-14,27.084808349609375
2022-03-15,30.578371047973633
2022-03-16,35.226749420166016
2022-03-17,35.85753631591797
2022-03-18,38.01189041137695
2022-03-21,37.846923828125
2022-03-22,38.42637634277344
2022-03-23,35.611610412597656
2022-03-24,40.85289001464844
2022-03-25,40.775238037109375
2022-03-28,41.45466995239258
2022-03-29,44.240318298339844
2022-03-30,40.134639739990234
2022-03-31,37.64019012451172
2022-04-01,35.22336959838867
2022-04-04,36.84428024291992
2022-04-05,31.913597106933594
2022-04-06,29.613252639770508
2022-04-07,29.613252639770508
2022-04-08,27.4585018157959
2022-04-11,25.711406707763672
2022-04-12,25.46875762939453
2022-04-13,27.20614242553711
2022-04-14,24.857275009155273
2022-04-18,26.18700408935547
2022-04-19,27.904985427856445
2022-04-20,27.662330627441406
2022-04-21,25.439638137817383
2022-04-22,23.731372833251953
2022-04-25,24.915510177612305
2022-04-26,21.770740509033203
2022-04-27,21.304847717285156
2022-04-28,24.828153610229492
2022-04-29,21.586322784423828
2022-05-02,23.77989959716797
2022-05-03,24.371971130371094
2022-05-04,27.196441650390625
2022-05-05,23.284889221191406
2022-05-06,22.663700103759766
2022-05-09,19.140392303466797
2022-05-10,20.470125198364258
2022-05-11,18.58714485168457
2022-05-12,18.83950424194336
2022-05-13,21.8289794921875
2022-05-16,20.741893768310547
2022-05-17,23.8575496673584
2022-05-18,20.237178802490234
2022-05-19,19.90717124938965
2022-05-20,19.76158332824707
2022-05-23,20.023645401000977
2022-05-24,18.538616180419922
2022-05-25,19.59657859802246
2022-05-26,21.87750816345215
2022-05-27,24.517562866210938
2022-05-31,24.129316329956055
2022-06-01,23.01311683654785
2022-06-02,25.429931640625
2022-06-03,23.22665023803711
2022-06-06,23.207239151000977
2022-06-07,23.8769588470459
2022-06-08,22.23662757873535
2022-06-09,20.470125198364258
2022-06-10,18.25713539123535
2022-06-13,15.092955589294434
2022-06-14,15.296783447265625
2022-06-15,16.121801376342773
2022-06-16,13.171150207519531
2022-06-17,13.297330856323242
2022-06-21,14.364999771118164
2022-06-22,13.887819290161133
2022-06-23,13.615699768066406
2022-06-24,15.365038871765137
2022-06-27,15.355319023132324
2022-06-28,14.150218963623047
2022-06-29,13.168644905090332
2022-06-30,12.73130989074707
2022-07-01,11.273527145385742
2022-07-05,11.516490936279297
2022-07-06,11.749737739562988
2022-07-07,13.324142456054688
2022-07-08,13.518512725830078
2022-07-11,12.546656608581543
2022-07-12,12.604968070983887
2022-07-13,12.915963172912598
2022-07-14,13.674009323120117
2022-07-15,14.68474006652832
2022-07-18,14.50008773803711
2022-07-19,16.47295570373535
2022-07-20,17.687774658203125
2022-07-21,18.56244659423828
2022-07-22,17.15325164794922
2022-07-25,16.813100814819336
2022-07-26,15.967589378356934
2022-07-27,18.202856063842773
2022-07-28,18.824848175048828
2022-07-29,19.271896362304688
2022-08-01,19.446834564208984
2022-08-02,19.35936737060547
2022-08-03,20.9434871673584
2022-08-04,21.448856353759766
2022-08-05,20.953210830688477
2022-08-08,19.961917877197266
2022-08-09,17.192127227783203
2022-08-10,19.349645614624023
2022-08-11,19.22330665588379
2022-08-12,20.992084503173828
2022-08-15,21.16701889038086
2022-08-16,20.545028686523438
2022-08-17,18.999780654907227
2022-08-18,20.302064895629883
2022-08-19,18.630477905273438
2022-08-22,16.5604248046875
2022-08-23,16.842256546020508
2022-08-24,16.920007705688477
2022-08-25,18.776256561279297
2022-08-26,15.530253410339355
2022-08-29,14.626428604125977
2022-08-30,14.062751770019531
2022-08-31,13.644853591918945
2022-09-01,12.847932815551758
2022-09-02,12.498064994812012
2022-09-06,12.07044792175293
2022-09-07,12.624405860900879
2022-09-08,13.265830039978027
2022-09-09,14.237687110900879
2022-09-12,14.36402702331543
2022-09-13,11.749737739562988
2022-09-14,12.109322547912598
2022-09-15,11.574801445007324
2022-09-16,11.720580101013184
2022-09-19,11.914950370788574
2022-09-20,11.40793228149414
2022-09-21,11.115419387817383
2022-09-22,10.247637748718262
2022-09-23,9.779619216918945
2022-09-26,9.311603546142578
2022-09-27,9.565112113952637
2022-09-28,9.91612720489502
2022-09-29,9.05809211730957
2022-09-30,8.638826370239258
2022-10-03,9.457858085632324
2022-10-04,10.764408111572266
2022-10-05,11.134921073913574
2022-10-06,10.910661697387695
2022-10-07,8.980090141296387
2022-10-10,8.073305130004883
2022-10-11,7.381030559539795
2022-10-12,7.156771183013916
2022-10-13,7.800295352935791
2022-10-14,6.75700569152832
2022-10-17,7.147021293640137
2022-10-18,7.215273380279541
2022-10-19,7.381030559539795
2022-10-20,7.507782936096191
2022-10-21,8.365817070007324
2022-10-24,8.463321685791016
2022-10-25,9.028843879699707
2022-10-26,8.785082817077637
2022-10-27,8.307315826416016
2022-10-28,9.26285171508789
2022-10-31,8.697328567504883
2022-11-01,8.872836112976074
2022-11-02,8.03430461883545
2022-11-03,7.693042278289795
2022-11-04,8.765582084655762
2022-11-07,9.350603103637695
2022-11-08,9.91612720489502
2022-11-09,9.0093412399292
2022-11-10,11.77844524383545
2022-11-11,12.88998794555664
2022-11-14,12.45122241973877
2022-11-15,13.523761749267578
2022-11-16,11.827198028564453
2022-11-17,12.061206817626953
2022-11-18,12.17821216583252
2022-11-21,11.593188285827637
2022-11-22,12.577975273132324
2022-11-23,12.987491607666016
2022-11-25,12.538975715637207
2022-11-28,11.544438362121582
2022-11-29,11.437183380126953
2022-11-30,13.475010871887207
2022-12-01,13.16299819946289
2022-12-02,12.704730987548828
2022-12-05,12.275713920593262
2022-12-06,11.4274320602417
2022-12-07,11.40793228149414
2022-12-08,12.30496597290039
2022-12-09,12.012454986572266
2022-12-12,12.655980110168457
2022-12-13,13.289752006530762
2022-12-14,12.6754789352417
2022-12-15,11.115419387817383
2022-12-16,10.832660675048828
2022-12-19,10.42314338684082
2022-12-20,10.186342239379883
2022-12-21,10.900659561157227
2022-12-22,9.569878578186035
2022-12-23,9.560093879699707
2022-12-27,9.070838928222656
2022-12-28,8.669644355773926
2022-12-29,9.46224308013916
2022-12-30,9.46224308013916
2023-01-03,9.158902168273926
2023-01-04,9.85364818572998
2023-01-05,9.364389419555664
2023-01-06,10.63646125793457
2023-01-09,11.282281875610352
2023-01-10,11.712828636169434
2023-01-11,12.133588790893555
2023-01-12,12.544565200805664
2023-01-13,12.671771049499512
2023-01-17,12.779410362243652
2023-01-18,12.544565200805664
2023-01-19,11.517125129699707
2023-01-20,12.51521110534668
2023-01-23,14.423314094543457
2023-01-24,14.129759788513184
2023-01-25,14.217825889587402
2023-01-26,14.912571907043457
2023-01-27,14.658158302307129
2023-01-30,13.503511428833008
2023-01-31,14.20804214477539
2023-02-01,16.439054489135742
2023-02-02,17.534990310668945
2023-02-03,16.56626319885254
2023-02-06,15.754096984863281
2023-02-07,17.212085723876953
2023-02-08,16.135719299316406
2023-02-09,16.22378158569336
2023-02-10,15.460541725158691
2023-02-13,16.067224502563477
2023-02-14,16.957672119140625
2023-02-15,17.163158416748047
2023-02-16,15.930228233337402
2023-02-17,15.166986465454102
2023-02-21,13.708998680114746
2023-02-22,13.532864570617676
2023-02-23,14.756009101867676
2023-02-24,14.002551078796387
2023-02-27,14.188471794128418
2023-02-28,14.335247039794922
2023-03-01,14.364603996276855
2023-03-02,14.687515258789062
2023-03-03,15.343118667602539
2023-03-06,14.844077110290527
2023-03-07,14.335247039794922
2023-03-08,15.470325469970703
2023-03-09,14.589662551879883
2023-03-10,13.748140335083008
2023-03-13,13.718783378601074
2023-03-14,14.893001556396484
2023-03-15,14.374387741088867
2023-03-16,16.067224502563477
2023-03-17,15.783451080322266
2023-03-20,16.253141403198242
2023-03-21,16.336437225341797
2023-03-22,15.915040969848633
2023-03-23,17.140029907226562
2023-03-24,16.238441467285156
2023-03-27,15.650445938110352
2023-03-28,15.31724739074707
2023-03-29,16.73823356628418
2023-03-30,17.59082794189453
2023-03-31,17.933820724487305
2023-04-03,17.453624725341797
2023-04-04,16.454036712646484
2023-04-05,15.601446151733398
2023-04-06,15.346648216247559
2023-04-10,16.062040328979492
2023-04-11,15.885641098022461
2023-04-12,15.0232515335083
2023-04-13,15.35644817352295
2023-04-14,15.26824951171875
2023-04-17,15.26824951171875
2023-04-18,15.464248657226562
2023-04-19,14.954651832580566
2023-04-20,14.895853042602539
2023-04-21,14.562654495239258
2023-04-24,14.337259292602539
2023-04-25,12.935873031616211
2023-04-26,13.102469444274902
2023-04-27,13.26906967163086
2023-04-28,13.945261001586914
2023-05-01,14.366658210754395
2023-05-02,14.062861442565918
2023-05-03,13.563065528869629
2023-05-04,13.327868461608887
2023-05-05,14.180459976196289
2023-05-08,14.356856346130371
2023-05-09,13.661064147949219
2023-05-10,14.023660659790039
2023-05-11,13.78846263885498
2023-05-12,13.73946475982666
2023-05-15,14.807653427124023
2023-05-16,14.748854637145996
2023-05-17,15.817041397094727
2023-05-18,17.31642723083496
2023-05-19,17.042030334472656
2023-05-22,17.179227828979492
2023-05-23,16.581436157226562
2023-05-24,15.709244728088379
2023-05-25,18.766815185546875
2023-05-26,22.42218017578125
2023-05-30,22.412376403808594
2023-05-31,20.72679328918457
2023-06-01,21.716585159301758
2023-06-02,21.579383850097656
2023-06-05,20.55039405822754
2023-06-06,21.295188903808594
2023-06-07,21.206989288330078
2023-06-08,21.834184646606445
2023-06-09,21.951780319213867
2023-06-12,24.10776138305664
2023-06-13,25.048553466796875
2023-06-14,26.1069393157959
2023-06-15,25.430747985839844
2023-06-16,24.734954833984375
2023-06-20,24.156761169433594
2023-06-21,22.3586483001709
2023-06-22,22.672725677490234
2023-06-23,21.485107421875
2023-06-26,21.681407928466797
2023-06-27,23.919239044189453
2023-06-28,23.281259536743164
2023-06-29,23.36959457397461
2023-06-30,24.3707275390625
2023-07-03,25.01852035522461
2023-07-05,23.408855438232422
2023-07-06,22.554946899414062
2023-07-07,22.535314559936523
2023-07-10,23.870161056518555
2023-07-11,23.889789581298828
2023-07-12,25.214818954467773
2023-07-13,26.775409698486328
2023-07-14,25.744831085205078
2023-07-17,27.54098129272461
2023-07-18,27.73728370666504
2023-07-19,26.785226821899414
2023-07-20,23.840715408325195
2023-07-21,24.459062576293945
2023-07-24,24.439434051513672
2023-07-25,25.646678924560547
2023-07-26,24.596473693847656
2023-07-27,25.970577239990234
2023-07-28,27.629318237304688
2023-07-31,27.88450813293457
2023-08-01,28.002288818359375
2023-08-02,24.812406539916992
2023-08-03,24.684810638427734
2023-08-04,24.419801712036133
2023-08-07,25.185379028320312
2023-08-08,24.007570266723633
2023-08-09,22.66291046142578
2023-08-10,22.388090133666992
2023-08-11,20.748979568481445
2023-08-14,22.505870819091797
2023-08-15,21.396770477294922
2023-08-16,20.15026092529297
2023-08-17,19.541730880737305
2023-08-18,19.77729034423828
2023-08-21,21.475292205810547
2023-08-22,20.955095291137695
2023-08-23,22.181976318359375
2023-08-24,20.03247833251953
2023-08-25,20.27785873413086
2023-08-28,21.023801803588867
2023-08-29,22.643281936645508
2023-08-30,22.967178344726562
2023-08-31,23.418670654296875
2023-09-01,23.57571029663086
2023-09-05,23.57571029663086
2023-09-06,23.006439208984375
2023-09-07,21.465476989746094
2023-09-08,21.102317810058594
2023-09-11,21.053247451782227
2023-09-12,20.55267906188965
2023-09-13,20.837316513061523
2023-09-14,21.24954605102539
2023-09-15,19.4239501953125
2023-09-18,19.56136131286621
2023-09-19,19.10223960876465
2023-09-20,18.168264389038086
2023-09-21,17.126144409179688
2023-09-22,17.539060592651367
2023-09-25,17.912649154663086
2023-09-26,16.94917869567871
2023-09-27,17.381759643554688
2023-09-28,18.325563430786133
2023-09-29,18.55168914794922
2023-10-02,18.758146286010742
2023-10-03,17.588218688964844
2023-10-04,18.325563430786133
2023-10-05,18.089614868164062
2023-10-06,19.141563415527344
2023-10-09,19.053081512451172
2023-10-10,19.711782455444336
2023-10-11,20.16402244567871
2023-10-12,20.331153869628906
2023-10-13,18.65983009338379
2023-10-16,19.475828170776367
2023-10-17,18.974430084228516
2023-10-18,17.97163963317871
2023-10-19,17.135976791381836
2023-10-20,16.359302520751953
2023-10-23,16.1135196685791
2023-10-24,16.7525577545166
2023-10-25,14.717474937438965
2023-10-26,14.481522560119629
2023-10-27,14.845281600952148
2023-10-30,14.284894943237305
2023-10-31,14.648653984069824
2023-11-01,15.68094253540039
2023-11-02,16.791881561279297
2023-11-03,18.0699520111084
2023-11-06,17.942142486572266
2023-11-07,18.286239624023438
2023-11-08,18.355056762695312
2023-11-09,18.07978057861328
2023-11-10,20.252504348754883
2023-11-13,19.682287216186523
2023-11-14,21.76652717590332
2023-11-15,22.24825668334961
2023-11-16,22.33673858642578
2023-11-17,22.739826202392578
2023-11-20,23.772113800048828
2023-11-21,22.454715728759766
2023-11-22,22.612014770507812
2023-11-24,22.700498580932617
2023-11-27,22.582523345947266
2023-11-28,22.15977668762207
2023-11-29,22.828306198120117
2023-11-30,22.425222396850586
2023-12-01,22.680837631225586
2023-12-04,21.933658599853516
2023-12-05,21.56006622314453
2023-12-06,21.107826232910156
2023-12-07,22.78898048400879
2023-12-08,23.300209045410156
2023-12-11,25.669557571411133
2023-12-12,26.2004451751709
2023-12-13,27.449024200439453
2023-12-14,29.68073272705078
2023-12-15,30.054319381713867
2023-12-18,29.77904510498047
2023-12-19,30.231285095214844
2023-12-20,27.625988006591797
2023-12-21,29.81639862060547
2023-12-22,30.062734603881836
2023-12-26,31.68854331970215
2023-12-27,31.875761032104492
2023-12-28,31.74766731262207
2023-12-29,30.93968391418457
2024-01-02,27.628944396972656
2024-01-03,25.865182876586914
2024-01-04,25.205005645751953
2024-01-05,25.549875259399414
2024-01-08,28.01322364807129
2024-01-09,28.003372192382812
2024-01-10,27.757036209106445
2024-01-11,28.04278564453125
2024-01-12,27.68806266784668
2024-01-16,28.7620849609375
2024-01-17,28.01322364807129
2024-01-18,30.732765197753906
2024-01-19,34.348960876464844
2024-01-22,34.743099212646484
2024-01-23,35.3934211730957
2024-01-24,36.87143325805664
2024-01-25,36.57583236694336
2024-01-26,33.511417388916016
2024-01-29,34.52632522583008
2024-01-30,33.0384635925293
2024-01-31,31.629423141479492
2024-02-01,31.974292755126953
2024-02-02,33.15670394897461
2024-02-05,34.58544158935547
2024-02-06,33.33406448364258
2024-02-07,34.84163284301758
2024-02-08,36.60539245605469
2024-02-09,38.74357986450195
2024-02-12,38.57606887817383
2024-02-13,36.2999382019043
2024-02-14,38.5465087890625
2024-02-15,38.536659240722656
2024-02-16,37.76810073852539
2024-02-20,35.88609313964844
2024-02-21,35.610198974609375
2024-02-22,40.81279373168945
2024-02-23,39.581119537353516
2024-02-26,40.60587692260742
2024-02-27,40.5073356628418
2024-02-28,39.21654510498047
2024-02-29,42.21198272705078
2024-03-01,47.62150573730469
2024-03-04,49.0403938293457
2024-03-05,46.15333938598633
2024-03-06,49.48379135131836
2024-03-07,54.50902557373047
2024-03-08,48.2324104309082
2024-03-11,46.08436584472656
2024-03-12,48.853172302246094
2024-03-13,45.40447998046875
2024-03-14,42.89186477661133
2024-03-15,42.11344528198242
2024-03-18,41.916378021240234
2024-03-19,40.846405029296875
2024-03-20,42.798988342285156
2024-03-21,45.6686897277832
2024-03-22,45.787025451660156
2024-03-25,45.25450134277344
2024-03-26,44.406410217285156
2024-03-27,45.85605239868164
2024-03-28,45.88563537597656
2024-04-01,47.32542419433594
2024-04-02,45.2446403503418
2024-04-03,45.55034255981445
2024-04-04,41.78324890136719
2024-04-05,43.015933990478516
2024-04-08,43.39067077636719
2024-04-09,44.76142120361328
2024-04-10,42.49327850341797
2024-04-11,45.16574478149414
2024-04-12,40.93515396118164
2024-04-15,39.22911071777344
2024-04-16,39.97859191894531
2024-04-17,36.546783447265625
2024-04-18,34.42655944824219
2024-04-19,30.363611221313477
2024-04-22,31.625885009765625
2024-04-23,33.63763427734375
2024-04-24,34.9985237121582
2024-04-25,36.891937255859375
2024-04-26,39.24884033203125
2024-04-29,40.0476188659668
2024-04-30,37.651268005371094
2024-05-01,33.8940315246582
2024-05-02,35.94523239135742
2024-05-03,38.43033218383789
2024-05-06,40.72806167602539
2024-05-07,39.801082611083984
2024-05-08,39.85039138793945
2024-05-09,39.406620025634766
2024-05-10,40.4618034362793
2024-05-13,40.698482513427734
2024-05-14,42.61161422729492
2024-05-15,46.3491325378418
2024-05-16,45.619380950927734
2024-05-17,44.77128982543945
2024-05-20,47.581817626953125
2024-05-21,47.315555572509766
2024-05-22,48.696170806884766
2024-05-23,48.13406753540039
2024-05-24,50.72764587402344
2024-05-28,53.29164123535156
2024-05-29,50.274009704589844
2024-05-30,49.30758285522461
2024-05-31,47.917110443115234
2024-06-03,47.917110443115234
2024-06-04,46.93096160888672
2024-06-05,52.77884292602539
2024-06-06,51.78282928466797
2024-06-07,51.15168762207031
2024-06-10,53.202884674072266
2024-06-11,53.41983413696289
2024-06-12,57.906829833984375
2024-06-13,60.01719284057617
2024-06-14,59.26771545410156
2024-06-17,61.802127838134766
2024-06-18,64.3365249633789
2024-06-20,59.18882369995117
2024-06-21,57.3940315246582
2024-06-24,52.48299789428711
2024-06-25,54.68729019165039
2024-06-26,54.17305374145508
2024-06-27,53.203914642333984
2024-06-28,54.74663162231445
2024-07-01,54.74663162231445
2024-07-02,56.961814880371094
2024-07-03,59.72089767456055
2024-07-05,60.13624572753906
2024-07-08,63.59746170043945
2024-07-09,63.53813934326172
2024-07-10,67.83004760742188
2024-07-11,61.30317306518555
2024-07-12,63.2315673828125
2024-07-15,63.42934799194336
2024-07-16,64.57649993896484
2024-07-17,50.978843688964844
2024-07-18,51.08762741088867
2024-07-19,46.4792594909668
2024-07-22,52.34355545043945
2024-07-23,49.97014617919922
2024-07-24,42.424686431884766
2024-07-25,39.33925247192383
2024-07-26,41.455543518066406
2024-07-29,41.34675979614258
2024-07-30,36.827396392822266
2024-07-31,43.898170471191406
2024-08-01,34.612213134765625
2024-08-02,29.014923095703125
2024-08-05,27.58098793029785
2024-08-06,28.263343811035156
2024-08-07,25.92949104309082
2024-08-08,31.111433029174805
2024-08-09,30.66642189025879
2024-08-12,31.06199073791504
2024-08-13,34.88911056518555
2024-08-14,34.66166305541992
2024-08-15,39.47770309448242
2024-08-16,39.28980255126953
2024-08-19,41.13908767700195
2024-08-20,39.645816802978516
2024-08-21,41.26764678955078
2024-08-22,37.09440231323242
2024-08-23,39.95238494873047
2024-08-26,36.955955505371094
2024-08-27,38.06354904174805
2024-08-28,36.194480895996094
2024-08-29,35.78902816772461
2024-08-30,38.36022186279297
2024-09-03,29.736833572387695
2024-09-04,29.96428680419922
2024-09-05,29.420379638671875
2024-09-06,25.67237091064453
2024-09-09,27.126087188720703
2024-09-10,28.035890579223633
2024-09-11,31.863014221191406
2024-09-12,31.457555770874023
2024-09-13,33.05961227416992
2024-09-16,31.803680419921875
2024-09-17,31.803680419921875
2024-09-18,30.794979095458984
2024-09-19,34.73088455200195
2024-09-20,33.17828369140625
2024-09-23,33.54417419433594
2024-09-24,34.742889404296875
2024-09-25,35.406646728515625
2024-09-26,39.28017807006836
2024-09-27,37.308738708496094
2024-09-30,36.3378791809082
2024-10-01,33.51445770263672
2024-10-02,34.63391876220703
2024-10-03,34.88158416748047
2024-10-04,36.3378791809082
2024-10-07,36.07039260864258
2024-10-08,37.11060333251953
2024-10-09,38.249874114990234
2024-10-10,37.47715377807617
2024-10-11,38.30931091308594
2024-10-14,40.43926239013672
2024-10-15,34.148494720458984
2024-10-16,34.138580322265625
2024-10-17,34.88158416748047
2024-10-18,34.9410285949707
2024-10-21,34.76271057128906
2024-10-22,34.36643600463867
2024-10-23,33.484737396240234
2024-10-24,33.97016525268555
2024-10-25,34.95093536376953
2024-10-28,35.02028274536133
2024-10-29,37.62574768066406
2024-10-30,33.69278335571289
2024-10-31,29.809343338012695
2024-11-01,30.542442321777344
2024-11-04,30.066919326782227
2024-11-05,31.087308883666992
2024-11-06,33.801753997802734
2024-11-07,35.87226104736328
2024-11-08,35.0797233581543
2024-11-11,32.46434783935547
2024-11-12,31.374605178833008
2024-11-13,29.41307258605957
2024-11-14,29.323915481567383
2024-11-15,26.41133689880371
2024-11-18,27.411914825439453
2024-11-19,27.59023666381836
2024-11-20,26.876951217651367
2024-11-21,28.224266052246094
2024-11-22,28.224266052246094
2024-11-25,29.056432723999023
2024-11-26,27.86762237548828
2024-11-27,26.728349685668945
2024-11-29,27.798274993896484
2024-12-02,29.918319702148438
2024-12-03,29.452701568603516
2024-12-04,30.59197235107422
2024-12-05,28.848392486572266
2024-12-06,29.333820343017578
2024-12-09,28.95736312866211
2024-12-10,26.80760383605957
2024-12-11,28.848392486572266
2024-12-12,28.19454574584961
2024-12-13,30.41365623474121
2024-12-16,32.20676803588867
2024-12-17,30.839641571044922
2024-12-18,27.57042121887207
2024-12-19,26.05469512939453
2024-12-20,27.045366287231445
2024-12-23,29.39691925048828
2024-12-24,30.281112670898438
2024-12-26,30.37052345275879
2024-12-27,29.496267318725586
2024-12-30,27.757686614990234
2024-12-31,27.13179588317871
2025-01-02,27.48944854736328
2025-01-03,29.625417709350586
2025-01-06,32.27799987792969
2025-01-07,30.946739196777344
2025-01-08,29.98307228088379
2025-01-10,27.876901626586914
2025-01-13,27.66827392578125
2025-01-14,27.936511993408203
2025-01-15,29.74463653564453
2025-01-16,29.794309616088867
2025-01-17,32.27799987792969
2025-01-21,33.47016525268555
2025-01-22,34.9206428527832
2025-01-23,34.692142486572266
2025-01-24,32.436954498291016
2025-01-27,24.8964786529541
2025-01-28,25.204458236694336
2025-01-29,25.512434005737305
2025-01-30,26.972843170166016
2025-01-31,26.84368896484375
2025-02-03,25.44289207458496
2025-02-04,26.07871437072754
2025-02-05,27.519254684448242
2025-02-06,27.509319305419922
2025-02-07,26.158191680908203
2025-02-10,27.171537399291992
2025-02-11,27.221210479736328
2025-02-12,27.36029624938965
2025-02-13,28.28422737121582
2025-02-14,28.363706588745117
2025-02-18,29.794309616088867
2025-02-19,31.2646541595459
2025-02-20,31.493154525756836
2025-02-21,28.622011184692383
2025-02-24,26.58538818359375
2025-02-25,24.906414031982422
2025-02-26,26.118453979492188
2025-02-27,21.608078002929688
2025-02-28,22.581684112548828
2025-03-03,20.376169204711914
2025-03-04,20.515254974365234
2025-03-05,21.806774139404297
2025-03-06,19.104520797729492
2025-03-07,20.74375343322754
2025-03-10,17.87261199951172
2025-03-11,17.296398162841797
2025-03-12,18.180587768554688
2025-03-13,17.971960067749023
2025-03-14,19.670799255371094
2025-03-17,20.654342651367188
2025-03-18,19.79995346069336
2025-03-19,20.24701690673828
2025-03-20,19.79995346069336
2025-03-21,19.154193878173828
2025-03-24,20.862972259521484
2025-03-25,20.479293823242188
2025-03-26,18.725353240966797
2025-03-27,17.698894500732422
2025-03-28,15.974847793579102
2025-03-31,15.895122528076172
2025-04-01,15.895122528076172
2025-04-02,16.204055786132812
2025-04-03,11.370742797851562
2025-04-04,8.699963569641113
2025-04-07,9.118517875671387
2025-04-08,8.221614837646484
2025-04-09,12.72606372833252
2025-04-10,9.596866607666016
2025-04-11,10.194802284240723
2025-04-14,10.433977127075195
2025-04-15,10.563529968261719
2025-04-16,9.30786418914795
2025-04-17,9.168346405029297
2025-04-21,8.680032730102539
2025-04-22,9.148415565490723
2025-04-23,10.254596710205078
2025-04-24,11.958712577819824
2025-04-25,12.2975435256958
2025-04-28,12.24771499633789
2025-04-29,11.819193840026855
2025-04-30,12.118162155151367
2025-05-01,12.058368682861328
2025-05-02,13.244274139404297
2025-05-05,13.00510025024414
2025-05-06,12.596510887145996
2025-05-07,13.234308242797852
2025-05-08,13.613001823425293
2025-05-09,14.061452865600586
2025-05-12,17.071062088012695
2025-05-13,18.5360050201416
2025-05-14,18.775178909301758
2025-05-15,18.406450271606445
2025-05-16,18.32672691345215
2025-05-19,17.997861862182617
2025-05-20,17.908170700073242
2025-05-21,16.941509246826172
2025-05-22,16.453195571899414
2025-05-23,15.675878524780273
2025-05-27,17.230512619018555
2025-05-28,16.981372833251953
2025-05-29,17.140823364257812
2025-05-30,16.114364624023438
2025-06-02,16.841854095458984
2025-06-03,18.237035751342773
2025-06-04,19.02431869506836
2025-06-05,18.745283126831055
2025-06-06,19.1140079498291
2025-06-09,20.509193420410156
2025-06-10,21.81468391418457
2025-06-11,21.56554412841797
2025-06-12,21.615373611450195
2025-06-13,19.971052169799805
2025-06-16,21.82465171813965
2025-06-17,21.346302032470703
2025-06-18,21.5356502532959
2025-06-20,21.13702392578125
2025-06-23,21.50575065612793
2025-06-24,23.943044662475586
2025-06-25,24.572860717773438
2025-06-26,25.19268226623535
2025-06-27,25.102706909179688
2025-06-30,25.102706909179688
2025-07-01,24.702821731567383
2025-07-02,26.04243278503418
2025-07-03,26.42232322692871
2025-07-07,24.96274757385254
2025-07-08,26.362340927124023
2025-07-09,26.64225959777832
2025-07-10,27.362051010131836
2025-07-11,27.282073974609375
2025-07-14,26.4923038482666
2025-07-15,27.282073974609375
2025-07-16,27.02215003967285
2025-07-17,27.31206512451172
2025-07-18,27.32206153869629
2025-07-21,27.49201202392578
2025-07-22,26.312355041503906
2025-07-23,25.772512435913086
2025-07-24,25.612560272216797
2025-07-25,25.592565536499023
2025-07-28,26.8721923828125
2025-07-29,27.02215003967285
2025-07-30,27.60198211669922
2025-07-31,24.97274398803711
2025-08-01,24.07300567626953
2025-08-04,24.992738723754883
2025-08-05,24.51287841796875
2025-08-06,23.9830322265625
2025-08-07,24.992738723754883
2025-08-08,25.702531814575195
2025-08-11,25.602561950683594
2025-08-12,27.991867065429688
2025-08-13,29.261499404907227
2025-08-14,29.411455154418945
2025-08-15,27.362051010131836
2025-08-18,27.522005081176758
2025-08-19,26.232378005981445
2025-08-20,25.792505264282227
2025-08-21,25.34263801574707
2025-08-22,27.442028045654297
2025-08-25,27.292070388793945
2025-08-26,27.931884765625
2025-08-27,28.171815872192383
2025-08-28,28.521713256835938
2025-08-29,26.032438278198242
2025-09-02,25.242666244506836
2025-09-03,24.90276527404785
2025-09-04,25.642549514770508
2025-09-05,26.442317962646484
2025-09-08,27.072134017944336
2025-09-09,27.17210578918457
2025-09-10,28.591693878173828
2025-09-11,29.161527633666992
2025-09-12,29.291488647460938
2025-09-15,29.991287231445312
2025-09-16,30.471145629882812
2025-09-17,30.461149215698242
2025-09-18,33.63022994995117
2025-09-19,33.01041030883789
2025-09-22,34.41999816894531
2025-09-23,34.29999923706055
2025-09-24,34.20000076293945
2025-09-25,33.849998474121094
2025-09-26,34.02000045776367
2025-09-29,34.02000045776367
2025-09-30,34.84000015258789
2025-10-01,36.86000061035156
2025-10-02,39.08000183105469
2025-10-03,38.22999954223633
2025-10-06,41.709999084472656
2025-10-07,38.83000183105469
2025-10-08,42.779998779296875
2025-10-09,42.2400016784668
2025-10-10,34.209999084472656
2025-10-13,39.13999938964844
2025-10-14,36.630001068115234
2025-10-15,39.97999954223633
2025-10-16,40.56999969482422
2025-10-17,40.290000915527344
2025-10-20,42.2400016784668
2025-10-21,41.5099983215332
2025-10-22,38.38999938964844
2025-10-23,41.16999816894531
2025-10-24,43.13999938964844
2025-10-27,46.84000015258789
2025-10-28,46.959999084472656
2025-10-29,49.380001068115234
2025-10-30,47.38999938964844
2025-10-31,47.779998779296875
2025-11-03,48.58000183105469
2025-11-04,42.79999923706055
2025-11-05,46.83000183105469
2025-11-06,43.0099983215332
2025-11-07,41.7400016784668
2025-11-10,44.959999084472656
2025-11-11,41.810001373291016
2025-11-12,43.709999084472656
2025-11-13,39.220001220703125
2025-11-14,38.86000061035156
2025-11-17,36.84000015258789
2025-11-18,34.349998474121094
2025-11-19,35.959999084472656
2025-11-20,30.809999465942383
2025-11-21,31.729999542236328
2025-11-24,35.86000061035156
2025-11-25,36.16999816894531
2025-11-26,39.189998626708984
2025-11-28,41.2599983215332
2025-12-01,41.310001373291016
2025-12-02,43.79999923706055
2025-12-03,46.58000183105469
2025-12-04,45.15999984741211
2025-12-05,46.5
2025-12-08,47.9900016784668
2025-12-09,47.790000915527344
2025-12-10,49.650001525878906
2025-12-11,48.790000915527344
2025-12-12,41.709999084472656
2025-12-15,41.18000030517578
2025-12-16,40.4900016784668
2025-12-17,36.0099983215332
2025-12-18,38.58000183105469
2025-12-19,41.720001220703125
2025-12-22,43.2599983215332
2025-12-23,43.70000076293945
2025-12-24,44.209999084472656
2025-12-26,44.209999084472656
2025-12-29,43.81999969482422
2025-12-30,43.66999816894531
2025-12-31,42.029998779296875
2026-01-02,47.2400016784668
2026-01-05,49.220001220703125
2026-01-06,54.0099983215332
2026-01-07,52.290000915527344
2026-01-08,49.650001525878906
2026-01-09,53.95000076293945
2026-01-12,54.650001525878906
2026-01-13,56.06999969482422
2026-01-14,55.380001068115234
2026-01-15,58.08000183105469
2026-01-16,60.75
2026-01-20,57.939998626708984
2026-01-21,63.47999954223633
2026-01-22,63.720001220703125
2026-01-23,61.599998474121094
2026-01-26,60.70000076293945
2026-01-27,64.95999908447266
2026-01-28,70.08999633789062
2026-01-29,70.47000122070312
2026-01-30,61.790000915527344
2026-02-02,65.19999694824219
2026-02-03,61.20000076293945
2026-02-04,53.189998626708984
2026-02-05,53.25
2026-02-06,61.75
2026-02-09,64.02999877929688
2026-02-10,63.34000015258789
2026-02-11,68.05000305175781
2026-02-12,63.099998474121094
2026-02-13,64.58999633789062
2026-02-17,64.3499984741211
2026-02-18,66.29000091552734
2026-02-19,65.2300033569336
2026-02-20,67.11000061035156
2026-02-23,65.86000061035156
2026-02-24,68.52999877929688
2026-02-25,71.86000061035156
2026-02-26,65.33999633789062
2026-02-27,62.77000045776367
2026-03-02,62.7599983215332
2026-03-03,53.41999816894531
2026-03-04,56.619998931884766
2026-03-05,54.79999923706055
2026-03-06,47.88999938964844
2026-03-09,53.31999969482422
2026-03-10,54.59000015258789
2026-03-11,56.09000015258789
2026-03-12,50.279998779296875
2026-03-13,50.720001220703125
2026-03-16,53.689998626708984
2026-03-17,54.95000076293945
2026-03-18,54.02000045776367
2026-03-19,54.849998474121094
2026-03-20,51.13999938964844
2026-03-23,53.029998779296875
2026-03-24,54.959999084472656
2026-03-25,57.040000915527344
2026-03-26,48.970001220703125
2026-03-27,46.61000061035156
2026-03-30,40.619998931884766
2026-03-31,47.90999984741211
2026-04-01,52.2599983215332
2026-04-02,52.75
2026-04-06,54.810001373291016
2026-04-07,56.54999923706055
2026-04-08,67.5
2026-04-09,71.9800033569336
2026-04-10,76.38999938964844
2026-04-13,80.55999755859375
2026-04-14,85.30999755859375
2026-04-15,85.95999908447266
2026-04-16,88.37000274658203
2026-04-17,94.68000030517578
2026-04-20,95.94000244140625
2026-04-21,98.08999633789062
2026-04-22,105.63999938964844
2026-04-23,112.7699966430664
2026-04-24,128.32000732421875
2026-04-27,123.38999938964844
2026-04-28,109.55999755859375
2026-04-29,117.97000122070312
2026-04-30,126.9800033569336
2026-05-01,130.39999389648438
2026-05-04,127.55000305175781
2026-05-05,144.16000366210938
2026-05-06,165.85000610351562
2026-05-07,152.10000610351562
2026-05-08,176.94000244140625
2026-05-11,190.4199981689453
2026-05-12,172.52000427246094
2026-05-13,184.24000549316406
2026-05-14,186.19000244140625
2026-05-15,164.17999267578125
2026-05-18,151.75
2026-05-19,151.88999938964844
2026-05-20,173.1999969482422
2026-05-21,178.38999938964844
2026-05-22,190.55999755859375
2026-05-26,225.7899932861328
2026-05-27,217.97999572753906
2026-05-28,224.6300048828125
2026-05-29,224.33999633789062
2026-06-01,227.02999877929688
2026-06-02,266.32000732421875
2026-06-03,280.5400085449219
2026-06-04,262.70001220703125
2026-06-05,182.5399932861328
2026-06-08,211.44000244140625
2026-06-09,201.67999267578125
2026-06-10,180.64999389648438
2026-06-11,223.99000549316406
2026-06-12,234.67999267578125
2026-06-15,272.5
2026-06-16,226.19000244140625
2026-06-17,233.86000061035156
2026-06-18,279.2900085449219
2026-06-22,300.7699890136719
2026-06-23,231.4199981689453
2026-06-24,229.57000732421875
2026-06-25,252.61000061035156
2026-06-26,215.60000610351562
2026-06-29,236.52000427246094
2026-06-30,266.7099914550781
2026-07-01,217.5500030517578
2026-07-02,181.47000122070312
2026-07-06,194.64999389648438
2026-07-07,165.27999877929688
2026-07-08,174.82000732421875
2026-07-09,192.4499969482422
2026-07-10,192.25999450683594
2026-07-13,165.3699951171875
2026-07-14,176.66000366210938
2026-07-15,165.5500030517578
2026-07-16,142.47999572753906
2026-07-17,135.47000122070312
2026-07-20,136.80999755859375
2026-07-21,158.5399932861328
2026-07-22,160.99000549316406
2026-07-23,157.5
2026-07-24,136.80999755859375
2026-07-27,128.14999389648438
2026-07-28,109.54000091552734
2026-07-29,91.98999786376953
2026-07-30,114.72000122070312
2026-07-31,114.72000122070312
2026-08-03,116.70999908447266
2026-08-04,139.89999389648438
2026-08-05,132.07000732421875
2026-08-06,132.3300018310547
2026-08-07,140.25
2026-08-10,130.0
2026-08-11,133.0
2026-08-12,142.16000366210938
2026-08-13,145.36000061035156
2026-08-14,144.9499969482422
2026-08-17,151.52999877929688
2026-08-18,129.10000610351562
2026-08-19,120.73999786376953
2026-08-20,122.20999908447266
2026-08-21,120.5999984741211
2026-08-24,111.16000366210938
2026-08-25,115.66999816894531
2026-08-26,116.5999984741211
2026-08-27,123.05000305175781
2026-08-28,111.33999633789062
2026-08-31,112.79000091552734
2026-09-01,105.91000366210938
2026-09-02,106.3499984741211
2026-09-03,106.73999786376953
2026-09-04,117.27999877929688
2026-09-08,123.2699966430664