1993-01-29,24.11326789855957
1993-02-01,24.284765243530273
1993-02-02,24.336214065551758
1993-02-03,24.593477249145508
1993-02-04,24.696367263793945
1993-02-05,24.67922592163086
1993-02-08,24.67922592163086
1993-02-09,24.50771141052246
1993-02-10,24.542028427124023
1993-02-11,24.662067413330078
1993-02-12,24.47340965270996
1993-02-16,23.856008529663086
1993-02-17,23.83885955810547
1993-02-18,23.821697235107422
1993-02-19,23.907455444335938
1993-02-22,23.993207931518555
1993-02-23,23.97606086730957
1993-02-24,24.284765243530273
1993-02-25,24.336214065551758
1993-02-26,24.370519638061523
1993-03-01,24.30192756652832
1993-03-02,24.662067413330078
1993-03-03,24.764978408813477
1993-03-04,24.627765655517578
1993-03-05,24.559171676635742
1993-03-08,25.10797882080078
1993-03-09,25.022218704223633
1993-03-10,25.07368278503418
1993-03-11,25.005064010620117
1993-03-12,24.747827529907227
1993-03-15,24.867883682250977
1993-03-16,24.867883682250977
1993-03-17,24.713516235351562
1993-03-18,24.867883682250977
1993-03-19,24.83024787902832
1993-03-22,24.69239044189453
1993-03-23,24.744077682495117
1993-03-24,24.744077682495117
1993-03-25,24.899166107177734
1993-03-26,24.761306762695312
1993-03-29,24.864696502685547
1993-03-30,24.933624267578125
1993-03-31,24.916399002075195
1993-04-01,24.83024787902832
1993-04-02,24.31330108642578
1993-04-05,24.43391990661621
1993-04-06,24.36500358581543
1993-04-07,24.451154708862305
1993-04-08,24.41668701171875
1993-04-12,24.761306762695312
1993-04-13,24.812999725341797
1993-04-14,24.778533935546875
1993-04-15,24.778533935546875
1993-04-16,24.778533935546875
1993-04-19,24.675153732299805
1993-04-20,24.554542541503906
1993-04-21,24.53730010986328
1993-04-22,24.22715187072754
1993-04-23,24.123746871948242
1993-04-26,23.934202194213867
1993-04-27,24.19268226623535
1993-04-28,24.140979766845703
1993-04-29,24.244380950927734
1993-04-30,24.278852462768555
1993-05-03,24.43391990661621
1993-05-04,24.520078659057617
1993-05-05,24.589004516601562
1993-05-06,24.50284194946289
1993-05-07,24.451154708862305
1993-05-10,24.50284194946289
1993-05-11,24.60622215270996
1993-05-12,24.571762084960938
1993-05-13,24.278852462768555
1993-05-14,24.261598587036133
1993-05-17,24.34776496887207
1993-05-18,24.330514907836914
1993-05-19,24.83024787902832
1993-05-20,24.899166107177734
1993-05-21,24.675153732299805
1993-05-24,24.778533935546875
1993-05-25,24.83024787902832
1993-05-26,25.14038848876953
1993-05-27,25.05423927307129
1993-05-28,24.933624267578125
1993-06-01,25.174869537353516
1993-06-02,25.14038848876953
1993-06-03,25.05423927307129
1993-06-04,24.968076705932617
1993-06-07,24.881933212280273
1993-06-08,24.65793800354004
1993-06-09,24.744077682495117
1993-06-10,24.761306762695312
1993-06-11,24.864696502685547
1993-06-14,24.83024787902832
1993-06-15,24.778533935546875
1993-06-16,24.83024787902832
1993-06-17,24.916399002075195
1993-06-18,24.711206436157227
1993-06-21,24.763290405273438
1993-06-22,24.78061294555664
1993-06-23,24.555023193359375
1993-06-24,24.884748458862305
1993-06-25,24.867380142211914
1993-06-28,25.145036697387695
1993-06-29,25.0235652923584
1993-06-30,25.0235652923584
1993-07-01,24.95414924621582
1993-07-02,24.81532859802246
1993-07-06,24.555023193359375
1993-07-07,24.624446868896484
1993-07-08,24.90209197998047
1993-07-09,24.97150993347168
1993-07-12,24.95414924621582
1993-07-13,24.936792373657227
1993-07-14,25.0235652923584
1993-07-15,24.91944122314453
1993-07-16,24.850034713745117
1993-07-19,24.83269691467285
1993-07-20,24.90209197998047
1993-07-21,24.884748458862305
1993-07-22,24.711206436157227
1993-07-23,24.83269691467285
1993-07-26,24.97150993347168
1993-07-27,24.95414924621582
1993-07-28,24.90209197998047
1993-07-29,25.04091453552246
1993-07-30,24.90209197998047
1993-08-02,24.97150993347168
1993-08-03,24.988849639892578
1993-08-04,24.988849639892578
1993-08-05,24.936792373657227
1993-08-06,24.97150993347168
1993-08-09,25.110334396362305
1993-08-10,25.092985153198242
1993-08-11,25.092985153198242
1993-08-12,25.0235652923584
1993-08-13,25.058273315429688
1993-08-16,25.197105407714844
1993-08-17,25.28386878967285
1993-08-18,25.42270851135254
1993-08-19,25.42270851135254
1993-08-20,25.440044403076172
1993-08-23,25.38799476623535
1993-08-24,25.665637969970703
1993-08-25,25.68299102783203
1993-08-26,25.70035743713379
1993-08-27,25.68299102783203
1993-08-30,25.78710174560547
1993-08-31,25.856536865234375
1993-09-01,25.821809768676758
1993-09-02,25.735065460205078
1993-09-03,25.75240707397461
1993-09-07,25.578893661499023
1993-09-08,25.492107391357422
1993-09-09,25.544179916381836
1993-09-10,25.76974868774414
1993-09-13,25.78710174560547
1993-09-14,25.68299102783203
1993-09-15,25.75240707397461
1993-09-16,25.648296356201172
1993-09-17,25.598556518554688
1993-09-20,25.38902473449707
1993-09-21,25.301713943481445
1993-09-22,25.511260986328125
1993-09-23,25.650943756103516
1993-09-24,25.58111572265625
1993-09-27,25.860502243041992
1993-09-28,25.808101654052734
1993-09-29,25.720806121826172
1993-09-30,25.668405532836914
1993-10-01,25.790645599365234
1993-10-04,25.825565338134766
1993-10-05,25.790645599365234
1993-10-06,25.77317237854004
1993-10-07,25.70331573486328
1993-10-08,25.73826026916504
1993-10-11,25.790645599365234
1993-10-12,25.825565338134766
1993-10-13,25.825565338134766
1993-10-14,26.15733528137207
1993-10-15,26.297019958496094
1993-10-18,26.227174758911133
1993-10-19,26.03510284423828
1993-10-20,26.07002830505371
1993-10-21,26.03510284423828
1993-10-22,25.912860870361328
1993-10-25,25.98271369934082
1993-10-26,25.965253829956055
1993-10-27,25.98271369934082
1993-10-28,26.174789428710938
1993-10-29,26.174789428710938
1993-11-01,26.24462890625
1993-11-02,26.227174758911133
1993-11-03,25.89542007446289
1993-11-04,25.616039276123047
1993-11-05,25.73826026916504
1993-11-08,25.77317237854004
1993-11-09,25.790645599365234
1993-11-10,25.98271369934082
1993-11-11,25.912860870361328
1993-11-12,26.03510284423828
1993-11-15,26.017648696899414
1993-11-16,26.139862060546875
1993-11-17,26.000165939331055
1993-11-18,25.930330276489258
1993-11-19,25.877958297729492
1993-11-22,25.720806121826172
1993-11-23,25.860502243041992
1993-11-24,25.965253829956055
1993-11-26,25.98271369934082
1993-11-29,25.877958297729492
1993-11-30,25.89542007446289
1993-12-01,25.930330276489258
1993-12-02,26.000165939331055
1993-12-03,26.104936599731445
1993-12-06,26.192256927490234
1993-12-07,26.174789428710938
1993-12-08,26.174789428710938
1993-12-09,26.087495803833008
1993-12-10,26.03510284423828
1993-12-13,26.192256927490234
1993-12-14,26.000165939331055
1993-12-15,25.965253829956055
1993-12-16,26.052568435668945
1993-12-17,26.195743560791016
1993-12-20,26.230913162231445
1993-12-21,26.142990112304688
1993-12-22,26.318801879882812
1993-12-23,26.301223754882812
1993-12-27,26.441869735717773
1993-12-28,26.494640350341797
1993-12-29,26.459447860717773
1993-12-30,26.353965759277344
1993-12-31,26.213321685791016
1994-01-03,26.142990112304688
1994-01-04,26.248489379882812
1994-01-05,26.301223754882812
1994-01-06,26.301223754882812
1994-01-07,26.459447860717773
1994-01-10,26.77591323852539
1994-01-11,26.723176956176758
1994-01-12,26.635263442993164
1994-01-13,26.564943313598633
1994-01-14,26.67041778564453
1994-01-17,26.67041778564453
1994-01-18,26.70558738708496
1994-01-19,26.635263442993164
1994-01-20,26.70558738708496
1994-01-21,26.65285873413086
1994-01-24,26.54737091064453
1994-01-25,26.54737091064453
1994-01-26,26.617694854736328
1994-01-27,26.86380386352539
1994-01-28,26.93412971496582
1994-01-31,27.127531051635742
1994-02-01,26.98688507080078
1994-02-02,27.16269302368164
1994-02-03,27.03963279724121
1994-02-04,26.424283981323242
1994-02-07,26.54737091064453
1994-02-08,26.564943313598633
1994-02-09,26.67041778564453
1994-02-10,26.441869735717773
1994-02-11,26.529783248901367
1994-02-14,26.564943313598633
1994-02-15,26.70558738708496
1994-02-16,26.688011169433594
1994-02-17,26.529783248901367
1994-02-18,26.371557235717773
1994-02-22,26.635263442993164
1994-02-23,26.564943313598633
1994-02-24,26.213321685791016
1994-02-25,26.33639907836914
1994-02-28,26.33639907836914
1994-03-01,26.230913162231445
1994-03-02,26.266080856323242
1994-03-03,26.195743560791016
1994-03-04,26.266080856323242
1994-03-07,26.406715393066406
1994-03-08,26.301223754882812
1994-03-09,26.424283981323242
1994-03-10,26.213321685791016
1994-03-11,26.353965759277344
1994-03-14,26.38913345336914
1994-03-15,26.371557235717773
1994-03-16,26.582529067993164
1994-03-17,26.582529067993164
1994-03-18,26.57672119140625
1994-03-21,26.50598907470703
1994-03-22,26.57672119140625
1994-03-23,26.559040069580078
1994-03-24,26.24074363708496
1994-03-25,25.993194580078125
1994-03-28,26.02855682373047
1994-03-29,25.515771865844727
1994-03-30,25.1621150970459
1994-03-31,25.232839584350586
1994-04-04,24.84384536743164
1994-04-05,25.356639862060547
1994-04-06,25.356639862060547
1994-04-07,25.480409622192383
1994-04-08,25.28590202331543
1994-04-11,25.39199447631836
1994-04-12,25.356639862060547
1994-04-13,25.22400665283203
1994-04-14,25.232839584350586
1994-04-15,25.232839584350586
1994-04-18,25.06488609313965
1994-04-19,25.10024642944336
1994-04-20,25.073726654052734
1994-04-21,25.40966796875
1994-04-22,25.383155822753906
1994-04-25,25.648399353027344
1994-04-26,25.621868133544922
1994-04-28,25.43620491027832
1994-04-29,25.515771865844727
1994-05-02,25.67491912841797
1994-05-03,25.648399353027344
1994-05-04,25.60418701171875
1994-05-05,25.56882095336914
1994-05-06,25.321271896362305
1994-05-09,25.10024642944336
1994-05-10,25.294740676879883
1994-05-11,25.06488609313965
1994-05-12,25.188650131225586
1994-05-13,25.188650131225586
1994-05-16,25.197498321533203
1994-05-17,25.56882095336914
1994-05-18,25.75448226928711
1994-05-19,25.878271102905273
1994-05-20,25.781005859375
1994-05-23,25.736806869506836
1994-05-24,25.84290885925293
1994-05-25,25.91362190246582
1994-05-26,25.931318283081055
1994-05-27,25.95783233642578
1994-05-31,25.92246437072754
1994-06-01,26.03742027282715
1994-06-02,26.010889053344727
1994-06-03,26.161178588867188
1994-06-06,26.15234375
1994-06-07,26.116987228393555
1994-06-08,25.904794692993164
1994-06-09,26.046262741088867
1994-06-10,26.090457916259766
1994-06-13,26.12582015991211
1994-06-14,26.329164505004883
1994-06-15,26.22307777404785
1994-06-16,26.2761173248291
1994-06-17,26.12944984436035
1994-06-20,25.906957626342773
1994-06-21,25.684484481811523
1994-06-22,25.782371520996094
1994-06-23,25.631065368652344
1994-06-24,25.09708595275879
1994-06-27,25.533178329467773
1994-06-28,25.408565521240234
1994-06-29,25.488689422607422
1994-06-30,25.328475952148438
1994-07-01,25.38188362121582
1994-07-05,25.5153751373291
1994-07-06,25.479782104492188
1994-07-07,25.586563110351562
1994-07-08,25.577659606933594
1994-07-11,25.488689422607422
1994-07-12,25.524274826049805
1994-07-13,25.56877899169922
1994-07-14,25.84467124938965
1994-07-15,25.853567123413086
1994-07-18,25.898067474365234
1994-07-19,25.84467124938965
1994-07-20,25.728971481323242
1994-07-21,25.782371520996094
1994-07-22,25.826860427856445
1994-07-25,25.862464904785156
1994-07-26,25.83576774597168
1994-07-27,25.83576774597168
1994-07-28,25.889163970947266
1994-07-29,26.147262573242188
1994-08-01,26.27184295654297
1994-08-02,26.30743980407715
1994-08-03,26.316347122192383
1994-08-04,26.165048599243164
1994-08-05,26.076068878173828
1994-08-08,26.138349533081055
1994-08-09,26.182859420776367
1994-08-10,26.28073501586914
1994-08-11,26.182859420776367
1994-08-12,26.387540817260742
1994-08-15,26.378658294677734
1994-08-16,26.5655460357666
1994-08-17,26.54773712158203
1994-08-18,26.458730697631836
1994-08-19,26.440933227539062
1994-08-22,26.41423988342285
1994-08-23,26.5655460357666
1994-08-24,26.850332260131836
1994-08-25,26.77912712097168
1994-08-26,27.161815643310547
1994-08-29,27.14402198791504
1994-08-30,27.215208053588867
1994-08-31,27.14402198791504
1994-09-01,27.05502700805664
1994-09-02,26.93932342529297
1994-09-06,26.948238372802734
1994-09-07,26.92151641845703
1994-09-08,27.05502700805664
1994-09-09,26.770227432250977
1994-09-12,26.690135955810547
1994-09-13,26.770227432250977
1994-09-14,26.796932220458984
1994-09-15,27.135116577148438
1994-09-16,26.942001342773438
1994-09-19,26.968870162963867
1994-09-20,26.458499908447266
1994-09-21,26.458499908447266
1994-09-22,26.395816802978516
1994-09-23,26.306289672851562
1994-09-26,26.440587997436523
1994-09-27,26.422679901123047
1994-09-28,26.628625869750977
1994-09-29,26.49430274963379
1994-09-30,26.458499908447266
1994-10-03,26.395816802978516
1994-10-04,26.001848220825195
1994-10-05,26.010814666748047
1994-10-06,25.93022346496582
1994-10-07,26.046627044677734
1994-10-10,26.324201583862305
1994-10-11,26.71815299987793
1994-10-12,26.75396728515625
1994-10-13,26.843505859375
1994-10-14,26.959918975830078
1994-10-17,26.906198501586914
1994-10-18,26.843505859375
1994-10-19,26.968870162963867
1994-10-20,26.789777755737305
1994-10-21,26.682344436645508
1994-10-24,26.458499908447266
1994-10-25,26.4853572845459
1994-10-26,26.583833694458008
1994-10-27,26.745027542114258
1994-10-28,27.309112548828125
1994-10-31,27.210615158081055
1994-11-01,26.906198501586914
1994-11-02,26.75396728515625
1994-11-03,26.89724349975586
1994-11-04,26.54803466796875
1994-11-07,26.628625869750977
1994-11-08,26.834558486938477
1994-11-09,26.879322052001953
1994-11-10,26.69129753112793
1994-11-11,26.592796325683594
1994-11-14,26.843505859375
1994-11-15,26.75396728515625
1994-11-16,26.843505859375
1994-11-17,26.6644344329834
1994-11-18,26.628625869750977
1994-11-21,26.359996795654297
1994-11-22,25.786962509155273
1994-11-23,25.93022346496582
1994-11-25,26.055564880371094
1994-11-28,26.171964645385742
1994-11-29,26.163021087646484
1994-11-30,26.127195358276367
1994-12-01,25.86753273010254
1994-12-02,26.109304428100586
1994-12-05,26.13616371154785
1994-12-06,26.154062271118164
1994-12-07,25.966039657592773
1994-12-08,25.715322494506836
1994-12-09,25.81382179260254
1994-12-12,25.983938217163086
1994-12-13,26.082447052001953
1994-12-14,26.216754913330078
1994-12-15,26.297327041625977
1994-12-16,26.425785064697266
1994-12-19,26.461881637573242
1994-12-20,26.38063621520996
1994-12-21,26.660430908203125
1994-12-22,26.579191207885742
1994-12-23,26.606277465820312
1994-12-27,26.75067901611328
1994-12-28,26.615304946899414
1994-12-29,26.633358001708984
1994-12-30,26.317481994628906
1995-01-03,26.443838119506836
1995-01-04,26.57016944885254
1995-01-05,26.57016944885254
1995-01-06,26.597248077392578
1995-01-09,26.62432289123535
1995-01-10,26.651409149169922
1995-01-11,26.66946029663086
1995-01-12,26.67848777770996
1995-01-13,26.99435806274414
1995-01-16,27.15681266784668
1995-01-17,27.165843963623047
1995-01-18,27.138761520385742
1995-01-19,26.9853458404541
1995-01-20,26.886062622070312
1995-01-23,26.96728515625
1995-01-24,27.003381729125977
1995-01-25,27.075599670410156
1995-01-26,27.102649688720703
1995-01-27,27.21096420288086
1995-01-30,27.0936336517334
1995-01-31,27.20193099975586
1995-02-01,27.19294548034668
1995-02-02,27.355371475219727
1995-02-03,27.743446350097656
1995-02-06,27.86078453063965
1995-02-07,27.896881103515625
1995-02-08,27.896881103515625
1995-02-09,27.896881103515625
1995-02-10,27.932971954345703
1995-02-13,27.941999435424805
1995-02-14,27.978116989135742
1995-02-15,28.131534576416016
1995-02-16,28.095426559448242
1995-02-17,27.987136840820312
1995-02-21,27.978116989135742
1995-02-22,28.185688018798828
1995-02-23,28.230817794799805
1995-02-24,28.30301856994629
1995-02-27,28.07740020751953
1995-02-28,28.31203842163086
1995-03-01,28.131534576416016
1995-03-02,28.167633056640625
1995-03-03,28.17666244506836
1995-03-06,28.1947021484375
1995-03-07,27.978116989135742
1995-03-08,28.05031394958496
1995-03-09,28.041276931762695
1995-03-10,28.456451416015625
1995-03-13,28.429367065429688
1995-03-14,28.63694190979004
1995-03-15,28.582805633544922
1995-03-16,28.754297256469727
1995-03-17,28.782880783081055
1995-03-20,28.782880783081055
1995-03-21,28.710283279418945
1995-03-22,28.737516403198242
1995-03-23,28.755632400512695
1995-03-24,29.16398811340332
1995-03-27,29.281946182250977
1995-03-28,29.281946182250977
1995-03-29,29.272878646850586
1995-03-30,29.218414306640625
1995-03-31,29.100454330444336
1995-04-03,29.173049926757812
1995-04-04,29.363618850708008
1995-04-05,29.363618850708008
1995-04-06,29.472515106201172
1995-04-07,29.445283889770508
1995-04-10,29.499719619750977
1995-04-11,29.399913787841797
1995-04-12,29.499719619750977
1995-04-13,29.663053512573242
1995-04-17,29.49066925048828
1995-04-18,29.390832901000977
1995-04-19,29.363618850708008
1995-04-20,29.408981323242188
1995-04-21,29.55417251586914
1995-04-24,29.898975372314453
1995-04-25,29.81731605529785
1995-04-26,29.84452247619629
1995-04-27,29.917137145996094
1995-04-28,29.962491989135742
1995-05-01,29.88085174560547
1995-05-02,29.944364547729492
1995-05-03,30.36176109313965
1995-05-04,30.343610763549805
1995-05-05,30.30731964111328
1995-05-08,30.52509880065918
1995-05-09,30.497886657714844
1995-05-10,30.534164428710938
1995-05-11,30.615821838378906
1995-05-12,30.63397216796875
1995-05-15,30.779176712036133
1995-05-16,30.797306060791016
1995-05-17,30.67936134338379
1995-05-18,30.234724044799805
1995-05-19,30.252891540527344
1995-05-22,30.588607788085938
1995-05-23,30.86988067626953
1995-05-24,30.851757049560547
1995-05-25,30.878965377807617
1995-05-26,30.52509880065918
1995-05-30,30.51601219177246
1995-05-31,31.151206970214844
1995-06-01,31.069522857666016
1995-06-02,31.096759796142578
1995-06-05,31.28730010986328
1995-06-06,31.23287582397461
1995-06-07,31.069522857666016
1995-06-08,30.9969482421875
1995-06-09,30.81546401977539
1995-06-12,30.987876892089844
1995-06-13,31.323604583740234
1995-06-14,31.296382904052734
1995-06-15,31.432497024536133
1995-06-16,31.525819778442383
1995-06-19,31.881792068481445
1995-06-20,31.79963493347168
1995-06-21,31.781383514404297
1995-06-22,32.20124816894531
1995-06-23,32.13734436035156
1995-06-26,31.75400733947754
1995-06-27,31.690122604370117
1995-06-28,31.854400634765625
1995-06-29,31.79963493347168
1995-06-30,31.781383514404297
1995-07-03,31.900035858154297
1995-07-05,32.01869583129883
1995-07-06,32.42939376831055
1995-07-07,32.575462341308594
1995-07-10,32.593711853027344
1995-07-11,32.43853759765625
1995-07-12,32.84012985229492
1995-07-13,32.76713562011719
1995-07-14,32.739742279052734
1995-07-17,32.922298431396484
1995-07-18,32.639347076416016
1995-07-19,32.283382415771484
1995-07-20,32.40203094482422
1995-07-21,32.36553192138672
1995-07-24,32.602840423583984
1995-07-25,32.849281311035156
1995-07-26,32.821895599365234
1995-07-27,33.0957145690918
1995-07-28,32.88579177856445
1995-07-31,32.80364227294922
1995-08-01,32.74886703491211
1995-08-02,32.67585754394531
1995-08-03,32.6667366027832
1995-08-04,32.703250885009766
1995-08-07,32.77626419067383
1995-08-08,32.77626419067383
1995-08-09,32.76713562011719
1995-08-10,32.69413757324219
1995-08-11,32.51155471801758
1995-08-14,32.80364227294922
1995-08-15,32.739742279052734
1995-08-16,32.83101272583008
1995-08-17,32.77626419067383
1995-08-18,32.81277847290039
1995-08-21,32.72150802612305
1995-08-22,32.785404205322266
1995-08-23,32.6667366027832
1995-08-24,32.703250885009766
1995-08-25,32.88579177856445
1995-08-28,32.76713562011719
1995-08-29,32.849281311035156
1995-08-30,32.922298431396484
1995-08-31,32.94967269897461
1995-09-01,33.0957145690918
1995-09-05,33.40604019165039
1995-09-06,33.46995544433594
1995-09-07,33.48819351196289
1995-09-08,33.61600112915039
1995-09-11,33.70725631713867
1995-09-12,33.8624153137207
1995-09-13,34.01756286621094
1995-09-14,34.327903747558594
1995-09-15,34.31843566894531
1995-09-18,34.18996047973633
1995-09-19,34.35515594482422
1995-09-20,34.52030944824219
1995-09-21,34.235843658447266
1995-09-22,34.245025634765625
1995-09-25,34.18996047973633
1995-09-26,34.180816650390625
1995-09-27,34.15326690673828
1995-09-28,34.410186767578125
1995-09-29,34.345970153808594
1995-10-02,34.1716194152832
1995-10-03,34.20833969116211
1995-10-04,34.1716194152832
1995-10-05,34.272552490234375
1995-10-06,34.300079345703125
1995-10-09,34.0156364440918
1995-10-10,33.99726867675781
1995-10-11,34.107383728027344
1995-10-12,34.31843566894531
1995-10-13,34.42853927612305
1995-10-16,34.26337432861328
1995-10-17,34.492774963378906
1995-10-18,34.59373092651367
1995-10-19,34.7588996887207
1995-10-20,34.54783248901367
1995-10-23,34.47443389892578
1995-10-24,34.511131286621094
1995-10-25,34.226688385009766
1995-10-26,33.91469192504883
1995-10-27,34.1716194152832
1995-10-30,34.3918571472168
1995-10-31,34.245025634765625
1995-11-01,34.52030944824219
1995-11-02,34.74051284790039
1995-11-03,34.786399841308594
1995-11-06,34.66712188720703
1995-11-07,34.53866958618164
1995-11-08,34.85063934326172
1995-11-09,34.97909927368164
1995-11-10,34.960758209228516
1995-11-13,34.9240608215332
1995-11-14,34.69465637207031
1995-11-15,35.0433464050293
1995-11-16,35.236045837402344
1995-11-17,35.346153259277344
1995-11-20,35.16263198852539
1995-11-21,35.44709396362305
1995-11-22,35.33697509765625
1995-11-24,35.42875289916992
1995-11-27,35.437923431396484
1995-11-28,35.81413650512695
1995-11-29,35.85084915161133
1995-11-30,35.76823425292969
1995-12-01,35.81413650512695
1995-12-04,36.25457763671875
1995-12-05,36.49317169189453
1995-12-06,36.57572937011719
1995-12-07,36.38304901123047
1995-12-08,36.502323150634766
1995-12-11,36.6583251953125
1995-12-12,36.548221588134766
1995-12-13,36.777618408203125
1995-12-14,36.51150894165039
1995-12-15,36.5248908996582
1995-12-18,35.82318878173828
1995-12-19,36.201744079589844
1995-12-20,35.85089111328125
1995-12-21,36.03554916381836
1995-12-22,36.164817810058594
1995-12-26,36.34023666381836
1995-12-27,36.321773529052734
1995-12-28,36.284820556640625
1995-12-29,36.33099365234375
1996-01-02,36.71877670288086
1996-01-03,36.820335388183594
1996-01-04,36.46949768066406
1996-01-05,36.39561080932617
1996-01-08,36.53411102294922
1996-01-09,35.90629196166992
1996-01-10,35.435401916503906
1996-01-11,35.64777374267578
1996-01-12,35.59236526489258
1996-01-15,35.51852035522461
1996-01-16,35.95244598388672
1996-01-17,35.841670989990234
1996-01-18,35.96169662475586
1996-01-19,36.201744079589844
1996-01-22,36.21095657348633
1996-01-23,36.2940788269043
1996-01-24,36.58952331542969
1996-01-25,36.46026611328125
1996-01-26,36.774173736572266
1996-01-29,36.92189025878906
1996-01-30,37.235801696777344
1996-01-31,37.62357711791992
1996-02-01,37.76207733154297
1996-02-02,37.6051139831543
1996-02-05,37.90981674194336
1996-02-06,38.26986312866211
1996-02-07,38.491458892822266
1996-02-08,38.906944274902344
1996-02-09,38.89772415161133
1996-02-12,39.19316864013672
1996-02-13,39.11006546020508
1996-02-14,38.768436431884766
1996-02-15,38.52840805053711
1996-02-16,38.37144470214844
1996-02-20,37.99288558959961
1996-02-21,38.463783264160156
1996-02-22,39.073143005371094
1996-02-23,38.962337493896484
1996-02-26,38.40837478637695
1996-02-27,38.288360595703125
1996-02-28,38.11293029785156
1996-02-29,37.74361038208008
1996-03-01,38.343753814697266
1996-03-04,38.56532287597656
1996-03-05,38.9254035949707
1996-03-06,38.583797454833984
1996-03-07,38.77768325805664
1996-03-08,37.52200698852539
1996-03-11,37.955963134765625
1996-03-12,37.660526275634766
1996-03-13,37.91905212402344
1996-03-14,38.08522415161133
1996-03-15,38.05963134765625
1996-03-18,38.79226303100586
1996-03-19,38.708797454833984
1996-03-20,38.66242980957031
1996-03-21,38.56969451904297
1996-03-22,38.671688079833984
1996-03-25,38.59751510620117
1996-03-26,38.782981872558594
1996-03-27,38.43058395385742
1996-03-28,38.578956604003906
1996-03-29,38.39348220825195
1996-04-01,38.838626861572266
1996-04-02,38.91282272338867
1996-04-03,38.91282272338867
1996-04-04,38.885005950927734
1996-04-08,38.217281341552734
1996-04-09,38.06890106201172
1996-04-10,37.39192581176758
1996-04-11,37.345550537109375
1996-04-12,37.81851577758789
1996-04-15,38.13382339477539
1996-04-16,38.2451057434082
1996-04-17,38.152366638183594
1996-04-18,38.20801544189453
1996-04-19,38.30074691772461
1996-04-22,38.59751510620117
1996-04-23,38.718074798583984
1996-04-24,38.578956604003906
1996-04-25,38.75516128540039
1996-04-26,38.838626861572266
1996-04-29,38.838626861572266
1996-04-30,38.81079864501953
1996-05-01,38.89426803588867
1996-05-02,38.226558685302734
1996-05-03,38.17091369628906
1996-05-06,38.13382339477539
1996-05-07,37.976165771484375
1996-05-08,38.44912338256836
1996-05-09,38.421295166015625
1996-05-10,38.80154037475586
1996-05-13,39.38576889038086
1996-05-14,39.626895904541016
1996-05-15,39.580528259277344
1996-05-16,39.66400146484375
1996-05-17,39.877288818359375
1996-05-20,40.14621353149414
1996-05-21,40.090576171875
1996-05-22,40.47081756591797
1996-05-23,40.303897857666016
1996-05-24,40.4615478515625
1996-05-28,40.053489685058594
1996-05-29,39.784549713134766
1996-05-30,39.988582611083984
1996-05-31,39.69181823730469
1996-06-03,39.80309295654297
1996-06-04,40.081321716308594
1996-06-05,40.433719635009766
1996-06-06,40.13697052001953
1996-06-07,40.13697052001953
1996-06-10,40.007137298583984
1996-06-11,39.970035552978516
1996-06-12,39.89583206176758
1996-06-13,39.89583206176758
1996-06-14,39.72892379760742
1996-06-17,39.70109939575195
1996-06-18,39.37649917602539
1996-06-19,39.552711486816406
1996-06-20,39.5248908996582
1996-06-21,39.86483383178711
1996-06-24,39.93943405151367
1996-06-25,39.892826080322266
1996-06-26,39.62242889404297
1996-06-27,39.90213394165039
1996-06-28,40.04197311401367
1996-07-01,40.386932373046875
1996-07-02,40.23772430419922
1996-07-03,40.15384292602539
1996-07-05,39.12833023071289
1996-07-08,38.96982192993164
1996-07-09,39.12833023071289
1996-07-10,39.286808013916016
1996-07-11,38.49437713623047
1996-07-12,38.52235412597656
1996-07-15,37.38492965698242
1996-07-16,37.4781608581543
1996-07-17,37.92567825317383
1996-07-18,38.44776153564453
1996-07-19,38.1680793762207
1996-07-22,37.88838577270508
1996-07-23,37.403587341308594
1996-07-24,37.4781608581543
1996-07-25,37.81380844116211
1996-07-26,38.01890563964844
1996-07-29,37.599365234375
1996-07-30,37.96295928955078
1996-07-31,38.242652893066406
1996-08-01,38.8765983581543
1996-08-02,39.71567153930664
1996-08-05,39.48261260986328
1996-08-06,39.603790283203125
1996-08-07,39.706363677978516
1996-08-08,39.64109802246094
1996-08-09,39.510581970214844
1996-08-12,39.799583435058594
1996-08-13,39.48261260986328
1996-08-14,39.62242889404297
1996-08-15,39.54785919189453
1996-08-16,39.88349914550781
1996-08-19,39.90213394165039
1996-08-20,39.87416076660156
1996-08-21,39.73432159423828
1996-08-22,40.10723114013672
1996-08-23,39.892826080322266
1996-08-26,39.6970329284668
1996-08-27,39.84619903564453
1996-08-28,39.78092575073242
1996-08-29,39.38938522338867
1996-08-30,38.979148864746094
1996-09-03,39.230892181396484
1996-09-04,39.268184661865234
1996-09-05,38.7927131652832
1996-09-06,39.342769622802734
1996-09-09,39.808929443359375
1996-09-10,39.790245056152344
1996-09-11,40.01401138305664
1996-09-12,40.29370880126953
1996-09-13,40.90902328491211
1996-09-16,41.05816650390625
1996-09-17,40.964935302734375
1996-09-18,40.862388610839844
1996-09-19,41.0208854675293
1996-09-20,41.166404724121094
1996-09-23,41.15703582763672
1996-09-24,41.14767074584961
1996-09-25,41.175758361816406
1996-09-26,41.15703582763672
1996-09-27,41.19449996948242
1996-09-30,41.15703582763672
1996-10-01,41.38193130493164
1996-10-02,41.663055419921875
1996-10-03,41.62556838989258
1996-10-04,42.187808990478516
1996-10-07,42.234676361083984
1996-10-08,42.06597900390625
1996-10-09,41.738006591796875
1996-10-10,41.6536979675293
1996-10-11,42.169071197509766
1996-10-14,42.225311279296875
1996-10-15,42.169071197509766
1996-10-16,42.37522888183594
1996-10-17,42.487701416015625
1996-10-18,42.71258544921875
1996-10-21,42.656375885009766
1996-10-22,42.356483459472656
1996-10-23,42.49705505371094
1996-10-24,42.131614685058594
1996-10-25,42.169071197509766
1996-10-28,41.88795852661133
1996-10-29,42.225311279296875
1996-10-30,42.08474349975586
1996-10-31,42.487701416015625
1996-11-01,42.3377571105957
1996-11-04,42.618919372558594
1996-11-05,42.862525939941406
1996-11-06,43.68718719482422
1996-11-07,43.79026412963867
1996-11-08,44.03389358520508
1996-11-11,43.98701095581055
1996-11-12,43.855857849121094
1996-11-13,44.05262756347656
1996-11-14,44.3431396484375
1996-11-15,44.39935302734375
1996-11-18,44.4087028503418
1996-11-19,44.72734451293945
1996-11-20,44.80234146118164
1996-11-21,44.736732482910156
1996-11-22,45.08344268798828
1996-11-25,45.655059814453125
1996-11-26,45.505149841308594
1996-11-27,45.42079544067383
1996-11-29,45.58943176269531
1996-12-02,45.60820770263672
1996-12-03,44.83041763305664
1996-12-04,44.952239990234375
1996-12-05,44.83041763305664
1996-12-06,44.56802749633789
1996-12-09,45.2239990234375
1996-12-10,45.008487701416016
1996-12-11,44.59614562988281
1996-12-12,43.855857849121094
1996-12-13,43.96827697753906
1996-12-16,43.40604782104492
1996-12-17,43.75276184082031
1996-12-18,44.09949493408203
1996-12-19,45.008487701416016
1996-12-20,45.107215881347656
1996-12-23,44.99422073364258
1996-12-24,45.32381057739258
1996-12-26,45.67223358154297
1996-12-27,45.72877502441406
1996-12-30,45.333229064941406
1996-12-31,44.50456237792969
1997-01-02,44.617557525634766
1997-01-03,45.25788879394531
1997-01-06,44.86240768432617
1997-01-07,45.40855407714844
1997-01-08,45.01304244995117
1997-01-09,45.38974380493164
1997-01-10,45.87942123413086
1997-01-13,45.813472747802734
1997-01-14,46.387939453125
1997-01-15,46.27492904663086
1997-01-16,46.463260650634766
1997-01-17,46.745784759521484
1997-01-20,46.8022575378418
1997-01-21,47.178977966308594
1997-01-22,47.51796340942383
1997-01-23,46.85877990722656
1997-01-24,46.256107330322266
1997-01-27,46.12425231933594
1997-01-28,46.256107330322266
1997-01-29,46.708126068115234
1997-01-30,47.31077575683594
1997-01-31,47.25430679321289
1997-02-03,47.39557647705078
1997-02-04,47.68749237060547
1997-02-05,46.79286575317383
1997-02-06,47.10361862182617
1997-02-07,47.743995666503906
1997-02-10,47.2919807434082
1997-02-11,47.838157653808594
1997-02-12,48.51618576049805
1997-02-13,49.04352951049805
1997-02-14,48.930511474609375
1997-02-18,49.34487533569336
1997-02-19,49.015254974365234
1997-02-20,48.42198944091797
1997-02-21,48.44083786010742
1997-02-24,49.015254974365234
1997-02-25,49.052955627441406
1997-02-26,48.572662353515625
1997-02-27,47.84757614135742
1997-02-28,47.70631790161133
1997-03-03,48.02646255493164
1997-03-04,47.76280212402344
1997-03-05,48.572662353515625
1997-03-06,48.29014587402344
1997-03-07,48.723365783691406
1997-03-10,49.231842041015625
1997-03-11,48.96818161010742
1997-03-12,48.535003662109375
1997-03-13,47.78163528442383
1997-03-14,48.02646255493164
1997-03-17,48.1583366394043
1997-03-18,47.64038848876953
1997-03-19,47.48031234741211
1997-03-20,47.2354736328125
1997-03-21,47.45417022705078
1997-03-24,48.115867614746094
1997-03-25,47.643226623535156
1997-03-26,47.8511962890625
1997-03-27,46.58449935913086
1997-03-31,45.60139083862305
1997-04-01,45.894405364990234
1997-04-02,45.07201385498047
1997-04-03,45.31779861450195
1997-04-04,45.884952545166016
1997-04-07,46.06458282470703
1997-04-08,46.395423889160156
1997-04-09,46.017311096191406
1997-04-10,45.8471565246582
1997-04-11,44.391395568847656
1997-04-14,44.98693084716797
1997-04-15,45.752628326416016
1997-04-16,46.281978607177734
1997-04-17,46.092899322509766
1997-04-18,46.31980895996094
1997-04-21,46.017311096191406
1997-04-22,47.02879333496094
1997-04-23,47.07603454589844
1997-04-24,46.83970260620117
1997-04-25,46.30087661743164
1997-04-28,46.754661560058594
1997-04-29,48.229305267333984
1997-04-30,48.45616912841797
1997-05-01,48.39948272705078
1997-05-02,49.269168853759766
1997-05-05,50.44135284423828
1997-05-06,50.40351104736328
1997-05-07,49.30693817138672
1997-05-08,49.64724349975586
1997-05-09,49.98758316040039
1997-05-12,50.81943130493164
1997-05-13,50.611473083496094
1997-05-14,50.70599365234375
1997-05-15,51.046329498291016
1997-05-16,50.34676742553711
1997-05-19,50.4980583190918
1997-05-20,51.10301971435547
1997-05-21,50.98961639404297
1997-05-22,50.81943130493164
1997-05-23,51.29210662841797
1997-05-27,51.50005340576172
1997-05-28,51.49060821533203
1997-05-29,51.18812942504883
1997-05-30,51.51895523071289
1997-06-02,51.29210662841797
1997-06-03,51.1219482421875
1997-06-04,51.065223693847656
1997-06-05,51.25428009033203
1997-06-06,52.256324768066406
1997-06-09,52.52099609375
1997-06-10,52.68171310424805
1997-06-11,52.8045768737793
1997-06-12,53.82550811767578
1997-06-13,54.27924728393555
1997-06-16,54.29814529418945
1997-06-17,54.2225341796875
1997-06-18,54.03346252441406
1997-06-19,54.59117889404297
1997-06-20,54.40520095825195
1997-06-23,53.086090087890625
1997-06-24,54.433658599853516
1997-06-25,54.0540771484375
1997-06-26,53.78839111328125
1997-06-27,53.99714660644531
1997-06-30,53.63652038574219
1997-07-01,54.26284408569336
1997-07-02,55.1549186706543
1997-07-03,55.914100646972656
1997-07-07,55.344661712646484
1997-07-08,55.92359161376953
1997-07-09,55.30671691894531
1997-07-10,55.553462982177734
1997-07-11,55.74324417114258
1997-07-14,55.914100646972656
1997-07-15,56.19877243041992
1997-07-16,56.93899917602539
1997-07-17,56.654296875
1997-07-18,55.4490852355957
1997-07-21,55.458553314208984
1997-07-22,56.92950439453125
1997-07-23,56.882041931152344
1997-07-24,57.14777755737305
1997-07-25,57.109798431396484
1997-07-28,57.071842193603516
1997-07-29,57.26163101196289
1997-07-30,57.944942474365234
1997-07-31,57.887943267822266
1997-08-01,57.66019058227539
1997-08-04,57.81203079223633
1997-08-05,57.850013732910156
1997-08-06,58.32447814941406
1997-08-07,57.887943267822266
1997-08-08,56.71120834350586
1997-08-11,57.12874984741211
1997-08-12,56.21776580810547
1997-08-13,56.04695129394531
1997-08-14,56.2557258605957
1997-08-15,54.52852249145508
1997-08-18,55.74324417114258
1997-08-19,56.38856887817383
1997-08-20,57.24266815185547
1997-08-21,56.23674392700195
1997-08-22,56.21776580810547
1997-08-25,56.00895690917969
1997-08-26,55.18336868286133
1997-08-27,55.5155143737793
1997-08-28,54.67092514038086
1997-08-29,54.88916778564453
1997-09-02,56.673240661621094
1997-09-03,56.36956787109375
1997-09-04,56.7302131652832
1997-09-05,56.568843841552734
1997-09-08,56.81562423706055
1997-09-09,56.844093322753906
1997-09-10,55.66733169555664
1997-09-11,55.38266372680664
1997-09-12,56.274696350097656
1997-09-15,56.1798095703125
1997-09-16,57.58430099487305
1997-09-17,57.58430099487305
1997-09-18,57.83103942871094
1997-09-19,57.92887878417969
1997-09-22,58.252708435058594
1997-09-23,57.986019134521484
1997-09-24,57.50978088378906
1997-09-25,57.1097526550293
1997-09-26,57.58595275878906
1997-09-29,58.138389587402344
1997-09-30,57.52884292602539
1997-10-01,58.29082489013672
1997-10-02,58.6146354675293
1997-10-03,58.909915924072266
1997-10-06,59.3004035949707
1997-10-07,59.852840423583984
1997-10-08,59.433753967285156
1997-10-09,59.22423553466797
1997-10-10,59.05280303955078
1997-10-13,59.109901428222656
1997-10-14,59.12895202636719
1997-10-15,58.99565124511719
1997-10-16,58.06222152709961
1997-10-17,57.4716911315918
1997-10-20,58.29082489013672
1997-10-21,59.424232482910156
1997-10-22,59.03371810913086
1997-10-23,57.8717041015625
1997-10-24,57.30022430419922
1997-10-27,53.14750671386719
1997-10-28,56.21441650390625
1997-10-29,56.06204605102539
1997-10-30,54.823829650878906
1997-10-31,56.119163513183594
1997-11-03,57.30022430419922
1997-11-04,57.30022430419922
1997-11-05,57.4907341003418
1997-11-06,57.27167510986328
1997-11-07,56.65256118774414
1997-11-10,56.309661865234375
1997-11-11,56.32875061035156
1997-11-12,55.166690826416016
1997-11-13,55.9668083190918
1997-11-14,56.72876739501953
1997-11-17,57.776466369628906
1997-11-18,57.414554595947266
1997-11-19,57.70026397705078
1997-11-20,58.57654571533203
1997-11-21,58.97657012939453
1997-11-24,57.909828186035156
1997-11-25,58.06222152709961
1997-11-26,58.2336540222168
1997-11-28,58.29082489013672
1997-12-01,59.795684814453125
1997-12-02,59.433753967285156
1997-12-03,59.60520553588867
1997-12-04,59.54804229736328
1997-12-05,60.31002426147461
1997-12-08,60.13856506347656
1997-12-09,59.776649475097656
1997-12-10,59.262325286865234
1997-12-11,58.252708435058594
1997-12-12,58.36701202392578
1997-12-15,58.95751190185547
1997-12-16,59.31946563720703
1997-12-17,59.0146484375
1997-12-18,58.44322204589844
1997-12-19,58.00638198852539
1997-12-22,58.379337310791016
1997-12-23,57.337005615234375
1997-12-24,57.16487121582031
1997-12-26,57.39434814453125
1997-12-29,58.52277374267578
1997-12-30,59.440757751464844
1997-12-31,59.40254211425781
1998-01-02,59.70848846435547
1998-01-05,59.84239196777344
1998-01-06,58.886146545410156
1998-01-07,59.03913497924805
1998-01-08,58.52277374267578
1998-01-09,56.49547576904297
1998-01-12,57.52821731567383
1998-01-13,58.331539154052734
1998-01-14,58.59926223754883
1998-01-15,58.111541748046875
1998-01-16,58.943511962890625
1998-01-20,59.89975357055664
1998-01-21,59.32602310180664
1998-01-22,58.80004119873047
1998-01-23,58.714012145996094
1998-01-26,58.675758361816406
1998-01-27,59.268638610839844
1998-01-28,59.804115295410156
1998-01-29,60.129276275634766
1998-01-30,60.167503356933594
1998-02-02,61.162010192871094
1998-02-03,61.62102508544922
1998-02-04,61.544532775878906
1998-02-05,61.50624084472656
1998-02-06,62.19475173950195
1998-02-09,61.984397888183594
1998-02-10,62.57727813720703
1998-02-11,62.51991271972656
1998-02-12,62.787681579589844
1998-02-13,62.42426681518555
1998-02-17,62.73029708862305
1998-02-18,63.304012298583984
1998-02-19,62.96931457519531
1998-02-20,63.43790817260742
1998-02-23,63.68653106689453
1998-02-24,63.189266204833984
1998-02-25,63.97343063354492
1998-02-26,64.33678436279297
1998-02-27,64.33678436279297
1998-03-02,64.20287322998047
1998-03-03,64.56626892089844
1998-03-04,64.1455307006836
1998-03-05,63.552635192871094
1998-03-06,64.83406066894531
1998-03-09,64.60454559326172
1998-03-10,65.2165298461914
1998-03-11,65.52250671386719
1998-03-12,65.79027557373047
1998-03-13,65.54167938232422
1998-03-16,66.24929809570312
1998-03-17,66.4405517578125
1998-03-18,66.68916320800781
1998-03-19,66.86128234863281
1998-03-20,67.43701934814453
1998-03-23,67.28356170654297
1998-03-24,67.85894012451172
1998-03-25,67.609619140625
1998-03-26,67.57125854492188
1998-03-27,67.28356170654297
1998-03-30,67.24516296386719
1998-03-31,67.47534942626953
1998-04-01,68.02198028564453
1998-04-02,68.76039123535156
1998-04-03,69.10564422607422
1998-04-06,68.54943084716797
1998-04-07,68.08911895751953
1998-04-08,67.7055435180664
1998-04-09,68.24256134033203
1998-04-13,68.05077362060547
1998-04-14,68.62614440917969
1998-04-15,68.8179702758789
1998-04-16,68.01240539550781
1998-04-17,68.91386413574219
1998-04-20,68.89466857910156
1998-04-21,69.22074127197266
1998-04-22,69.41254425048828
1998-04-23,68.74124908447266
1998-04-24,68.01240539550781
1998-04-27,66.72734832763672
1998-04-28,66.6314468383789
1998-04-29,67.09174346923828
1998-04-30,68.3384780883789
1998-05-01,69.10564422607422
1998-05-04,68.93302154541016
1998-05-05,68.45352172851562
1998-05-06,67.64794158935547
1998-05-07,67.11097717285156
1998-05-08,68.20419311523438
1998-05-11,67.97404479980469
1998-05-12,68.702880859375
1998-05-13,68.87548828125
1998-05-14,68.53024291992188
1998-05-15,68.14665985107422
1998-05-18,67.87815856933594
1998-05-19,68.3384780883789
1998-05-20,68.99057006835938
1998-05-21,68.54943084716797
1998-05-22,68.28094482421875
1998-05-26,67.18767547607422
1998-05-27,67.28356170654297
1998-05-28,67.59043884277344
1998-05-29,66.91913604736328
1998-06-01,67.22599792480469
1998-06-02,67.28356170654297
1998-06-03,66.20948028564453
1998-06-04,67.43701934814453
1998-06-05,68.74124908447266
1998-06-08,68.66451263427734
1998-06-09,68.87548828125
1998-06-10,68.43435668945312
1998-06-11,67.1492919921875
1998-06-12,67.78225708007812
1998-06-15,65.99850463867188
1998-06-16,67.0150146484375
1998-06-17,68.41516876220703
1998-06-18,68.10826110839844
1998-06-19,67.76702117919922
1998-06-22,68.09415435791016
1998-06-23,68.90226745605469
1998-06-24,69.8258285522461
1998-06-25,69.71036529541016
1998-06-26,69.99897766113281
1998-06-29,70.2491226196289
1998-06-30,69.7680892944336
1998-07-01,70.5762710571289
1998-07-02,70.71092987060547
1998-07-06,71.42281341552734
1998-07-07,71.28816223144531
1998-07-08,71.80764770507812
1998-07-09,71.32667541503906
1998-07-10,71.71143341064453
1998-07-13,71.73065948486328
1998-07-14,72.538818359375
1998-07-15,72.4041519165039
1998-07-16,72.90442657470703
1998-07-17,73.00059509277344
1998-07-20,73.00059509277344
1998-07-21,71.73065948486328
1998-07-22,71.73065948486328
1998-07-23,70.30684661865234
1998-07-24,70.2491226196289
1998-07-27,70.7493896484375
1998-07-28,69.55648803710938
1998-07-29,69.28710174560547
1998-07-30,70.32608032226562
1998-07-31,68.82525634765625
1998-08-03,68.53667449951172
1998-08-04,65.88139343261719
1998-08-05,66.78575134277344
1998-08-06,67.07434844970703
1998-08-07,67.1897964477539
1998-08-10,66.80502319335938
1998-08-11,65.804443359375
1998-08-12,66.9204330444336
1998-08-13,66.1123046875
1998-08-14,65.34266662597656
1998-08-17,66.72803497314453
1998-08-18,67.95942687988281
1998-08-19,67.78629302978516
1998-08-20,67.38223266601562
1998-08-21,66.84347534179688
1998-08-24,67.2667465209961
1998-08-25,67.42070770263672
1998-08-26,67.0358657836914
1998-08-27,63.880348205566406
1998-08-28,63.64948272705078
1998-08-31,59.1085319519043
1998-09-01,61.60989761352539
1998-09-02,61.167354583740234
1998-09-03,60.68629837036133
1998-09-04,60.186038970947266
1998-09-08,63.41851806640625
1998-09-09,61.879241943359375
1998-09-10,60.6478271484375
1998-09-11,62.610435485839844
1998-09-14,63.68794250488281
1998-09-15,64.07273864746094
1998-09-16,64.65000915527344
1998-09-17,62.802833557128906
1998-09-18,63.08255386352539
1998-09-21,63.043983459472656
1998-09-22,63.5653076171875
1998-09-23,66.11410522460938
1998-09-24,64.49214935302734
1998-09-25,64.41493225097656
1998-09-28,64.99420928955078
1998-09-29,64.8397216796875
1998-09-30,62.87019729614258
1998-10-01,61.055137634277344
1998-10-02,62.23299789428711
1998-10-05,60.97789001464844
1998-10-06,60.919960021972656
1998-10-07,60.01244354248047
1998-10-08,59.68419647216797
1998-10-09,60.88138198852539
1998-10-12,61.76959228515625
1998-10-13,61.55717849731445
1998-10-14,62.1364631652832
1998-10-15,65.4769058227539
1998-10-16,65.49620819091797
1998-10-19,65.72792053222656
1998-10-20,66.11410522460938
1998-10-21,65.8824234008789
1998-10-22,66.86715698242188
1998-10-23,66.0175552368164
1998-10-26,66.5002670288086
1998-10-27,66.11410522460938
1998-10-28,65.998291015625
1998-10-29,67.60089111328125
1998-10-30,67.96778106689453
1998-11-02,69.1263198852539
1998-11-03,68.62427520751953
1998-11-04,69.35803985595703
1998-11-05,70.30414581298828
1998-11-06,70.51656341552734
1998-11-09,70.01448822021484
1998-11-10,69.8214340209961
1998-11-11,69.35803985595703
1998-11-12,69.28080749511719
1998-11-13,69.95659637451172
1998-11-16,70.47797393798828
1998-11-17,70.47797393798828
1998-11-18,70.9027328491211
1998-11-19,71.5206298828125
1998-11-20,72.061279296875
1998-11-23,73.76048278808594
1998-11-24,73.29705047607422
1998-11-25,73.29705047607422
1998-11-27,73.83772277832031
1998-11-30,71.7523422241211
1998-12-01,72.67918395996094
1998-12-02,72.46678924560547
1998-12-03,71.26959991455078
1998-12-04,73.1426010131836
1998-12-07,73.4901351928711
1998-12-08,73.16192626953125
1998-12-09,73.29705047607422
1998-12-10,72.22541046142578
1998-12-11,72.37017822265625
1998-12-14,70.28486633300781
1998-12-15,72.09989166259766
1998-12-16,72.00337982177734
1998-12-17,73.15229034423828
1998-12-18,73.46308898925781
1998-12-21,74.48980712890625
1998-12-22,74.81917572021484
1998-12-23,76.388427734375
1998-12-24,76.05908966064453
1998-12-28,75.86531829833984
1998-12-29,77.06645965576172
1998-12-30,76.44654083251953
1998-12-31,76.44654083251953
1999-01-04,76.27217864990234
1999-01-05,77.14395904541016
1999-01-06,79.00379180908203
1999-01-07,78.61631774902344
1999-01-08,79.19756317138672
1999-01-11,78.4420166015625
1999-01-12,77.02772521972656
1999-01-13,76.48531341552734
1999-01-14,75.14852905273438
1999-01-15,77.10523986816406
1999-01-19,77.60888671875
1999-01-20,78.22885131835938
1999-01-21,76.15599822998047
1999-01-22,75.98155212402344
1999-01-25,76.7564926147461
1999-01-26,78.15138244628906
1999-01-27,77.2408218383789
1999-01-28,78.53882598876953
1999-01-29,79.13944244384766
1999-02-01,78.67444610595703
1999-02-02,78.19013214111328
1999-02-03,78.98442077636719
1999-02-04,77.80264282226562
1999-02-05,76.91151428222656
1999-02-08,77.06645965576172
1999-02-09,75.34229278564453
1999-02-10,75.82659912109375
1999-02-11,77.57020568847656
1999-02-12,76.64024353027344
1999-02-16,76.17532348632812
1999-02-17,76.09782409667969
1999-02-18,76.69839477539062
1999-02-19,77.02772521972656
1999-02-22,79.081298828125
1999-02-23,79.04257202148438
1999-02-24,77.64769744873047
1999-02-25,76.91151428222656
1999-02-26,76.60152435302734
1999-03-01,76.81465911865234
1999-03-02,76.1365737915039
1999-03-03,76.54339599609375
1999-03-04,77.51206970214844
1999-03-05,79.07162475585938
1999-03-08,79.58501434326172
1999-03-09,79.3912353515625
1999-03-10,80.08867645263672
1999-03-11,80.97986602783203
1999-03-12,80.20496368408203
1999-03-15,81.34797668457031
1999-03-16,81.03803253173828
1999-03-17,80.68927001953125
1999-03-18,81.9873046875
1999-03-19,80.59366607666016
1999-03-22,80.7490463256836
1999-03-23,78.4186019897461
1999-03-24,78.86529541015625
1999-03-25,80.47715759277344
1999-03-26,79.89453887939453
1999-03-29,81.50643920898438
1999-03-30,81.07913970947266
1999-03-31,79.77801513671875
1999-04-01,80.38006591796875
1999-04-05,82.283203125
1999-04-06,82.08900451660156
1999-04-07,82.74932861328125
1999-04-08,83.79798889160156
1999-04-09,83.81742095947266
1999-04-12,84.71076965332031
1999-04-13,84.16697692871094
1999-04-14,82.74932861328125
1999-04-15,82.43859100341797
1999-04-16,81.739501953125
1999-04-19,80.47715759277344
1999-04-20,81.48698425292969
1999-04-21,83.81742095947266
1999-04-22,84.6136245727539
1999-04-23,84.4000473022461
1999-04-26,84.88555145263672
1999-04-27,85.29329681396484
1999-04-28,84.12813568115234
1999-04-29,83.48729705810547
1999-04-30,82.80757904052734
1999-05-03,84.32239532470703
1999-05-04,83.11825561523438
1999-05-05,83.778564453125
1999-05-06,83.26395416259766
1999-05-07,83.89512634277344
1999-05-10,83.4775390625
1999-05-11,84.32239532470703
1999-05-12,84.9826431274414
1999-05-13,85.35162353515625
1999-05-14,83.13772583007812
1999-05-17,83.39017486572266
1999-05-18,83.23484802246094
1999-05-19,83.83683776855469
1999-05-20,83.33193969726562
1999-05-21,82.8658447265625
1999-05-24,81.48698425292969
1999-05-25,80.16646575927734
1999-05-26,81.05978393554688
1999-05-27,79.89453887939453
1999-05-28,80.91413116455078
1999-06-01,80.63253784179688
1999-06-02,80.7101821899414
1999-06-03,81.15685272216797
1999-06-04,82.78812408447266
1999-06-07,83.00177764892578
1999-06-08,82.18614959716797
1999-06-09,82.10845947265625
1999-06-10,81.35108184814453
1999-06-11,80.67134094238281
1999-06-14,80.7490463256836
1999-06-15,81.29280853271484
1999-06-16,82.84638214111328
1999-06-17,83.6232681274414
1999-06-18,83.71979522705078
1999-06-21,83.91460418701172
1999-06-22,83.33028411865234
1999-06-23,82.92123413085938
1999-06-24,82.2978744506836
1999-06-25,82.09339904785156
1999-06-28,83.09649658203125
1999-06-29,83.87567901611328
1999-06-30,85.39497375488281
1999-07-01,86.0378189086914
1999-07-02,86.89486694335938
1999-07-06,86.87540435791016
1999-07-07,86.99225616455078
1999-07-08,87.06046295166016
1999-07-09,87.57667541503906
1999-07-12,87.18708801269531
1999-07-13,86.87540435791016
1999-07-14,87.36235809326172
1999-07-15,87.91751861572266
1999-07-16,88.39473724365234
1999-07-19,87.8104019165039
1999-07-20,86.00857543945312
1999-07-21,85.91120147705078
1999-07-22,84.7814712524414
1999-07-23,84.61585998535156
1999-07-26,83.99252319335938
1999-07-27,84.69380187988281
1999-07-28,84.96649932861328
1999-07-29,83.77828216552734
1999-07-30,82.74588775634766
1999-08-02,82.9406967163086
1999-08-03,82.55115509033203
1999-08-04,81.42131805419922
1999-08-05,82.16153717041016
1999-08-06,81.2655258178711
1999-08-09,81.09019470214844
1999-08-10,80.1941909790039
1999-08-11,81.1681137084961
1999-08-12,81.11943054199219
1999-08-13,82.9991226196289
1999-08-16,83.36921691894531
1999-08-17,83.91460418701172
1999-08-18,83.31079864501953
1999-08-19,82.62904357910156
1999-08-20,83.46662139892578
1999-08-23,85.0638656616211
1999-08-24,85.37554931640625
1999-08-25,86.2520980834961
1999-08-26,85.21966552734375
1999-08-27,84.18730163574219
1999-08-30,82.62904357910156
1999-08-31,82.31735229492188
1999-09-01,83.33028411865234
1999-09-02,82.34661865234375
1999-09-03,84.75221252441406
1999-09-07,84.4405517578125
1999-09-08,84.03147888183594
1999-09-09,83.99252319335938
1999-09-10,84.69380187988281
1999-09-13,84.11915588378906
1999-09-14,83.56403350830078
1999-09-15,82.23945617675781
1999-09-16,82.56088256835938
1999-09-17,83.60401916503906
1999-09-20,83.48683166503906
1999-09-21,81.7287826538086
1999-09-22,81.64086151123047
1999-09-23,79.93170928955078
1999-09-24,79.853515625
1999-09-27,80.38097381591797
1999-09-28,80.22468566894531
1999-09-29,79.2675552368164
1999-09-30,80.47867584228516
1999-10-01,80.30284881591797
1999-10-04,81.7287826538086
1999-10-05,81.650634765625
1999-10-06,82.90082550048828
1999-10-07,82.4320297241211
1999-10-08,83.68214416503906
1999-10-11,83.54544830322266
1999-10-12,82.25618743896484
1999-10-13,80.12703704833984
1999-10-14,80.10748291015625
1999-10-15,78.05645751953125
1999-10-18,78.6229248046875
1999-10-19,79.38473510742188
1999-10-20,80.1661376953125
1999-10-21,80.63493347167969
1999-10-22,81.31857299804688
1999-10-25,80.9084243774414
1999-10-26,79.89266204833984
1999-10-27,81.33812713623047
1999-10-28,84.11188507080078
1999-10-29,85.6354751586914
1999-11-01,84.7369613647461
1999-11-02,84.13143920898438
1999-11-03,84.69789123535156
1999-11-04,85.34252166748047
1999-11-05,86.18247985839844
1999-11-08,86.26058197021484
1999-11-09,85.44993591308594
1999-11-10,86.08480072021484
1999-11-11,86.5731201171875
1999-11-12,87.35447692871094
1999-11-15,87.55962371826172
1999-11-16,88.29207611083984
1999-11-17,88.52650451660156
1999-11-18,89.15157318115234
1999-11-19,89.07344055175781
1999-11-22,89.05391693115234
1999-11-23,88.27254486083984
1999-11-24,88.74139404296875
1999-11-26,88.40927124023438
1999-11-29,88.09673309326172
1999-11-30,87.06144714355469
1999-12-01,87.76466369628906
1999-12-02,88.29207611083984
1999-12-03,89.91340637207031
1999-12-06,89.249267578125
1999-12-07,88.52650451660156
1999-12-08,87.95999145507812
1999-12-09,88.38978576660156
1999-12-10,88.68272399902344
1999-12-13,88.83904266357422
1999-12-14,87.97957611083984
1999-12-15,88.4483642578125
1999-12-16,88.83904266357422
1999-12-17,89.4095458984375
1999-12-20,88.76343536376953
1999-12-21,90.114501953125
1999-12-22,90.34944915771484
1999-12-23,91.78872680664062
1999-12-27,91.66143798828125
1999-12-28,91.60272216796875
1999-12-29,91.99436950683594
1999-12-30,91.88666534423828
1999-12-31,92.03350067138672
2000-01-03,91.13275146484375
2000-01-04,87.56895446777344
2000-01-05,87.72554779052734
2000-01-06,86.31566619873047
2000-01-07,91.32861328125
2000-01-10,91.64189147949219
2000-01-11,90.54531860351562
2000-01-12,89.64456939697266
2000-01-13,90.85861206054688
2000-01-14,92.09223175048828
2000-01-18,91.36771392822266
2000-01-19,92.1117935180664
2000-01-20,90.70195007324219
2000-01-21,90.50617218017578
2000-01-24,87.94100189208984
2000-01-25,88.93962860107422
2000-01-26,88.23467254638672
2000-01-27,87.88220977783203
2000-01-28,85.1407470703125
2000-01-31,87.45140075683594
2000-02-01,88.31298828125
2000-02-02,88.39131164550781
2000-02-03,89.72288513183594
2000-02-04,89.3508529663086
2000-02-07,89.21373748779297
2000-02-08,90.42781829833984
2000-02-09,88.52839660644531
2000-02-10,88.70462799072266
2000-02-11,86.90312957763672
2000-02-14,87.41222381591797
2000-02-15,88.40113067626953
2000-02-16,87.09892272949219
2000-02-17,86.6485366821289
2000-02-18,84.78834533691406
2000-02-22,84.57289123535156
2000-02-23,85.57157135009766
2000-02-24,83.8484115600586
2000-02-25,83.54486846923828
2000-02-28,85.29743194580078
2000-02-29,86.11986541748047
2000-03-01,86.74651336669922
2000-03-02,86.80524444580078
2000-03-03,88.43048858642578
2000-03-06,87.56895446777344
2000-03-07,85.87507629394531
2000-03-08,85.76738739013672
2000-03-09,88.27383422851562
2000-03-10,87.80387878417969
2000-03-13,86.8443603515625
2000-03-14,85.61072540283203
2000-03-15,87.60806274414062
2000-03-16,91.70063781738281
2000-03-17,92.30663299560547
2000-03-20,91.83554077148438
2000-03-21,93.72012329101562
2000-03-22,94.2894515991211
2000-03-23,95.8992691040039
2000-03-24,96.46853637695312
2000-03-27,95.4477310180664
2000-03-28,94.89800262451172
2000-03-29,94.99617004394531
2000-03-30,93.406005859375
2000-03-31,94.46609497070312
2000-04-03,95.01576232910156
2000-04-04,94.30908966064453
2000-04-05,93.72012329101562
2000-04-06,94.53486633300781
2000-04-07,95.13359832763672
2000-04-10,94.76058197021484
2000-04-11,94.48574829101562
2000-04-12,91.8944091796875
2000-04-13,90.618408203125
2000-04-14,85.4356689453125
2000-04-17,88.419677734375
2000-04-18,90.75581359863281
2000-04-19,89.91166687011719
2000-04-20,90.3435287475586
2000-04-24,89.36197662353516
2000-04-25,93.07230377197266
2000-04-26,92.02202606201172
2000-04-27,91.71771240234375
2000-04-28,91.14844512939453
2000-05-01,92.38520812988281
2000-05-02,90.53984832763672
2000-05-03,88.419677734375
2000-05-04,89.08716583251953
2000-05-05,90.16683959960938
2000-05-08,89.48954772949219
2000-05-09,88.77301788330078
2000-05-10,86.77062225341797
2000-05-11,88.7533950805664
2000-05-12,89.71533203125
2000-05-15,91.26617431640625
2000-05-16,92.14964294433594
2000-05-17,91.18769073486328
2000-05-18,90.06868743896484
2000-05-19,88.65522766113281
2000-05-22,87.98775482177734
2000-05-23,86.69209289550781
2000-05-24,88.10554504394531
2000-05-25,86.5939712524414
2000-05-26,86.69209289550781
2000-05-30,89.5190200805664
2000-05-31,89.71533203125
2000-06-01,91.28582763671875
2000-06-02,92.87596893310547
2000-06-05,92.4244613647461
2000-06-06,92.01217651367188
2000-06-07,92.65019226074219
2000-06-08,92.28704071044922
2000-06-09,92.09066009521484
2000-06-12,91.010986328125
2000-06-13,92.71894073486328
2000-06-14,92.87596893310547
2000-06-15,93.07230377197266
2000-06-16,92.30750274658203
2000-06-19,93.4881591796875
2000-06-20,93.15371704101562
2000-06-21,93.11431884765625
2000-06-22,91.69752502441406
2000-06-23,90.91043853759766
2000-06-26,92.08124542236328
2000-06-27,91.40237426757812
2000-06-28,91.658203125
2000-06-29,90.7923355102539
2000-06-30,91.4810562133789
2000-07-03,92.74044799804688
2000-07-05,91.0678482055664
2000-07-06,91.77625274658203
2000-07-07,93.25208282470703
2000-07-10,93.09465026855469
2000-07-11,93.29143524169922
2000-07-12,93.90147399902344
2000-07-13,94.31464385986328
2000-07-14,95.23948669433594
2000-07-17,95.08207702636719
2000-07-18,94.30479431152344
2000-07-19,93.54723358154297
2000-07-20,94.845947265625
2000-07-21,92.99627685546875
2000-07-24,92.46495819091797
2000-07-25,92.76013946533203
2000-07-26,91.85494995117188
2000-07-27,91.54010009765625
2000-07-28,89.47395324707031
2000-07-31,90.0446548461914
2000-08-01,90.59566497802734
2000-08-02,91.0481948852539
2000-08-03,91.6778335571289
2000-08-04,92.16983795166016
2000-08-07,93.27179718017578
2000-08-08,93.62593841552734
2000-08-09,92.83882141113281
2000-08-10,92.38629913330078
2000-08-11,92.81915283203125
2000-08-14,93.99984741210938
2000-08-15,93.92111206054688
2000-08-16,93.58663940429688
2000-08-17,94.57048034667969
2000-08-18,94.2556381225586
2000-08-21,94.7672119140625
2000-08-22,94.60981750488281
2000-08-23,94.98371124267578
2000-08-24,95.27880859375
2000-08-25,95.23948669433594
2000-08-28,95.56417846679688
2000-08-29,95.58383178710938
2000-08-30,94.66883087158203
2000-08-31,95.92826080322266
2000-09-01,96.02657318115234
2000-09-05,95.25919342041016
2000-09-06,94.1769027709961
2000-09-07,94.98371124267578
2000-09-08,94.33436584472656
2000-09-11,94.19661712646484
2000-09-12,93.50788879394531
2000-09-13,93.75379943847656
2000-09-14,94.22612762451172
2000-09-15,92.1646499633789
2000-09-18,91.31637573242188
2000-09-19,92.1448974609375
2000-09-20,91.46430969238281
2000-09-21,90.07357025146484
2000-09-22,91.71087646484375
2000-09-25,91.0599365234375
2000-09-26,89.8960189819336
2000-09-27,90.3695068359375
2000-09-28,91.53338623046875
2000-09-29,90.6653823852539
2000-10-02,90.80348205566406
2000-10-03,89.9552001953125
2000-10-04,90.7048110961914
2000-10-05,91.02041625976562
2000-10-06,89.0477523803711
2000-10-09,88.3770751953125
2000-10-10,86.91724395751953
2000-10-11,86.18733978271484
2000-10-12,84.0371322631836
2000-10-13,86.83833312988281
2000-10-16,87.23289489746094
2000-10-17,85.06290435791016
2000-10-18,84.74728393554688
2000-10-19,87.94306945800781
2000-10-20,88.3178482055664
2000-10-23,88.71240997314453
2000-10-24,88.12063598632812
2000-10-25,86.04925537109375
2000-10-26,86.2859878540039
2000-10-27,87.9233169555664
2000-10-30,88.71240997314453
2000-10-31,90.24126434326172
2000-11-01,89.93546295166016
2000-11-02,90.08342742919922
2000-11-03,90.13278198242188
2000-11-06,90.76403045654297
2000-11-07,90.74429321289062
2000-11-08,88.73213958740234
2000-11-09,88.39677429199219
2000-11-10,86.24650573730469
2000-11-13,85.57581329345703
2000-11-14,87.82469940185547
2000-11-15,88.10087585449219
2000-11-16,86.71995544433594
2000-11-17,86.25643920898438
2000-11-20,85.0234375
2000-11-21,85.45748901367188
2000-11-22,83.4156723022461
2000-11-24,85.12211608886719
2000-11-27,85.87174987792969
2000-11-28,84.3921890258789
2000-11-29,84.23436737060547
2000-11-30,83.50448608398438
2000-12-01,83.46501922607422
2000-12-04,84.1751937866211
2000-12-05,86.9369888305664
2000-12-06,85.54624938964844
2000-12-07,84.37248229980469
2000-12-08,84.56975555419922
2000-12-11,87.50907135009766
2000-12-12,87.1342544555664
2000-12-13,85.94074249267578
2000-12-14,84.84590148925781
2000-12-15,82.92953491210938
2000-12-18,84.03758239746094
2000-12-19,82.32598876953125
2000-12-20,79.94161224365234
2000-12-21,80.49565124511719
2000-12-22,82.90973663330078
2000-12-26,83.80020141601562
2000-12-27,84.41360473632812
2000-12-28,84.67082214355469
2000-12-29,83.06806945800781
2001-01-02,81.56421661376953
2001-01-03,85.48210906982422
2001-01-04,84.56199645996094
2001-01-05,81.8016586303711
2001-01-08,82.43486785888672
2001-01-09,82.21721649169922
2001-01-10,83.66165161132812
2001-01-11,83.74085235595703
2001-01-12,83.58253479003906
2001-01-16,84.11677551269531
2001-01-17,84.50263977050781
2001-01-18,85.3436050415039
2001-01-19,84.85880279541016
2001-01-22,85.42276763916016
2001-01-23,86.09552764892578
2001-01-24,86.35282897949219
2001-01-25,86.13514709472656
2001-01-26,86.03617095947266
2001-01-29,86.49527740478516
2001-01-30,87.25506591796875
2001-01-31,86.76118469238281
2001-02-01,87.33737182617188
2001-02-02,85.35547637939453
2001-02-05,85.98233795166016
2001-02-06,85.72909545898438
2001-02-07,85.28582763671875
2001-02-08,84.29167175292969
2001-02-09,83.4811782836914
2001-02-12,84.4373550415039
2001-02-13,83.74713134765625
2001-02-14,83.62051391601562
2001-02-15,84.43101501464844
2001-02-16,82.56938934326172
2001-02-20,81.29669952392578
2001-02-21,79.54270935058594
2001-02-22,79.66300964355469
2001-02-23,79.12481689453125
2001-02-26,80.80907440185547
2001-02-27,80.06192779541016
2001-02-28,78.48524475097656
2001-03-01,78.8968276977539
2001-03-02,78.26995086669922
2001-03-05,78.98546600341797
2001-03-06,79.833984375
2001-03-07,80.40387725830078
2001-03-08,80.4925308227539
2001-03-09,78.11164093017578
2001-03-12,74.76837158203125
2001-03-13,75.99675750732422
2001-03-14,74.49610900878906
2001-03-15,74.51507568359375
2001-03-16,73.0205307006836
2001-03-19,74.5062255859375
2001-03-20,72.50625610351562
2001-03-21,71.27450561523438
2001-03-22,70.55074310302734
2001-03-23,72.68402099609375
2001-03-26,73.61100006103516
2001-03-27,75.11572265625
2001-03-28,73.03956604003906
2001-03-29,73.3189468383789
2001-03-30,74.08715057373047
2001-04-02,72.50625610351562
2001-04-03,70.08724975585938
2001-04-04,70.3792953491211
2001-04-05,73.04591369628906
2001-04-06,71.9348373413086
2001-04-09,72.7348403930664
2001-04-10,74.06172943115234
2001-04-11,74.11255645751953
2001-04-12,75.45856475830078
2001-04-16,74.66490173339844
2001-04-17,75.7188720703125
2001-04-18,78.72834777832031
2001-04-19,79.7759017944336
2001-04-20,79.04578399658203
2001-04-23,77.6108627319336
2001-04-24,77.1918716430664
2001-04-25,78.20133972167969
2001-04-26,78.55055236816406
2001-04-27,79.85846710205078
2001-04-30,80.41719818115234
2001-05-01,80.66475677490234
2001-05-02,80.51875305175781
2001-05-03,79.49657440185547
2001-05-04,80.84890747070312
2001-05-07,80.15052032470703
2001-05-08,80.11241149902344
2001-05-09,79.7759017944336
2001-05-10,80.01080322265625
2001-05-11,79.45845794677734
2001-05-14,79.61717224121094
2001-05-15,79.98543548583984
2001-05-16,81.87113952636719
2001-05-17,81.99807739257812
2001-05-18,82.37266540527344
2001-05-21,83.5853500366211
2001-05-22,83.47738647460938
2001-05-23,82.06156158447266
2001-05-24,82.30286407470703
2001-05-25,81.3314437866211
2001-05-29,80.68383026123047
2001-05-30,79.55366516113281
2001-05-31,79.96636962890625
2001-06-01,80.46160888671875
2001-06-04,80.84890747070312
2001-06-05,81.77587127685547
2001-06-06,81.09654235839844
2001-06-07,81.38856506347656
2001-06-08,80.6330337524414
2001-06-11,80.06160736083984
2001-06-12,79.92193603515625
2001-06-13,79.23625946044922
2001-06-14,77.45850372314453
2001-06-15,77.58329010009766
2001-06-18,77.20765686035156
2001-06-19,77.5450668334961
2001-06-20,77.95262908935547
2001-06-21,78.837646484375
2001-06-22,78.22000122070312
2001-06-25,77.50053405761719
2001-06-26,77.39230346679688
2001-06-27,77.34771728515625
2001-06-28,77.77426147460938
2001-06-29,78.06086730957031
2001-07-02,79.0350341796875
2001-07-03,79.01588439941406
2001-07-05,77.47502899169922
2001-07-06,75.80049896240234
2001-07-09,76.2143783569336
2001-07-10,75.29749298095703
2001-07-11,75.37394714355469
2001-07-12,77.16307830810547
2001-07-13,77.83163452148438
2001-07-16,76.85745239257812
2001-07-17,77.5769271850586
2001-07-18,77.0484848022461
2001-07-19,77.72335815429688
2001-07-20,77.2585678100586
2001-07-23,75.73685455322266
2001-07-24,75.00463104248047
2001-07-25,75.83235168457031
2001-07-26,76.62826538085938
2001-07-27,76.92112731933594
2001-07-30,76.94658660888672
2001-07-31,77.26493835449219
2001-08-01,77.74885559082031
2001-08-02,78.06721496582031
2001-08-03,77.64060974121094
2001-08-06,76.59639739990234
2001-08-07,76.8956527709961
2001-08-08,75.46942901611328
2001-08-09,75.69229125976562
2001-08-10,75.95330047607422
2001-08-13,75.97247314453125
2001-08-14,75.9405517578125
2001-08-15,75.28479766845703
2001-08-16,75.5458755493164
2001-08-17,74.33606719970703
2001-08-20,75.02375030517578
2001-08-21,73.74395751953125
2001-08-22,74.50798034667969
2001-08-23,74.24057006835938
2001-08-24,75.7813720703125
2001-08-27,75.32933807373047
2001-08-28,74.22781372070312
2001-08-29,73.56564331054688
2001-08-30,72.15213012695312
2001-08-31,72.68062591552734
2001-09-04,72.21578979492188
2001-09-05,72.39411163330078
2001-09-06,70.52854919433594
2001-09-07,69.2232894897461
2001-09-10,70.07008361816406
2001-09-17,66.40900421142578
2001-09-18,66.24983978271484
2001-09-19,64.91275787353516
2001-09-20,62.84981155395508
2001-09-21,62.17167663574219
2001-09-24,64.35741424560547
2001-09-25,65.02849578857422
2001-09-26,64.79841613769531
2001-09-27,65.36083221435547
2001-09-28,66.74769592285156
2001-10-01,66.63903045654297
2001-10-02,67.47624206542969
2001-10-03,68.60745239257812
2001-10-04,68.66497802734375
2001-10-05,68.53079223632812
2001-10-08,68.08343505859375
2001-10-09,67.71915435791016
2001-10-10,69.22737884521484
2001-10-11,70.30106353759766
2001-10-12,69.98152923583984
2001-10-15,69.85372161865234
2001-10-16,70.29468536376953
2001-10-17,68.7992172241211
2001-10-18,68.65220642089844
2001-10-19,68.60745239257812
2001-10-22,69.96234130859375
2001-10-23,69.60443115234375
2001-10-24,69.41913604736328
2001-10-25,70.66532897949219
2001-10-26,70.50557708740234
2001-10-29,68.67138671875
2001-10-30,67.84693908691406
2001-10-31,67.6168212890625
2001-11-01,69.34881591796875
2001-11-02,69.82173156738281
2001-11-05,70.73566436767578
2001-11-06,71.83492279052734
2001-11-07,71.73904418945312
2001-11-08,71.96273040771484
2001-11-09,72.03941345214844
2001-11-12,71.59844207763672
2001-11-13,73.20899963378906
2001-11-14,73.27930450439453
2001-11-15,73.41352844238281
2001-11-16,73.08755493164062
2001-11-19,73.98866271972656
2001-11-20,73.36876678466797
2001-11-21,72.88307189941406
2001-11-23,73.93115234375
2001-11-26,74.0909423828125
2001-11-27,73.7713851928711
2001-11-28,72.43566131591797
2001-11-29,73.41352844238281
2001-11-30,72.88941955566406
2001-12-03,72.454833984375
2001-12-04,73.681884765625
2001-12-05,75.03047943115234
2001-12-06,74.9920883178711
2001-12-07,74.49357604980469
2001-12-10,73.10030364990234
2001-12-11,72.95336151123047
2001-12-12,73.03641510009766
2001-12-13,71.61763000488281
2001-12-14,72.30146026611328
2001-12-17,73.04920196533203
2001-12-18,73.48379516601562
2001-12-19,74.00146484375
2001-12-20,73.27291107177734
2001-12-21,73.71733093261719
2001-12-24,73.57624053955078
2001-12-26,73.98023223876953
2001-12-27,74.42914581298828
2001-12-28,74.39071655273438
2001-12-31,73.30046081542969
2002-01-02,74.08921813964844
2002-01-03,74.9293441772461
2002-01-04,75.42957305908203
2002-01-07,74.89729309082031
2002-01-08,74.72413635253906
2002-01-09,74.11490631103516
2002-01-10,74.44200897216797
2002-01-11,73.71089935302734
2002-01-14,73.24915313720703
2002-01-15,73.8455810546875
2002-01-16,72.35136413574219
2002-01-17,72.89644622802734
2002-01-18,72.56299591064453
2002-01-22,72.06273651123047
2002-01-23,72.61427307128906
2002-01-24,72.83872985839844
2002-01-25,72.81951141357422
2002-01-28,73.01830291748047
2002-01-29,70.72244262695312
2002-01-30,71.74210357666016
2002-01-31,72.58221435546875
2002-02-01,72.24231719970703
2002-02-04,70.44664764404297
2002-02-05,70.0106201171875
2002-02-06,69.70921325683594
2002-02-07,69.27310943603516
2002-02-08,70.60059356689453
2002-02-11,71.46635437011719
2002-02-12,71.24191284179688
2002-02-13,71.99861907958984
2002-02-14,71.86398315429688
2002-02-15,71.1136474609375
2002-02-19,69.74767303466797
2002-02-20,70.9212417602539
2002-02-21,69.45266723632812
2002-02-22,70.31202697753906
2002-02-25,71.47274780273438
2002-02-26,71.32525634765625
2002-02-27,71.60101318359375
2002-02-28,71.28038024902344
2002-03-01,72.94133758544922
2002-03-04,74.23033905029297
2002-03-05,73.9930419921875
2002-03-06,74.87164306640625
2002-03-07,74.71131134033203
2002-03-08,75.02555084228516
2002-03-11,75.18586730957031
2002-03-12,75.1409912109375
2002-03-13,74.41636657714844
2002-03-14,74.3137435913086
2002-03-15,75.0218505859375
2002-03-18,75.03462982177734
2002-03-19,75.53632354736328
2002-03-20,74.11498260498047
2002-03-21,74.1471176147461
2002-03-22,73.98638916015625
2002-03-25,73.06671142578125
2002-03-26,73.49111938476562
2002-03-27,73.68408203125
2002-03-28,73.65193176269531
2002-04-01,73.68408203125
2002-04-02,73.27892303466797
2002-04-03,72.76441955566406
2002-04-04,72.46214294433594
2002-04-05,72.47501373291016
2002-04-08,72.6293716430664
2002-04-09,72.1213150024414
2002-04-10,72.93804168701172
2002-04-11,71.12438201904297
2002-04-12,71.658203125
2002-04-15,71.1115493774414
2002-04-16,72.802978515625
2002-04-17,72.64862823486328
2002-04-18,72.33348846435547
2002-04-19,72.59716033935547
2002-04-22,71.38809204101562
2002-04-23,71.07939147949219
2002-04-24,70.36550903320312
2002-04-25,70.40411376953125
2002-04-26,69.0663833618164
2002-04-29,68.72552490234375
2002-04-30,69.36863708496094
2002-05-01,70.21758270263672
2002-05-02,69.94745635986328
2002-05-03,69.18854522705078
2002-05-06,67.83155822753906
2002-05-07,67.59362030029297
2002-05-08,70.1082534790039
2002-05-09,69.29792022705078
2002-05-10,67.99231719970703
2002-05-13,69.37505340576172
2002-05-14,70.88641357421875
2002-05-15,70.60990142822266
2002-05-16,70.97649383544922
2002-05-17,71.32379150390625
2002-05-20,70.55200958251953
2002-05-21,69.90888214111328
2002-05-22,70.06324768066406
2002-05-23,70.8093032836914
2002-05-24,69.90245819091797
2002-05-28,69.52300262451172
2002-05-29,69.00850677490234
2002-05-30,68.81555938720703
2002-05-31,68.9570541381836
2002-06-03,67.1241226196289
2002-06-04,67.29133605957031
2002-06-05,67.92158508300781
2002-06-06,66.5388412475586
2002-06-07,66.46166229248047
2002-06-10,66.7188949584961
2002-06-11,65.57414245605469
2002-06-12,65.97293090820312
2002-06-13,65.3104476928711
2002-06-14,65.21397399902344
2002-06-17,66.96331787109375
2002-06-18,67.50996398925781
2002-06-19,65.93426513671875
2002-06-20,65.09181213378906
2002-06-21,64.07402038574219
2002-06-24,64.40961456298828
2002-06-25,62.96391296386719
2002-06-26,63.067230224609375
2002-06-27,64.17080688476562
2002-06-28,63.86750030517578
2002-07-01,62.62191390991211
2002-07-02,61.292396545410156
2002-07-03,61.640899658203125
2002-07-05,64.09339141845703
2002-07-08,63.29310989379883
2002-07-09,61.698978424072266
2002-07-10,59.453067779541016
2002-07-11,59.93708038330078
2002-07-12,59.278804779052734
2002-07-15,59.59503936767578
2002-07-16,58.44622802734375
2002-07-17,58.56239700317383
2002-07-18,56.665000915527344
2002-07-19,54.67073440551758
2002-07-22,53.0507926940918
2002-07-23,51.59868621826172
2002-07-24,54.677188873291016
2002-07-25,54.21250915527344
2002-07-26,55.245113372802734
2002-07-29,57.93639373779297
2002-07-30,58.691497802734375
2002-07-31,58.83346939086914
2002-08-01,57.29747009277344
2002-08-02,56.013126373291016
2002-08-05,54.06406784057617
2002-08-06,55.884033203125
2002-08-07,56.85859680175781
2002-08-08,58.697940826416016
2002-08-09,58.917362213134766
2002-08-12,58.4849739074707
2002-08-13,57.42007064819336
2002-08-14,59.517581939697266
2002-08-15,60.34370040893555
2002-08-16,60.162960052490234
2002-08-19,61.569908142089844
2002-08-20,60.9180793762207
2002-08-21,61.795806884765625
2002-08-22,62.396026611328125
2002-08-23,61.053611755371094
2002-08-26,61.479549407958984
2002-08-27,60.76963806152344
2002-08-28,59.44015884399414
2002-08-29,59.465965270996094
2002-08-30,59.233638763427734
2002-09-03,56.97478485107422
2002-09-04,57.787940979003906
2002-09-05,57.29747009277344
2002-09-06,58.0848274230957
2002-09-09,58.51079177856445
2002-09-10,59.182010650634766
2002-09-11,58.814109802246094
2002-09-12,57.729854583740234
2002-09-13,57.871826171875
2002-09-16,58.013832092285156
2002-09-17,56.684326171875
2002-09-18,56.116371154785156
2002-09-19,54.66428756713867
2002-09-20,54.68244552612305
2002-09-23,54.23512268066406
2002-09-24,53.359954833984375
2002-09-25,54.68244552612305
2002-09-26,55.577056884765625
2002-09-27,53.64519500732422
2002-09-30,53.02281951904297
2002-10-01,55.57056427001953
2002-10-02,53.90448760986328
2002-10-03,53.359954833984375
2002-10-04,52.381046295166016
2002-10-07,51.29838562011719
2002-10-08,52.102294921875
2002-10-09,50.630653381347656
2002-10-10,52.27082061767578
2002-10-11,54.559234619140625
2002-10-14,54.863948822021484
2002-10-15,57.50245666503906
2002-10-16,56.10865020751953
2002-10-17,57.22370529174805
2002-10-18,57.46355438232422
2002-10-21,58.455406188964844
2002-10-22,58.03401565551758
2002-10-23,58.4748420715332
2002-10-24,57.28201675415039
2002-10-25,58.4748420715332
2002-10-28,58.09242248535156
2002-10-29,57.418190002441406
2002-10-30,57.97568893432617
2002-10-31,57.38573455810547
2002-11-01,58.52023696899414
2002-11-04,59.07777404785156
2002-11-05,59.544532775878906
2002-11-06,60.316001892089844
2002-11-07,58.837894439697266
2002-11-08,58.11831283569336
2002-11-11,57.217193603515625
2002-11-12,57.67102813720703
2002-11-13,57.72936248779297
2002-11-14,58.81847381591797
2002-11-15,59.252803802490234
2002-11-18,58.6563835144043
2002-11-19,58.57860565185547
2002-11-20,59.88164520263672
2002-11-21,60.99669647216797
2002-11-22,60.56232833862305
2002-11-25,60.601219177246094
2002-11-26,59.447288513183594
2002-11-27,61.11985778808594
2002-11-29,60.92538833618164
2002-12-02,61.022579193115234
2002-12-03,60.20579147338867
2002-12-04,59.9334716796875
2002-12-05,59.27225112915039
2002-12-06,59.661216735839844
2002-12-09,58.02106857299805
2002-12-10,58.79902267456055
2002-12-11,58.850830078125
2002-12-12,58.84440612792969
2002-12-13,57.917320251464844
2002-12-16,59.414894104003906
2002-12-17,58.896270751953125
2002-12-18,58.21554946899414
2002-12-19,57.800662994384766
2002-12-20,58.62542724609375
2002-12-23,58.64493942260742
2002-12-24,58.2084846496582
2002-12-26,58.23448944091797
2002-12-27,56.92509841918945
2002-12-30,57.400665283203125
2002-12-31,57.47882843017578
2003-01-02,59.3289794921875
2003-01-03,59.511417388916016
2003-01-06,60.560245513916016
2003-01-07,60.41042709350586
2003-01-08,59.537471771240234
2003-01-09,60.462554931640625
2003-01-10,60.62538528442383
2003-01-13,60.60588455200195
2003-01-14,60.80131530761719
2003-01-15,60.1954460144043
2003-01-16,59.94783401489258
2003-01-17,59.06187057495117
2003-01-21,58.143314361572266
2003-01-22,57.43971633911133
2003-01-23,57.79154586791992
2003-01-24,56.273616790771484
2003-01-27,55.50487518310547
2003-01-28,55.915321350097656
2003-01-29,56.338748931884766
2003-01-30,55.00326919555664
2003-01-31,56.06513977050781
2003-02-03,56.17588806152344
2003-02-04,55.62215042114258
2003-02-05,55.2768669128418
2003-02-06,55.01630401611328
2003-02-07,54.34527587890625
2003-02-10,54.72963333129883
2003-02-11,54.351783752441406
2003-02-12,53.485355377197266
2003-02-13,53.64822769165039
2003-02-14,54.82084274291992
2003-02-18,55.78501510620117
2003-02-19,55.491859436035156
2003-02-20,54.938072204589844
2003-02-21,55.491859436035156
2003-02-24,54.59281921386719
2003-02-25,55.02931594848633
2003-02-26,54.22800064086914
2003-02-27,54.94462203979492
2003-02-28,55.3094367980957
2003-03-03,54.781768798828125
2003-03-04,53.908817291259766
2003-03-05,54.36480712890625
2003-03-06,53.908817291259766
2003-03-07,54.280155181884766
2003-03-10,52.97722625732422
2003-03-11,52.456016540527344
2003-03-12,52.80778503417969
2003-03-13,54.631919860839844
2003-03-14,54.80782699584961
2003-03-17,56.534183502197266
2003-03-18,56.866458892822266
2003-03-19,57.302940368652344
2003-03-20,57.42673110961914
2003-03-21,58.65249252319336
2003-03-24,56.703304290771484
2003-03-25,57.24619674682617
2003-03-26,56.95841598510742
2003-03-27,57.00416564941406
2003-03-28,56.71635055541992
2003-03-31,55.427791595458984
2003-04-01,56.27815628051758
2003-04-02,57.638633728027344
2003-04-03,57.363914489746094
2003-04-04,57.70404815673828
2003-04-07,57.59283447265625
2003-04-08,57.68443298339844
2003-04-09,56.925655364990234
2003-04-10,57.23964309692383
2003-04-11,57.00416564941406
2003-04-14,58.18153762817383
2003-04-15,58.72443389892578
2003-04-16,57.72368240356445
2003-04-17,58.58049774169922
2003-04-21,58.6394157409668
2003-04-22,59.74483871459961
2003-04-23,60.29424285888672
2003-04-24,59.757896423339844
2003-04-25,59.018795013427734
2003-04-28,60.03916549682617
2003-04-29,60.24845504760742
2003-04-30,60.117652893066406
2003-05-01,60.11109924316406
2003-05-02,60.96797180175781
2003-05-05,60.850257873535156
2003-05-06,61.42584228515625
2003-05-07,61.08571243286133
2003-05-08,60.47085189819336
2003-05-09,61.30807113647461
2003-05-12,62.060298919677734
2003-05-13,61.94910430908203
2003-05-14,61.81828308105469
2003-05-15,62.210731506347656
2003-05-16,62.05377197265625
2003-05-19,60.60170364379883
2003-05-20,60.477359771728516
2003-05-21,60.60170364379883
2003-05-22,61.20343017578125
2003-05-23,61.32772445678711
2003-05-27,62.40040969848633
2003-05-28,62.57701873779297
2003-05-29,62.41352462768555
2003-05-30,63.414268493652344
2003-06-02,63.675907135009766
2003-06-03,63.93757247924805
2003-06-04,64.85983276367188
2003-06-05,65.1803207397461
2003-06-06,64.92525482177734
2003-06-09,64.26457977294922
2003-06-10,64.91865539550781
2003-06-11,65.60548400878906
2003-06-12,65.80825805664062
2003-06-13,65.1214599609375
2003-06-16,66.49507141113281
2003-06-17,66.49507141113281
2003-06-18,66.4361801147461
2003-06-19,65.42232513427734
2003-06-20,65.27793884277344
2003-06-23,64.60836029052734
2003-06-24,64.67399597167969
2003-06-25,64.02407836914062
2003-06-26,64.85778045654297
2003-06-27,64.10942840576172
2003-06-30,64.08972930908203
2003-07-01,64.68053436279297
2003-07-02,65.49454498291016
2003-07-03,64.81840515136719
2003-07-07,66.10504913330078
2003-07-08,66.40044403076172
2003-07-09,66.0262680053711
2003-07-10,65.18600463867188
2003-07-11,65.8030776977539
2003-07-14,66.12471771240234
2003-07-15,65.9803237915039
2003-07-16,65.59300994873047
2003-07-17,64.66085052490234
2003-07-18,65.32392120361328
2003-07-21,64.51641845703125
2003-07-22,65.10066986083984
2003-07-23,65.14666748046875
2003-07-24,64.65431213378906
2003-07-25,65.79651641845703
2003-07-28,65.55361938476562
2003-07-29,65.25166320800781
2003-07-30,65.09413146972656
2003-07-31,65.24512481689453
2003-08-01,64.66740417480469
2003-08-04,64.66740417480469
2003-08-05,63.295413970947266
2003-08-06,63.66305160522461
2003-08-07,64.33263397216797
2003-08-08,64.51641845703125
2003-08-11,64.75934600830078
2003-08-12,65.35014343261719
2003-08-13,65.01534271240234
2003-08-14,65.19259643554688
2003-08-15,65.3960952758789
2003-08-18,65.96062469482422
2003-08-19,66.21007537841797
2003-08-20,65.94091796875
2003-08-21,66.1510009765625
2003-08-22,65.49454498291016
2003-08-25,65.59960174560547
2003-08-26,65.7177505493164
2003-08-27,65.7374267578125
2003-08-28,66.14440155029297
2003-08-29,66.59082794189453
2003-09-02,67.48358917236328
2003-09-03,67.85122680664062
2003-09-04,67.88401794433594
2003-09-05,67.50328063964844
2003-09-08,68.06132507324219
2003-09-09,67.6148910522461
2003-09-10,66.93218231201172
2003-09-11,67.12910461425781
2003-09-12,67.25383758544922
2003-09-15,67.01753997802734
2003-09-16,67.99561309814453
2003-09-17,67.86436462402344
2003-09-18,68.66525268554688
2003-09-19,68.31597900390625
2003-09-22,67.57792663574219
2003-09-23,67.8349380493164
2003-09-24,66.62899780273438
2003-09-25,66.08203125
2003-09-26,65.8646240234375
2003-09-29,66.51034545898438
2003-09-30,65.8646240234375
2003-10-01,67.2682113647461
2003-10-02,67.51200103759766
2003-10-03,68.13143920898438
2003-10-06,68.44120788574219
2003-10-07,68.70477294921875
2003-10-08,68.53343963623047
2003-10-09,68.71796417236328
2003-10-10,68.90907287597656
2003-10-13,69.12652587890625
2003-10-14,69.37033081054688
2003-10-15,69.18584442138672
2003-10-16,69.46260070800781
2003-10-17,68.70477294921875
2003-10-20,69.21878814697266
2003-10-21,69.10017395019531
2003-10-22,68.23028564453125
2003-10-23,68.10508728027344
2003-10-24,68.25664520263672
2003-10-27,68.28962707519531
2003-10-28,69.21878814697266
2003-10-29,69.31104278564453
2003-10-30,69.45602416992188
2003-10-31,69.3901138305664
2003-11-03,69.84481048583984
2003-11-04,69.6932144165039
2003-11-05,69.74591827392578
2003-11-06,70.11498260498047
2003-11-07,69.59439086914062
2003-11-10,69.31104278564453
2003-11-11,69.29129028320312
2003-11-12,70.06885528564453
2003-11-13,70.08863067626953
2003-11-14,69.49552154541016
2003-11-17,69.14627838134766
2003-11-18,68.42800903320312
2003-11-19,69.00789642333984
2003-11-20,68.38845825195312
2003-11-21,68.67182922363281
2003-11-24,69.58121490478516
2003-11-25,69.84481048583984
2003-11-26,70.0951919555664
2003-11-28,70.14793395996094
2003-12-01,70.90572357177734
2003-12-02,70.72784423828125
2003-12-03,70.61579895019531
2003-12-04,70.90572357177734
2003-12-05,70.4115219116211
2003-12-08,70.8859634399414
2003-12-09,70.33902740478516
2003-12-10,70.33245849609375
2003-12-11,71.12321472167969
2003-12-12,71.2615737915039
2003-12-15,70.90572357177734
2003-12-16,71.27476501464844
2003-12-17,71.4988021850586
2003-12-18,72.30278778076172
2003-12-19,72.10144805908203
2003-12-22,72.6047134399414
2003-12-23,72.6510238647461
2003-12-24,72.57817077636719
2003-12-26,72.63116455078125
2003-12-29,73.59779357910156
2003-12-30,73.61106872558594
2003-12-31,73.67728424072266
2004-01-02,73.64418029785156
2004-01-05,74.4453125
2004-01-06,74.51810455322266
2004-01-07,74.76972198486328
2004-01-08,75.06765747070312
2004-01-09,74.41218566894531
2004-01-12,74.96171569824219
2004-01-13,74.5247573852539
2004-01-14,75.14713287353516
2004-01-15,75.33251953125
2004-01-16,75.63043212890625
2004-01-20,75.61055755615234
2004-01-21,76.20647430419922
2004-01-22,76.0078353881836
2004-01-23,75.76283264160156
2004-01-26,76.71627044677734
2004-01-27,75.92835998535156
2004-01-28,75.06107330322266
2004-01-29,75.13385772705078
2004-01-30,75.13385772705078
2004-02-02,75.45828247070312
2004-02-03,75.33251953125
2004-02-04,74.71674346923828
2004-02-05,74.93522644042969
2004-02-06,75.77608489990234
2004-02-09,75.79595184326172
2004-02-10,76.04090118408203
2004-02-11,76.84871673583984
2004-02-12,76.57060241699219
2004-02-13,76.22630310058594
2004-02-17,76.91490173339844
2004-02-18,76.57723236083984
2004-02-19,76.29252624511719
2004-02-20,76.06076049804688
2004-02-23,75.8687973022461
2004-02-24,75.73636627197266
2004-02-25,76.05414581298828
2004-02-26,76.10051727294922
2004-02-27,76.15348052978516
2004-03-01,76.90829467773438
2004-03-02,76.45802307128906
2004-03-03,76.59708404541016
2004-03-04,76.79571533203125
2004-03-05,77.05390167236328
2004-03-08,76.11375427246094
2004-03-09,75.80919647216797
2004-03-10,74.53797149658203
2004-03-11,73.57135009765625
2004-03-12,74.53797149658203
2004-03-15,73.62430572509766
2004-03-16,74.0149154663086
2004-03-17,74.84255981445312
2004-03-18,74.8624267578125
2004-03-19,73.7894058227539
2004-03-22,72.85258483886719
2004-03-23,72.7263412475586
2004-03-24,72.78612518310547
2004-03-25,73.74951934814453
2004-03-26,73.76948547363281
2004-03-29,74.8059310913086
2004-03-30,75.05838775634766
2004-03-31,75.14479064941406
2004-04-01,75.59658813476562
2004-04-02,76.16796112060547
2004-04-05,76.58656311035156
2004-04-06,76.3407211303711
2004-04-07,76.16136932373047
2004-04-08,75.98858642578125
2004-04-12,76.28755950927734
2004-04-13,75.21786499023438
2004-04-14,75.33746337890625
2004-04-15,75.0517807006836
2004-04-16,75.62979125976562
2004-04-19,75.62979125976562
2004-04-20,74.36079406738281
2004-04-21,74.85908508300781
2004-04-22,75.90885925292969
2004-04-23,75.98196411132812
2004-04-26,75.8756332397461
2004-04-27,75.94207763671875
2004-04-28,74.9587631225586
2004-04-29,74.30099487304688
2004-04-30,73.72296142578125
2004-05-03,74.5135726928711
2004-05-04,74.45378875732422
2004-05-05,74.93214416503906
2004-05-06,74.2876968383789
2004-05-07,73.05854797363281
2004-05-10,72.30776977539062
2004-05-11,72.9189682006836
2004-05-12,73.38409423828125
2004-05-13,73.0784683227539
2004-05-14,73.1116943359375
2004-05-17,72.48712158203125
2004-05-18,72.85258483886719
2004-05-19,72.60011291503906
2004-05-20,72.83262634277344
2004-05-21,72.95887756347656
2004-05-24,73.26448822021484
2004-05-25,74.31427001953125
2004-05-26,74.57339477539062
2004-05-27,74.99199676513672
2004-05-28,74.9853286743164
2004-06-01,74.88565826416016
2004-06-02,75.16473388671875
2004-06-03,74.47371673583984
2004-06-04,75.06503295898438
2004-06-07,76.20781707763672
2004-06-08,76.31414031982422
2004-06-09,75.6032485961914
2004-06-10,75.9753189086914
2004-06-14,75.22453308105469
2004-06-15,75.75601959228516
2004-06-16,75.74275970458984
2004-06-17,75.62979125976562
2004-06-18,75.77249908447266
2004-06-21,75.48578643798828
2004-06-22,75.8658447265625
2004-06-23,76.51934814453125
2004-06-24,76.279296875
2004-06-25,75.91254425048828
2004-06-28,75.65245056152344
2004-06-29,75.96589660644531
2004-06-30,76.37267303466797
2004-07-01,75.31238555908203
2004-07-02,75.27239227294922
2004-07-06,74.61221313476562
2004-07-07,74.83228302001953
2004-07-08,74.31214141845703
2004-07-09,74.5055160522461
2004-07-12,74.53887939453125
2004-07-13,74.59222412109375
2004-07-14,74.36546325683594
2004-07-15,73.88536834716797
2004-07-16,73.82535552978516
2004-07-19,73.51190948486328
2004-07-20,74.44549560546875
2004-07-21,73.07180786132812
2004-07-22,73.27188873291016
2004-07-23,72.65840911865234
2004-07-26,72.51835632324219
2004-07-27,73.19852447509766
2004-07-28,73.41859436035156
2004-07-29,73.73198699951172
2004-07-30,73.91201782226562
2004-08-02,74.06541442871094
2004-08-03,73.4919204711914
2004-08-04,73.48526763916016
2004-08-05,72.28500366210938
2004-08-06,71.25138854980469
2004-08-09,71.35139465332031
2004-08-10,72.27165222167969
2004-08-11,72.12493133544922
2004-08-12,71.33804321289062
2004-08-13,71.47808074951172
2004-08-16,72.21829986572266
2004-08-17,72.62506866455078
2004-08-18,73.37186431884766
2004-08-19,73.15853118896484
2004-08-20,73.6720199584961
2004-08-23,73.48526763916016
2004-08-24,73.58528900146484
2004-08-25,74.08541870117188
2004-08-26,74.08541870117188
2004-08-27,74.3188247680664
2004-08-30,73.70530700683594
2004-08-31,74.0920639038086
2004-09-01,74.23209381103516
2004-09-02,75.07229614257812
2004-09-03,74.76560974121094
2004-09-07,75.259033203125
2004-09-08,75.07229614257812
2004-09-09,75.00564575195312
2004-09-10,75.39242553710938
2004-09-13,75.6391372680664
2004-09-14,75.79248809814453
2004-09-15,75.21900939941406
2004-09-16,75.44575500488281
2004-09-17,75.76651000976562
2004-09-20,75.31116485595703
2004-09-21,75.6392822265625
2004-09-22,74.69515228271484
2004-09-23,74.29335021972656
2004-09-24,74.6348648071289
2004-09-27,74.15943908691406
2004-09-28,74.51436614990234
2004-09-29,74.8893051147461
2004-09-30,74.83575439453125
2004-10-01,76.10130310058594
2004-10-04,76.22852325439453
2004-10-05,76.26873779296875
2004-10-06,76.79098510742188
2004-10-07,75.96739959716797
2004-10-08,75.33796691894531
2004-10-11,75.64596557617188
2004-10-12,75.35136413574219
2004-10-13,74.68843841552734
2004-10-14,74.08576965332031
2004-10-15,74.5009536743164
2004-10-18,74.78216552734375
2004-10-19,74.15277099609375
2004-10-20,74.00544738769531
2004-10-21,74.48751068115234
2004-10-22,73.6505355834961
2004-10-25,73.56344604492188
2004-10-26,74.68843841552734
2004-10-27,75.585693359375
2004-10-28,75.81338500976562
2004-10-29,75.79998779296875
2004-11-01,76.00753784179688
2004-11-02,76.03436279296875
2004-11-03,76.99188995361328
2004-11-04,78.04318237304688
2004-11-05,78.53199768066406
2004-11-08,78.41820526123047
2004-11-09,78.26415252685547
2004-11-10,78.32443237304688
2004-11-11,78.92037200927734
2004-11-12,79.54310607910156
2004-11-15,79.73855590820312
2004-11-16,79.1677017211914
2004-11-17,79.6377944946289
2004-11-18,79.74525451660156
2004-11-19,78.85875701904297
2004-11-22,79.23483276367188
2004-11-23,79.35572814941406
2004-11-24,79.54378509521484
2004-11-26,79.48332214355469
2004-11-29,79.12065887451172
2004-11-30,79.17440795898438
2004-12-01,80.07433319091797
2004-12-02,80.14148712158203
2004-12-03,80.08775329589844
2004-12-06,80.06092071533203
2004-12-07,79.31544494628906
2004-12-08,79.77886962890625
2004-12-09,80.06092071533203
2004-12-10,80.14148712158203
2004-12-13,80.83995819091797
2004-12-14,81.12203979492188
2004-12-15,81.18246459960938
2004-12-16,81.13548278808594
2004-12-17,80.59430694580078
2004-12-20,80.61450958251953
2004-12-21,81.23532104492188
2004-12-22,81.43098449707031
2004-12-23,81.4917984008789
2004-12-27,81.32306671142578
2004-12-28,81.76842498779297
2004-12-29,81.88985443115234
2004-12-30,81.7346420288086
2004-12-31,81.55919647216797
2005-01-03,81.17459106445312
2005-01-04,80.18269348144531
2005-01-05,79.62937927246094
2005-01-06,80.03425598144531
2005-01-07,79.91954040527344
2005-01-10,80.29740905761719
2005-01-11,79.74410247802734
2005-01-12,80.0072250366211
2005-01-13,79.36622619628906
2005-01-14,79.78459167480469
2005-01-18,80.61450958251953
2005-01-19,79.77111053466797
2005-01-20,79.28524780273438
2005-01-21,78.79940032958984
2005-01-24,78.64423370361328
2005-01-25,78.86689758300781
2005-01-26,79.10308074951172
2005-01-27,79.23799896240234
2005-01-28,79.23799896240234
2005-01-31,79.73060607910156
2005-02-01,80.2366714477539
2005-02-02,80.47958374023438
2005-02-03,80.27041625976562
2005-02-04,81.12734985351562
2005-02-07,81.01937866210938
2005-02-08,81.11388397216797
2005-02-09,80.50656127929688
2005-02-10,80.79670715332031
2005-02-11,81.4917984008789
2005-02-14,81.43098449707031
2005-02-15,81.7346420288086
2005-02-16,81.78865051269531
2005-02-17,81.12734985351562
2005-02-18,81.23532104492188
2005-02-22,80.02749633789062
2005-02-23,80.60104370117188
2005-02-24,81.13412475585938
2005-02-25,81.93708801269531
2005-02-28,81.39728546142578
2005-03-01,81.80213165283203
2005-03-02,81.76165771484375
2005-03-03,81.79541778564453
2005-03-04,82.81429290771484
2005-03-07,82.85478210449219
2005-03-08,82.54436492919922
2005-03-09,81.626708984375
2005-03-10,81.80887603759766
2005-03-11,81.23532104492188
2005-03-14,81.74141693115234
2005-03-15,81.06659698486328
2005-03-16,80.37836456298828
2005-03-17,80.5403060913086
2005-03-18,80.30119323730469
2005-03-21,80.00312805175781
2005-03-22,79.19021606445312
2005-03-23,79.2579574584961
2005-03-24,79.352783203125
2005-03-28,79.46797180175781
2005-03-29,78.93956756591797
2005-03-30,80.05731201171875
2005-03-31,79.90828704833984
2005-04-01,79.54924774169922
2005-04-04,79.68472290039062
2005-04-05,80.06407928466797
2005-04-06,80.34185028076172
2005-04-07,80.77537536621094
2005-04-08,79.93538665771484
2005-04-11,79.9963607788086
2005-04-12,80.4095687866211
2005-04-13,79.46118927001953
2005-04-14,78.42471313476562
2005-04-15,77.32730865478516
2005-04-18,77.56444549560547
2005-04-19,78.18083190917969
2005-04-20,77.0902328491211
2005-04-21,78.58731079101562
2005-04-22,78.28923797607422
2005-04-25,78.80406951904297
2005-04-26,78.03864288330078
2005-04-27,78.34342956542969
2005-04-28,77.36119842529297
2005-04-29,78.41117095947266
2005-05-02,78.85151672363281
2005-05-03,78.98701477050781
2005-05-04,79.59666442871094
2005-05-05,79.56958770751953
2005-05-06,79.3189468383789
2005-05-09,79.81343841552734
2005-05-10,78.98701477050781
2005-05-11,79.42053985595703
2005-05-12,78.54666900634766
2005-05-13,78.39087677001953
2005-05-16,79.12247467041016
2005-05-17,79.65089416503906
2005-05-18,80.47057342529297
2005-05-19,80.80924224853516
2005-05-20,80.69408416748047
2005-05-23,81.14119720458984
2005-05-24,80.95150756835938
2005-05-25,80.89054870605469
2005-05-26,81.32408905029297
2005-05-27,81.45957946777344
2005-05-31,80.9379653930664
2005-06-01,81.62893676757812
2005-06-02,81.80509185791016
2005-06-03,81.3918685913086
2005-06-06,81.31730651855469
2005-06-07,81.3782730102539
2005-06-08,81.229248046875
2005-06-09,81.6153793334961
2005-06-10,81.42566680908203
2005-06-13,81.68314361572266
2005-06-14,81.87279510498047
2005-06-15,82.02861022949219
2005-06-16,82.23860168457031
2005-06-17,82.5433120727539
2005-06-20,82.57051086425781
2005-06-21,82.61812591552734
2005-06-22,82.6861572265625
2005-06-23,81.52311706542969
2005-06-24,80.92454528808594
2005-06-27,81.04017639160156
2005-06-28,81.7203598022461
2005-06-29,81.502685546875
2005-06-30,81.06059265136719
2005-07-01,81.29862213134766
2005-07-05,81.95157623291016
2005-07-06,81.2646255493164
2005-07-07,81.58432006835938
2005-07-08,82.51615142822266
2005-07-11,82.93782043457031
2005-07-12,83.15546417236328
2005-07-13,83.2710952758789
2005-07-14,83.5975570678711
2005-07-15,83.54995727539062
2005-07-18,83.21668243408203
2005-07-19,83.67239379882812
2005-07-20,83.95801544189453
2005-07-21,83.46833038330078
2005-07-22,84.02606201171875
2005-07-25,83.78800964355469
2005-07-26,83.8900375366211
2005-07-27,84.19610595703125
2005-07-28,84.72660827636719
2005-07-29,84.16207122802734
2005-08-01,84.10089111328125
2005-08-02,84.60415649414062
2005-08-03,84.82865142822266
2005-08-04,84.14847564697266
2005-08-05,83.57717895507812
2005-08-08,83.42070007324219
2005-08-09,83.92401885986328
2005-08-10,83.88321685791016
2005-08-11,84.21648406982422
2005-08-12,83.6995620727539
2005-08-15,84.21648406982422
2005-08-16,83.12144470214844
2005-08-17,83.11463928222656
2005-08-18,83.10789489746094
2005-08-19,83.29830169677734
2005-08-22,83.29830169677734
2005-08-23,83.141845703125
2005-08-24,82.40050506591797
2005-08-25,82.69971466064453
2005-08-26,82.13524627685547
2005-08-29,82.76779174804688
2005-08-30,82.33246612548828
2005-08-31,83.37310791015625
2005-09-01,83.3118896484375
2005-09-02,83.1622085571289
2005-09-06,84.13488006591797
2005-09-07,84.27771759033203
2005-09-08,83.99884796142578
2005-09-09,84.74702453613281
2005-09-12,84.57696533203125
2005-09-13,84.10768127441406
2005-09-14,83.80159759521484
2005-09-15,83.76079559326172
2005-09-16,84.35640716552734
2005-09-19,84.07635498046875
2005-09-20,83.3659896850586
2005-09-21,82.5873031616211
2005-09-22,82.88101196289062
2005-09-23,82.94933319091797
2005-09-26,83.04496765136719
2005-09-27,83.02444458007812
2005-09-28,83.10643768310547
2005-09-29,83.78264617919922
2005-09-30,84.04216766357422
2005-10-03,83.74161529541016
2005-10-04,82.7990493774414
2005-10-05,81.71302795410156
2005-10-06,81.41931915283203
2005-10-07,81.6993408203125
2005-10-10,81.00948333740234
2005-10-11,80.89337158203125
2005-10-12,80.25810241699219
2005-10-13,80.2103042602539
2005-10-14,81.05731964111328
2005-10-17,81.35783386230469
2005-10-18,80.4766616821289
2005-10-19,81.81547546386719
2005-10-20,80.37425231933594
2005-10-21,80.68841552734375
2005-10-24,81.93843841552734
2005-10-25,81.77449798583984
2005-10-26,81.5354232788086
2005-10-27,80.66796875
2005-10-28,81.82913970947266
2005-10-31,82.05452728271484
2005-11-01,82.3004379272461
2005-11-02,83.16107177734375
2005-11-03,83.51624298095703
2005-11-04,83.40696716308594
2005-11-07,83.48893737792969
2005-11-08,83.48893737792969
2005-11-09,83.59823608398438
2005-11-10,84.24710845947266
2005-11-11,84.53398895263672
2005-11-14,84.48619079589844
2005-11-15,84.1788101196289
2005-11-16,84.34959411621094
2005-11-17,85.13507080078125
2005-11-18,85.46977996826172
2005-11-21,85.90008544921875
2005-11-22,86.2689437866211
2005-11-23,86.76758575439453
2005-11-25,86.83586120605469
2005-11-28,86.22116088867188
2005-11-29,86.12549591064453
2005-11-30,85.66099548339844
2005-12-01,86.53531646728516
2005-12-02,86.64461517333984
2005-12-05,86.46017456054688
2005-12-06,86.62413024902344
2005-12-07,86.11865234375
2005-12-08,86.06403350830078
2005-12-09,86.28941345214844
2005-12-12,86.37139892578125
2005-12-13,86.95884704589844
2005-12-14,87.30034637451172
2005-12-15,87.04761505126953
2005-12-16,86.76744079589844
2005-12-19,86.32112121582031
2005-12-20,86.40351867675781
2005-12-21,86.54087829589844
2005-12-22,86.99405670166016
2005-12-23,87.04212951660156
2005-12-27,86.15632629394531
2005-12-28,86.34858703613281
2005-12-29,85.96401977539062
2005-12-30,85.49711608886719
2006-01-03,87.00090026855469
2006-01-04,87.41291046142578
2006-01-05,87.46783447265625
2006-01-06,88.19573974609375
2006-01-09,88.4223403930664
2006-01-10,88.51158905029297
2006-01-11,88.79312896728516
2006-01-12,88.44293975830078
2006-01-13,88.36051940917969
2006-01-17,88.12019348144531
2006-01-18,87.76996612548828
2006-01-19,88.1064682006836
2006-01-20,86.4996566772461
2006-01-23,86.80867767333984
2006-01-24,86.89794158935547
2006-01-25,86.97344970703125
2006-01-26,87.45410919189453
2006-01-27,88.26439666748047
2006-01-30,88.19573974609375
2006-01-31,87.55026245117188
2006-02-01,88.16140747070312
2006-02-02,87.13824462890625
2006-02-03,86.7056655883789
2006-02-06,86.93224334716797
2006-02-07,86.1632308959961
2006-02-08,86.94599914550781
2006-02-09,86.80178833007812
2006-02-10,86.95972442626953
2006-02-13,86.80178833007812
2006-02-14,87.72193908691406
2006-02-15,88.03093719482422
2006-02-16,88.69010162353516
2006-02-17,88.44979858398438
2006-02-21,88.23006439208984
2006-02-22,88.76566314697266
2006-02-23,88.63517761230469
2006-02-24,88.86181640625
2006-02-27,88.8960952758789
2006-02-28,88.05154418945312
2006-03-01,88.83430480957031
2006-03-02,88.82743835449219
2006-03-03,88.41543579101562
2006-03-06,88.01034545898438
2006-03-07,87.87300872802734
2006-03-08,88.05840301513672
2006-03-09,87.46783447265625
2006-03-10,88.29874420166016
2006-03-13,88.46350860595703
2006-03-14,89.3905258178711
2006-03-15,89.78881072998047
2006-03-16,89.97417449951172
2006-03-17,90.0493392944336
2006-03-20,89.90455627441406
2006-03-21,89.33924865722656
2006-03-22,89.8839111328125
2006-03-23,89.69776916503906
2006-03-24,89.76668548583984
2006-03-27,89.63571166992188
2006-03-28,89.08419799804688
2006-03-29,89.642578125
2006-03-30,89.48407745361328
2006-03-31,89.50470733642578
2006-04-03,89.43575286865234
2006-04-04,90.00800323486328
2006-04-05,90.31818389892578
2006-04-06,90.2217025756836
2006-04-07,89.30474853515625
2006-04-10,89.44264221191406
2006-04-11,88.68434143066406
2006-04-12,88.84979248046875
2006-04-13,88.73260498046875
2006-04-17,88.69812774658203
2006-04-18,90.1044921875
2006-04-19,90.27681732177734
2006-04-20,90.40095520019531
2006-04-21,90.4146957397461
2006-04-24,90.2492904663086
2006-04-25,89.87699127197266
2006-04-26,89.89767456054688
2006-04-27,90.33200073242188
2006-04-28,90.63534545898438
2006-05-01,89.89767456054688
2006-05-02,90.57328033447266
2006-05-03,90.23545837402344
2006-05-04,90.55948638916016
2006-05-05,91.35923767089844
2006-05-08,91.24890899658203
2006-05-09,91.42813110351562
2006-05-10,91.37992095947266
2006-05-11,90.27681732177734
2006-05-12,89.09796142578125
2006-05-15,89.27718353271484
2006-05-16,89.146240234375
2006-05-17,87.4502944946289
2006-05-18,87.00909423828125
2006-05-19,87.62261962890625
2006-05-22,86.95392608642578
2006-05-23,86.2921142578125
2006-05-24,86.98150634765625
2006-05-25,88.05699157714844
2006-05-26,88.5051040649414
2006-05-30,86.93324279785156
2006-05-31,87.90533447265625
2006-06-01,88.74634552001953
2006-06-02,88.93252563476562
2006-06-05,87.636474609375
2006-06-06,87.42276763916016
2006-06-07,86.7677993774414
2006-06-08,86.69195556640625
2006-06-09,86.41620635986328
2006-06-12,85.47863006591797
2006-06-13,84.48588562011719
2006-06-14,85.14080047607422
2006-06-15,86.947021484375
2006-06-16,86.3134765625
2006-06-19,85.63484191894531
2006-06-20,85.92566680908203
2006-06-21,86.56273651123047
2006-06-22,86.18187713623047
2006-06-23,86.16801452636719
2006-06-26,86.54885864257812
2006-06-27,85.80101776123047
2006-06-28,86.3826675415039
2006-06-29,88.12765502929688
2006-06-30,88.13457489013672
2006-07-03,88.4946517944336
2006-07-05,87.98918914794922
2006-07-06,88.24539184570312
2006-07-07,87.67064666748047
2006-07-10,87.83684539794922
2006-07-11,88.22460174560547
2006-07-12,87.28289031982422
2006-07-13,85.86335754394531
2006-07-14,85.53099060058594
2006-07-17,85.4063491821289
2006-07-18,85.84259033203125
2006-07-19,87.03362274169922
2006-07-20,86.43809509277344
2006-07-21,85.8287582397461
2006-07-24,87.39366912841797
2006-07-25,87.70526885986328
2006-07-26,87.82303619384766
2006-07-27,87.7398910522461
2006-07-28,88.61929321289062
2006-07-31,88.52928924560547
2006-08-01,88.09305572509766
2006-08-02,88.68855285644531
2006-08-03,88.92400360107422
2006-08-04,88.77165985107422
2006-08-07,88.56389617919922
2006-08-08,88.22460174560547
2006-08-09,87.92684173583984
2006-08-10,88.19689178466797
2006-08-11,87.9476318359375
2006-08-14,88.01685333251953
2006-08-15,89.06939697265625
2006-08-16,89.81031036376953
2006-08-17,90.03881072998047
2006-08-18,90.49581909179688
2006-08-21,90.10806274414062
2006-08-22,90.10112762451172
2006-08-23,89.8518295288086
2006-08-24,89.77566528320312
2006-08-25,89.88646697998047
2006-08-28,90.31576538085938
2006-08-29,90.41963958740234
2006-08-30,90.47503662109375
2006-08-31,90.46118927001953
2006-09-01,91.00130462646484
2006-09-05,91.1744384765625
2006-09-06,90.3711929321289
2006-09-07,89.95574951171875
2006-09-08,90.21195220947266
2006-09-11,90.30193328857422
2006-09-12,91.18827819824219
2006-09-13,91.5552749633789
2006-09-14,91.56217193603516
2006-09-15,91.7771224975586
2006-09-18,91.90229034423828
2006-09-19,91.67279052734375
2006-09-20,92.15961456298828
2006-09-21,91.71451568603516
2006-09-22,91.43631744384766
2006-09-25,92.13874816894531
2006-09-26,92.90377807617188
2006-09-27,93.01507568359375
2006-09-28,92.9803237915039
2006-09-29,92.90377807617188
2006-10-02,92.55606842041016
2006-10-03,92.75078582763672
2006-10-04,93.83576965332031
2006-10-05,94.0165786743164
2006-10-06,93.89836883544922
2006-10-09,93.95399475097656
2006-10-10,94.0792007446289
2006-10-11,93.96785736083984
2006-10-12,94.78163146972656
2006-10-13,95.02503204345703
2006-10-16,95.171142578125
2006-10-17,94.87205505371094
2006-10-18,94.9972152709961
2006-10-19,95.15025329589844
2006-10-20,95.171142578125
2006-10-23,95.60924530029297
2006-10-24,95.8943862915039
2006-10-25,96.22129821777344
2006-10-26,96.52029418945312
2006-10-27,95.91524505615234
2006-10-30,95.845703125
2006-10-31,95.83180236816406
2006-11-01,95.18502807617188
2006-11-02,95.12932586669922
2006-11-03,94.96244812011719
2006-11-06,96.03353118896484
2006-11-07,96.402099609375
2006-11-08,96.61077117919922
2006-11-09,96.10301971435547
2006-11-10,96.14483642578125
2006-11-13,96.38127136230469
2006-11-14,97.10456848144531
2006-11-15,97.3828125
2006-11-16,97.63313293457031
2006-11-17,97.66094970703125
2006-11-20,97.71661376953125
2006-11-21,97.8139877319336
2006-11-22,98.0086898803711
2006-11-24,97.61222839355469
2006-11-27,96.26998138427734
2006-11-28,96.687255859375
2006-11-29,97.69573211669922
2006-11-30,97.73744201660156
2006-12-01,97.52184295654297
2006-12-04,98.26602172851562
2006-12-05,98.69026184082031
2006-12-06,98.6068115234375
2006-12-07,98.17559814453125
2006-12-08,98.35646057128906
2006-12-11,98.64161682128906
2006-12-12,98.56507110595703
2006-12-13,98.6694107055664
2006-12-14,99.53880310058594
2006-12-15,99.54792785644531
2006-12-18,99.27510833740234
2006-12-19,99.4639892578125
2006-12-20,99.40800476074219
2006-12-21,99.0443344116211
2006-12-22,98.43588256835938
2006-12-26,99.0163803100586
2006-12-27,99.66674041748047
2006-12-28,99.45696258544922
2006-12-29,99.0443344116211
2007-01-03,98.8695068359375
2007-01-04,99.07929992675781
2007-01-05,98.28900909423828
2007-01-08,98.74360656738281
2007-01-09,98.65974426269531
2007-01-10,98.9883804321289
2007-01-11,99.4220199584961
2007-01-12,100.17736053466797
2007-01-16,99.98148345947266
2007-01-17,100.02349090576172
2007-01-18,99.68775177001953
2007-01-19,99.88359832763672
2007-01-22,99.57586669921875
2007-01-23,99.86959838867188
2007-01-24,100.673828125
2007-01-25,99.49191284179688
2007-01-26,99.4010238647461
2007-01-29,99.34505462646484
2007-01-30,99.86259460449219
2007-01-31,100.53400421142578
2007-02-01,101.13546752929688
2007-02-02,101.27532958984375
2007-02-05,101.30332946777344
2007-02-06,101.33128356933594
2007-02-07,101.55506134033203
2007-02-08,101.42221069335938
2007-02-09,100.6668930053711
2007-02-12,100.32418823242188
2007-02-13,101.17041778564453
2007-02-14,101.8348159790039
2007-02-15,101.9676513671875
2007-02-16,101.91874694824219
2007-02-20,102.13558197021484
2007-02-21,102.09357452392578
2007-02-22,102.01663208007812
2007-02-23,101.61798858642578
2007-02-26,101.52709197998047
2007-02-27,97.5616683959961
2007-02-28,98.5617446899414
2007-03-01,98.26801300048828
2007-03-02,96.98118591308594
2007-03-05,96.05801391601562
2007-03-06,97.70154571533203
2007-03-07,97.60363006591797
2007-03-08,98.42889404296875
2007-03-09,98.4569320678711
2007-03-12,98.60372161865234
2007-03-13,96.68748474121094
2007-03-14,97.4078140258789
2007-03-15,97.54071807861328
2007-03-16,97.26753997802734
2007-03-19,98.44012451171875
2007-03-20,98.98078918457031
2007-03-21,100.60977935791016
2007-03-22,100.5325698852539
2007-03-23,100.67999267578125
2007-03-26,100.54656219482422
2007-03-27,100.30780029296875
2007-03-28,99.5776138305664
2007-03-29,99.68289947509766
2007-03-30,99.7040023803711
2007-04-02,99.81636047363281
2007-04-03,100.89060974121094
2007-04-04,101.00293731689453
2007-04-05,101.27678680419922
2007-04-09,101.4172134399414
2007-04-10,101.53659057617188
2007-04-11,101.12234497070312
2007-04-12,101.57169342041016
2007-04-13,102.03511047363281
2007-04-16,103.00404357910156
2007-04-17,103.27783203125
2007-04-18,103.404296875
2007-04-19,103.37615966796875
2007-04-20,104.35220336914062
2007-04-23,103.95895385742188
2007-04-24,104.00110626220703
2007-04-25,104.95600891113281
2007-04-26,105.0753402709961
2007-04-27,104.99111938476562
2007-04-30,104.12043762207031
2007-05-01,104.38728332519531
2007-05-02,104.99808502197266
2007-05-03,105.56685638427734
2007-05-04,105.96708679199219
2007-05-07,105.98817443847656
2007-05-08,105.84774017333984
2007-05-09,106.1355972290039
2007-05-10,105.0262680053711
2007-05-11,105.92498016357422
2007-05-14,105.6932373046875
2007-05-15,105.72132110595703
2007-05-16,106.44454956054688
2007-05-17,106.23389434814453
2007-05-18,107.16069793701172
2007-05-21,107.10458374023438
2007-05-22,107.02027893066406
2007-05-23,107.03433990478516
2007-05-24,106.06536865234375
2007-05-25,106.50774383544922
2007-05-29,106.8939208984375
2007-05-30,107.76454162597656
2007-05-31,107.65227508544922
2007-06-01,108.18584442138672
2007-06-04,108.199951171875
2007-06-05,107.7715835571289
2007-06-06,106.613037109375
2007-06-07,104.68919372558594
2007-06-08,106.05134582519531
2007-06-11,106.23389434814453
2007-06-12,105.0753402709961
2007-06-13,106.64817810058594
2007-06-14,107.32923126220703
2007-06-15,107.93992614746094
2007-06-18,107.81295776367188
2007-06-19,108.08091735839844
2007-06-20,106.57894134521484
2007-06-21,107.17132568359375
2007-06-22,106.16291046142578
2007-06-25,105.6551742553711
2007-06-26,104.5691909790039
2007-06-27,106.05715942382812
2007-06-28,106.04301452636719
2007-06-29,106.07827758789062
2007-07-02,107.03731536865234
2007-07-03,107.42512512207031
2007-07-05,107.31230926513672
2007-07-06,107.87647247314453
2007-07-09,107.9610824584961
2007-07-10,106.42383575439453
2007-07-11,107.17838287353516
2007-07-12,108.87075805664062
2007-07-13,109.19512939453125
2007-07-16,109.18099975585938
2007-07-17,109.12464141845703
2007-07-18,108.92716979980469
2007-07-19,109.3502426147461
2007-07-20,108.24314880371094
2007-07-23,108.57456970214844
2007-07-24,106.69178009033203
2007-07-25,106.9104232788086
2007-07-26,104.3787841796875
2007-07-27,102.32681274414062
2007-07-30,103.9275131225586
2007-07-31,102.75692749023438
2007-08-01,103.25758361816406
2007-08-02,104.0826416015625
2007-08-03,101.40303039550781
2007-08-06,103.10247802734375
2007-08-07,104.20254516601562
2007-08-08,105.6551742553711
2007-08-09,102.52420043945312
2007-08-10,102.04470825195312
2007-08-13,102.4113998413086
2007-08-14,100.8459243774414
2007-08-15,99.45672607421875
2007-08-16,100.2042007446289
2007-08-17,102.04470825195312
2007-08-20,101.99536895751953
2007-08-21,102.19985961914062
2007-08-22,103.41272735595703
2007-08-23,103.3210678100586
2007-08-24,104.59739685058594
2007-08-27,103.62425994873047
2007-08-28,101.34658813476562
2007-08-29,103.33518981933594
2007-08-30,103.0602035522461
2007-08-31,104.0756607055664
2007-09-04,105.12628173828125
2007-09-05,104.21662139892578
2007-09-06,104.45643615722656
2007-09-07,103.00372314453125
2007-09-10,102.8062973022461
2007-09-11,104.00505065917969
2007-09-12,104.27301788330078
2007-09-13,105.00640869140625
2007-09-14,104.99937438964844
2007-09-17,104.43525695800781
2007-09-18,107.50980377197266
2007-09-19,108.1444320678711
2007-09-20,107.3828125
2007-09-21,107.67263793945312
2007-09-24,107.4742431640625
2007-09-25,107.26168060302734
2007-09-26,107.82850646972656
2007-09-27,108.46615600585938
2007-09-28,108.1048355102539
2007-10-01,109.32343292236328
2007-10-02,109.1746826171875
2007-10-03,108.95501708984375
2007-10-04,109.12510681152344
2007-10-05,110.42166137695312
2007-10-08,109.83358001708984
2007-10-09,110.8680419921875
2007-10-10,110.6838150024414
2007-10-11,110.15240478515625
2007-10-12,110.76168823242188
2007-10-15,109.82649230957031
2007-10-16,108.95501708984375
2007-10-17,109.28805541992188
2007-10-18,108.89127349853516
2007-10-19,106.04302978515625
2007-10-22,106.65943145751953
2007-10-23,107.52381896972656
2007-10-24,107.3254623413086
2007-10-25,107.58049774169922
2007-10-26,108.84166717529297
2007-10-29,109.2029800415039
2007-10-30,108.44490814208984
2007-10-31,109.5714340209961
2007-11-01,107.006591796875
2007-11-02,107.1270523071289
2007-11-05,106.31233978271484
2007-11-06,107.7435073852539
2007-11-07,104.79602813720703
2007-11-08,104.26467895507812
2007-11-09,102.83348846435547
2007-11-12,101.81320190429688
2007-11-13,104.91654205322266
2007-11-14,104.62603759765625
2007-11-15,103.1168441772461
2007-11-16,103.29398345947266
2007-11-19,101.85572052001953
2007-11-20,102.47925567626953
2007-11-21,100.38204193115234
2007-11-23,102.11785888671875
2007-11-26,99.86483001708984
2007-11-27,101.01261901855469
2007-11-28,104.2434310913086
2007-11-29,104.27880859375
2007-11-30,105.32744598388672
2007-12-03,104.63307189941406
2007-12-04,103.69786071777344
2007-12-05,105.43376922607422
2007-12-06,106.94287109375
2007-12-07,106.92158508300781
2007-12-10,107.7505874633789
2007-12-11,104.79602813720703
2007-12-12,105.83048248291016
2007-12-13,105.61084747314453
2007-12-14,104.27176666259766
2007-12-17,102.78389739990234
2007-12-18,103.35778045654297
2007-12-19,103.35778045654297
2007-12-20,104.00962829589844
2007-12-21,105.50898742675781
2007-12-24,106.29243469238281
2007-12-26,106.52041625976562
2007-12-27,105.18132781982422
2007-12-28,104.91775512695312
2007-12-31,104.14138793945312
2008-01-02,103.22969818115234
2008-01-03,103.17980194091797
2008-01-04,100.65122985839844
2008-01-07,100.56578826904297
2008-01-08,98.94181060791016
2008-01-09,99.981689453125
2008-01-10,100.63700103759766
2008-01-11,99.82498931884766
2008-01-14,100.6298599243164
2008-01-15,98.41472625732422
2008-01-16,97.56709289550781
2008-01-17,95.03852081298828
2008-01-18,94.06273651123047
2008-01-22,93.10826110839844
2008-01-23,95.34478759765625
2008-01-24,96.14971160888672
2008-01-25,94.7607650756836
2008-01-28,96.3277359008789
2008-01-29,96.80497741699219
2008-01-30,96.09272003173828
2008-01-31,97.84490966796875
2008-02-01,99.41902923583984
2008-02-04,98.1654052734375
2008-02-05,95.53711700439453
2008-02-06,94.76789855957031
2008-02-07,95.39466857910156
2008-02-08,94.78213500976562
2008-02-11,95.26647186279297
2008-02-12,96.14971160888672
2008-02-13,97.13264465332031
2008-02-14,96.27788543701172
2008-02-15,96.25650787353516
2008-02-19,96.52719116210938
2008-02-20,96.81209564208984
2008-02-21,96.00723266601562
2008-02-22,96.59837341308594
2008-02-25,97.81641387939453
2008-02-26,98.55001068115234
2008-02-27,98.4503173828125
2008-02-28,97.4887924194336
2008-02-29,95.31633758544922
2008-03-03,95.08840942382812
2008-03-04,94.72514343261719
2008-03-05,95.32343292236328
2008-03-06,93.35043334960938
2008-03-07,92.38887023925781
2008-03-10,91.1709213256836
2008-03-11,94.44733428955078
2008-03-12,93.56414031982422
2008-03-13,93.77071380615234
2008-03-14,92.31764221191406
2008-03-17,91.38459777832031
2008-03-18,95.1810073852539
2008-03-19,92.8233871459961
2008-03-20,94.5427017211914
2008-03-24,96.43244171142578
2008-03-25,96.52545928955078
2008-03-26,95.34442138671875
2008-03-27,95.04376983642578
2008-03-28,94.13469696044922
2008-03-31,94.46402740478516
2008-04-01,97.7852783203125
2008-04-02,97.84967803955078
2008-04-03,98.09307861328125
2008-04-04,97.98570251464844
2008-04-07,98.03582000732422
2008-04-08,97.9355697631836
2008-04-09,97.22694396972656
2008-04-10,97.36296844482422
2008-04-11,95.47325897216797
2008-04-14,95.1511459350586
2008-04-15,95.37307739257812
2008-04-16,97.95709228515625
2008-04-17,98.10025787353516
2008-04-18,99.12380981445312
2008-04-21,99.17391967773438
2008-04-22,98.7373275756836
2008-04-23,98.57986450195312
2008-04-24,99.00934600830078
2008-04-25,99.92554473876953
2008-04-28,99.94698333740234
2008-04-29,99.55333709716797
2008-04-30,98.96634674072266
2008-05-01,101.0135498046875
2008-05-02,101.29269409179688
2008-05-05,100.80596923828125
2008-05-06,101.67921447753906
2008-05-07,99.86827087402344
2008-05-08,99.61054992675781
2008-05-09,99.42445373535156
2008-05-12,100.5411148071289
2008-05-13,100.55540466308594
2008-05-14,100.76300811767578
2008-05-15,102.02283477783203
2008-05-16,102.11589813232422
2008-05-19,102.39501953125
2008-05-20,101.56473541259766
2008-05-21,99.8468246459961
2008-05-22,99.861083984375
2008-05-23,98.52257537841797
2008-05-27,99.25263214111328
2008-05-28,99.7107925415039
2008-05-29,100.21185302734375
2008-05-30,100.46235656738281
2008-06-02,99.42445373535156
2008-06-03,98.84466552734375
2008-06-04,98.79460144042969
2008-06-05,100.77019500732422
2008-06-06,97.55625915527344
2008-06-09,97.7924575805664
2008-06-10,97.30567932128906
2008-06-11,95.87411499023438
2008-06-12,96.23914337158203
2008-06-13,97.4560317993164
2008-06-16,97.51325225830078
2008-06-17,97.04088592529297
2008-06-18,96.09598541259766
2008-06-19,96.21768951416016
2008-06-20,94.65592193603516
2008-06-23,94.56239318847656
2008-06-24,94.37535858154297
2008-06-25,94.82137298583984
2008-06-26,92.24601745605469
2008-06-27,91.7424087524414
2008-06-30,92.0661392211914
2008-07-01,92.3539047241211
2008-07-02,90.77128601074219
2008-07-03,90.8647689819336
2008-07-07,89.9367904663086
2008-07-08,91.53382110595703
2008-07-09,89.77132415771484
2008-07-10,90.13822174072266
2008-07-11,89.08792877197266
2008-07-14,88.28221893310547
2008-07-15,87.03768920898438
2008-07-16,89.17424774169922
2008-07-17,90.06625366210938
2008-07-18,90.62737274169922
2008-07-21,90.6777572631836
2008-07-22,91.70645904541016
2008-07-23,92.20282745361328
2008-07-24,90.28931427001953
2008-07-25,90.26771545410156
2008-07-28,88.94400787353516
2008-07-29,90.84320831298828
2008-07-30,92.46180725097656
2008-07-31,91.23888397216797
2008-08-01,90.75688934326172
2008-08-04,89.91520690917969
2008-08-05,92.33952331542969
2008-08-06,92.74955749511719
2008-08-07,91.36833190917969
2008-08-08,93.06607055664062
2008-08-11,94.03007507324219
2008-08-12,93.05168914794922
2008-08-13,92.49059295654297
2008-08-14,93.18836212158203
2008-08-15,93.64157104492188
2008-08-18,92.36107635498047
2008-08-19,91.35397338867188
2008-08-20,91.7784194946289
2008-08-21,91.9366683959961
2008-08-22,93.26749420166016
2008-08-25,91.37554168701172
2008-08-26,91.64173889160156
2008-08-27,92.53374481201172
2008-08-28,93.65595245361328
2008-08-29,92.64887237548828
2008-09-02,92.07334899902344
2008-09-03,91.99420928955078
2008-09-04,89.224609375
2008-09-05,89.5051498413086
2008-09-08,91.35397338867188
2008-09-09,88.64189910888672
2008-09-10,89.00157928466797
2008-09-11,90.28931427001953
2008-09-12,90.70654296875
2008-09-15,86.39024353027344
2008-09-16,87.836181640625
2008-09-17,83.88679504394531
2008-09-18,86.37586212158203
2008-09-19,89.80618286132812
2008-09-22,87.77301788330078
2008-09-23,85.77603149414062
2008-09-24,86.05098724365234
2008-09-25,87.39679718017578
2008-09-26,87.44017791748047
2008-09-29,80.58824920654297
2008-09-30,83.92377471923828
2008-10-01,83.97444915771484
2008-10-02,80.9283218383789
2008-10-03,79.83573913574219
2008-10-06,75.76942443847656
2008-10-07,72.37602996826172
2008-10-08,70.55269622802734
2008-10-09,65.62535858154297
2008-10-10,64.0335693359375
2008-10-13,73.33106231689453
2008-10-14,72.2458267211914
2008-10-15,65.13334655761719
2008-10-16,67.8466567993164
2008-10-17,67.44145202636719
2008-10-20,71.49331665039062
2008-10-21,69.35887908935547
2008-10-22,65.58194732666016
2008-10-23,66.34168243408203
2008-10-24,62.97721481323242
2008-10-27,60.7414436340332
2008-10-28,67.83942413330078
2008-10-29,67.34742736816406
2008-10-30,69.67720031738281
2008-10-31,70.06069946289062
2008-11-03,70.2632827758789
2008-11-04,72.65097045898438
2008-11-05,69.59761047363281
2008-11-06,65.74113464355469
2008-11-07,67.91178131103516
2008-11-10,67.02178955078125
2008-11-11,64.95246887207031
2008-11-12,62.09446334838867
2008-11-13,65.96544647216797
2008-11-14,62.67332077026367
2008-11-17,61.84125900268555
2008-11-18,63.006160736083984
2008-11-19,58.968772888183594
2008-11-20,54.59133529663086
2008-11-21,57.536163330078125
2008-11-24,61.52288818359375
2008-11-25,61.97872543334961
2008-11-26,64.3736343383789
2008-11-28,65.18401336669922
2008-12-01,59.41013717651367
2008-12-02,61.69654846191406
2008-12-03,63.17980194091797
2008-12-04,61.71824264526367
2008-12-05,63.62112045288086
2008-12-08,65.8424301147461
2008-12-09,64.75712585449219
2008-12-10,65.19847869873047
2008-12-11,63.62837600708008
2008-12-12,64.38810729980469
2008-12-15,63.49092483520508
2008-12-16,66.47915649414062
2008-12-17,65.835205078125
2008-12-18,64.60516357421875
2008-12-19,64.32727813720703
2008-12-22,63.50301742553711
2008-12-23,62.84654235839844
2008-12-24,63.21124267578125
2008-12-26,63.57596206665039
2008-12-29,63.39361572265625
2008-12-30,64.89620208740234
2008-12-31,65.82257080078125
2009-01-02,67.80657958984375
2009-01-05,67.7263412475586
2009-01-06,68.17857360839844
2009-01-07,66.1362075805664
2009-01-08,66.40607452392578
2009-01-09,64.98375701904297
2009-01-12,63.42277526855469
2009-01-13,63.53948974609375
2009-01-14,61.54085922241211
2009-01-15,61.56276321411133
2009-01-16,62.04420471191406
2009-01-20,58.769107818603516
2009-01-21,61.307456970214844
2009-01-22,60.3592529296875
2009-01-23,60.621829986572266
2009-01-26,61.037601470947266
2009-01-27,61.657596588134766
2009-01-28,63.74373245239258
2009-01-29,61.67216873168945
2009-01-30,60.417606353759766
2009-02-02,60.23525619506836
2009-02-03,61.081382751464844
2009-02-04,60.78230667114258
2009-02-05,61.686763763427734
2009-02-06,63.4447021484375
2009-02-09,63.53218460083008
2009-02-10,60.621829986572266
2009-02-11,60.979244232177734
2009-02-12,61.02302551269531
2009-02-13,60.36655044555664
2009-02-17,57.784400939941406
2009-02-18,57.64579391479492
2009-02-19,57.02580642700195
2009-02-20,56.4714469909668
2009-02-23,54.45096969604492
2009-02-24,56.51520538330078
2009-02-25,56.070274353027344
2009-02-26,55.15851593017578
2009-02-27,53.92579650878906
2009-03-02,51.4968147277832
2009-03-03,51.1102409362793
2009-03-04,52.32106018066406
2009-03-05,50.18387222290039
2009-03-06,50.27141189575195
2009-03-09,49.680572509765625
2009-03-10,52.64201354980469
2009-03-11,52.984840393066406
2009-03-12,55.07096481323242
2009-03-13,55.50130844116211
2009-03-16,55.33354949951172
2009-03-17,57.02580642700195
2009-03-18,58.302276611328125
2009-03-19,57.58015823364258
2009-03-20,56.354042053222656
2009-03-23,60.40189743041992
2009-03-24,59.21178436279297
2009-03-25,59.836212158203125
2009-03-26,61.05572509765625
2009-03-27,59.95378494262695
2009-03-30,57.882083892822266
2009-03-31,58.41838455200195
2009-04-01,59.549720764160156
2009-04-02,61.29081726074219
2009-04-03,61.90056610107422
2009-04-06,61.41569519042969
2009-04-07,59.9831657409668
2009-04-08,60.62965774536133
2009-04-09,63.039249420166016
2009-04-13,63.0539436340332
2009-04-14,61.9666862487793
2009-04-15,62.627838134765625
2009-04-16,63.54615020751953
2009-04-17,63.97224807739258
2009-04-20,61.29081726074219
2009-04-21,62.48828125
2009-04-22,62.106266021728516
2009-04-23,62.71601104736328
2009-04-24,63.66368103027344
2009-04-27,63.061279296875
2009-04-28,62.86294174194336
2009-04-29,64.19995880126953
2009-04-30,64.22199249267578
2009-05-01,64.56730651855469
2009-05-04,66.76387786865234
2009-05-05,66.53610229492188
2009-05-06,67.68951416015625
2009-05-07,66.7491455078125
2009-05-08,68.30660247802734
2009-05-11,67.02831268310547
2009-05-12,66.82997131347656
2009-05-13,65.14765167236328
2009-05-14,65.70599365234375
2009-05-15,65.16968536376953
2009-05-18,67.02099609375
2009-05-19,66.9401626586914
2009-05-20,66.49203491210938
2009-05-21,65.53700256347656
2009-05-22,65.39743041992188
2009-05-26,67.0724105834961
2009-05-27,65.87492370605469
2009-05-28,66.79325866699219
2009-05-29,67.97600555419922
2009-06-01,69.62159729003906
2009-06-02,69.68038177490234
2009-06-03,68.79881286621094
2009-06-04,69.44525909423828
2009-06-05,69.45999908447266
2009-06-08,69.17346954345703
2009-06-09,69.52610778808594
2009-06-10,69.34977722167969
2009-06-11,69.65831756591797
2009-06-12,69.84932708740234
2009-06-15,68.24784088134766
2009-06-16,67.3221664428711
2009-06-17,67.25605773925781
2009-06-18,67.748291015625
2009-06-19,67.99799346923828
2009-06-22,65.9589614868164
2009-06-23,66.01065063476562
2009-06-24,66.57952117919922
2009-06-25,68.02754211425781
2009-06-26,67.85021209716797
2009-06-29,68.48555755615234
2009-06-30,67.93148040771484
2009-07-01,68.21224212646484
2009-07-02,66.3504867553711
2009-07-06,66.3431396484375
2009-07-07,65.05760192871094
2009-07-08,65.01325225830078
2009-07-09,65.13888549804688
2009-07-10,64.9837417602539
2009-07-13,66.56473541259766
2009-07-14,66.94153594970703
2009-07-15,68.89932250976562
2009-07-16,68.7884750366211
2009-07-17,69.54207611083984
2009-07-20,70.28083801269531
2009-07-21,70.60591888427734
2009-07-22,70.59114074707031
2009-07-23,72.14996337890625
2009-07-24,72.44548797607422
2009-07-27,72.65975189208984
2009-07-28,72.31987762451172
2009-07-29,72.14256286621094
2009-07-30,72.89615631103516
2009-07-31,72.99958038330078
2009-08-03,74.20378875732422
2009-08-04,74.39588928222656
2009-08-05,74.18162536621094
2009-08-06,73.79747009277344
2009-08-07,74.7652816772461
2009-08-10,74.6101303100586
2009-08-11,73.67926025390625
2009-08-12,74.46974182128906
2009-08-13,75.03864288330078
2009-08-14,74.46235656738281
2009-08-17,72.63021087646484
2009-08-18,73.20643615722656
2009-08-19,73.84915924072266
2009-08-20,74.6101303100586
2009-08-21,76.07293701171875
2009-08-24,76.06553649902344
2009-08-25,76.21329498291016
2009-08-26,76.22069549560547
2009-08-27,76.39057922363281
2009-08-28,76.3758316040039
2009-08-31,75.69615173339844
2009-09-01,74.0264892578125
2009-09-02,73.74576568603516
2009-09-03,74.35893249511719
2009-09-04,75.400634765625
2009-09-08,76.0507583618164
2009-09-09,76.63439178466797
2009-09-10,77.41751861572266
2009-09-11,77.40272521972656
2009-09-14,77.779541015625
2009-09-15,78.10459899902344
2009-09-16,79.28665161132812
2009-09-17,79.16842651367188
2009-09-18,79.21892547607422
2009-09-21,79.01848602294922
2009-09-22,79.4787368774414
2009-09-23,78.8180923461914
2009-09-24,77.94957733154297
2009-09-25,77.53388214111328
2009-09-28,78.92198181152344
2009-09-29,78.68445587158203
2009-09-30,78.380126953125
2009-10-01,76.43527221679688
2009-10-02,76.07896423339844
2009-10-05,77.2146987915039
2009-10-06,78.32073974609375
2009-10-07,78.53602600097656
2009-10-08,79.13725280761719
2009-10-09,79.61975860595703
2009-10-12,79.93152618408203
2009-10-13,79.76826477050781
2009-10-14,81.1414794921875
2009-10-15,81.43843841552734
2009-10-16,80.82975769042969
2009-10-19,81.4978256225586
2009-10-20,81.06726837158203
2009-10-21,80.33980560302734
2009-10-22,81.15636444091797
2009-10-23,80.22845458984375
2009-10-26,79.35999298095703
2009-10-27,78.99623107910156
2009-10-28,77.50418853759766
2009-10-29,79.16695404052734
2009-10-30,76.87323760986328
2009-11-02,77.43737030029297
2009-11-03,77.68234252929688
2009-11-04,77.88277435302734
2009-11-05,79.3154296875
2009-11-06,79.52326202392578
2009-11-09,81.33451080322266
2009-11-10,81.349365234375
2009-11-11,81.76502990722656
2009-11-12,80.93368530273438
2009-11-13,81.37163543701172
2009-11-16,82.55187225341797
2009-11-17,82.64839172363281
2009-11-18,82.59644317626953
2009-11-19,81.52012634277344
2009-11-20,81.2305679321289
2009-11-23,82.26239013671875
2009-11-24,82.38858795166016
2009-11-25,82.67808532714844
2009-11-27,81.33451080322266
2009-11-30,81.60916137695312
2009-12-01,82.61869812011719
2009-12-02,82.58158874511719
2009-12-03,81.93576049804688
2009-12-04,82.4034194946289
2009-12-07,82.27725219726562
2009-12-08,81.36419677734375
2009-12-09,81.66853332519531
2009-12-10,82.12877655029297
2009-12-11,82.47765350341797
2009-12-14,83.04180145263672
2009-12-15,82.6557846069336
2009-12-16,82.78202056884766
2009-12-17,81.78731536865234
2009-12-18,82.25
2009-12-21,83.08586883544922
2009-12-22,83.38439178466797
2009-12-23,83.54859924316406
2009-12-24,83.94410705566406
2009-12-28,84.12324523925781
2009-12-29,84.00381469726562
2009-12-30,83.97396087646484
2009-12-31,83.16796875
2010-01-04,84.57846069335938
2010-01-05,84.8023681640625
2010-01-06,84.8620834350586
2010-01-07,85.22030639648438
2010-01-08,85.50389099121094
2010-01-11,85.62330627441406
2010-01-12,84.82475280761719
2010-01-13,85.54120635986328
2010-01-14,85.7725601196289
2010-01-15,84.80980682373047
2010-01-19,85.86956787109375
2010-01-20,84.99641418457031
2010-01-21,83.36200714111328
2010-01-22,81.50370788574219
2010-01-25,81.9216079711914
2010-01-26,81.57831573486328
2010-01-27,81.9664306640625
2010-01-28,81.02609252929688
2010-01-29,80.14542388916016
2010-02-01,81.39179992675781
2010-02-02,82.37688446044922
2010-02-03,81.9664306640625
2010-02-04,79.4365005493164
2010-02-05,79.60063934326172
2010-02-08,79.02599334716797
2010-02-09,80.0185546875
2010-02-10,79.86186218261719
2010-02-11,80.69770812988281
2010-02-12,80.63054656982422
2010-02-16,81.89923858642578
2010-02-17,82.28731536865234
2010-02-18,82.77243041992188
2010-02-19,82.94409942626953
2010-02-22,82.95903015136719
2010-02-23,81.95149993896484
2010-02-24,82.70526885986328
2010-02-25,82.59329986572266
2010-02-26,82.64556121826172
2010-03-01,83.50381469726562
2010-03-02,83.73519134521484
2010-03-03,83.8097915649414
2010-03-04,84.06355285644531
2010-03-05,85.26506042480469
2010-03-08,85.27999877929688
2010-03-09,85.42179107666016
2010-03-10,85.80240631103516
2010-03-11,86.1606216430664
2010-03-12,86.16812133789062
2010-03-15,86.1905288696289
2010-03-16,86.87711334228516
2010-03-17,87.39204406738281
2010-03-18,87.3472671508789
2010-03-19,86.9051284790039
2010-03-22,87.36974334716797
2010-03-23,87.98420715332031
2010-03-24,87.55708312988281
2010-03-25,87.41472625732422
2010-03-26,87.36222076416016
2010-03-29,87.91680145263672
2010-03-30,87.97675323486328
2010-03-31,87.67698669433594
2010-04-01,88.27652740478516
2010-04-05,88.99585723876953
2010-04-06,89.20571899414062
2010-04-07,88.69615936279297
2010-04-08,89.00335693359375
2010-04-09,89.58790588378906
2010-04-12,89.73023986816406
2010-04-13,89.79773712158203
2010-04-14,90.8168716430664
2010-04-15,90.89181518554688
2010-04-16,89.44550323486328
2010-04-19,89.78276062011719
2010-04-20,90.58453369140625
2010-04-21,90.41969299316406
2010-04-22,90.68949127197266
2010-04-23,91.28145599365234
2010-04-26,90.93680572509766
2010-04-27,88.78605651855469
2010-04-28,89.46050262451172
2010-04-29,90.56957244873047
2010-04-30,89.03337097167969
2010-05-03,90.18738555908203
2010-05-04,88.066650390625
2010-05-05,87.54210662841797
2010-05-06,84.6345443725586
2010-05-07,83.37557220458984
2010-05-10,87.0475082397461
2010-05-11,86.80022430419922
2010-05-12,88.01419830322266
2010-05-13,86.92011260986328
2010-05-14,85.346435546875
2010-05-17,85.39141082763672
2010-05-18,84.2298355102539
2010-05-19,83.75027465820312
2010-05-20,80.58786010742188
2010-05-21,81.7643814086914
2010-05-24,80.71532440185547
2010-05-25,80.7977066040039
2010-05-26,80.31063079833984
2010-05-27,83.00088500976562
2010-05-28,81.95924377441406
2010-06-01,80.58041381835938
2010-06-02,82.67864227294922
2010-06-03,82.9634017944336
2010-06-04,80.04833984375
2010-06-07,79.05166625976562
2010-06-08,79.89846801757812
2010-06-09,79.47130584716797
2010-06-10,81.79438781738281
2010-06-11,82.1915512084961
2010-06-14,82.06414794921875
2010-06-15,83.93011474609375
2010-06-16,83.9001235961914
2010-06-17,84.03504180908203
2010-06-18,84.12612915039062
2010-06-21,83.88516998291016
2010-06-22,82.4997787475586
2010-06-23,82.24378967285156
2010-06-24,80.8809585571289
2010-06-25,81.21977996826172
2010-06-28,80.96379089355469
2010-06-29,78.4640121459961
2010-06-30,77.71858978271484
2010-07-01,77.37223052978516
2010-07-02,76.95059967041016
2010-07-06,77.455078125
2010-07-07,79.89461517333984
2010-07-08,80.68518829345703
2010-07-09,81.2875747680664
2010-07-12,81.34024810791016
2010-07-13,82.56754302978516
2010-07-14,82.56000518798828
2010-07-15,82.58259582519531
2010-07-16,80.30873107910156
2010-07-19,80.78306579589844
2010-07-20,81.67906951904297
2010-07-21,80.61741638183594
2010-07-22,82.41696166992188
2010-07-23,83.13227844238281
2010-07-26,83.9981460571289
2010-07-27,83.99058532714844
2010-07-28,83.44847869873047
2010-07-29,83.04188537597656
2010-07-30,83.02681732177734
2010-08-02,84.90167236328125
2010-08-03,84.49507904052734
2010-08-04,85.05980682373047
2010-08-05,84.96942138671875
2010-08-06,84.62310028076172
2010-08-09,85.0748291015625
2010-08-10,84.61554718017578
2010-08-11,82.29651641845703
2010-08-12,81.79198455810547
2010-08-13,81.55105590820312
2010-08-16,81.513427734375
2010-08-17,82.51483917236328
2010-08-18,82.66544342041016
2010-08-19,81.22728729248047
2010-08-20,80.96379089355469
2010-08-23,80.65506744384766
2010-08-24,79.45789337158203
2010-08-25,79.76657104492188
2010-08-26,79.23200988769531
2010-08-27,80.45928955078125
2010-08-30,79.29224395751953
2010-08-31,79.29224395751953
2010-09-01,81.66400909423828
2010-09-02,82.4244613647461
2010-09-03,83.49363708496094
2010-09-07,82.55250549316406
2010-09-08,83.13227844238281
2010-09-09,83.51625061035156
2010-09-10,83.93790435791016
2010-09-13,84.87152862548828
2010-09-14,84.81884002685547
2010-09-15,85.14260864257812
2010-09-16,85.1200180053711
2010-09-17,85.15179443359375
2010-09-20,86.45381164550781
2010-09-21,86.27967834472656
2010-09-22,85.85576629638672
2010-09-23,85.15939331054688
2010-09-24,86.91553497314453
2010-09-27,86.49919891357422
2010-09-28,86.80200958251953
2010-09-29,86.650634765625
2010-09-30,86.3932113647461
2010-10-01,86.7565689086914
2010-10-04,86.1055679321289
2010-10-05,87.83905792236328
2010-10-06,87.83148193359375
2010-10-07,87.72549438476562
2010-10-08,88.21754455566406
2010-10-11,88.30083465576172
2010-10-12,88.57332611083984
2010-10-13,89.26217651367188
2010-10-14,88.91395568847656
2010-10-15,89.0956039428711
2010-10-18,89.5346450805664
2010-10-19,88.36135864257812
2010-10-20,89.22432708740234
2010-10-21,89.42113494873047
2010-10-22,89.58768463134766
2010-10-25,89.85261535644531
2010-10-26,89.86773681640625
2010-10-27,89.6103744506836
2010-10-28,89.62551879882812
2010-10-29,89.6936264038086
2010-11-01,89.72393035888672
2010-11-02,90.43545532226562
2010-11-03,90.79881286621094
2010-11-04,92.54745483398438
2010-11-05,92.89562225341797
2010-11-08,92.72151947021484
2010-11-09,92.05538177490234
2010-11-10,92.42632293701172
2010-11-11,92.07810974121094
2010-11-12,90.98807525634766
2010-11-15,90.85934448242188
2010-11-16,89.44384765625
2010-11-17,89.48922729492188
2010-11-18,90.80638122558594
2010-11-19,91.05615997314453
2010-11-22,90.98048400878906
2010-11-23,89.6633529663086
2010-11-24,90.98807525634766
2010-11-26,89.92827606201172
2010-11-29,90.2008285522461
2010-11-30,89.6936264038086
2010-12-01,91.60122680664062
2010-12-02,92.77449035644531
2010-12-03,93.0243148803711
2010-12-06,92.9259033203125
2010-12-07,92.97891235351562
2010-12-08,93.31951904296875
2010-12-09,93.68287658691406
2010-12-10,94.22791290283203
2010-12-13,94.2884750366211
2010-12-14,94.37171936035156
2010-12-15,93.94026184082031
2010-12-16,94.4852523803711
2010-12-17,94.58650207519531
2010-12-20,94.81474304199219
2010-12-21,95.41592407226562
2010-12-22,95.71269989013672
2010-12-23,95.57571411132812
2010-12-27,95.61376190185547
2010-12-28,95.75069427490234
2010-12-29,95.81925201416016
2010-12-30,95.6670150756836
2010-12-31,95.68985748291016
2011-01-03,96.67908477783203
2011-01-04,96.62581634521484
2011-01-05,97.12805938720703
2011-01-06,96.9378433227539
2011-01-07,96.74759674072266
2011-01-10,96.62581634521484
2011-01-11,96.96825408935547
2011-01-12,97.84336853027344
2011-01-13,97.68359375
2011-01-14,98.39122772216797
2011-01-18,98.55863189697266
2011-01-19,97.59223175048828
2011-01-20,97.46289825439453
2011-01-21,97.68359375
2011-01-24,98.23907470703125
2011-01-25,98.29231262207031
2011-01-26,98.67279052734375
2011-01-27,98.91631317138672
2011-01-28,97.18896484375
2011-01-31,97.91943359375
2011-02-01,99.48702239990234
2011-02-02,99.29679870605469
2011-02-03,99.5174560546875
2011-02-04,99.79901885986328
2011-02-07,100.42298126220703
2011-02-08,100.87957000732422
2011-02-09,100.65131378173828
2011-02-10,100.68927764892578
2011-02-11,101.29044342041016
2011-02-14,101.53398895263672
2011-02-15,101.21437072753906
2011-02-16,101.85360717773438
2011-02-17,102.15802764892578
2011-02-18,102.37102508544922
2011-02-22,100.31647491455078
2011-02-23,99.70008850097656
2011-02-24,99.63157653808594
2011-02-25,100.69692993164062
2011-02-28,101.3209228515625
2011-03-01,99.63157653808594
2011-03-02,99.84465026855469
2011-03-03,101.56441497802734
2011-03-04,100.80345916748047
2011-03-07,100.0120620727539
2011-03-08,100.88717651367188
2011-03-09,100.74261474609375
2011-03-10,98.87825012207031
2011-03-11,99.56310272216797
2011-03-14,98.96196746826172
2011-03-15,97.82816314697266
2011-03-16,96.01705169677734
2011-03-17,97.2878646850586
2011-03-18,97.64173889160156
2011-03-21,99.15494537353516
2011-03-22,98.81103515625
2011-03-23,99.09379577636719
2011-03-24,100.04148864746094
2011-03-25,100.34718322753906
2011-03-28,100.1026382446289
2011-03-29,100.77519989013672
2011-03-30,101.47064971923828
2011-03-31,101.33303833007812
2011-04-01,101.76109313964844
2011-04-04,101.84513092041016
2011-04-05,101.82987213134766
2011-04-06,102.1508560180664
2011-04-07,101.89100646972656
2011-04-08,101.53945922851562
2011-04-11,101.23375701904297
2011-04-12,100.4771499633789
2011-04-13,100.46949768066406
2011-04-14,100.5458984375
2011-04-15,100.91275787353516
2011-04-18,99.78165435791016
2011-04-19,100.3548355102539
2011-04-20,101.72286987304688
2011-04-21,102.2425537109375
2011-04-25,102.13556671142578
2011-04-26,103.01445770263672
2011-04-27,103.68700408935547
2011-04-28,104.02326202392578
2011-04-29,104.26780700683594
2011-05-02,104.10736846923828
2011-05-03,103.73287963867188
2011-05-04,103.04499816894531
2011-05-05,102.11263275146484
2011-05-06,102.56354522705078
2011-05-09,102.96095275878906
2011-05-10,103.83987426757812
2011-05-11,102.74695587158203
2011-05-12,103.236083984375
2011-05-13,102.4412612915039
2011-05-16,101.79161834716797
2011-05-17,101.77637481689453
2011-05-18,102.68580627441406
2011-05-19,102.93041229248047
2011-05-20,102.11263275146484
2011-05-23,100.92803192138672
2011-05-24,100.843994140625
2011-05-25,101.18025207519531
2011-05-26,101.64643096923828
2011-05-27,102.03622436523438
2011-05-31,103.09854125976562
2011-06-01,100.78282165527344
2011-06-02,100.67583465576172
2011-06-03,99.67465209960938
2011-06-06,98.61995697021484
2011-06-07,98.5588150024414
2011-06-08,98.14613342285156
2011-06-09,98.89508819580078
2011-06-10,97.51943969726562
2011-06-13,97.5958480834961
2011-06-14,98.8339614868164
2011-06-15,97.076171875
2011-06-16,97.29017639160156
2011-06-17,97.58051300048828
2011-06-20,98.07970428466797
2011-06-21,99.42378234863281
2011-06-22,98.8247299194336
2011-06-23,98.54056549072266
2011-06-24,97.39615631103516
2011-06-27,98.26405334472656
2011-06-28,99.54669952392578
2011-06-29,100.39924621582031
2011-06-30,101.35929107666016
2011-07-01,102.85696411132812
2011-07-05,102.77247619628906
2011-07-06,102.8953628540039
2011-07-07,103.96296691894531
2011-07-08,103.22562408447266
2011-07-11,101.35929107666016
2011-07-12,100.9214859008789
2011-07-13,101.25941467285156
2011-07-14,100.56050872802734
2011-07-15,101.14422607421875
2011-07-18,100.31475830078125
2011-07-19,101.94296264648438
2011-07-20,101.88153076171875
2011-07-21,103.29476165771484
2011-07-22,103.3638916015625
2011-07-25,102.7878646850586
2011-07-26,102.40380096435547
2011-07-27,100.30705261230469
2011-07-28,100.01516723632812
2011-07-29,99.33161926269531
2011-08-01,98.9092025756836
2011-08-02,96.38230895996094
2011-08-03,96.90457916259766
2011-08-04,92.36544036865234
2011-08-05,92.2271957397461
2011-08-08,86.22103881835938
2011-08-09,90.2302474975586
2011-08-10,86.24407196044922
2011-08-11,90.11505889892578
2011-08-12,90.7218246459961
2011-08-15,92.64192199707031
2011-08-16,91.85083770751953
2011-08-17,91.91227722167969
2011-08-18,87.94915771484375
2011-08-19,86.51290893554688
2011-08-22,86.58201599121094
2011-08-23,89.43150329589844
2011-08-24,90.69109344482422
2011-08-25,89.30860900878906
2011-08-26,90.60662841796875
2011-08-29,93.21027374267578
2011-08-30,93.4560546875
2011-08-31,93.8708267211914
2011-09-01,92.8876953125
2011-09-02,90.5144271850586
2011-09-06,89.8539047241211
2011-09-07,92.38847351074219
2011-09-08,91.42840576171875
2011-09-09,89.0321044921875
2011-09-12,89.60812377929688
2011-09-13,90.42993927001953
2011-09-14,91.68186950683594
2011-09-15,93.26404571533203
2011-09-16,93.81605529785156
2011-09-19,92.88190460205078
2011-09-20,92.77383422851562
2011-09-21,90.04085540771484
2011-09-22,87.1303482055664
2011-09-23,87.6552963256836
2011-09-26,89.73976135253906
2011-09-27,90.743408203125
2011-09-28,88.89053344726562
2011-09-29,89.59308624267578
2011-09-30,87.35421752929688
2011-10-03,84.86831665039062
2011-10-04,86.7288818359375
2011-10-05,88.3346939086914
2011-10-06,89.93275451660156
2011-10-07,89.33060455322266
2011-10-10,92.31830596923828
2011-10-11,92.41094970703125
2011-10-12,93.22158813476562
2011-10-13,93.03630828857422
2011-10-14,94.62662506103516
2011-10-17,92.82015228271484
2011-10-18,94.63440704345703
2011-10-19,93.51494598388672
2011-10-20,93.92414855957031
2011-10-21,95.70750427246094
2011-10-24,96.88093566894531
2011-10-25,94.99722290039062
2011-10-26,95.96226501464844
2011-10-27,99.30512237548828
2011-10-28,99.281982421875
2011-10-31,96.88871002197266
2011-11-01,94.18661499023438
2011-11-02,95.72293853759766
2011-11-03,97.46772003173828
2011-11-04,96.87329864501953
2011-11-07,97.47541809082031
2011-11-08,98.72611999511719
2011-11-09,95.0821533203125
2011-11-10,95.97769927978516
2011-11-11,97.78423309326172
2011-11-14,96.85780334472656
2011-11-15,97.33646392822266
2011-11-16,95.79242706298828
2011-11-17,94.27154541015625
2011-11-18,94.17117309570312
2011-11-21,92.3801040649414
2011-11-22,92.01721954345703
2011-11-23,89.98681640625
2011-11-25,89.81697845458984
2011-11-28,92.41868591308594
2011-11-29,92.68115234375
2011-11-30,96.49494934082031
2011-12-01,96.47955322265625
2011-12-02,96.39458465576172
2011-12-05,97.44454956054688
2011-12-06,97.47541809082031
2011-12-07,97.8382797241211
2011-12-08,95.69204711914062
2011-12-09,97.31330871582031
2011-12-12,95.89277648925781
2011-12-13,94.99722290039062
2011-12-14,93.98589324951172
2011-12-15,94.32557678222656
2011-12-16,94.4654312133789
2011-12-19,93.45542907714844
2011-12-20,96.28340911865234
2011-12-21,96.46986389160156
2011-12-22,97.32447814941406
2011-12-23,98.19463348388672
2011-12-27,98.27232360839844
2011-12-28,96.98265838623047
2011-12-29,97.98489379882812
2011-12-30,97.503173828125
2012-01-03,99.05699920654297
2012-01-04,99.2124252319336
2012-01-05,99.47655487060547
2012-01-06,99.22012329101562
2012-01-09,99.46101379394531
2012-01-10,100.3233642578125
2012-01-11,100.37776184082031
2012-01-12,100.61862182617188
2012-01-13,100.09805297851562
2012-01-17,100.48653411865234
2012-01-18,101.5975341796875
2012-01-19,102.13360595703125
2012-01-20,102.5142822265625
2012-01-23,102.25013732910156
2012-01-24,102.13360595703125
2012-01-25,102.9881591796875
2012-01-26,102.45989227294922
2012-01-27,102.41329193115234
2012-01-30,102.06366729736328
2012-01-31,102.02484130859375
2012-02-01,102.91827392578125
2012-02-02,103.08147430419922
2012-02-03,104.5264892578125
2012-02-06,104.45660400390625
2012-02-07,104.72074127197266
2012-02-08,105.03153228759766
2012-02-09,105.1635971069336
2012-02-10,104.38663482666016
2012-02-13,105.1635971069336
2012-02-14,105.03153228759766
2012-02-15,104.54206085205078
2012-02-16,105.69966125488281
2012-02-17,105.97935485839844
2012-02-21,106.02596282958984
2012-02-22,105.68414306640625
2012-02-23,106.15025329589844
2012-02-24,106.38335418701172
2012-02-27,106.56201171875
2012-02-28,106.87279510498047
2012-02-29,106.45327758789062
2012-03-01,107.00486755371094
2012-03-02,106.6785888671875
2012-03-05,106.24349212646484
2012-03-06,104.68965911865234
2012-03-07,105.41996765136719
2012-03-08,106.46882629394531
2012-03-09,106.88058471679688
2012-03-12,106.88834381103516
2012-03-13,108.81510925292969
2012-03-14,108.69857025146484
2012-03-15,109.327880859375
2012-03-16,109.47923278808594
2012-03-19,109.90843200683594
2012-03-20,109.58848571777344
2012-03-21,109.40904235839844
2012-03-22,108.62089538574219
2012-03-23,108.97203063964844
2012-03-26,110.5014419555664
2012-03-27,110.15816497802734
2012-03-28,109.61192321777344
2012-03-29,109.42459106445312
2012-03-30,109.877197265625
2012-04-02,110.6809310913086
2012-04-03,110.22840881347656
2012-04-04,109.13593292236328
2012-04-05,109.08132934570312
2012-04-09,107.85617065429688
2012-04-10,106.04582214355469
2012-04-11,106.90421295166016
2012-04-12,108.30097198486328
2012-04-13,107.01342010498047
2012-04-16,106.94322967529297
2012-04-17,108.52722930908203
2012-04-18,108.16046905517578
2012-04-19,107.46600341796875
2012-04-20,107.6454849243164
2012-04-23,106.74028015136719
2012-04-24,107.1460952758789
2012-04-25,108.61310577392578
2012-04-26,109.37003326416016
2012-04-27,109.54949188232422
2012-04-30,109.14371490478516
2012-05-01,109.8226089477539
2012-05-02,109.49484252929688
2012-05-03,108.65990447998047
2012-05-04,106.90421295166016
2012-05-07,106.98223876953125
2012-05-08,106.55306243896484
2012-05-09,105.92095947265625
2012-05-10,106.13948822021484
2012-05-11,105.81951141357422
2012-05-14,104.6490478515625
2012-05-15,104.0481948852539
2012-05-16,103.65023803710938
2012-05-17,102.1130142211914
2012-05-18,101.23905181884766
2012-05-21,102.97919464111328
2012-05-22,103.15865325927734
2012-05-23,103.2132568359375
2012-05-24,103.41615295410156
2012-05-25,103.08061981201172
2012-05-29,104.3291015625
2012-05-30,102.81529998779297
2012-05-31,102.58900451660156
2012-06-01,100.00611877441406
2012-06-04,99.95930480957031
2012-06-05,100.7162094116211
2012-06-06,102.97919464111328
2012-06-07,103.04157257080078
2012-06-08,103.86090087890625
2012-06-11,102.54218292236328
2012-06-12,103.72046661376953
2012-06-13,103.05721282958984
2012-06-14,104.14962768554688
2012-06-15,105.2148208618164
2012-06-18,105.41876983642578
2012-06-19,106.43840026855469
2012-06-20,106.26587677001953
2012-06-21,103.88135528564453
2012-06-22,104.68142700195312
2012-06-25,103.00291442871094
2012-06-26,103.52059936523438
2012-06-27,104.45398712158203
2012-06-28,104.15592193603516
2012-06-29,106.75215911865234
2012-07-02,107.07376098632812
2012-07-03,107.77971649169922
2012-07-05,107.29335021972656
2012-07-06,106.27371978759766
2012-07-09,106.1403579711914
2012-07-10,105.2148208618164
2012-07-11,105.2304916381836
2012-07-12,104.72066497802734
2012-07-13,106.4776382446289
2012-07-16,106.22667694091797
2012-07-17,106.95611572265625
2012-07-18,107.7482681274414
2012-07-19,108.03068542480469
2012-07-20,107.04241180419922
2012-07-23,105.95995330810547
2012-07-24,105.05009460449219
2012-07-25,105.0736312866211
2012-07-26,106.80709838867188
2012-07-27,108.77582550048828
2012-07-30,108.77582550048828
2012-07-31,108.01505279541016
2012-08-01,107.92085266113281
2012-08-02,107.17574310302734
2012-08-03,109.3013687133789
2012-08-06,109.51310729980469
2012-08-07,110.06217956542969
2012-08-08,110.19554901123047
2012-08-09,110.2896957397461
2012-08-10,110.47008514404297
2012-08-13,110.41515350341797
2012-08-14,110.43083953857422
2012-08-15,110.55635070800781
2012-08-16,111.37207794189453
2012-08-17,111.52112579345703
2012-08-20,111.52897644042969
2012-08-21,111.1916732788086
2012-08-22,111.2387466430664
2012-08-23,110.32889556884766
2012-08-24,110.99562072753906
2012-08-27,111.01912689208984
2012-08-28,110.9093246459961
2012-08-29,110.99562072753906
2012-08-30,110.19554901123047
2012-08-31,110.72103881835938
2012-09-04,110.61910247802734
2012-09-05,110.52503204345703
2012-09-06,112.7682876586914
2012-09-07,113.20752716064453
2012-09-10,112.5643310546875
2012-09-11,112.87809753417969
2012-09-12,113.25457763671875
2012-09-13,114.98019409179688
2012-09-14,115.48997497558594
2012-09-17,115.09780883789062
2012-09-18,115.00370788574219
2012-09-19,115.06646728515625
2012-09-20,115.07431030273438
2012-09-21,115.02617645263672
2012-09-24,114.85273742675781
2012-09-25,113.6304702758789
2012-09-26,112.99172973632812
2012-09-27,114.05631256103516
2012-09-28,113.52791595458984
2012-10-01,113.82758331298828
2012-10-02,113.94587707519531
2012-10-03,114.4111557006836
2012-10-04,115.2312240600586
2012-10-05,115.23912811279297
2012-10-08,114.84484100341797
2012-10-09,113.70927429199219
2012-10-10,112.98384094238281
2012-10-11,113.04693603515625
2012-10-12,112.67631530761719
2012-10-15,113.61465454101562
2012-10-16,114.76593017578125
2012-10-17,115.28641510009766
2012-10-18,114.98677062988281
2012-10-19,113.07061767578125
2012-10-22,113.08635711669922
2012-10-23,111.5171127319336
2012-10-24,111.20172119140625
2012-10-25,111.52503204345703
2012-10-26,111.4619140625
2012-10-31,111.4619140625
2012-11-01,112.62895965576172
2012-11-02,111.62752532958984
2012-11-05,111.8561782836914
2012-11-06,112.73149108886719
2012-11-07,110.17659759521484
2012-11-08,108.85181427001953
2012-11-09,108.94644927978516
2012-11-12,109.03321075439453
2012-11-13,108.6546859741211
2012-11-14,107.18798828125
2012-11-15,107.00660705566406
2012-11-16,107.53491973876953
2012-11-19,109.7114028930664
2012-11-20,109.7586898803711
2012-11-21,109.96369934082031
2012-11-23,111.4619140625
2012-11-26,111.2253646850586
2012-11-27,110.6576156616211
2012-11-28,111.5487060546875
2012-11-29,112.06910705566406
2012-11-30,112.09276580810547
2012-12-03,111.540771484375
2012-12-04,111.38310241699219
2012-12-05,111.58024597167969
2012-12-06,111.95873260498047
2012-12-07,112.29781341552734
2012-12-10,112.34510040283203
2012-12-11,113.11002349853516
2012-12-12,113.1651840209961
2012-12-13,112.4713134765625
2012-12-14,112.05335998535156
2012-12-17,113.37026977539062
2012-12-18,114.63188171386719
2012-12-19,113.7802734375
2012-12-20,114.43477630615234
2012-12-21,113.39604187011719
2012-12-24,113.04666137695312
2012-12-26,112.57010650634766
2012-12-27,112.41922760009766
2012-12-28,111.20418548583984
2012-12-31,113.09427642822266
2013-01-02,115.99288177490234
2013-01-03,115.73080444335938
2013-01-04,116.23907470703125
2013-01-07,115.92140197753906
2013-01-08,115.58788299560547
2013-01-09,115.88169860839844
2013-01-10,116.80294036865234
2013-01-11,116.79495239257812
2013-01-14,116.715576171875
2013-01-15,116.79495239257812
2013-01-16,116.7790756225586
2013-01-17,117.5335464477539
2013-01-18,117.79562377929688
2013-01-22,118.430908203125
2013-01-23,118.6215591430664
2013-01-24,118.65333557128906
2013-01-25,119.32040405273438
2013-01-28,119.17739868164062
2013-01-29,119.64594268798828
2013-01-30,119.17739868164062
2013-01-31,118.8835678100586
2013-02-01,120.10658264160156
2013-02-04,118.75654602050781
2013-02-05,119.95569610595703
2013-02-06,120.04302215576172
2013-02-07,119.88423919677734
2013-02-08,120.55127716064453
2013-02-11,120.52745056152344
2013-02-12,120.72599792480469
2013-02-13,120.8292007446289
2013-02-14,120.94039916992188
2013-02-15,120.79749298095703
2013-02-19,121.70280456542969
2013-02-20,120.18599700927734
2013-02-21,119.45538330078125
2013-02-22,120.62276458740234
2013-02-25,118.32762908935547
2013-02-26,119.1376953125
2013-02-27,120.63861846923828
2013-02-28,120.40037536621094
2013-03-01,120.79749298095703
2013-03-04,121.44071960449219
2013-03-05,122.5286865234375
2013-03-06,122.69549560546875
2013-03-07,122.9178237915039
2013-03-08,123.44203186035156
2013-03-11,123.9105224609375
2013-03-12,123.63253021240234
2013-03-13,123.80728912353516
2013-03-14,124.46639251708984
2013-03-15,124.30207824707031
2013-03-18,123.61614990234375
2013-03-19,123.32893371582031
2013-03-20,124.19042205810547
2013-03-21,123.12950897216797
2013-03-22,124.11868286132812
2013-03-25,123.60012817382812
2013-03-26,124.58929443359375
2013-03-27,124.58929443359375
2013-03-28,124.97209167480469
2013-04-01,124.47755432128906
2013-04-02,125.0917739868164
2013-04-03,123.823486328125
2013-04-04,124.3260269165039
2013-04-05,123.76766204833984
2013-04-08,124.6052017211914
2013-04-09,125.03599548339844
2013-04-10,126.56751251220703
2013-04-11,126.9822998046875
2013-04-12,126.67119598388672
2013-04-15,123.73573303222656
2013-04-16,125.56243133544922
2013-04-17,123.72779083251953
2013-04-18,122.9540786743164
2013-04-19,124.02289581298828
2013-04-22,124.57331085205078
2013-04-23,125.85758972167969
2013-04-24,125.93741607666016
2013-04-25,126.44788360595703
2013-04-26,126.2245101928711
2013-04-29,127.07007598876953
2013-04-30,127.37316131591797
2013-05-01,126.25640869140625
2013-05-02,127.42896270751953
2013-05-03,128.72122192382812
2013-05-06,129.04830932617188
2013-05-07,129.70233154296875
2013-05-08,130.2926788330078
2013-05-09,129.92568969726562
2013-05-10,130.3484649658203
2013-05-13,130.45217895507812
2013-05-14,131.80026245117188
2013-05-15,132.5101318359375
2013-05-16,131.88800048828125
2013-05-17,133.16429138183594
2013-05-20,133.1562957763672
2013-05-21,133.34776306152344
2013-05-22,132.35858154296875
2013-05-23,131.97572326660156
2013-05-24,131.8640899658203
2013-05-28,132.65386962890625
2013-05-29,131.79232788085938
2013-05-30,132.2788543701172
2013-05-31,130.38034057617188
2013-06-03,131.0983428955078
2013-06-04,130.46820068359375
2013-06-05,128.64149475097656
2013-06-06,129.80609130859375
2013-06-07,131.4572296142578
2013-06-10,131.4572296142578
2013-06-11,130.10121154785156
2013-06-12,129.02439880371094
2013-06-13,130.98660278320312
2013-06-14,130.1649932861328
2013-06-17,131.17015075683594
2013-06-18,132.2070770263672
2013-06-19,130.38034057617188
2013-06-20,127.14983367919922
2013-06-21,127.55794525146484
2013-06-24,125.94615173339844
2013-06-25,127.15703582763672
2013-06-26,128.416015625
2013-06-27,129.16976928710938
2013-06-28,128.64051818847656
2013-07-01,129.39431762695312
2013-07-02,129.27403259277344
2013-07-03,129.33018493652344
2013-07-05,130.72544860839844
2013-07-08,131.4712371826172
2013-07-09,132.41748046875
2013-07-10,132.46559143066406
2013-07-11,134.26988220214844
2013-07-12,134.32595825195312
2013-07-15,134.83924865722656
2013-07-16,134.3340606689453
2013-07-17,134.67881774902344
2013-07-18,135.41659545898438
2013-07-19,135.6571502685547
2013-07-22,135.92178344726562
2013-07-23,135.6331024169922
2013-07-24,135.1359100341797
2013-07-25,135.46469116210938
2013-07-26,135.60902404785156
2013-07-29,135.1920623779297
2013-07-30,135.1920623779297
2013-07-31,135.28829956054688
2013-08-01,136.8519744873047
2013-08-02,137.08450317382812
2013-08-05,136.88400268554688
2013-08-06,136.10626220703125
2013-08-07,135.66510009765625
2013-08-08,136.162353515625
2013-08-09,135.7693634033203
2013-08-12,135.60902404785156
2013-08-13,136.00994873046875
2013-08-14,135.3123016357422
2013-08-15,133.41986083984375
2013-08-16,132.97879028320312
2013-08-19,132.12884521484375
2013-08-20,132.7783203125
2013-08-21,131.96041870117188
2013-08-22,133.1632080078125
2013-08-23,133.61228942871094
2013-08-26,133.11514282226562
2013-08-27,130.97412109375
2013-08-28,131.43917846679688
2013-08-29,131.64768981933594
2013-08-30,131.23065185546875
2013-09-03,131.82408142089844
2013-09-04,132.91464233398438
2013-09-05,133.0830841064453
2013-09-06,133.14720153808594
2013-09-09,134.42221069335938
2013-09-10,135.41659545898438
2013-09-11,135.84158325195312
2013-09-12,135.4807891845703
2013-09-13,135.78549194335938
2013-09-16,136.57130432128906
2013-09-17,137.1807403564453
2013-09-18,138.76849365234375
2013-09-19,138.5359344482422
2013-09-20,137.5674285888672
2013-09-23,136.9308624267578
2013-09-24,136.6084747314453
2013-09-25,136.21365356445312
2013-09-26,136.73745727539062
2013-09-27,136.1088409423828
2013-09-30,135.3836212158203
2013-10-01,136.45538330078125
2013-10-02,136.32640075683594
2013-10-03,135.06936645507812
2013-10-04,136.09278869628906
2013-10-07,134.91624450683594
2013-10-08,133.34495544433594
2013-10-09,133.4416961669922
2013-10-10,136.31842041015625
2013-10-11,137.19677734375
2013-10-14,137.7447052001953
2013-10-15,136.74545288085938
2013-10-16,138.65521240234375
2013-10-17,139.5819091796875
2013-10-18,140.5247039794922
2013-10-21,140.53274536132812
2013-10-22,141.3466796875
2013-10-23,140.66969299316406
2013-10-24,141.13710021972656
2013-10-25,141.78176879882812
2013-10-28,142.00738525390625
2013-10-29,142.7648162841797
2013-10-30,142.0557098388672
2013-10-31,141.65280151367188
2013-11-01,141.9912872314453
2013-11-04,142.49087524414062
2013-11-05,142.0396270751953
2013-11-06,142.7648162841797
2013-11-07,140.95980834960938
2013-11-08,142.8615264892578
2013-11-11,142.8857421875
2013-11-12,142.5956268310547
2013-11-13,143.73983764648438
2013-11-14,144.4571075439453
2013-11-15,145.08555603027344
2013-11-18,144.57786560058594
2013-11-19,144.263671875
2013-11-20,143.8123321533203
2013-11-21,144.97274780273438
2013-11-22,145.69793701171875
2013-11-25,145.55294799804688
2013-11-26,145.59324645996094
2013-11-27,145.9477996826172
2013-11-29,145.85107421875
2013-12-02,145.47238159179688
2013-12-03,144.84385681152344
2013-12-04,144.82772827148438
2013-12-05,144.191162109375
2013-12-06,145.80270385742188
2013-12-09,146.17343139648438
2013-12-10,145.64964294433594
2013-12-11,144.01388549804688
2013-12-12,143.53839111328125
2013-12-13,143.5223388671875
2013-12-16,144.41671752929688
2013-12-17,143.95738220214844
2013-12-18,146.41517639160156
2013-12-19,146.2459259033203
2013-12-20,147.09661865234375
2013-12-23,147.88253784179688
2013-12-24,148.2065887451172
2013-12-26,148.96005249023438
2013-12-27,148.95191955566406
2013-12-30,148.92762756347656
2013-12-31,149.6324920654297
2014-01-02,148.1984405517578
2014-01-03,148.1741485595703
2014-01-06,147.74476623535156
2014-01-07,148.65220642089844
2014-01-08,148.68458557128906
2014-01-09,148.78182983398438
2014-01-10,149.18692016601562
2014-01-13,147.20191955566406
2014-01-14,148.80613708496094
2014-01-15,149.60818481445312
2014-01-16,149.413818359375
2014-01-17,148.78182983398438
2014-01-21,149.21926879882812
2014-01-22,149.31646728515625
2014-01-23,148.0930938720703
2014-01-24,144.9334259033203
2014-01-27,144.22052001953125
2014-01-28,145.0792694091797
2014-01-29,143.6857452392578
2014-01-30,145.2089080810547
2014-01-31,144.35821533203125
2014-02-03,141.10940551757812
2014-02-04,142.0978546142578
2014-02-05,141.91952514648438
2014-02-06,143.79104614257812
2014-02-07,145.57350158691406
2014-02-10,145.84085083007812
2014-02-11,147.43687438964844
2014-02-12,147.5098114013672
2014-02-13,148.2713623046875
2014-02-14,149.08966064453125
2014-02-18,149.26788330078125
2014-02-19,148.2794952392578
2014-02-20,149.1544647216797
2014-02-21,148.98435974121094
2014-02-24,149.81080627441406
2014-02-25,149.75405883789062
2014-02-26,149.7620849609375
2014-02-27,150.5479736328125
2014-02-28,150.92880249023438
2014-03-03,149.8674774169922
2014-03-04,151.97390747070312
2014-03-05,152.11166381835938
2014-03-06,152.4600067138672
2014-03-07,152.5248260498047
2014-03-10,152.4438934326172
2014-03-11,151.6903533935547
2014-03-12,151.73085021972656
2014-03-13,150.02943420410156
2014-03-14,149.60818481445312
2014-03-17,150.96115112304688
2014-03-18,152.03872680664062
2014-03-19,151.22853088378906
2014-03-20,152.11166381835938
2014-03-21,151.5216827392578
2014-03-24,150.8950653076172
2014-03-25,151.6112060546875
2014-03-26,150.520751953125
2014-03-27,150.20339965820312
2014-03-28,150.94390869140625
2014-03-31,152.18084716796875
2014-04-01,153.18991088867188
2014-04-02,153.70260620117188
2014-04-03,153.4990997314453
2014-04-04,151.6844482421875
2014-04-07,150.008056640625
2014-04-08,150.62661743164062
2014-04-09,152.24595642089844
2014-04-10,149.04786682128906
2014-04-11,147.70518493652344
2014-04-14,148.86883544921875
2014-04-15,149.89414978027344
2014-04-16,151.46470642089844
2014-04-17,151.67626953125
2014-04-21,152.20526123046875
2014-04-22,152.8968963623047
2014-04-23,152.53887939453125
2014-04-24,152.8480987548828
2014-04-25,151.5949249267578
2014-04-28,152.07504272460938
2014-04-29,152.7830047607422
2014-04-30,153.2386932373047
2014-05-01,153.25498962402344
2014-05-02,153.03526306152344
2014-05-05,153.3282012939453
2014-05-06,151.99368286132812
2014-05-07,152.8887939453125
2014-05-08,152.72604370117188
2014-05-09,152.95387268066406
2014-05-12,154.4430694580078
2014-05-13,154.5814208984375
2014-05-14,153.8489990234375
2014-05-15,152.49815368652344
2014-05-16,153.0271453857422
2014-05-19,153.58860778808594
2014-05-20,152.62025451660156
2014-05-21,153.90602111816406
2014-05-22,154.28030395507812
2014-05-23,154.89881896972656
2014-05-27,155.8508758544922
2014-05-28,155.73696899414062
2014-05-29,156.54257202148438
2014-05-30,156.7947998046875
2014-06-02,156.97381591796875
2014-06-03,156.89247131347656
2014-06-04,157.20982360839844
2014-06-05,158.23513793945312
2014-06-06,158.9920196533203
2014-06-09,159.1547393798828
2014-06-10,159.1709747314453
2014-06-11,158.6175994873047
2014-06-12,157.49461364746094
2014-06-13,157.97474670410156
2014-06-16,158.10499572753906
2014-06-17,158.54441833496094
2014-06-18,159.70809936523438
2014-06-19,159.88711547851562
2014-06-20,160.2117462158203
2014-06-23,160.16265869140625
2014-06-24,159.19781494140625
2014-06-25,159.9173583984375
2014-06-26,159.80287170410156
2014-06-27,160.11361694335938
2014-06-30,160.03179931640625
2014-07-01,161.10296630859375
2014-07-02,161.2664794921875
2014-07-03,162.0596466064453
2014-07-07,161.4954071044922
2014-07-08,160.45697021484375
2014-07-09,161.1765594482422
2014-07-10,160.53872680664062
2014-07-11,160.75953674316406
2014-07-14,161.56903076171875
2014-07-15,161.2664794921875
2014-07-16,161.86349487304688
2014-07-17,160.02369689941406
2014-07-18,161.6589813232422
2014-07-21,161.35635375976562
2014-07-22,162.0596466064453
2014-07-23,162.4193572998047
2014-07-24,162.4275665283203
2014-07-25,161.66709899902344
2014-07-28,161.73251342773438
2014-07-29,161.03756713867188
2014-07-30,161.06198120117188
2014-07-31,157.88136291503906
2014-08-01,157.39898681640625
2014-08-04,158.53549194335938
2014-08-05,156.99830627441406
2014-08-06,157.04733276367188
2014-08-07,156.19700622558594
2014-08-08,158.0040283203125
2014-08-11,158.46189880371094
2014-08-12,158.2410888671875
2014-08-13,159.3122100830078
2014-08-14,160.06451416015625
2014-08-15,160.03179931640625
2014-08-18,161.372802734375
2014-08-19,162.21495056152344
2014-08-20,162.6483154296875
2014-08-21,163.12255859375
2014-08-22,162.869140625
2014-08-25,163.69491577148438
2014-08-26,163.80125427246094
2014-08-27,163.73583984375
2014-08-28,163.6458740234375
2014-08-29,164.11190795898438
2014-09-02,164.0301513671875
2014-09-03,163.9402618408203
2014-09-04,163.70309448242188
2014-09-05,164.43899536132812
2014-09-08,164.01380920410156
2014-09-09,162.97540283203125
2014-09-10,163.58859252929688
2014-09-11,163.77671813964844
2014-09-12,162.82005310058594
2014-09-15,162.6973876953125
2014-09-16,163.92388916015625
2014-09-17,164.1446533203125
2014-09-18,165.01951599121094
2014-09-19,164.87086486816406
2014-09-22,163.5975799560547
2014-09-23,162.6610870361328
2014-09-24,163.9344024658203
2014-09-25,161.28916931152344
2014-09-26,162.57069396972656
2014-09-29,162.2749786376953
2014-09-30,161.8478240966797
2014-10-01,159.6544647216797
2014-10-02,159.67910766601562
2014-10-03,161.43707275390625
2014-10-06,161.24813842773438
2014-10-07,158.759033203125
2014-10-08,161.53558349609375
2014-10-09,158.33184814453125
2014-10-10,156.52464294433594
2014-10-13,153.9534149169922
2014-10-14,154.191650390625
2014-10-15,153.14833068847656
2014-10-16,153.01687622070312
2014-10-17,154.82412719726562
2014-10-20,156.3274383544922
2014-10-21,159.42442321777344
2014-10-22,158.290771484375
2014-10-23,160.1309356689453
2014-10-24,161.3631134033203
2014-10-27,161.14138793945312
2014-10-28,162.98968505859375
2014-10-29,162.7432403564453
2014-10-30,163.7864990234375
2014-10-31,165.65945434570312
2014-11-03,165.74984741210938
2014-11-04,165.17477416992188
2014-11-05,166.21810913085938
2014-11-06,166.8834991455078
2014-11-07,167.03956604003906
2014-11-10,167.5653076171875
2014-11-11,167.72955322265625
2014-11-12,167.54888916015625
2014-11-13,167.73782348632812
2014-11-14,167.77890014648438
2014-11-17,167.8856658935547
2014-11-18,168.85499572753906
2014-11-19,168.58389282226562
2014-11-20,168.87966918945312
2014-11-21,169.78330993652344
2014-11-24,170.25975036621094
2014-11-25,170.13645935058594
2014-11-26,170.57192993164062
2014-11-28,170.2105255126953
2014-12-01,169.0275421142578
2014-12-02,170.1201171875
2014-12-03,170.77728271484375
2014-12-04,170.5883331298828
2014-12-05,170.86767578125
2014-12-08,169.7257843017578
2014-12-09,169.6107635498047
2014-12-10,166.89175415039062
2014-12-11,167.73782348632812
2014-12-12,165.02691650390625
2014-12-15,163.89328002929688
2014-12-16,162.5789031982422
2014-12-17,165.7662353515625
2014-12-18,169.86546325683594
2014-12-19,170.58816528320312
2014-12-22,171.3729248046875
2014-12-23,171.60423278808594
2014-12-24,171.62074279785156
2014-12-26,172.17416381835938
2014-12-29,172.40545654296875
2014-12-30,171.48031616210938
2014-12-31,169.77870178222656
2015-01-02,169.68785095214844
2015-01-05,166.62335205078125
2015-01-06,165.0539093017578
2015-01-07,167.1107177734375
2015-01-08,170.07606506347656
2015-01-09,168.71316528320312
2015-01-12,167.39154052734375
2015-01-13,166.92066955566406
2015-01-14,165.9129180908203
2015-01-15,164.39309692382812
2015-01-16,166.5489959716797
2015-01-20,166.90415954589844
2015-01-21,167.7467041015625
2015-01-22,170.24127197265625
2015-01-23,169.307861328125
2015-01-26,169.70436096191406
2015-01-27,167.46585083007812
2015-01-28,165.31829833984375
2015-01-29,166.8463897705078
2015-01-30,164.748291015625
2015-02-02,166.78858947753906
2015-02-03,169.2005157470703
2015-02-04,168.5561981201172
2015-02-05,170.25779724121094
2015-02-06,169.7869873046875
2015-02-09,169.02706909179688
2015-02-10,170.82772827148438
2015-02-11,170.92689514160156
2015-02-12,172.57061767578125
2015-02-13,173.28099060058594
2015-02-17,173.55360412597656
2015-02-18,173.57008361816406
2015-02-19,173.4462127685547
2015-02-20,174.48695373535156
2015-02-23,174.46217346191406
2015-02-24,174.9578399658203
2015-02-25,174.8091278076172
2015-02-26,174.6026611328125
2015-02-27,174.0078887939453
2015-03-02,175.10643005371094
2015-03-03,174.3878631591797
2015-03-04,173.65264892578125
2015-03-05,173.84268188476562
2015-03-06,171.397705078125
2015-03-09,172.10809326171875
2015-03-10,169.31614685058594
2015-03-11,168.919677734375
2015-03-12,171.0673065185547
2015-03-13,170.01828002929688
2015-03-16,172.28985595703125
2015-03-17,171.7776641845703
2015-03-18,173.84268188476562
2015-03-19,173.0497589111328
2015-03-20,174.57720947265625
2015-03-23,174.237060546875
2015-03-24,173.25794982910156
2015-03-25,170.71913146972656
2015-03-26,170.3125457763672
2015-03-27,170.7025146484375
2015-03-30,172.7850799560547
2015-03-31,171.27500915527344
2015-04-01,170.66934204101562
2015-04-02,171.28330993652344
2015-04-06,172.43663024902344
2015-04-07,171.98020935058594
2015-04-08,172.56103515625
2015-04-09,173.32437133789062
2015-04-10,174.27023315429688
2015-04-13,173.48199462890625
2015-04-14,173.81387329101562
2015-04-15,174.59378051757812
2015-04-16,174.54400634765625
2015-04-17,172.5361328125
2015-04-20,174.11256408691406
2015-04-21,173.90516662597656
2015-04-22,174.75978088378906
2015-04-23,175.19940185546875
2015-04-24,175.6060333251953
2015-04-27,174.87591552734375
2015-04-28,175.4317626953125
2015-04-29,174.70999145507812
2015-04-30,172.95925903320312
2015-05-01,174.83438110351562
2015-05-04,175.33226013183594
2015-05-05,173.32437133789062
2015-05-06,172.6107635498047
2015-05-07,173.29946899414062
2015-05-08,175.5811309814453
2015-05-11,174.74317932128906
2015-05-12,174.22044372558594
2015-05-13,174.25363159179688
2015-05-14,176.0706787109375
2015-05-15,176.261474609375
2015-05-18,176.80908203125
2015-05-19,176.75100708007812
2015-05-20,176.62660217285156
2015-05-21,177.14097595214844
2015-05-22,176.7178497314453
2015-05-26,174.8177947998047
2015-05-27,176.47720336914062
2015-05-28,176.27806091308594
2015-05-29,175.1829071044922
2015-06-01,175.53964233398438
2015-06-02,175.3654327392578
2015-06-03,175.83009338378906
2015-06-04,174.34483337402344
2015-06-05,174.0462188720703
2015-06-08,172.97584533691406
2015-06-09,172.95098876953125
2015-06-10,175.02520751953125
2015-06-11,175.5894317626953
2015-06-12,174.24533081054688
2015-06-15,173.49862670898438
2015-06-16,174.44444274902344
2015-06-17,174.72654724121094
2015-06-18,176.54356384277344
2015-06-19,175.75985717773438
2015-06-22,176.66029357910156
2015-06-23,176.7853546142578
2015-06-24,175.5013885498047
2015-06-25,174.96786499023438
2015-06-26,174.9344940185547
2015-06-29,171.26600646972656
2015-06-30,171.62451171875
2015-07-01,173.0001983642578
2015-07-02,172.84176635742188
2015-07-06,172.349853515625
2015-07-07,173.43374633789062
2015-07-08,170.52401733398438
2015-07-09,170.83250427246094
2015-07-10,172.98353576660156
2015-07-13,174.892822265625
2015-07-14,175.6514892578125
2015-07-15,175.59315490722656
2015-07-16,177.0021514892578
2015-07-17,177.1521759033203
2015-07-20,177.24391174316406
2015-07-21,176.54359436035156
2015-07-22,176.2267303466797
2015-07-23,175.23460388183594
2015-07-24,173.4170379638672
2015-07-27,172.40826416015625
2015-07-28,174.52597045898438
2015-07-29,175.72653198242188
2015-07-30,175.7682342529297
2015-07-31,175.5013885498047
2015-08-03,174.909423828125
2015-08-04,174.56764221191406
2015-08-05,175.14291381835938
2015-08-06,173.70889282226562
2015-08-07,173.37539672851562
2015-08-10,175.55979919433594
2015-08-11,173.97569274902344
2015-08-12,174.1841278076172
2015-08-13,173.96734619140625
2015-08-14,174.6010284423828
2015-08-17,175.57647705078125
2015-08-18,175.06788635253906
2015-08-19,173.68386840820312
2015-08-20,170.0571746826172
2015-08-21,164.9380340576172
2015-08-24,157.992919921875
2015-08-25,156.1337432861328
2015-08-26,162.12826538085938
2015-08-27,166.13853454589844
2015-08-28,166.14688110351562
2015-08-31,164.8046112060547
2015-09-01,159.8856201171875
2015-09-02,162.92034912109375
2015-09-03,163.03704833984375
2015-09-04,160.56919860839844
2015-09-08,164.6044921875
2015-09-09,162.40341186523438
2015-09-10,163.2872314453125
2015-09-11,164.02923583984375
2015-09-14,163.4206085205078
2015-09-15,165.4632568359375
2015-09-16,166.8972625732422
2015-09-17,166.52210998535156
2015-09-18,163.8008575439453
2015-09-21,164.64730834960938
2015-09-22,162.51022338867188
2015-09-23,162.2504119873047
2015-09-24,161.6637420654297
2015-09-25,161.6219024658203
2015-09-28,157.56561279296875
2015-09-29,157.65780639648438
2015-09-30,160.59945678710938
2015-10-01,161.01846313476562
2015-10-02,163.42373657226562
2015-10-05,166.33189392089844
2015-10-06,165.76199340820312
2015-10-07,167.11964416503906
2015-10-08,168.62815856933594
2015-10-09,168.7287139892578
2015-10-12,168.88796997070312
2015-10-13,167.8236083984375
2015-10-14,167.01907348632812
2015-10-15,169.58355712890625
2015-10-16,170.35462951660156
2015-10-19,170.4383544921875
2015-10-20,170.22048950195312
2015-10-21,169.16456604003906
2015-10-22,172.0223388671875
2015-10-23,173.90797424316406
2015-10-26,173.48062133789062
2015-10-27,173.14535522460938
2015-10-28,175.11477661132812
2015-10-29,175.0142364501953
2015-10-30,174.25997924804688
2015-11-02,176.32162475585938
2015-11-03,176.83287048339844
2015-11-04,176.29649353027344
2015-11-05,176.12051391601562
2015-11-06,176.02830505371094
2015-11-09,174.3856964111328
2015-11-10,174.7879638671875
2015-11-11,174.1007843017578
2015-11-12,171.6703643798828
2015-11-13,169.74276733398438
2015-11-16,172.3240509033203
2015-11-17,172.19834899902344
2015-11-18,174.93040466308594
2015-11-19,174.77957153320312
2015-11-20,175.4165496826172
2015-11-23,175.2154083251953
2015-11-24,175.45005798339844
2015-11-25,175.42491149902344
2015-11-27,175.6260986328125
2015-11-30,174.89691162109375
2015-12-01,176.56466674804688
2015-12-02,174.76284790039062
2015-12-03,172.315673828125
2015-12-04,175.6763458251953
2015-12-07,174.61196899414062
2015-12-08,173.43865966796875
2015-12-09,172.08938598632812
2015-12-10,172.53353881835938
2015-12-11,169.1896514892578
2015-12-14,170.04444885253906
2015-12-15,171.82958984375
2015-12-16,174.34378051757812
2015-12-17,171.6871337890625
2015-12-18,168.62844848632812
2015-12-21,170.0194854736328
2015-12-22,171.5623321533203
2015-12-23,173.68687438964844
2015-12-24,173.4002227783203
2015-12-28,173.00393676757812
2015-12-29,174.85023498535156
2015-12-30,173.61094665527344
2015-12-31,171.87429809570312
2016-01-04,169.47158813476562
2016-01-05,169.75816345214844
2016-01-06,167.6167755126953
2016-01-07,163.595458984375
2016-01-08,161.79977416992188
2016-01-11,161.95989990234375
2016-01-12,163.2666473388672
2016-01-13,159.19468688964844
2016-01-14,161.80816650390625
2016-01-15,158.33474731445312
2016-01-19,158.54550170898438
2016-01-20,156.5137481689453
2016-01-21,157.39056396484375
2016-01-22,160.61949157714844
2016-01-25,158.19140625
2016-01-26,160.3496551513672
2016-01-27,158.60458374023438
2016-01-28,159.43067932128906
2016-01-29,163.3172607421875
2016-02-01,163.25820922851562
2016-02-02,160.3159637451172
2016-02-03,161.2770233154297
2016-02-04,161.52993774414062
2016-02-05,158.45277404785156
2016-02-08,156.31985473632812
2016-02-09,156.3282928466797
2016-02-10,156.19338989257812
2016-02-11,154.16163635253906
2016-02-12,157.3399658203125
2016-02-16,159.99559020996094
2016-02-17,162.60903930664062
2016-02-18,161.94302368164062
2016-02-19,161.8671875
2016-02-22,164.2108612060547
2016-02-23,162.13693237304688
2016-02-24,162.87887573242188
2016-02-25,164.85159301757812
2016-02-26,164.4722442626953
2016-02-29,163.18234252929688
2016-03-01,167.01828002929688
2016-03-02,167.76858520507812
2016-03-03,168.4261932373047
2016-03-04,168.97415161132812
2016-03-07,169.1090087890625
2016-03-08,167.26272583007812
2016-03-09,168.08892822265625
2016-03-10,168.223876953125
2016-03-11,170.93846130371094
2016-03-14,170.7192840576172
2016-03-15,170.44107055664062
2016-03-16,171.42742919921875
2016-03-17,172.51504516601562
2016-03-18,173.1929473876953
2016-03-21,173.4386444091797
2016-03-22,173.34544372558594
2016-03-23,172.201416015625
2016-03-24,172.12515258789062
2016-03-28,172.22686767578125
2016-03-29,173.8199920654297
2016-03-30,174.58267211914062
2016-03-31,174.15899658203125
2016-04-01,175.34530639648438
2016-04-04,174.77757263183594
2016-04-05,173.0319061279297
2016-04-06,174.92161560058594
2016-04-07,172.8285675048828
2016-04-08,173.29461669921875
2016-04-11,172.88787841796875
2016-04-12,174.49795532226562
2016-04-13,176.260498046875
2016-04-14,176.26898193359375
2016-04-15,176.0740966796875
2016-04-18,177.31129455566406
2016-04-19,177.87057495117188
2016-04-20,178.04006958007812
2016-04-21,177.08251953125
2016-04-22,177.08251953125
2016-04-25,176.7774200439453
2016-04-26,177.04013061523438
2016-04-27,177.40451049804688
2016-04-28,175.79444885253906
2016-04-29,174.84536743164062
2016-05-02,176.23509216308594
2016-05-03,174.70130920410156
2016-05-04,173.72679138183594
2016-05-05,173.69285583496094
2016-05-06,174.3284454345703
2016-05-09,174.47254943847656
2016-05-10,176.64187622070312
2016-05-11,174.98941040039062
2016-05-12,175.04025268554688
2016-05-13,173.51490783691406
2016-05-16,175.2266845703125
2016-05-17,173.59120178222656
2016-05-18,173.64202880859375
2016-05-19,173.04043579101562
2016-05-20,174.1334991455078
2016-05-23,173.89622497558594
2016-05-24,176.1503448486328
2016-05-25,177.34518432617188
2016-05-26,177.39605712890625
2016-05-27,178.1587371826172
2016-05-31,177.8197479248047
2016-06-01,178.18411254882812
2016-06-02,178.7264862060547
2016-06-03,178.1925811767578
2016-06-06,179.09933471679688
2016-06-07,179.37896728515625
2016-06-08,179.9636688232422
2016-06-09,179.71795654296875
2016-06-10,178.01470947265625
2016-06-13,176.64187622070312
2016-06-14,176.29441833496094
2016-06-15,176.04869079589844
2016-06-16,176.57406616210938
2016-06-17,175.9164276123047
2016-06-20,177.0493621826172
2016-06-21,177.55198669433594
2016-06-22,177.26234436035156
2016-06-23,179.5707550048828
2016-06-24,173.12254333496094
2016-06-27,170.02191162109375
2016-06-28,173.08843994140625
2016-06-29,176.0356903076172
2016-06-30,178.4378662109375
2016-07-01,178.8126220703125
2016-07-05,177.52639770507812
2016-07-06,178.59115600585938
2016-07-07,178.4804229736328
2016-07-08,181.13807678222656
2016-07-11,181.77696228027344
2016-07-12,183.0972900390625
2016-07-13,183.07168579101562
2016-07-14,184.09388732910156
2016-07-15,183.8468780517578
2016-07-18,184.3408966064453
2016-07-19,184.15350341796875
2016-07-20,184.92010498046875
2016-07-21,184.2216796875
2016-07-22,185.04788208007812
2016-07-25,184.5453338623047
2016-07-26,184.63046264648438
2016-07-27,184.43463134765625
2016-07-28,184.6475372314453
2016-07-29,184.9456787109375
2016-08-01,184.79237365722656
2016-08-02,183.60833740234375
2016-08-03,184.14495849609375
2016-08-04,184.3408966064453
2016-08-05,185.84857177734375
2016-08-08,185.73788452148438
2016-08-09,185.84857177734375
2016-08-10,185.38865661621094
2016-08-11,186.24891662597656
2016-08-12,186.08709716796875
2016-08-15,186.62374877929688
2016-08-16,185.6612091064453
2016-08-17,186.0104522705078
2016-08-18,186.4278564453125
2016-08-19,186.15525817871094
2016-08-22,186.14675903320312
2016-08-23,186.52149963378906
2016-08-24,185.56753540039062
2016-08-25,185.4397735595703
2016-08-26,185.09046936035156
2016-08-29,186.00193786621094
2016-08-30,185.69529724121094
2016-08-31,185.16717529296875
2016-09-01,185.17567443847656
2016-09-02,186.0104522705078
2016-09-06,186.57269287109375
2016-09-07,186.5555877685547
2016-09-08,186.1297149658203
2016-09-09,181.67471313476562
2016-09-12,184.28128051757812
2016-09-13,181.6321563720703
2016-09-14,181.56398010253906
2016-09-15,183.3783721923828
2016-09-16,182.66944885253906
2016-09-19,182.70375061035156
2016-09-20,182.71224975585938
2016-09-21,184.76695251464844
2016-09-22,185.93128967285156
2016-09-23,184.9125518798828
2016-09-26,183.414306640625
2016-09-27,184.552978515625
2016-09-28,185.46897888183594
2016-09-29,183.7909698486328
2016-09-30,185.17791748046875
2016-10-03,184.73269653320312
2016-10-04,183.7909698486328
2016-10-05,184.6043243408203
2016-10-06,184.73269653320312
2016-10-07,184.09921264648438
2016-10-10,185.0580291748047
2016-10-11,182.72085571289062
2016-10-12,182.96055603027344
2016-10-13,182.36129760742188
2016-10-14,182.4554443359375
2016-10-17,181.82191467285156
2016-10-18,182.96055603027344
2016-10-19,183.44854736328125
2016-10-20,183.1061248779297
2016-10-21,183.1916961669922
2016-10-24,183.97079467773438
2016-10-25,183.35438537597656
2016-10-26,182.98623657226562
2016-10-27,182.49827575683594
2016-10-28,181.95889282226562
2016-10-31,181.9674835205078
2016-11-01,180.64898681640625
2016-11-02,179.56178283691406
2016-11-03,178.7399139404297
2016-11-04,178.54298400878906
2016-11-07,182.4811553955078
2016-11-08,183.30299377441406
2016-11-09,185.24642944335938
2016-11-10,185.7086944580078
2016-11-11,185.2806396484375
2016-11-14,185.42613220214844
2016-11-15,186.87301635742188
2016-11-16,186.5220184326172
2016-11-17,187.4808807373047
2016-11-18,187.06137084960938
2016-11-21,188.47393798828125
2016-11-22,188.84207153320312
2016-11-23,188.94483947753906
2016-11-25,189.64678955078125
2016-11-28,188.7564697265625
2016-11-29,189.12457275390625
2016-11-30,188.67088317871094
2016-12-01,187.97740173339844
2016-12-02,188.0715789794922
2016-12-05,189.20164489746094
2016-12-06,189.8009033203125
2016-12-07,192.28367614746094
2016-12-08,192.7545623779297
2016-12-09,193.9188690185547
2016-12-12,193.69627380371094
2016-12-13,194.989013671875
2016-12-14,193.3794708251953
2016-12-15,194.17564392089844
2016-12-16,193.7958526611328
2016-12-19,194.21780395507812
2016-12-20,194.9670867919922
2016-12-21,194.42459106445312
2016-12-22,194.08871459960938
2016-12-23,194.37286376953125
2016-12-27,194.85513305664062
2016-12-28,193.24478149414062
2016-12-29,193.2017364501953
2016-12-30,192.49559020996094
2017-01-03,193.9681854248047
2017-01-04,195.12213134765625
2017-01-05,194.9670867919922
2017-01-06,195.6646728515625
2017-01-09,195.01876831054688
2017-01-10,195.01876831054688
2017-01-11,195.56993103027344
2017-01-12,195.0790557861328
2017-01-13,195.52685546875
2017-01-17,194.8379364013672
2017-01-18,195.2685089111328
2017-01-19,194.54515075683594
2017-01-20,195.25991821289062
2017-01-23,194.75177001953125
2017-01-24,196.00050354003906
2017-01-25,197.69696044921875
2017-01-26,197.4902801513672
2017-01-27,197.18026733398438
2017-01-30,195.95742797851562
2017-01-31,195.9402618408203
2017-02-01,196.01768493652344
2017-02-02,196.1469268798828
2017-02-03,197.49891662597656
2017-02-06,197.1458282470703
2017-02-07,197.15447998046875
2017-02-08,197.4127655029297
2017-02-09,198.58396911621094
2017-02-10,199.3676300048828
2017-02-13,200.45272827148438
2017-02-14,201.25357055664062
2017-02-15,202.30416870117188
2017-02-16,202.13197326660156
2017-02-17,202.45057678222656
2017-02-21,203.65621948242188
2017-02-22,203.47537231445312
2017-02-23,203.61309814453125
2017-02-24,203.87149047851562
2017-02-27,204.19017028808594
2017-02-28,203.6389923095703
2017-03-01,206.4894256591797
2017-03-02,205.18910217285156
2017-03-03,205.3182373046875
2017-03-06,204.70684814453125
2017-03-07,204.09539794921875
2017-03-08,203.71649169921875
2017-03-09,203.97486877441406
2017-03-10,204.68960571289062
2017-03-13,204.79296875
2017-03-14,204.00926208496094
2017-03-15,205.77462768554688
2017-03-16,205.36990356445312
2017-03-17,205.00924682617188
2017-03-20,204.78439331054688
2017-03-21,202.15505981445312
2017-03-22,202.63076782226562
2017-03-23,202.4145050048828
2017-03-24,202.2674560546875
2017-03-27,202.05992126464844
2017-03-28,203.53028869628906
2017-03-29,203.72052001953125
2017-03-30,204.36917114257812
2017-03-31,203.8935546875
2017-04-03,203.53892517089844
2017-04-04,203.66864013671875
2017-04-05,203.06321716308594
2017-04-06,203.6340789794922
2017-04-07,203.42649841308594
2017-04-10,203.5475311279297
2017-04-11,203.305419921875
2017-04-12,202.4145050048828
2017-04-13,201.09983825683594
2017-04-17,202.881591796875
2017-04-18,202.2761993408203
2017-04-19,201.90420532226562
2017-04-20,203.5475311279297
2017-04-21,202.89891052246094
2017-04-24,205.13034057617188
2017-04-25,206.3239288330078
2017-04-26,206.1941680908203
2017-04-27,206.36720275878906
2017-04-28,205.9174346923828
2017-05-01,206.4363555908203
2017-05-02,206.51422119140625
2017-05-03,206.2633514404297
2017-05-04,206.50559997558594
2017-05-05,207.3185272216797
2017-05-08,207.2839813232422
2017-05-09,207.09365844726562
2017-05-10,207.465576171875
2017-05-11,207.04183959960938
2017-05-12,206.69578552246094
2017-05-15,207.8374786376953
2017-05-16,207.64724731445312
2017-05-17,203.9627227783203
2017-05-18,204.78439331054688
2017-05-19,206.11634826660156
2017-05-22,207.1629180908203
2017-05-23,207.62124633789062
2017-05-24,208.1056365966797
2017-05-25,209.10031127929688
2017-05-26,209.0570526123047
2017-05-30,208.8754119873047
2017-05-31,208.82350158691406
2017-06-01,210.48414611816406
2017-06-02,211.1847381591797
2017-06-05,211.0290069580078
2017-06-06,210.35438537597656
2017-06-07,210.74359130859375
2017-06-08,210.84739685058594
2017-06-09,210.5273895263672
2017-06-12,210.48414611816406
2017-06-13,211.5133819580078
2017-06-14,211.2452850341797
2017-06-15,210.8388214111328
2017-06-16,210.88479614257812
2017-06-19,212.64044189453125
2017-06-20,211.2063751220703
2017-06-21,211.15419006347656
2017-06-22,211.05859375
2017-06-23,211.31068420410156
2017-06-26,211.44970703125
2017-06-27,209.74627685546875
2017-06-28,211.62359619140625
2017-06-29,209.76361083984375
2017-06-30,210.1547393798828
2017-07-03,210.51109313964844
2017-07-05,210.99777221679688
2017-07-06,209.06834411621094
2017-07-07,210.42420959472656
2017-07-10,210.650146484375
2017-07-11,210.4937286376953
2017-07-12,212.07550048828125
2017-07-13,212.4318389892578
2017-07-14,213.4226531982422
2017-07-17,213.39659118652344
2017-07-18,213.5095672607422
2017-07-19,214.6654510498047
2017-07-20,214.76109313964844
2017-07-21,214.56988525390625
2017-07-24,214.51779174804688
2017-07-25,215.03924560546875
2017-07-26,215.04788208007812
2017-07-27,214.8480224609375
2017-07-28,214.5959930419922
2017-07-31,214.4743194580078
2017-08-01,214.9523468017578
2017-08-02,215.05662536621094
2017-08-03,214.6394500732422
2017-08-04,215.0305633544922
2017-08-07,215.43031311035156
2017-08-08,214.90020751953125
2017-08-09,214.8914794921875
2017-08-10,211.8582305908203
2017-08-11,212.17111206054688
2017-08-14,214.2743682861328
2017-08-15,214.24830627441406
2017-08-16,214.62205505371094
2017-08-17,211.2759246826172
2017-08-18,210.94561767578125
2017-08-21,211.11085510253906
2017-08-22,213.31837463378906
2017-08-23,212.5535430908203
2017-08-24,212.05810546875
2017-08-25,212.5535430908203
2017-08-28,212.562255859375
2017-08-29,212.8055419921875
2017-08-30,213.813720703125
2017-08-31,215.1000518798828
2017-09-01,215.40426635742188
2017-09-05,213.8572540283203
2017-09-06,214.58726501464844
2017-09-07,214.56124877929688
2017-09-08,214.30914306640625
2017-09-11,216.59500122070312
2017-09-12,217.3250732421875
2017-09-13,217.42935180664062
2017-09-14,217.35980224609375
2017-09-15,217.65240478515625
2017-09-18,218.1153106689453
2017-09-19,218.3336944580078
2017-09-20,218.4122772216797
2017-09-21,217.8271026611328
2017-09-22,217.87074279785156
2017-09-25,217.42529296875
2017-09-26,217.55630493164062
2017-09-27,218.40359497070312
2017-09-28,218.66561889648438
2017-09-29,219.4342498779297
2017-10-02,220.3862762451172
2017-10-03,220.85794067382812
2017-10-04,221.11996459960938
2017-10-05,222.43006896972656
2017-10-06,222.17681884765625
2017-10-09,221.80990600585938
2017-10-10,222.39515686035156
2017-10-11,222.74459838867188
2017-10-12,222.41270446777344
2017-10-13,222.68338012695312
2017-10-16,222.98037719726562
2017-10-17,223.13760375976562
2017-10-18,223.35594177246094
2017-10-19,223.4171600341797
2017-10-20,224.5700225830078
2017-10-23,223.69659423828125
2017-10-24,224.0896453857422
2017-10-25,222.98037719726562
2017-10-26,223.26866149902344
2017-10-27,225.09408569335938
2017-10-30,224.25558471679688
2017-10-31,224.60501098632812
2017-11-01,224.9019775390625
2017-11-02,224.98927307128906
2017-11-03,225.740478515625
2017-11-06,226.08984375
2017-11-07,225.9326171875
2017-11-08,226.31689453125
2017-11-09,225.49594116210938
2017-11-10,225.42599487304688
2017-11-13,225.63565063476562
2017-11-14,225.11160278320312
2017-11-15,223.98484802246094
2017-11-16,225.8889617919922
2017-11-17,225.22509765625
2017-11-20,225.60946655273438
2017-11-21,227.08551025390625
2017-11-22,226.88465881347656
2017-11-24,227.40869140625
2017-11-27,227.29518127441406
2017-11-28,229.60104370117188
2017-11-29,229.46131896972656
2017-11-30,231.47024536132812
2017-12-01,230.98977661132812
2017-12-04,230.71029663085938
2017-12-05,229.8805694580078
2017-12-06,229.9242401123047
2017-12-07,230.64920043945312
2017-12-08,231.906982421875
2017-12-11,232.60569763183594
2017-12-12,233.0162353515625
2017-12-13,232.989990234375
2017-12-14,232.0379638671875
2017-12-15,233.97023010253906
2017-12-18,235.45388793945312
2017-12-19,234.54969787597656
2017-12-20,234.42669677734375
2017-12-21,234.90957641601562
2017-12-22,234.84811401367188
2017-12-26,234.56719970703125
2017-12-27,234.6812744140625
2017-12-28,235.1641845703125
2017-12-29,234.27749633789062
2018-01-02,235.954345703125
2018-01-03,237.4467315673828
2018-01-04,238.447509765625
2018-01-05,240.0365447998047
2018-01-08,240.4755096435547
2018-01-09,241.0197296142578
2018-01-10,240.65110778808594
2018-01-11,242.4068603515625
2018-01-12,243.98715209960938
2018-01-16,243.15310668945312
2018-01-17,245.47076416015625
2018-01-18,245.05821228027344
2018-01-19,246.1731414794922
2018-01-22,248.1746826171875
2018-01-23,248.7015380859375
2018-01-24,248.60487365722656
2018-01-25,248.71026611328125
2018-01-26,251.5897216796875
2018-01-29,249.9217529296875
2018-01-30,247.35829162597656
2018-01-31,247.4811553955078
2018-02-01,247.2002410888672
2018-02-02,241.8186798095703
2018-02-05,231.7051544189453
2018-02-06,236.2703094482422
2018-02-07,234.98863220214844
2018-02-08,226.17440795898438
2018-02-09,229.5719451904297
2018-02-12,232.94309997558594
2018-02-13,233.5225067138672
2018-02-14,236.67416381835938
2018-02-15,239.6942138671875
2018-02-16,239.7644500732422
2018-02-20,238.26316833496094
2018-02-21,237.0780487060547
2018-02-22,237.38528442382812
2018-02-23,241.16908264160156
2018-02-26,243.96957397460938
2018-02-27,240.9232635498047
2018-02-28,238.48268127441406
2018-03-01,235.01487731933594
2018-03-02,236.22650146484375
2018-03-05,238.95664978027344
2018-03-06,239.5625
2018-03-07,239.47471618652344
2018-03-08,240.63352966308594
2018-03-09,244.82106018066406
2018-03-12,244.51382446289062
2018-03-13,242.93359375
2018-03-14,241.68699645996094
2018-03-15,241.42361450195312
2018-03-16,241.6854248046875
2018-03-19,238.41531372070312
2018-03-20,238.8208770751953
2018-03-21,238.3624725341797
2018-03-22,232.4040985107422
2018-03-23,227.4505157470703
2018-03-26,233.67332458496094
2018-03-27,229.6981201171875
2018-03-28,229.0194091796875
2018-03-29,231.94569396972656
2018-04-02,226.9392547607422
2018-04-03,229.84793090820312
2018-04-04,232.30709838867188
2018-04-05,234.1405029296875
2018-04-06,228.9224395751953
2018-04-09,230.05068969726562
2018-04-10,233.70855712890625
2018-04-11,232.48338317871094
2018-04-12,234.39613342285156
2018-04-13,233.70855712890625
2018-04-16,235.63003540039062
2018-04-17,238.15089416503906
2018-04-18,238.3273162841797
2018-04-19,237.00509643554688
2018-04-20,234.99545288085938
2018-04-23,234.96017456054688
2018-04-24,231.79586791992188
2018-04-25,232.36883544921875
2018-04-26,234.7310333251953
2018-04-27,234.9513702392578
2018-04-30,233.1444549560547
2018-05-01,233.5587615966797
2018-05-02,231.98985290527344
2018-05-03,231.47857666015625
2018-05-04,234.47540283203125
2018-05-07,235.2686767578125
2018-05-08,235.2686767578125
2018-05-09,237.5427703857422
2018-05-10,239.76393127441406
2018-05-11,240.49546813964844
2018-05-14,240.610107421875
2018-05-15,238.95298767089844
2018-05-16,239.9578399658203
2018-05-17,239.75518798828125
2018-05-18,239.15576171875
2018-05-21,240.95391845703125
2018-05-22,240.283935546875
2018-05-23,240.9449920654297
2018-05-24,240.45147705078125
2018-05-25,239.87855529785156
2018-05-29,237.11962890625
2018-05-30,240.283935546875
2018-05-31,238.81202697753906
2018-06-01,241.15658569335938
2018-06-04,242.30245971679688
2018-06-05,242.4787139892578
2018-06-06,244.50595092773438
2018-06-07,244.4795379638672
2018-06-08,245.20230102539062
2018-06-11,245.5283660888672
2018-06-12,245.845703125
2018-06-13,245.0612335205078
2018-06-14,245.6782684326172
2018-06-15,245.3648223876953
2018-06-18,244.8601837158203
2018-06-19,243.92169189453125
2018-06-20,244.3378143310547
2018-06-21,242.8061065673828
2018-06-22,243.2487335205078
2018-06-25,239.93740844726562
2018-06-26,240.46871948242188
2018-06-27,238.47657775878906
2018-06-28,239.84002685546875
2018-06-29,240.18539428710938
2018-07-02,240.69882202148438
2018-07-03,239.8489227294922
2018-07-05,241.80563354492188
2018-07-06,243.8508758544922
2018-07-09,246.04656982421875
2018-07-10,246.93202209472656
2018-07-11,245.12579345703125
2018-07-12,247.34811401367188
2018-07-13,247.54283142089844
2018-07-16,247.32150268554688
2018-07-17,248.32200622558594
2018-07-18,248.84434509277344
2018-07-19,247.90582275390625
2018-07-20,247.6225128173828
2018-07-23,248.0829315185547
2018-07-24,249.3313751220703
2018-07-25,251.4561767578125
2018-07-26,250.86297607421875
2018-07-27,249.1631317138672
2018-07-30,247.86160278320312
2018-07-31,249.0834503173828
2018-08-01,248.66726684570312
2018-08-02,250.0218963623047
2018-08-03,251.0931396484375
2018-08-06,252.0140838623047
2018-08-07,252.84628295898438
2018-08-08,252.74000549316406
2018-08-09,252.39476013183594
2018-08-10,250.70367431640625
2018-08-13,249.76519775390625
2018-08-14,251.35885620117188
2018-08-15,249.4818115234375
2018-08-16,251.5005645751953
2018-08-17,252.38592529296875
2018-08-20,252.9259033203125
2018-08-21,253.51927185058594
2018-08-22,253.36862182617188
2018-08-23,253.0322723388672
2018-08-24,254.55506896972656
2018-08-27,256.5648193359375
2018-08-28,256.68878173828125
2018-08-29,258.0700378417969
2018-08-30,257.02520751953125
2018-08-31,257.0340576171875
2018-09-04,256.5914306640625
2018-09-05,255.9009552001953
2018-09-06,255.13052368164062
2018-09-07,254.63475036621094
2018-09-10,255.0775146484375
2018-09-11,255.91860961914062
2018-09-12,255.9805145263672
2018-09-13,257.4944763183594
2018-09-14,257.538818359375
2018-09-17,256.1752014160156
2018-09-18,257.5653381347656
2018-09-19,257.83984375
2018-09-20,259.9293212890625
2018-09-21,259.6918640136719
2018-09-24,258.82916259765625
2018-09-25,258.5890197753906
2018-09-26,257.8152770996094
2018-09-27,258.53558349609375
2018-09-28,258.562255859375
2018-10-01,259.4605407714844
2018-10-02,259.3094177246094
2018-10-03,259.45166015625
2018-10-04,257.42388916015625
2018-10-05,255.9830780029297
2018-10-08,255.9830780029297
2018-10-09,255.6095733642578
2018-10-10,247.5161895751953
2018-10-11,242.06419372558594
2018-10-12,245.4260711669922
2018-10-15,244.047607421875
2018-10-16,249.3838348388672
2018-10-17,249.42835998535156
2018-10-18,245.82623291015625
2018-10-19,245.69296264648438
2018-10-22,244.59011840820312
2018-10-23,243.34490966796875
2018-10-24,235.97195434570312
2018-10-25,240.20535278320312
2018-10-26,235.98081970214844
2018-10-29,234.6733856201172
2018-10-30,238.1509246826172
2018-10-31,240.69454956054688
2018-11-01,243.25595092773438
2018-11-02,241.815185546875
2018-11-05,243.14926147460938
2018-11-06,244.68783569335938
2018-11-07,249.92637634277344
2018-11-08,249.4727783203125
2018-11-09,247.0358428955078
2018-11-12,242.41998291015625
2018-11-13,241.96636962890625
2018-11-14,240.3121795654297
2018-11-15,242.82012939453125
2018-11-16,243.45162963867188
2018-11-19,239.3338165283203
2018-11-20,234.90460205078125
2018-11-21,235.70510864257812
2018-11-23,234.13087463378906
2018-11-26,237.91078186035156
2018-11-27,238.71124267578125
2018-11-28,244.20761108398438
2018-11-29,243.67391967773438
2018-11-30,245.1592254638672
2018-12-03,248.40553283691406
2018-12-04,240.35655212402344
2018-12-06,239.99191284179688
2018-12-07,234.41552734375
2018-12-10,234.8601837158203
2018-12-11,234.91351318359375
2018-12-12,236.096435546875
2018-12-13,236.016357421875
2018-12-14,231.65838623046875
2018-12-17,227.1136016845703
2018-12-18,226.86460876464844
2018-12-19,223.46710205078125
2018-12-20,219.8295440673828
2018-12-21,215.32533264160156
2018-12-24,209.63580322265625
2018-12-26,220.22764587402344
2018-12-27,221.9184112548828
2018-12-28,221.6321258544922
2018-12-31,223.5734100341797
2019-01-02,223.8059539794922
2019-01-03,218.46534729003906
2019-01-04,225.78298950195312
2019-01-07,227.5631866455078
2019-01-08,229.70123291015625
2019-01-09,230.77476501464844
2019-01-10,231.5888214111328
2019-01-11,231.67822265625
2019-01-14,230.26480102539062
2019-01-15,232.90382385253906
2019-01-16,233.4674530029297
2019-01-17,235.2387237548828
2019-01-18,238.3696746826172
2019-01-22,235.14920043945312
2019-01-23,235.6412353515625
2019-01-24,235.7664794921875
2019-01-25,237.7613983154297
2019-01-28,235.95443725585938
2019-01-29,235.6412353515625
2019-01-30,239.37168884277344
2019-01-31,241.47389221191406
2019-02-01,241.59024047851562
2019-02-04,243.28988647460938
2019-02-05,244.30967712402344
2019-02-06,243.98770141601562
2019-02-07,241.66177368164062
2019-02-08,241.95693969726562
2019-02-11,242.09115600585938
2019-02-12,245.20431518554688
2019-02-13,246.00050354003906
2019-02-14,245.45480346679688
2019-02-15,248.12950134277344
2019-02-19,248.5589141845703
2019-02-20,249.05992126464844
2019-02-21,248.17420959472656
2019-02-22,249.71292114257812
2019-02-25,250.05291748046875
2019-02-26,249.87399291992188
2019-02-27,249.7666778564453
2019-02-28,249.301513671875
2019-03-01,250.8580322265625
2019-03-04,249.94549560546875
2019-03-05,249.6056365966797
2019-03-06,248.0937957763672
2019-03-07,246.01841735839844
2019-03-08,245.52639770507812
2019-03-11,249.0867156982422
2019-03-12,250.0260467529297
2019-03-13,251.6811065673828
2019-03-14,251.52001953125
2019-03-15,252.76272583007812
2019-03-18,253.67921447753906
2019-03-19,253.74197387695312
2019-03-20,252.9783172607422
2019-03-21,255.83560180664062
2019-03-22,250.91175842285156
2019-03-25,250.72303771972656
2019-03-26,252.59194946289062
2019-03-27,251.27117919921875
2019-03-28,252.2235870361328
2019-03-29,253.81399536132812
2019-04-01,256.823974609375
2019-04-02,256.9497375488281
2019-04-03,257.3541259765625
2019-04-04,258.0369873046875
2019-04-05,259.28594970703125
2019-04-08,259.48370361328125
2019-04-09,258.1538391113281
2019-04-10,259.034423828125
2019-04-11,258.9624938964844
2019-04-12,260.714599609375
2019-04-15,260.5437927246094
2019-04-16,260.714599609375
2019-04-17,260.07659912109375
2019-04-18,260.5888671875
2019-04-22,260.8134460449219
2019-04-23,263.1585693359375
2019-04-24,262.57452392578125
2019-04-25,262.4128112792969
2019-04-26,263.63470458984375
2019-04-29,264.048095703125
2019-04-30,264.1828918457031
2019-05-01,262.19720458984375
2019-05-02,261.6310729980469
2019-05-03,264.19183349609375
2019-05-06,263.10467529296875
2019-05-07,258.71087646484375
2019-05-08,258.3514709472656
2019-05-09,257.5697937011719
2019-05-10,258.86370849609375
2019-05-13,252.3583221435547
2019-05-14,254.64053344726562
2019-05-15,256.1322326660156
2019-05-16,258.5042419433594
2019-05-17,256.8330078125
2019-05-20,255.13478088378906
2019-05-21,257.4349365234375
2019-05-22,256.6443786621094
2019-05-23,253.50845336914062
2019-05-24,254.08352661132812
2019-05-28,251.72036743164062
2019-05-29,250.03123474121094
2019-05-30,250.71409606933594
2019-05-31,247.33558654785156
2019-06-03,246.70663452148438
2019-06-04,252.0618438720703
2019-06-05,254.2451629638672
2019-06-06,255.89854431152344
2019-06-07,258.4593811035156
2019-06-10,259.6452941894531
2019-06-11,259.5823974609375
2019-06-12,259.1241760253906
2019-06-13,260.1934509277344
2019-06-14,259.9060363769531
2019-06-17,260.0047302246094
2019-06-18,262.72723388671875
2019-06-19,263.3203430175781
2019-06-20,265.83612060546875
2019-06-21,265.4496765136719
2019-06-24,265.1246337890625
2019-06-25,262.5242919921875
2019-06-26,262.2624816894531
2019-06-27,263.19244384765625
2019-06-28,264.546875
2019-07-01,266.9485168457031
2019-07-02,267.64373779296875
2019-07-03,269.78363037109375
2019-07-05,269.4765625
2019-07-08,267.99591064453125
2019-07-09,268.33001708984375
2019-07-10,269.61212158203125
2019-07-11,270.2441101074219
2019-07-12,271.4538879394531
2019-07-15,271.54412841796875
2019-07-16,270.6684875488281
2019-07-17,268.8265686035156
2019-07-18,269.81072998046875
2019-07-19,268.31195068359375
2019-07-22,268.970947265625
2019-07-23,270.8941955566406
2019-07-24,272.1672058105469
2019-07-25,270.86700439453125
2019-07-26,272.6819152832031
2019-07-29,272.18524169921875
2019-07-30,271.51715087890625
2019-07-31,268.546630859375
2019-08-01,266.2081604003906
2019-08-02,264.2037658691406
2019-08-05,256.25830078125
2019-08-06,259.8518371582031
2019-08-07,260.00531005859375
2019-08-08,265.1066589355469
2019-08-09,263.3007507324219
2019-08-12,260.09564208984375
2019-08-13,264.14044189453125
2019-08-14,256.3305969238281
2019-08-15,257.0076904296875
2019-08-16,260.7998046875
2019-08-19,263.94189453125
2019-08-20,261.91949462890625
2019-08-21,264.0503234863281
2019-08-22,263.9689636230469
2019-08-23,257.1883239746094
2019-08-26,260.0323791503906
2019-08-27,259.01214599609375
2019-08-28,260.8359680175781
2019-08-29,264.1676025390625
2019-08-30,264.0503234863281
2019-09-03,262.5062561035156
2019-09-04,265.4858703613281
2019-09-05,268.89874267578125
2019-09-06,269.1064758300781
2019-09-09,269.2418518066406
2019-09-10,269.1787109375
2019-09-11,271.0927734375
2019-09-12,272.03179931640625
2019-09-13,271.85125732421875
2019-09-16,271.011474609375
2019-09-17,271.69781494140625
2019-09-18,271.8602294921875
2019-09-19,271.8421630859375
2019-09-20,270.5577697753906
2019-09-23,270.49420166015625
2019-09-24,268.3717956542969
2019-09-25,269.9591369628906
2019-09-26,269.396728515625
2019-09-27,267.9454040527344
2019-09-30,269.1881408691406
2019-10-01,265.98614501953125
2019-10-02,261.28759765625
2019-10-03,263.4282531738281
2019-10-04,266.9930114746094
2019-10-07,265.841064453125
2019-10-08,261.7138977050781
2019-10-09,264.1993103027344
2019-10-10,265.98614501953125
2019-10-11,268.7438049316406
2019-10-14,268.4443664550781
2019-10-15,271.10198974609375
2019-10-16,270.66668701171875
2019-10-17,271.46490478515625
2019-10-18,270.276611328125
2019-10-21,272.10882568359375
2019-10-22,271.21990966796875
2019-10-23,272.009033203125
2019-10-24,272.4535217285156
2019-10-25,273.56927490234375
2019-10-28,275.1112060546875
2019-10-29,275.0296325683594
2019-10-30,275.8731994628906
2019-10-31,275.138427734375
2019-11-01,277.68731689453125
2019-11-04,278.802978515625
2019-11-05,278.49456787109375
2019-11-06,278.5580749511719
2019-11-07,279.5376892089844
2019-11-08,280.2270202636719
2019-11-11,279.6919250488281
2019-11-12,280.28143310546875
2019-11-13,280.3721923828125
2019-11-14,280.78033447265625
2019-11-15,282.8121643066406
2019-11-18,283.0207824707031
2019-11-19,282.93914794921875
2019-11-20,281.886962890625
2019-11-21,281.4334716796875
2019-11-22,282.0592041015625
2019-11-25,284.245361328125
2019-11-26,284.8892822265625
2019-11-27,286.1591796875
2019-11-29,285.0979309082031
2019-12-02,282.6761169433594
2019-12-03,280.78033447265625
2019-12-04,282.5129089355469
2019-12-05,283.0207824707031
2019-12-06,285.60601806640625
2019-12-09,284.70794677734375
2019-12-10,284.3905029296875
2019-12-11,285.19775390625
2019-12-12,287.6559143066406
2019-12-13,287.8282165527344
2019-12-16,289.80548095703125
2019-12-17,289.8691101074219
2019-12-18,289.88726806640625
2019-12-19,291.075439453125
2019-12-20,292.3515625
2019-12-23,292.7982177734375
2019-12-24,292.8074035644531
2019-12-26,294.36602783203125
2019-12-27,294.2931823730469
2019-12-30,292.67059326171875
2019-12-31,293.381591796875
2020-01-02,296.12530517578125
2020-01-03,293.8829345703125
2020-01-06,295.0041809082031
2020-01-07,294.1746520996094
2020-01-08,295.74249267578125
2020-01-09,297.747802734375
2020-01-10,296.8909606933594
2020-01-13,298.9327697753906
2020-01-14,298.47698974609375
2020-01-15,299.1514587402344
2020-01-16,301.6399841308594
2020-01-17,302.578857421875
2020-01-21,301.986328125
2020-01-22,302.0228576660156
2020-01-23,302.3691711425781
2020-01-24,299.68017578125
2020-01-27,294.8765563964844
2020-01-28,297.9665222167969
2020-01-29,297.72039794921875
2020-01-30,298.6866760253906
2020-01-31,293.2631530761719
2020-02-03,295.441650390625
2020-02-04,299.9446105957031
2020-02-05,303.40826416015625
2020-02-06,304.4292297363281
2020-02-07,302.8067321777344
2020-02-10,305.0672607421875
2020-02-11,305.59600830078125
2020-02-12,307.5647888183594
2020-02-13,307.23675537109375
2020-02-14,307.7289733886719
2020-02-18,306.9359130859375
2020-02-19,308.4034423828125
2020-02-20,307.136474609375
2020-02-21,303.9734802246094
2020-02-24,293.89208984375
2020-02-25,284.98651123046875
2020-02-26,283.9382019042969
2020-02-27,271.18609619140625
2020-02-28,270.0467834472656
2020-03-02,281.7415771484375
2020-03-03,273.67449951171875
2020-03-04,285.1780090332031
2020-03-05,275.69818115234375
2020-03-06,271.1405334472656
2020-03-09,249.9658966064453
2020-03-10,262.90045166015625
2020-03-11,250.08441162109375
2020-03-12,226.1570587158203
2020-03-13,245.49041748046875
2020-03-16,218.6279296875
2020-03-17,230.43211364746094
2020-03-18,218.76466369628906
2020-03-19,219.22950744628906
2020-03-20,209.7820281982422
2020-03-23,204.41819763183594
2020-03-24,222.93917846679688
2020-03-25,226.2766571044922
2020-03-26,239.48886108398438
2020-03-27,232.3555450439453
2020-03-30,239.9014892578125
2020-03-31,236.32565307617188
2020-04-01,225.6898651123047
2020-04-02,230.89773559570312
2020-04-03,227.56028747558594
2020-04-06,242.84466552734375
2020-04-07,243.09219360351562
2020-04-08,251.25244140625
2020-04-09,255.07582092285156
2020-04-13,252.74697875976562
2020-04-14,260.2010803222656
2020-04-15,254.67236328125
2020-04-16,255.90101623535156
2020-04-17,262.8143005371094
2020-04-20,258.1839904785156
2020-04-21,250.34475708007812
2020-04-22,255.90101623535156
2020-04-23,255.8826904296875
2020-04-24,259.4493408203125
2020-04-27,263.1902160644531
2020-04-28,261.9800109863281
2020-04-29,268.8381042480469
2020-04-30,266.3350830078125
2020-05-01,259.2843017578125
2020-05-04,259.99951171875
2020-05-05,262.40167236328125
2020-05-06,260.6229553222656
2020-05-07,263.767822265625
2020-05-08,268.1322326660156
2020-05-11,268.187255859375
2020-05-12,262.841796875
2020-05-13,258.1932067871094
2020-05-14,261.28314208984375
2020-05-15,262.4841613769531
2020-05-18,270.4794006347656
2020-05-19,267.7012634277344
2020-05-20,272.2490234375
2020-05-21,270.369384765625
2020-05-22,270.8828430175781
2020-05-26,274.2202453613281
2020-05-27,278.3003845214844
2020-05-28,277.7869873046875
2020-05-29,279.0246887207031
2020-06-01,280.1524353027344
2020-06-02,282.4721984863281
2020-06-03,286.2314758300781
2020-06-04,285.4794616699219
2020-06-05,292.7962646484375
2020-06-08,296.3354797363281
2020-06-09,294.1257019042969
2020-06-10,292.48443603515625
2020-06-11,275.623046875
2020-06-12,278.9238586425781
2020-06-15,281.5278015136719
2020-06-16,286.9465637207031
2020-06-17,285.7546081542969
2020-06-18,285.8646240234375
2020-06-19,284.23095703125
2020-06-22,286.0543212890625
2020-06-23,287.3712463378906
2020-06-24,280.040771484375
2020-06-25,283.0429382324219
2020-06-26,276.3203430175781
2020-06-29,280.3814392089844
2020-06-30,283.97314453125
2020-07-01,285.9622802734375
2020-07-02,287.5370178222656
2020-07-06,291.975830078125
2020-07-07,288.9643859863281
2020-07-08,291.1746826171875
2020-07-09,289.5169677734375
2020-07-10,292.4731750488281
2020-07-13,289.9406433105469
2020-07-14,293.6979675292969
2020-07-15,296.3961181640625
2020-07-16,295.4200744628906
2020-07-17,296.2765808105469
2020-07-20,298.6708068847656
2020-07-21,299.30633544921875
2020-07-22,301.010009765625
2020-07-23,297.4184265136719
2020-07-24,295.5028991699219
2020-07-27,297.6578369140625
2020-07-28,295.76995849609375
2020-07-29,299.4075012207031
2020-07-30,298.33929443359375
2020-07-31,300.6968994140625
2020-08-03,302.787353515625
2020-08-04,303.9569396972656
2020-08-05,305.84478759765625
2020-08-06,307.8891906738281
2020-08-07,308.1101989746094
2020-08-10,309.03118896484375
2020-08-11,306.4801940917969
2020-08-12,310.75311279296875
2020-08-13,310.1915283203125
2020-08-14,310.20068359375
2020-08-17,311.1861267089844
2020-08-18,311.8583984375
2020-08-19,310.559814453125
2020-08-20,311.52685546875
2020-08-21,312.63201904296875
2020-08-24,315.79986572265625
2020-08-25,316.905029296875
2020-08-26,320.0821228027344
2020-08-27,320.7820129394531
2020-08-28,322.8540954589844
2020-08-31,321.6845703125
2020-09-01,324.7143859863281
2020-09-02,329.41107177734375
2020-09-03,318.0745544433594
2020-09-04,315.4775695800781
2020-09-08,306.85772705078125
2020-09-09,312.91741943359375
2020-09-10,307.4840393066406
2020-09-11,307.6405334472656
2020-09-14,311.692626953125
2020-09-15,313.2673645019531
2020-09-16,312.0241394042969
2020-09-17,309.27978515625
2020-09-18,305.7191467285156
2020-09-21,302.31671142578125
2020-09-22,305.3955078125
2020-09-23,298.3130798339844
2020-09-24,299.1082458496094
2020-09-25,303.9438781738281
2020-09-28,308.9922790527344
2020-09-29,307.3094482421875
2020-09-30,309.6394958496094
2020-10-01,311.6272888183594
2020-10-02,308.6686706542969
2020-10-05,314.142333984375
2020-10-06,309.676513671875
2020-10-07,315.06683349609375
2020-10-08,317.85919189453125
2020-10-09,320.6976318359375
2020-10-12,325.85699462890625
2020-10-13,323.73040771484375
2020-10-14,321.6961669921875
2020-10-15,321.2986755371094
2020-10-16,321.1045227050781
2020-10-19,316.22265625
2020-10-20,317.4893493652344
2020-10-21,316.8883056640625
2020-10-22,318.6266174316406
2020-10-23,319.7083435058594
2020-10-26,313.80023193359375
2020-10-27,312.7183532714844
2020-10-28,302.02996826171875
2020-10-29,305.0997619628906
2020-10-30,301.9190673828125
2020-11-02,305.3031005859375
2020-11-03,310.6935119628906
2020-11-04,317.6372375488281
2020-11-05,323.8321228027344
2020-11-06,323.7580261230469
2020-11-09,327.8263854980469
2020-11-10,327.3455810546875
2020-11-11,329.7772216796875
2020-11-12,326.5782470703125
2020-11-13,331.0993957519531
2020-11-16,335.2324523925781
2020-11-17,333.429443359375
2020-11-18,329.41668701171875
2020-11-19,330.80352783203125
2020-11-20,328.5382995605469
2020-11-23,330.5076599121094
2020-11-24,335.8334655761719
2020-11-25,335.3156433105469
2020-11-27,336.2494812011719
2020-11-30,334.76080322265625
2020-12-01,338.42230224609375
2020-12-02,339.1342468261719
2020-12-03,339.0417785644531
2020-12-04,341.9635314941406
2020-12-07,341.26080322265625
2020-12-08,342.25933837890625
2020-12-09,339.18975830078125
2020-12-10,339.0787658691406
2020-12-11,338.6811828613281
2020-12-14,337.16485595703125
2020-12-15,341.72314453125
2020-12-16,342.25933837890625
2020-12-17,344.1733093261719
2020-12-18,342.799072265625
2020-12-21,341.5734558105469
2020-12-22,340.9976806640625
2020-12-23,341.3041687011719
2020-12-24,342.6319580078125
2020-12-28,345.5754089355469
2020-12-29,344.91607666015625
2020-12-30,345.4081726074219
2020-12-31,347.16314697265625
2021-01-04,342.4369812011719
2021-01-05,344.7955017089844
2021-01-06,346.8567810058594
2021-01-07,352.01025390625
2021-01-08,354.0158386230469
2021-01-11,351.6294860839844
2021-01-12,351.70379638671875
2021-01-13,352.65087890625
2021-01-14,351.4159240722656
2021-01-15,348.8531799316406
2021-01-19,351.59234619140625
2021-01-20,356.45794677734375
2021-01-21,356.78289794921875
2021-01-22,355.52001953125
2021-01-25,356.92218017578125
2021-01-26,356.3650817871094
2021-01-27,347.6553955078125
2021-01-28,350.645263671875
2021-01-29,343.6254577636719
2021-02-01,349.34527587890625
2021-02-02,354.2851257324219
2021-02-03,354.5636901855469
2021-02-04,358.5935974121094
2021-02-05,360.00494384765625
2021-02-08,362.60479736328125
2021-02-09,362.3634948730469
2021-02-10,362.20550537109375
2021-02-11,362.79046630859375
2021-02-12,364.5827331542969
2021-02-16,364.2669982910156
2021-02-17,364.35052490234375
2021-02-18,362.7998352050781
2021-02-19,362.15911865234375
2021-02-22,359.3735046386719
2021-02-23,359.80999755859375
2021-02-24,363.7748107910156
2021-02-25,355.0093994140625
2021-02-26,353.1800842285156
2021-03-01,361.7413330078125
2021-03-02,358.9185791015625
2021-03-03,354.1644287109375
2021-03-04,349.7817687988281
2021-03-05,356.21649169921875
2021-03-08,354.44293212890625
2021-03-09,359.5035095214844
2021-03-10,361.7413330078125
2021-03-11,365.4090881347656
2021-03-12,365.9012451171875
2021-03-15,368.08319091796875
2021-03-16,367.61895751953125
2021-03-17,368.8725280761719
2021-03-18,363.5055236816406
2021-03-19,362.8330078125
2021-03-22,365.7301940917969
2021-03-23,362.8515625
2021-03-24,361.00701904296875
2021-03-25,363.037841796875
2021-03-26,368.88824462890625
2021-03-29,368.701904296875
2021-03-30,367.7237548828125
2021-03-31,369.21429443359375
2021-04-01,373.20147705078125
2021-04-05,378.55804443359375
2021-04-06,378.3345031738281
2021-04-07,378.7723388671875
2021-04-08,380.5702209472656
2021-04-09,383.3370056152344
2021-04-12,383.476806640625
2021-04-13,384.6132507324219
2021-04-14,383.29986572265625
2021-04-15,387.4174499511719
2021-04-16,388.71234130859375
2021-04-19,386.80255126953125
2021-04-20,383.9704895019531
2021-04-21,387.603759765625
2021-04-22,384.0636901855469
2021-04-23,388.2278747558594
2021-04-26,389.038330078125
2021-04-27,388.95452880859375
2021-04-28,388.84271240234375
2021-04-29,391.32073974609375
2021-04-30,388.7495422363281
2021-05-03,389.5880432128906
2021-05-04,387.18450927734375
2021-05-05,387.3056945800781
2021-05-06,390.39849853515625
2021-05-07,393.2397766113281
2021-05-10,389.3458557128906
2021-05-11,385.87103271484375
2021-05-12,377.673095703125
2021-05-13,382.2098388671875
2021-05-14,388.0788269042969
2021-05-17,387.09136962890625
2021-05-18,383.7562561035156
2021-05-19,382.7502136230469
2021-05-20,386.8678283691406
2021-05-21,386.5511169433594
2021-05-24,390.4916687011719
2021-05-25,389.625244140625
2021-05-26,390.39849853515625
2021-05-27,390.6034851074219
2021-05-28,391.3021545410156
2021-06-01,390.9574279785156
2021-06-02,391.572265625
2021-06-03,390.11895751953125
2021-06-04,393.6869812011719
2021-06-07,393.3050231933594
2021-06-08,393.388916015625
2021-06-09,392.8019714355469
2021-06-10,394.6279296875
2021-06-11,395.27996826171875
2021-06-14,396.1649475097656
2021-06-15,395.43841552734375
2021-06-16,393.23040771484375
2021-06-17,393.1000671386719
2021-06-18,387.7969665527344
2021-06-21,393.3486328125
2021-06-22,395.45159912109375
2021-06-23,394.9749450683594
2021-06-24,397.31158447265625
2021-06-25,398.7228698730469
2021-06-28,399.526611328125
2021-06-29,399.7416076660156
2021-06-30,400.0780029296875
2021-07-01,402.2930603027344
2021-07-02,405.36798095703125
2021-07-06,404.629638671875
2021-07-07,406.0596618652344
2021-07-08,402.7511901855469
2021-07-09,407.0503234863281
2021-07-12,408.50836181640625
2021-07-13,407.1157531738281
2021-07-14,407.7232360839844
2021-07-15,406.3306579589844
2021-07-16,403.1435852050781
2021-07-19,397.1900634765625
2021-07-20,402.8819274902344
2021-07-21,406.143798828125
2021-07-22,406.9942626953125
2021-07-23,411.1814880371094
2021-07-26,412.19085693359375
2021-07-27,410.3122863769531
2021-07-28,410.14398193359375
2021-07-29,411.8450622558594
2021-07-30,409.8449401855469
2021-08-02,408.9850158691406
2021-08-03,412.3123779296875
2021-08-04,410.2843017578125
2021-08-05,412.8824768066406
2021-08-06,413.56475830078125
2021-08-09,413.2283020019531
2021-08-10,413.74224853515625
2021-08-11,414.7704772949219
2021-08-12,416.013427734375
2021-08-13,416.77056884765625
2021-08-16,417.751953125
2021-08-17,415.0134582519531
2021-08-18,410.4710693359375
2021-08-19,411.1067199707031
2021-08-20,414.37786865234375
2021-08-23,418.0229187011719
2021-08-24,418.6865539550781
2021-08-25,419.5650634765625
2021-08-26,417.08831787109375
2021-08-27,420.8175354003906
2021-08-30,422.6680603027344
2021-08-31,422.0419006347656
2021-09-01,422.2662658691406
2021-09-02,423.5653076171875
2021-09-03,423.46246337890625
2021-09-07,421.94842529296875
2021-09-08,421.43426513671875
2021-09-09,419.63055419921875
2021-09-10,416.3219299316406
2021-09-13,417.3873291015625
2021-09-14,415.13494873046875
2021-09-15,418.6023864746094
2021-09-16,417.9388427734375
2021-09-17,413.8677062988281
2021-09-20,406.966796875
2021-09-21,406.58233642578125
2021-09-22,410.5484924316406
2021-09-23,415.53668212890625
2021-09-24,416.2210693359375
2021-09-27,415.03033447265625
2021-09-28,406.6666564941406
2021-09-29,407.3511657714844
2021-09-30,402.3724365234375
2021-10-01,407.15423583984375
2021-10-04,401.90362548828125
2021-10-05,406.0854187011719
2021-10-06,407.77313232421875
2021-10-07,411.2984924316406
2021-10-08,410.5484924316406
2021-10-11,407.5762634277344
2021-10-12,406.57293701171875
2021-10-13,408.0356140136719
2021-10-14,414.8990478515625
2021-10-15,418.05889892578125
2021-10-18,419.29656982421875
2021-10-19,422.53131103515625
2021-10-20,424.1909484863281
2021-10-21,425.2973937988281
2021-10-22,424.8566589355469
2021-10-25,427.1350402832031
2021-10-26,427.5195617675781
2021-10-27,425.62548828125
2021-10-28,429.7322998046875
2021-10-29,430.6043395996094
2021-11-01,431.3450012207031
2021-11-02,433.0889587402344
2021-11-03,435.73309326171875
2021-11-04,437.7864990234375
2021-11-05,439.3054504394531
2021-11-08,439.6805114746094
2021-11-09,438.2271728515625
2021-11-10,434.70166015625
2021-11-11,434.8423156738281
2021-11-12,438.1239929199219
2021-11-15,438.2740783691406
2021-11-16,440.0086975097656
2021-11-17,438.9398193359375
2021-11-18,440.4306640625
2021-11-19,439.6429748535156
2021-11-22,438.4053039550781
2021-11-23,438.9866027832031
2021-11-24,440.15863037109375
2021-11-26,430.3417053222656
2021-11-29,435.6205749511719
2021-11-30,427.1444396972656
2021-12-01,422.40008544921875
2021-12-02,428.8696594238281
2021-12-03,425.1379089355469
2021-12-06,430.17291259765625
2021-12-07,439.0710144042969
2021-12-08,440.2337646484375
2021-12-09,437.26141357421875
2021-12-10,441.37750244140625
2021-12-13,437.4676818847656
2021-12-14,434.4578857421875
2021-12-15,441.246337890625
2021-12-16,437.3552551269531
2021-12-17,432.7004089355469
2021-12-20,428.099365234375
2021-12-21,435.70196533203125
2021-12-22,440.0585021972656
2021-12-23,442.79656982421875
2021-12-27,449.06304931640625
2021-12-28,448.696044921875
2021-12-29,449.27008056640625
2021-12-30,448.0280456542969
2021-12-31,446.89892578125
2022-01-03,449.4864196777344
2022-01-04,449.3359375
2022-01-05,440.7076416015625
2022-01-06,440.2936706542969
2022-01-07,438.55291748046875
2022-01-10,438.0072326660156
2022-01-11,441.9967346191406
2022-01-12,443.1916809082031
2022-01-13,437.08514404296875
2022-01-14,437.263916015625
2022-01-18,429.5201110839844
2022-01-19,425.06024169921875
2022-01-20,420.3555908203125
2022-01-21,412.1037292480469
2022-01-24,413.8538513183594
2022-01-25,408.8011169433594
2022-01-26,407.7755432128906
2022-01-27,405.76190185546875
2022-01-28,415.8392028808594
2022-01-31,423.3289489746094
2022-02-01,426.1893005371094
2022-02-02,430.329345703125
2022-02-03,420.2145080566406
2022-02-04,422.19036865234375
2022-02-07,420.8354187011719
2022-02-08,424.2980651855469
2022-02-09,430.50811767578125
2022-02-10,422.7737731933594
2022-02-11,414.4372253417969
2022-02-14,413.0823059082031
2022-02-15,419.7440185546875
2022-02-16,420.2145080566406
2022-02-17,411.23809814453125
2022-02-18,408.5753479003906
2022-02-22,404.19061279296875
2022-02-23,397.0208435058594
2022-02-24,402.99560546875
2022-02-25,411.88739013671875
2022-02-28,410.8335266113281
2022-03-01,404.5763854980469
2022-03-02,412.01910400390625
2022-03-03,409.9679260253906
2022-03-04,406.63702392578125
2022-03-07,394.64971923828125
2022-03-08,391.6575622558594
2022-03-09,402.1582946777344
2022-03-10,400.34222412109375
2022-03-11,395.2518615722656
2022-03-14,392.36322021484375
2022-03-15,400.9915466308594
2022-03-16,409.8831481933594
2022-03-17,415.0111389160156
2022-03-18,419.5566711425781
2022-03-21,419.43402099609375
2022-03-22,424.34197998046875
2022-03-23,418.87713623046875
2022-03-24,425.1914367675781
2022-03-25,427.2679138183594
2022-03-28,430.30712890625
2022-03-29,435.6303405761719
2022-03-30,432.94049072265625
2022-03-31,426.2769470214844
2022-04-01,427.4849853515625
2022-04-04,431.1470642089844
2022-04-05,425.7010803222656
2022-04-06,421.4443664550781
2022-04-07,423.56805419921875
2022-04-08,422.43536376953125
2022-04-11,415.21502685546875
2022-04-12,413.6766357421875
2022-04-13,418.4146423339844
2022-04-14,413.2046813964844
2022-04-18,413.37457275390625
2022-04-19,420.0475158691406
2022-04-20,419.736083984375
2022-04-21,413.4595642089844
2022-04-22,402.1144714355469
2022-04-25,404.44580078125
2022-04-26,392.73272705078125
2022-04-27,393.8370056152344
2022-04-28,403.7851257324219
2022-04-29,388.8630065917969
2022-05-02,391.2037353515625
2022-05-03,392.9969482421875
2022-05-04,404.9649658203125
2022-05-05,390.5713195800781
2022-05-06,388.2400817871094
2022-05-09,375.8096008300781
2022-05-10,376.6780090332031
2022-05-11,370.69403076171875
2022-05-12,370.30706787109375
2022-05-13,379.1602783203125
2022-05-16,377.6217956542969
2022-05-17,385.3896179199219
2022-05-18,369.8539733886719
2022-05-19,367.5887451171875
2022-05-20,367.7492370605469
2022-05-23,374.6298522949219
2022-05-24,371.7700500488281
2022-05-25,375.05462646484375
2022-05-26,382.54864501953125
2022-05-27,391.9399108886719
2022-05-31,389.7407531738281
2022-06-01,386.5882568359375
2022-06-02,393.9503479003906
2022-06-03,387.4849548339844
2022-06-06,388.6647644042969
2022-06-07,392.3929443359375
2022-06-08,388.12677001953125
2022-06-09,378.8960266113281
2022-06-10,367.9096984863281
2022-06-13,353.9408264160156
2022-06-14,352.874267578125
2022-06-15,357.9049377441406
2022-06-16,346.05975341796875
2022-06-17,346.80572509765625
2022-06-21,355.5360412597656
2022-06-22,354.8914794921875
2022-06-23,358.37030029296875
2022-06-24,369.76434326171875
2022-06-27,368.35186767578125
2022-06-28,360.825439453125
2022-06-29,360.5316162109375
2022-06-30,357.6025085449219
2022-07-01,361.384765625
2022-07-05,362.06719970703125
2022-07-06,363.2900085449219
2022-07-07,368.7310791015625
2022-07-08,368.4278259277344
2022-07-11,364.21905517578125
2022-07-12,360.9961242675781
2022-07-13,359.10028076171875
2022-07-14,358.2281494140625
2022-07-15,365.0721740722656
2022-07-18,362.05780029296875
2022-07-19,371.8402404785156
2022-07-20,374.21014404296875
2022-07-21,378.020751953125
2022-07-22,374.51336669921875
2022-07-25,374.9684753417969
2022-07-26,370.53216552734375
2022-07-27,380.153564453125
2022-07-28,384.92156982421875
2022-07-29,390.5332336425781
2022-08-01,389.3768310546875
2022-08-02,386.8079528808594
2022-08-03,392.8652038574219
2022-08-04,392.59979248046875
2022-08-05,391.9361877441406
2022-08-08,391.48126220703125
2022-08-09,389.92657470703125
2022-08-10,398.1165771484375
2022-08-11,398.1165771484375
2022-08-12,404.8563232421875
2022-08-15,406.5246887207031
2022-08-16,407.3209533691406
2022-08-17,404.4297790527344
2022-08-18,405.60516357421875
2022-08-19,400.1546325683594
2022-08-22,391.8223876953125
2022-08-23,390.8745422363281
2022-08-24,392.1258239746094
2022-08-25,397.6616516113281
2022-08-26,384.20111083984375
2022-08-29,381.6607360839844
2022-08-30,377.470947265625
2022-08-31,374.5987243652344
2022-09-01,375.774169921875
2022-09-02,371.81182861328125
2022-09-06,370.40887451171875
2022-09-07,377.0633239746094
2022-09-08,379.5279235839844
2022-09-09,385.42401123046875
2022-09-12,389.5664367675781
2022-09-13,372.6271057128906
2022-09-14,374.0489501953125
2022-09-15,369.8022766113281
2022-09-16,366.9810485839844
2022-09-19,369.8269958496094
2022-09-20,365.5820007324219
2022-09-21,359.20477294921875
2022-09-22,356.1875
2022-09-23,350.2196960449219
2022-09-26,346.75506591796875
2022-09-27,345.8699035644531
2022-09-28,352.67535400390625
2022-09-29,345.30828857421875
2022-09-30,339.9686279296875
2022-10-03,348.9442443847656
2022-10-04,359.7568054199219
2022-10-05,358.9191589355469
2022-10-06,355.21673583984375
2022-10-07,345.30828857421875
2022-10-10,342.6717224121094
2022-10-11,340.5016174316406
2022-10-12,339.3784484863281
2022-10-13,348.3350524902344
2022-10-14,340.39697265625
2022-10-17,349.1441345214844
2022-10-18,353.24639892578125
2022-10-19,350.7431945800781
2022-10-20,347.8020324707031
2022-10-21,356.2542419433594
2022-10-24,360.61346435546875
2022-10-25,366.3719482421875
2022-10-26,363.6116638183594
2022-10-27,361.669921875
2022-10-28,370.27435302734375
2022-10-31,367.59979248046875
2022-11-01,365.9912109375
2022-11-02,356.80621337890625
2022-11-03,353.13226318359375
2022-11-04,358.2148742675781
2022-11-07,361.6414489746094
2022-11-08,363.5926208496094
2022-11-09,356.10186767578125
2022-11-10,375.67108154296875
2022-11-11,379.3070373535156
2022-11-14,376.08038330078125
2022-11-15,379.28802490234375
2022-11-16,376.3945007324219
2022-11-17,375.24285888671875
2022-11-18,376.94659423828125
2022-11-21,375.575927734375
2022-11-22,380.6300964355469
2022-11-23,383.0287170410156
2022-11-25,382.9429931640625
2022-11-28,376.8323974609375
2022-11-29,376.1851806640625
2022-11-30,388.03515625
2022-12-01,387.7496337890625
2022-12-02,387.30230712890625
2022-12-05,380.3350830078125
2022-12-06,374.8525695800781
2022-12-07,374.21490478515625
2022-12-08,377.1463623046875
2022-12-09,374.3290100097656
2022-12-12,379.7259216308594
2022-12-13,382.600341796875
2022-12-14,380.1542053222656
2022-12-15,370.85491943359375
2022-12-16,366.4765319824219
2022-12-19,363.3689880371094
2022-12-20,363.86627197265625
2022-12-21,369.306884765625
2022-12-22,364.0383605957031
2022-12-23,366.13238525390625
2022-12-27,364.6885681152344
2022-12-28,360.15625
2022-12-29,366.6391906738281
2022-12-30,365.6734313964844
2023-01-03,364.1340026855469
2023-01-04,366.9451599121094
2023-01-05,362.7570495605469
2023-01-06,371.07586669921875
2023-01-09,370.865478515625
2023-01-10,373.46630859375
2023-01-11,378.1897888183594
2023-01-12,379.5667724609375
2023-01-13,381.03924560546875
2023-01-17,380.3412780761719
2023-01-18,374.3364562988281
2023-01-19,371.611328125
2023-01-20,378.5340881347656
2023-01-23,383.07598876953125
2023-01-24,382.664794921875
2023-01-25,382.80828857421875
2023-01-26,387.0154724121094
2023-01-27,387.9046936035156
2023-01-30,383.0377197265625
2023-01-31,388.6695556640625
2023-02-01,392.80035400390625
2023-02-02,398.518310546875
2023-02-03,394.282470703125
2023-02-06,391.8728332519531
2023-02-07,396.9980773925781
2023-02-08,392.6568908691406
2023-02-09,389.2529602050781
2023-02-10,390.1612548828125
2023-02-13,394.7414855957031
2023-02-14,394.5597839355469
2023-02-15,395.8409729003906
2023-02-16,390.3907775878906
2023-02-17,389.4154968261719
2023-02-21,381.60345458984375
2023-02-22,381.0775146484375
2023-02-23,383.1046142578125
2023-02-24,379.0122375488281
2023-02-27,380.3030700683594
2023-02-28,378.8974609375
2023-03-01,377.4440612792969
2023-03-02,380.37945556640625
2023-03-03,386.47998046875
2023-03-06,386.74774169921875
2023-03-07,380.81939697265625
2023-03-08,381.44091796875
2023-03-09,374.4033508300781
2023-03-10,369.00091552734375
2023-03-13,368.4749755859375
2023-03-14,374.56591796875
2023-03-15,372.2232360839844
2023-03-16,378.7540588378906
2023-03-17,374.3253479003906
2023-03-20,377.92474365234375
2023-03-21,382.8871154785156
2023-03-22,376.36016845703125
2023-03-23,377.3775634765625
2023-03-24,379.8539733886719
2023-03-27,380.564208984375
2023-03-28,379.71002197265625
2023-03-29,385.22900390625
2023-03-30,387.4846496582031
2023-03-31,392.94610595703125
2023-04-03,394.4435119628906
2023-04-04,392.2550048828125
2023-04-05,391.22802734375
2023-04-06,392.754150390625
2023-04-10,393.15728759765625
2023-04-11,393.26287841796875
2023-04-12,391.659912109375
2023-04-13,396.86224365234375
2023-04-14,395.8927917480469
2023-04-17,397.3133850097656
2023-04-18,397.572509765625
2023-04-19,397.5053405761719
2023-04-20,395.3361511230469
2023-04-21,395.64324951171875
2023-04-24,396.05596923828125
2023-04-25,389.76904296875
2023-04-26,388.11810302734375
2023-04-27,395.8448181152344
2023-04-28,399.223388671875
2023-05-01,398.8202819824219
2023-05-02,394.337890625
2023-05-03,391.6311340332031
2023-05-04,388.8572082519531
2023-05-05,396.05596923828125
2023-05-08,396.1615295410156
2023-05-09,394.4242248535156
2023-05-10,396.26715087890625
2023-05-11,395.57611083984375
2023-05-12,395.0577697753906
2023-05-15,396.4207458496094
2023-05-16,393.7715759277344
2023-05-17,398.551513671875
2023-05-18,402.39093017578125
2023-05-19,401.8053894042969
2023-05-22,401.96856689453125
2023-05-23,397.45733642578125
2023-05-24,394.5777893066406
2023-05-25,397.994873046875
2023-05-26,403.149169921875
2023-05-30,403.30267333984375
2023-05-31,401.0662841796875
2023-06-01,404.8768310546875
2023-06-02,410.73175048828125
2023-06-05,409.9447937011719
2023-06-06,410.8374328613281
2023-06-07,409.4168701171875
2023-06-08,411.8932189941406
2023-06-09,412.63226318359375
2023-06-12,416.3756103515625
2023-06-13,419.12078857421875
2023-06-14,419.6199035644531
2023-06-15,424.82220458984375
2023-06-16,423.3751220703125
2023-06-20,421.1785888671875
2023-06-21,419.0205383300781
2023-06-22,420.53314208984375
2023-06-23,417.3538513183594
2023-06-26,415.64874267578125
2023-06-27,420.2055358886719
2023-06-28,420.41754150390625
2023-06-29,422.0745544433594
2023-06-30,427.0552978515625
2023-07-03,427.54656982421875
2023-07-05,426.91082763671875
2023-07-06,423.5678405761719
2023-07-07,422.49847412109375
2023-07-10,423.5678405761719
2023-07-11,426.26531982421875
2023-07-12,429.6950378417969
2023-07-13,433.10546875
2023-07-14,432.8357238769531
2023-07-17,434.3386535644531
2023-07-18,437.56597900390625
2023-07-19,438.5390930175781
2023-07-20,435.629638671875
2023-07-21,435.629638671875
2023-07-24,437.57562255859375
2023-07-25,438.7702941894531
2023-07-26,438.83770751953125
2023-07-27,435.9282531738281
2023-07-28,440.19610595703125
2023-07-31,441.0342712402344
2023-08-01,439.772216796875
2023-08-02,433.6546630859375
2023-08-03,432.4118347167969
2023-08-04,430.45611572265625
2023-08-07,434.21337890625
2023-08-08,432.3251037597656
2023-08-09,429.43487548828125
2023-08-10,429.5890197753906
2023-08-11,429.3385925292969
2023-08-14,431.7085266113281
2023-08-15,426.6796569824219
2023-08-16,423.5485534667969
2023-08-17,420.32122802734375
2023-08-18,420.52349853515625
2023-08-21,423.2594909667969
2023-08-22,422.11309814453125
2023-08-23,426.8144836425781
2023-08-24,420.8992004394531
2023-08-25,423.8665466308594
2023-08-28,426.55438232421875
2023-08-29,432.7201232910156
2023-08-30,434.50238037109375
2023-08-31,433.8665466308594
2023-09-01,434.67584228515625
2023-09-05,432.79718017578125
2023-09-06,429.8877258300781
2023-09-07,428.5678405761719
2023-09-08,429.21337890625
2023-09-11,432.0361022949219
2023-09-12,429.6661376953125
2023-09-13,430.16717529296875
2023-09-14,433.8761901855469
2023-09-15,428.648681640625
2023-09-18,428.9001159667969
2023-09-19,428.0105895996094
2023-09-20,424.0757751464844
2023-09-21,417.06646728515625
2023-09-22,416.12872314453125
2023-09-25,417.87860107421875
2023-09-26,411.7394104003906
2023-09-27,411.90380859375
2023-09-28,414.2917785644531
2023-09-29,413.28631591796875
2023-10-02,413.1219177246094
2023-10-03,407.5918884277344
2023-10-04,410.5599365234375
2023-10-05,410.4053039550781
2023-10-06,415.27789306640625
2023-10-09,417.9366455078125
2023-10-10,420.11187744140625
2023-10-11,421.83282470703125
2023-10-12,419.2610778808594
2023-10-13,417.17291259765625
2023-10-16,421.5621032714844
2023-10-17,421.54278564453125
2023-10-18,415.9256286621094
2023-10-19,412.2711181640625
2023-10-20,407.2052001953125
2023-10-23,406.4993591308594
2023-10-24,409.5640869140625
2023-10-25,403.6860046386719
2023-10-26,398.85198974609375
2023-10-27,397.04412841796875
2023-10-30,401.7911071777344
2023-10-31,404.314453125
2023-11-01,408.6263427734375
2023-11-02,416.45745849609375
2023-11-03,420.2569274902344
2023-11-06,421.2237548828125
2023-11-07,422.4225158691406
2023-11-08,422.73193359375
2023-11-09,419.4352111816406
2023-11-10,425.9803161621094
2023-11-13,425.5743408203125
2023-11-14,433.830810546875
2023-11-15,434.7491760253906
2023-11-16,435.2809143066406
2023-11-17,435.8222961425781
2023-11-20,439.1771545410156
2023-11-21,438.219970703125
2023-11-22,439.911865234375
2023-11-24,440.18255615234375
2023-11-27,439.38983154296875
2023-11-28,439.8248291015625
2023-11-29,439.5155029296875
2023-11-30,441.2460632324219
2023-12-01,443.8564453125
2023-12-04,441.5264587402344
2023-12-05,441.4394226074219
2023-12-06,439.6605224609375
2023-12-07,443.01531982421875
2023-12-08,444.9198913574219
2023-12-11,446.6504211425781
2023-12-12,448.6903991699219
2023-12-13,454.8778991699219
2023-12-14,456.33782958984375
2023-12-15,455.58642578125
2023-12-18,458.1491394042969
2023-12-19,460.9350891113281
2023-12-20,454.5478210449219
2023-12-21,458.8577880859375
2023-12-22,459.7799072265625
2023-12-26,461.72137451171875
2023-12-27,462.55615234375
2023-12-28,462.73089599609375
2023-12-29,461.39129638671875
2024-01-02,458.8092041015625
2024-01-03,455.062255859375
2024-01-04,453.596435546875
2024-01-05,454.2177734375
2024-01-08,460.70208740234375
2024-01-09,460.003173828125
2024-01-10,462.6047058105469
2024-01-11,462.40087890625
2024-01-12,462.72119140625
2024-01-16,461.0224609375
2024-01-17,458.4598083496094
2024-01-18,462.5367431640625
2024-01-19,468.3028564453125
2024-01-22,469.29290771484375
2024-01-23,470.66168212890625
2024-01-24,471.1761779785156
2024-01-25,473.7388610839844
2024-01-26,473.13702392578125
2024-01-29,476.8839111328125
2024-01-30,476.51507568359375
2024-01-31,468.7396545410156
2024-02-01,474.8745422363281
2024-02-02,479.8738098144531
2024-02-05,478.1264343261719
2024-02-06,479.51458740234375
2024-02-07,483.5139465332031
2024-02-08,483.7274475097656
2024-02-09,486.5232238769531
2024-02-12,486.3096008300781
2024-02-13,479.6116638183594
2024-02-14,483.9701843261719
2024-02-15,487.3094787597656
2024-02-16,484.8827209472656
2024-02-20,482.2131652832031
2024-02-21,482.6500244140625
2024-02-22,492.63873291015625
2024-02-23,492.97845458984375
2024-02-26,491.17291259765625
2024-02-27,492.0854187011719
2024-02-28,491.43499755859375
2024-02-29,493.20172119140625
2024-03-01,497.83197021484375
2024-03-04,497.2981262207031
2024-03-05,492.32806396484375
2024-03-06,494.8227844238281
2024-03-07,499.7346496582031
2024-03-08,496.7351379394531
2024-03-11,496.3079833984375
2024-03-12,501.64697265625
2024-03-13,500.860595703125
2024-03-14,499.8705139160156
2024-03-15,496.4381408691406
2024-03-18,499.3885192871094
2024-03-19,502.1636962890625
2024-03-20,506.808349609375
2024-03-21,508.4832458496094
2024-03-22,507.519287109375
2024-03-25,506.11700439453125
2024-03-26,505.18231201171875
2024-03-27,509.4277038574219
2024-03-28,509.33038330078125
2024-04-01,508.44427490234375
2024-04-02,505.21148681640625
2024-04-03,505.76641845703125
2024-04-04,499.5930480957031
2024-04-05,504.8122863769531
2024-04-08,505.0946350097656
2024-04-09,505.6788330078125
2024-04-10,500.6154479980469
2024-04-11,504.3935241699219
2024-04-12,497.431396484375
2024-04-15,491.199462890625
2024-04-16,490.3036193847656
2024-04-17,487.40185546875
2024-04-18,486.39892578125
2024-04-19,482.15350341796875
2024-04-22,486.5937194824219
2024-04-23,492.367919921875
2024-04-24,492.13421630859375
2024-04-25,490.2646789550781
2024-04-26,494.9093933105469
2024-04-29,496.6620788574219
2024-04-30,488.7944030761719
2024-05-01,487.2071838378906
2024-05-02,491.76422119140625
2024-05-03,497.8597717285156
2024-05-06,503.0011291503906
2024-05-07,503.55615234375
2024-05-08,503.6048278808594
2024-05-09,506.5065002441406
2024-05-10,507.15887451171875
2024-05-13,507.22705078125
2024-05-14,509.5542297363281
2024-05-15,515.8640747070312
2024-05-16,514.802734375
2024-05-17,515.5428466796875
2024-05-20,516.1367797851562
2024-05-21,517.4025268554688
2024-05-22,515.912841796875
2024-05-23,512.1444702148438
2024-05-24,515.532958984375
2024-05-28,515.893310546875
2024-05-29,512.2807006835938
2024-05-30,508.8824462890625
2024-05-31,513.5172729492188
2024-06-03,513.9360961914062
2024-06-04,514.5106201171875
2024-06-05,520.6256103515625
2024-06-06,520.6159057617188
2024-06-07,519.9830322265625
2024-06-10,521.589599609375
2024-06-11,522.8457641601562
2024-06-12,527.139892578125
2024-06-13,528.201416015625
2024-06-14,528.522705078125
2024-06-17,532.729248046875
2024-06-18,534.0825805664062
2024-06-20,532.6317749023438
2024-06-21,531.9176635742188
2024-06-24,530.1885986328125
2024-06-25,532.230224609375
2024-06-26,532.8946533203125
2024-06-27,533.7346801757812
2024-06-28,531.6343383789062
2024-07-01,532.7286376953125
2024-07-02,536.3135986328125
2024-07-03,538.70703125
2024-07-05,541.8134155273438
2024-07-08,542.4385986328125
2024-07-09,542.9661865234375
2024-07-10,548.3388671875
2024-07-11,543.61083984375
2024-07-12,547.0396728515625
2024-07-15,548.5440673828125
2024-07-16,551.7970581054688
2024-07-17,544.0601196289062
2024-07-18,539.8792114257812
2024-07-19,536.2940673828125
2024-07-22,541.8231811523438
2024-07-23,540.973388671875
2024-07-24,528.7135620117188
2024-07-25,525.958740234375
2024-07-26,531.849365234375
2024-07-29,532.161865234375
2024-07-30,529.4656982421875
2024-07-31,538.0719604492188
2024-08-01,530.4523315429688
2024-08-02,520.576171875
2024-08-05,505.41510009765625
2024-08-06,510.0747375488281
2024-08-07,506.66546630859375
2024-08-08,518.3782348632812
2024-08-09,520.6641235351562
2024-08-12,520.9376220703125
2024-08-13,529.5048217773438
2024-08-14,531.17529296875
2024-08-15,540.2797241210938
2024-08-16,541.4911499023438
2024-08-19,546.6683959960938
2024-08-20,545.779541015625
2024-08-21,547.6552124023438
2024-08-22,543.3568115234375
2024-08-23,549.1302490234375
2024-08-26,547.821044921875
2024-08-27,548.5734252929688
2024-08-28,545.3887329101562
2024-08-29,545.4375610351562
2024-08-30,550.6444091796875
2024-09-03,539.3126831054688
2024-09-04,538.2088623046875
2024-09-05,536.899658203125
2024-09-06,527.8637084960938
2024-09-09,533.773681640625
2024-09-10,536.0987548828125
2024-09-11,541.5986328125
2024-09-12,546.1605834960938
2024-09-13,549.0131225585938
2024-09-16,549.8237915039062
2024-09-17,550.0484008789062
2024-09-18,548.4171142578125
2024-09-19,557.7755737304688
2024-09-20,556.8113403320312
2024-09-23,558.2028198242188
2024-09-24,559.7999267578125
2024-09-25,558.5653686523438
2024-09-26,560.77978515625
2024-09-27,559.9664916992188
2024-09-30,562.21044921875
2024-10-01,557.1739501953125
2024-10-02,557.4091186523438
2024-10-03,556.3899536132812
2024-10-04,561.4461669921875
2024-10-07,556.370361328125
2024-10-08,561.6323852539062
2024-10-09,565.5223999023438
2024-10-10,564.53271484375
2024-10-11,567.9132080078125
2024-10-14,572.5579223632812
2024-10-15,568.1092529296875
2024-10-16,570.5784912109375
2024-10-17,570.6275634765625
2024-10-18,572.8224487304688
2024-10-21,571.8817138671875
2024-10-22,571.5779418945312
2024-10-23,566.3552856445312
2024-10-24,567.5802001953125
2024-10-25,567.3841552734375
2024-10-28,569.1381225585938
2024-10-29,570.0592041015625
2024-10-30,568.3345947265625
2024-10-31,557.193603515625
2024-11-01,559.545166015625
2024-11-04,558.3399047851562
2024-11-05,565.0913696289062
2024-11-06,579.1426391601562
2024-11-07,583.6205444335938
2024-11-08,586.148681640625
2024-11-11,586.7072143554688
2024-11-12,584.8846435546875
2024-11-13,585.1687622070312
2024-11-14,581.4060668945312
2024-11-15,573.9591064453125
2024-11-18,576.3107299804688
2024-11-19,578.4175415039062
2024-11-20,578.613525390625
2024-11-21,581.7196044921875
2024-11-22,583.5226440429688
2024-11-25,585.5020751953125
2024-11-26,588.5591430664062
2024-11-27,586.7758178710938
2024-11-29,590.4208984375
2024-12-02,591.479248046875
2024-12-03,591.7534790039062
2024-12-04,595.427978515625
2024-12-05,594.4481201171875
2024-12-06,595.5750122070312
2024-12-09,592.508056640625
2024-12-10,590.6658325195312
2024-12-11,595.2321166992188
2024-12-12,592.1650390625
2024-12-13,592.0474243164062
2024-12-16,594.5755615234375
2024-12-17,592.1257934570312
2024-12-18,574.4783935546875
2024-12-19,574.302001953125
2024-12-20,581.199951171875
2024-12-23,584.680419921875
2024-12-24,591.1790771484375
2024-12-26,591.2184448242188
2024-12-27,584.9949951171875
2024-12-30,578.3192749023438
2024-12-31,576.21533203125
2025-01-02,574.7994995117188
2025-01-03,581.9865112304688
2025-01-06,585.3390502929688
2025-01-07,578.7223510742188
2025-01-08,579.5678100585938
2025-01-10,570.7193603515625
2025-01-13,571.604248046875
2025-01-14,572.3906860351562
2025-01-15,582.802490234375
2025-01-16,581.6817626953125
2025-01-17,587.521728515625
2025-01-21,592.899658203125
2025-01-22,596.232666015625
2025-01-23,599.4868774414062
2025-01-24,597.73681640625
2025-01-27,589.281494140625
2025-01-28,594.3448486328125
2025-01-29,591.6805419921875
2025-01-30,594.8561401367188
2025-01-31,591.6902465820312
2025-02-03,587.7085571289062
2025-02-04,591.6510009765625
2025-02-05,594.0499267578125
2025-02-06,596.1146240234375
2025-02-07,590.6580200195312
2025-02-10,594.6693115234375
2025-02-11,595.12158203125
2025-02-12,593.2044067382812
2025-02-13,599.4672241210938
2025-02-14,599.4376831054688
2025-02-18,601.1975708007812
2025-02-19,602.6133422851562
2025-02-20,600.1063232421875
2025-02-21,589.8419799804688
2025-02-24,587.157958984375
2025-02-25,584.2379150390625
2025-02-26,584.5328369140625
2025-02-27,575.2025756835938
2025-02-28,584.1788940429688
2025-03-03,573.9441528320312
2025-03-04,567.1504516601562
2025-03-05,573.24609375
2025-03-06,563.0703735351562
2025-03-07,566.2262573242188
2025-03-10,551.1444702148438
2025-03-11,546.5628662109375
2025-03-12,549.4632568359375
2025-03-13,542.138671875
2025-03-14,553.3369140625
2025-03-17,557.60400390625
2025-03-18,551.5770874023438
2025-03-19,557.5842895507812
2025-03-20,555.9718627929688
2025-03-21,556.1552734375
2025-03-24,566.115234375
2025-03-25,567.47607421875
2025-03-26,560.7013549804688
2025-03-27,559.2122802734375
2025-03-28,547.9506225585938
2025-03-31,551.62890625
2025-04-01,553.18701171875
2025-04-02,556.6878051757812
2025-04-03,529.2537231445312
2025-04-04,498.2696838378906
2025-04-07,497.3821716308594
2025-04-08,489.591796875
2025-04-09,541.0083618164062
2025-04-10,517.3019409179688
2025-04-11,526.5321044921875
2025-04-14,531.6402587890625
2025-04-15,530.151123046875
2025-04-16,518.3668823242188
2025-04-17,519.1064453125
2025-04-21,506.7503356933594
2025-04-22,519.934814453125
2025-04-23,527.9915161132812
2025-04-24,539.1051635742188
2025-04-25,543.0004272460938
2025-04-28,543.20751953125
2025-04-29,546.6292724609375
2025-04-30,546.84619140625
2025-05-01,550.7216796875
2025-05-02,558.8966674804688
2025-05-05,555.6917724609375
2025-05-06,551.047119140625
2025-05-07,553.364501953125
2025-05-08,557.2202758789062
2025-05-09,556.5103149414062
2025-05-12,574.9014892578125
2025-05-13,578.6981811523438
2025-05-14,579.437744140625
2025-05-15,582.2679443359375
2025-05-16,585.9559936523438
2025-05-19,586.596923828125
2025-05-20,584.6246948242188
2025-05-21,574.7732543945312
2025-05-22,575.0001831054688
2025-05-23,571.0753173828125
2025-05-27,582.9483642578125
2025-05-28,579.5757446289062
2025-05-29,581.8635864257812
2025-05-30,581.2127075195312
2025-06-02,584.4866333007812
2025-06-03,587.8197631835938
2025-06-04,587.6619262695312
2025-06-05,584.8218994140625
2025-06-06,590.8274536132812
2025-06-09,591.35986328125
2025-06-10,594.7128295898438
2025-06-11,593.0166015625
2025-06-12,595.3734741210938
2025-06-13,588.7171020507812
2025-06-16,594.318359375
2025-06-17,589.2398071289062
2025-06-18,589.1510009765625
2025-06-20,587.7673950195312
2025-06-23,593.572998046875
2025-06-24,600.13037109375
2025-06-25,600.4666748046875
2025-06-26,605.1646118164062
2025-06-27,608.1712646484375
2025-06-30,611.0790405273438
2025-07-01,610.8812866210938
2025-07-02,613.650634765625
2025-07-03,618.4869995117188
2025-07-07,613.8780517578125
2025-07-08,613.5418090820312
2025-07-09,617.2210083007812
2025-07-10,618.9617919921875
2025-07-11,616.7858276367188
2025-07-14,617.9627685546875
2025-07-15,615.3220825195312
2025-07-16,617.3792724609375
2025-07-17,621.1574096679688
2025-07-18,620.7024536132812
2025-07-21,621.87939453125
2025-07-22,621.9684448242188
2025-07-23,627.259765625
2025-07-24,627.4674682617188
2025-07-25,630.1181030273438
2025-07-28,629.9598999023438
2025-07-29,628.2982788085938
2025-07-30,627.5070190429688
2025-07-31,625.153076171875
2025-08-01,614.9065551757812
2025-08-04,624.2530517578125
2025-08-05,621.088134765625
2025-08-06,625.8455200195312
2025-08-07,625.3212890625
2025-08-08,630.1972045898438
2025-08-11,628.9509887695312
2025-08-12,635.6467895507812
2025-08-13,637.82275390625
2025-08-14,637.882080078125
2025-08-15,636.388671875
2025-08-18,636.2501831054688
2025-08-19,632.7984008789062
2025-08-20,631.1170654296875
2025-08-21,628.5850830078125
2025-08-22,638.2380981445312
2025-08-25,635.4292602539062
2025-08-26,638.0897216796875
2025-08-27,639.543701171875
2025-08-28,641.80859375
2025-08-29,637.98095703125
2025-09-02,633.2533569335938
2025-09-03,636.685302734375
2025-09-04,642.0064086914062
2025-09-05,640.1469116210938
2025-09-08,641.7196044921875
2025-09-09,643.2031860351562
2025-09-10,645.0625
2025-09-11,650.423095703125
2025-09-12,650.20556640625
2025-09-15,653.6671142578125
2025-09-16,652.76708984375
2025-09-17,651.9561157226562
2025-09-18,655.0023803710938
2025-09-19,658.2465209960938
2025-09-22,661.3607177734375
2025-09-23,657.7605590820312
2025-09-24,655.6678466796875
2025-09-25,652.6429443359375
2025-09-26,656.3818969726562
2025-09-29,658.2266845703125
2025-09-30,660.7060546875
2025-10-01,662.9574584960938
2025-10-02,663.7210693359375
2025-10-03,663.7113037109375
2025-10-06,666.0914916992188
2025-10-07,663.6220092773438
2025-10-08,667.5791625976562
2025-10-09,665.6452026367188
2025-10-10,647.6542358398438
2025-10-13,657.5919189453125
2025-10-14,656.78857421875
2025-10-15,659.7044067382812
2025-10-16,655.211669921875
2025-10-17,658.9308471679688
2025-10-20,665.7840576171875
2025-10-21,665.7741088867188
2025-10-22,662.312744140625
2025-10-23,666.2402954101562
2025-10-24,671.6851806640625
2025-10-27,679.6094970703125
2025-10-28,681.41455078125
2025-10-29,681.7418212890625
2025-10-30,674.2440185546875
2025-10-31,676.4556884765625
2025-11-03,677.7251586914062
2025-11-04,669.691650390625
2025-11-05,672.012451171875
2025-11-06,664.80224609375
2025-11-07,665.4567260742188
2025-11-10,675.8406982421875
2025-11-11,677.387939453125
2025-11-12,677.7647705078125
2025-11-13,666.5180053710938
2025-11-14,666.4088134765625
2025-11-17,660.2003173828125
2025-11-18,654.65625
2025-11-19,657.185302734375
2025-11-20,647.1683349609375
2025-11-21,653.6148681640625
2025-11-24,663.2351684570312
2025-11-25,669.4735107421875
2025-11-26,674.09521484375
2025-11-28,677.7747192382812
2025-12-01,674.6803588867188
2025-12-02,675.9299926757812
2025-12-03,678.2706298828125
2025-12-04,678.7665405273438
2025-12-05,680.0557861328125
2025-12-08,678.0127563476562
2025-12-09,677.4276123046875
2025-12-10,681.9203491210938
2025-12-11,683.5072021484375
2025-12-12,676.1581420898438
2025-12-15,675.1365966796875
2025-12-16,673.2918701171875
2025-12-17,665.8832397460938
2025-12-18,670.9114990234375
2025-12-19,676.9923095703125
2025-12-22,681.2098388671875
2025-12-23,684.3233032226562
2025-12-24,686.7305297851562
2025-12-26,686.660888671875
2025-12-29,684.2138671875
2025-12-30,683.3782958984375
2025-12-31,678.3152465820312
2026-01-02,679.55859375
2026-01-05,684.0845947265625
2026-01-06,688.1529541015625
2026-01-07,685.9347534179688
2026-01-08,685.8651123046875
2026-01-09,690.4010009765625
2026-01-12,691.4852294921875
2026-01-13,690.1026000976562
2026-01-14,686.7105712890625
2026-01-15,688.5806884765625
2026-01-16,688.0037231445312
2026-01-20,673.9981689453125
2026-01-21,681.77685546875
2026-01-22,685.3379516601562
2026-01-23,685.5865478515625
2026-01-26,689.068115234375
2026-01-27,691.8134765625
2026-01-28,691.7438354492188
2026-01-29,690.3711547851562
2026-01-30,688.3121337890625
2026-02-02,691.73388671875
2026-02-03,685.885009765625
2026-02-04,682.5626831054688
2026-02-05,674.0379638671875
2026-02-06,686.96923828125
2026-02-09,690.2816162109375
2026-02-10,688.4613037109375
2026-02-11,688.3021850585938
2026-02-12,677.668701171875
2026-02-13,678.1461181640625
2026-02-17,679.2402954101562
2026-02-18,682.662109375
2026-02-19,680.8616943359375
2026-02-20,685.7855834960938
2026-02-23,678.7827758789062
2026-02-24,683.7164916992188
2026-02-25,689.4859008789062
2026-02-26,685.6561889648438
2026-02-27,682.3637084960938
2026-03-02,682.7516479492188
2026-03-03,676.7337036132812
2026-03-04,681.50830078125
2026-03-05,677.7084350585938
2026-03-06,668.8256225585938
2026-03-09,674.6845092773438
2026-03-10,673.6002807617188
2026-03-11,672.7548217773438
2026-03-12,662.5390625
2026-03-13,658.7890014648438
2026-03-16,665.493408203125
2026-03-17,667.2440185546875
2026-03-18,657.9335327148438
2026-03-19,656.3121337890625
2026-03-20,646.9034423828125
2026-03-23,653.6959228515625
2026-03-24,651.5015869140625
2026-03-25,655.1322021484375
2026-03-26,643.432373046875
2026-03-27,632.4606323242188
2026-03-30,630.3460693359375
2026-03-31,648.6688842773438
2026-04-01,653.5562744140625
2026-04-02,654.144775390625
2026-04-06,657.23681640625
2026-04-07,657.5260009765625
2026-04-08,674.27294921875
2026-04-09,678.162841796875
2026-04-10,677.7140502929688
2026-04-13,684.3369750976562
2026-04-14,692.675537109375
2026-04-15,698.1414184570312
2026-04-16,699.8569946289062
2026-04-17,708.3152465820312
2026-04-20,706.8988037109375
2026-04-21,702.2708129882812
2026-04-22,709.3825073242188
2026-04-23,706.6295776367188
2026-04-24,712.10546875
2026-04-27,713.332275390625
2026-04-28,709.8612060546875
2026-04-29,709.7515258789062
2026-04-30,716.8132934570312
2026-05-01,718.7982177734375
2026-05-04,716.1649780273438
2026-05-05,721.9102172851562
2026-05-06,731.9443359375
2026-05-07,729.7001342773438
2026-05-08,735.724609375
2026-05-11,737.4002685546875
2026-05-12,736.2831420898438
2026-05-13,740.4025268554688
2026-05-14,746.2474975585938
2026-05-15,737.2706298828125
2026-05-18,736.751953125
2026-05-19,731.8446044921875
2026-05-20,739.3452758789062
2026-05-21,740.8114624023438
2026-05-22,743.7239990234375
2026-05-26,748.6613159179688
2026-05-27,748.5316162109375
2026-05-28,752.6609497070312
2026-05-29,754.5361328125
2026-06-01,756.5908203125
2026-06-02,757.6182250976562
2026-06-03,752.3018798828125
2026-06-04,755.1445922851562
2026-06-05,735.65478515625
2026-06-08,737.3204345703125
2026-06-09,735.1560668945312
2026-06-10,723.56591796875
2026-06-11,735.8642578125
2026-06-12,739.843994140625
2026-06-15,752.890380859375
2026-06-16,748.4019775390625
2026-06-17,739.0560302734375
2026-06-18,746.739990234375
2026-06-22,744.3900146484375
2026-06-23,733.5800170898438
2026-06-24,733.239990234375
2026-06-25,734.2999877929688
2026-06-26,728.989990234375
2026-06-29,741.0
2026-06-30,746.77001953125
2026-07-01,745.760009765625
2026-07-02,744.780029296875
2026-07-06,751.280029296875
2026-07-07,747.7100219726562
2026-07-08,745.4000244140625
2026-07-09,751.7100219726562
2026-07-10,754.9500122070312
2026-07-13,749.1699829101562
2026-07-14,751.8300170898438
2026-07-15,754.8099975585938
2026-07-16,750.719970703125
2026-07-17,743.2899780273438
2026-07-20,742.0900268554688
2026-07-21,748.280029296875
2026-07-22,747.4099731445312
2026-07-23,738.1799926757812
2026-07-24,738.9299926757812
2026-07-27,739.0900268554688
2026-07-28,740.8599853515625
2026-07-29,729.4600219726562
2026-07-30,741.6900024414062
2026-07-31,747.030029296875
2026-08-03,757.6699829101562
2026-08-04,771.3300170898438
2026-08-05,769.7899780273438
2026-08-06,768.5599975585938
2026-08-07,773.260009765625
2026-08-10,773.030029296875
2026-08-11,770.5599975585938
2026-08-12,772.489990234375
2026-08-13,777.8800048828125
2026-08-14,776.3400268554688
2026-08-17,772.6699829101562
2026-08-18,767.4500122070312
2026-08-19,769.0599975585938
2026-08-20,762.5999755859375
2026-08-21,765.719970703125
2026-08-24,763.469970703125
2026-08-25,765.9099731445312
2026-08-26,766.0800170898438
2026-08-27,771.0999755859375
2026-08-28,769.3499755859375
2026-08-31,767.0499877929688
2026-09-01,761.780029296875
2026-09-02,765.1599731445312
2026-09-03,773.1699829101562
2026-09-04,770.1900024414062
2026-09-08,765.9600219726562