2010-02-11,0.205581933259964
2010-02-12,0.20642320811748505
2010-02-16,0.21441924571990967
2010-02-17,0.21805799007415771
2010-02-18,0.2221919149160385
2010-02-19,0.2221919149160385
2010-02-22,0.22063207626342773
2010-02-23,0.21201813220977783
2010-02-24,0.21842961013317108
2010-02-25,0.21830511093139648
2010-02-26,0.22102846205234528
2010-03-01,0.23050931096076965
2010-03-02,0.23189517855644226
2010-03-03,0.23318316042423248
2010-03-04,0.2357572466135025
2010-03-05,0.24617822468280792
2010-03-08,0.24749089777469635
2010-03-09,0.2518720030784607
2010-03-10,0.25803542137145996
2010-03-11,0.26041173934936523
2010-03-12,0.2610059380531311
2010-03-15,0.259248286485672
2010-03-16,0.2641502916812897
2010-03-17,0.2659819424152374
2010-03-18,0.2686797082424164
2010-03-19,0.2639269232749939
2010-03-22,0.27105608582496643
2010-03-23,0.2767251431941986
2010-03-24,0.2727889120578766
2010-03-25,0.27108079195022583
2010-03-26,0.272492378950119
2010-03-29,0.27622997760772705
2010-03-30,0.27912622690200806
2010-03-31,0.2753639817237854
2010-04-01,0.27481940388679504
2010-04-05,0.2827650308609009
2010-04-06,0.2849189043045044
2010-04-07,0.283309668302536
2010-04-08,0.2843248248100281
2010-04-09,0.2894483208656311
2010-04-12,0.2906118333339691
2010-04-13,0.2949938178062439
2010-04-14,0.3053900897502899
2010-04-15,0.3094746172428131
2010-04-16,0.29845869541168213
2010-04-19,0.2979891002178192
2010-04-20,0.302394837141037
2010-04-21,0.30771705508232117
2010-04-22,0.31227216124534607
2010-04-23,0.3164060413837433
2010-04-26,0.3140544295310974
2010-04-27,0.2946716547012329
2010-04-28,0.295364648103714
2010-04-29,0.3104403614997864
2010-04-30,0.2921469807624817
2010-05-03,0.30407828092575073
2010-05-04,0.27719566226005554
2010-05-05,0.2726406753063202
2010-05-06,0.24593108892440796
2010-05-07,0.22803400456905365
2010-05-10,0.2620457708835602
2010-05-11,0.261872798204422
2010-05-12,0.2759827971458435
2010-05-13,0.26350677013397217
2010-05-14,0.24729223549365997
2010-05-17,0.2506343722343445
2010-05-18,0.2410547286272049
2010-05-19,0.23469263315200806
2010-05-20,0.2109535187482834
2010-05-21,0.21258753538131714
2010-05-24,0.2143450528383255
2010-05-25,0.2128346860408783
2010-05-26,0.2062501460313797
2010-05-27,0.22857868671417236
2010-05-28,0.22538484632968903
2010-06-01,0.21914729475975037
2010-06-02,0.23456907272338867
2010-06-03,0.24065832793712616
2010-06-04,0.2168944925069809
2010-06-07,0.20431958138942719
2010-06-08,0.20318087935447693
2010-06-09,0.1986999213695526
2010-06-10,0.21518637239933014
2010-06-11,0.22080598771572113
2010-06-14,0.2209296077489853
2010-06-15,0.2370690256357193
2010-06-16,0.24184653162956238
2010-06-17,0.24427230656147003
2010-06-18,0.2449406087398529
2010-06-21,0.23850439488887787
2010-06-22,0.23286092281341553
2010-06-23,0.229742169380188
2010-06-24,0.21860261261463165
2010-06-25,0.21845434606075287
2010-06-28,0.21649807691574097
2010-06-29,0.19233882427215576
2010-06-30,0.18283328413963318
2010-07-01,0.18105098605155945
2010-07-02,0.18006053566932678
2010-07-06,0.18100155889987946
2010-07-07,0.1981058567762375
2010-07-08,0.201447993516922
2010-07-09,0.20709240436553955
2010-07-12,0.209444060921669
2010-07-13,0.21659792959690094
2010-07-14,0.22006270289421082
2010-07-15,0.22083072364330292
2010-07-16,0.20305730402469635
2010-07-19,0.20763707160949707
2010-07-20,0.2141968309879303
2010-07-21,0.20669598877429962
2010-07-22,0.22063207626342773
2010-07-23,0.22637535631656647
2010-07-26,0.23135048151016235
2010-07-27,0.23130102455615997
2010-07-28,0.22657305002212524
2010-07-29,0.22117672860622406
2010-07-30,0.22268716990947723
2010-08-02,0.23466794192790985
2010-08-03,0.2322421371936798
2010-08-04,0.23895017802715302
2010-08-05,0.23753955960273743
2010-08-06,0.23642553389072418
2010-08-09,0.24055950343608856
2010-08-10,0.23545973002910614
2010-08-11,0.216077983379364
2010-08-12,0.20998772978782654
2010-08-13,0.20580439269542694
2010-08-16,0.20696787536144257
2010-08-17,0.2148403525352478
2010-08-18,0.2167709320783615
2010-08-19,0.2087995707988739
2010-08-20,0.2080819308757782
2010-08-23,0.20233960449695587
2010-08-24,0.1907295435667038
2010-08-25,0.19644811749458313
2010-08-26,0.1900365799665451
2010-08-27,0.19632354378700256
2010-08-30,0.1899624615907669
2010-08-31,0.18902140855789185
2010-09-01,0.2048642933368683
2010-09-02,0.21189460158348083
2010-09-03,0.22268716990947723
2010-09-07,0.21726615726947784
2010-09-08,0.2249399721622467
2010-09-09,0.22778597474098206
2010-09-10,0.23023740947246552
2010-09-13,0.2403864562511444
2010-09-14,0.24343110620975494
2010-09-15,0.24756507575511932
2010-09-16,0.2510554790496826
2010-09-17,0.25372838973999023
2010-09-20,0.26694679260253906
2010-09-21,0.2661055624485016
2010-09-22,0.26484328508377075
2010-09-23,0.2640503942966461
2010-09-24,0.27900275588035583
2010-09-27,0.27580881118774414
2010-09-28,0.2765018343925476
2010-09-29,0.27427464723587036
2010-09-30,0.2705608308315277
2010-10-01,0.26971960067749023
2010-10-04,0.26036229729652405
2010-10-05,0.27974510192871094
2010-10-06,0.272615909576416
2010-10-07,0.2752889394760132
2010-10-08,0.280834436416626
2010-10-11,0.2814038395881653
2010-10-12,0.28724586963653564
2010-10-13,0.2942257821559906
2010-10-14,0.29259276390075684
2010-10-15,0.31125688552856445
2010-10-18,0.31125688552856445
2010-10-19,0.2988797128200531
2010-10-20,0.3050934970378876
2010-10-21,0.30722180008888245
2010-10-22,0.313212126493454
2010-10-25,0.31796500086784363
2010-10-26,0.3198709189891815
2010-10-27,0.3231634199619293
2010-10-28,0.3250200152397156
2010-10-29,0.32346007227897644
2010-11-01,0.3242035210132599
2010-11-02,0.33403024077415466
2010-11-03,0.3388572037220001
2010-11-04,0.3508635461330414
2010-11-05,0.3512837588787079
2010-11-08,0.35217535495758057
2010-11-09,0.3464816212654114
2010-11-10,0.3517789840698242
2010-11-11,0.3458627760410309
2010-11-12,0.3282632827758789
2010-11-15,0.324748158454895
2010-11-16,0.30863332748413086
2010-11-17,0.3115534484386444
2010-11-18,0.3260350823402405
2010-11-19,0.3268023133277893
2010-11-22,0.33541712164878845
2010-11-23,0.3195742964744568
2010-11-24,0.3382384181022644
2010-11-26,0.33611005544662476
2010-11-29,0.33143141865730286
2010-11-30,0.3188318908214569
2010-12-01,0.33910536766052246
2010-12-02,0.34940263628959656
2010-12-03,0.3523237407207489
2010-12-06,0.3517048954963684
2010-12-07,0.35202711820602417
2010-12-08,0.3569033741950989
2010-12-09,0.3572741448879242
2010-12-10,0.36477503180503845
2010-12-13,0.3604927361011505
2010-12-14,0.36200210452079773
2010-12-15,0.35831403732299805
2010-12-16,0.36579012870788574
2010-12-17,0.3669041693210602
2010-12-20,0.3678937256336212
2010-12-21,0.3739582598209381
2010-12-22,0.37435463070869446
2010-12-23,0.37150779366493225
2010-12-27,0.37165701389312744
2010-12-28,0.37004774808883667
2010-12-29,0.37225109338760376
2010-12-30,0.3694535791873932
2010-12-31,0.3660619854927063
2011-01-03,0.3825978636741638
2011-01-04,0.3820037841796875
2011-01-05,0.3914846181869507
2011-01-06,0.39502444863319397
2011-01-07,0.39410802721977234
2011-01-10,0.39853960275650024
2011-01-11,0.40037137269973755
2011-01-12,0.40849101543426514
2011-01-13,0.409777969121933
2011-01-14,0.41866475343704224
2011-01-18,0.42200589179992676
2011-01-19,0.4078722298145294
2011-01-20,0.398712694644928
2011-01-21,0.38960346579551697
2011-01-24,0.4056934416294098
2011-01-25,0.4071040153503418
2011-01-26,0.4134167432785034
2011-01-27,0.42138704657554626
2011-01-28,0.38960346579551697
2011-01-31,0.3953714072704315
2011-02-01,0.417327344417572
2011-02-02,0.41544607281684875
2011-02-03,0.41705548763275146
2011-02-04,0.4245809018611908
2011-02-07,0.43074437975883484
2011-02-08,0.4399285912513733
2011-02-09,0.4372546970844269
2011-02-10,0.4393838942050934
2011-02-11,0.44839417934417725
2011-02-14,0.4512163996696472
2011-02-15,0.450052946805954
2011-02-16,0.4583703279495239
2011-02-17,0.4579738676548004
2011-02-18,0.455375075340271
2011-02-22,0.41527315974235535
2011-02-23,0.4050252437591553
2011-02-24,0.4107922315597534
2011-02-25,0.4283927083015442
2011-02-28,0.4315114915370941
2011-03-01,0.41076749563217163
2011-03-02,0.4165601134300232
2011-03-03,0.44141334295272827
2011-03-04,0.43487831950187683
2011-03-07,0.41755062341690063
2011-03-08,0.4219070374965668
2011-03-09,0.41339197754859924
2011-03-10,0.39447978138923645
2011-03-11,0.4010642468929291
2011-03-14,0.39715373516082764
2011-03-15,0.38091444969177246
2011-03-16,0.35294246673583984
2011-03-17,0.3621514141559601
2011-03-18,0.36017054319381714
2011-03-21,0.38027089834213257
2011-03-22,0.37923094630241394
2011-03-23,0.3849741816520691
2011-03-24,0.40591591596603394
2011-03-25,0.4088863432407379
2011-03-28,0.40195584297180176
2011-03-29,0.4134909212589264
2011-03-30,0.4195801019668579
2011-03-31,0.42136237025260925
2011-04-01,0.42200589179992676
2011-04-04,0.4181942045688629
2011-04-05,0.4134414792060852
2011-04-06,0.4165601134300232
2011-04-07,0.416461318731308
2011-04-08,0.4102238416671753
2011-04-11,0.40650999546051025
2011-04-12,0.39849013090133667
2011-04-13,0.40799570083618164
2011-04-14,0.4057675898075104
2011-04-15,0.40314412117004395
2011-04-18,0.3953714072704315
2011-04-19,0.40250056982040405
2011-04-20,0.42928430438041687
2011-04-21,0.44017577171325684
2011-04-25,0.44344282150268555
2011-04-26,0.4510672092437744
2011-04-27,0.4604244828224182
2011-04-28,0.45973142981529236
2011-04-29,0.45750343799591064
2011-05-02,0.45502805709838867
2011-05-03,0.4481956362724304
2011-05-04,0.4455721080303192
2011-05-05,0.4388887286186218
2011-05-06,0.44270041584968567
2011-05-09,0.44750258326530457
2011-05-10,0.45898908376693726
2011-05-11,0.4490871727466583
2011-05-12,0.4570081830024719
2011-05-13,0.44081926345825195
2011-05-16,0.41789665818214417
2011-05-17,0.42131295800209045
2011-05-18,0.4315608739852905
2011-05-19,0.43527480959892273
2011-05-20,0.425670325756073
2011-05-23,0.40720289945602417
2011-05-24,0.3995301127433777
2011-05-25,0.40398526191711426
2011-05-26,0.4115602374076843
2011-05-27,0.4176989793777466
2011-05-31,0.43779945373535156
2011-06-01,0.40982744097709656
2011-06-02,0.4122038185596466
2011-06-03,0.3934893310070038
2011-06-06,0.3839837610721588
2011-06-07,0.3817565441131592
2011-06-08,0.37353816628456116
2011-06-09,0.3751721978187561
2011-06-10,0.3579433560371399
2011-06-13,0.3581904470920563
2011-06-14,0.37150779366493225
2011-06-15,0.3512096107006073
2011-06-16,0.34630852937698364
2011-06-17,0.3437344431877136
2011-06-20,0.3482886254787445
2011-06-21,0.37150779366493225
2011-06-22,0.36314094066619873
2011-06-23,0.37319111824035645
2011-06-24,0.35353654623031616
2011-06-27,0.3707158863544464
2011-06-28,0.3873506486415863
2011-06-29,0.3922022879123688
2011-06-30,0.4071040153503418
2011-07-01,0.42596685886383057
2011-07-05,0.43210557103157043
2011-07-06,0.43671008944511414
2011-07-07,0.45438453555107117
2011-07-08,0.4506222903728485
2011-07-11,0.4264621138572693
2011-07-12,0.41606494784355164
2011-07-13,0.4216105341911316
2011-07-14,0.4071040153503418
2011-07-15,0.42329391837120056
2011-07-18,0.4163130223751068
2011-07-19,0.4456709325313568
2011-07-20,0.43943333625793457
2011-07-21,0.44834479689598083
2011-07-22,0.46225613355636597
2011-07-25,0.4595336616039276
2011-07-26,0.4620584547519684
2011-07-27,0.4270068109035492
2011-07-28,0.42928430438041687
2011-07-29,0.4251255691051483
2011-08-01,0.4193824231624603
2011-08-02,0.3875482678413391
2011-08-03,0.397598534822464
2011-08-04,0.34348633885383606
2011-08-05,0.33591142296791077
2011-08-08,0.2768981158733368
2011-08-09,0.3148214817047119
2011-08-10,0.27768993377685547
2011-08-11,0.3133358359336853
2011-08-12,0.32130712270736694
2011-08-15,0.3351690173149109
2011-08-16,0.32655513286590576
2011-08-17,0.321257621049881
2011-08-18,0.2746700942516327
2011-08-19,0.2592729926109314
2011-08-22,0.26159989833831787
2011-08-23,0.293978750705719
2011-08-24,0.3009101152420044
2011-08-25,0.28645312786102295
2011-08-26,0.30714765191078186
2011-08-29,0.33328792452812195
2011-08-30,0.34007009863853455
2011-08-31,0.34205102920532227
2011-09-01,0.3323972523212433
2011-09-02,0.30912768840789795
2011-09-06,0.30907827615737915
2011-09-07,0.3324466645717621
2011-09-08,0.32784217596054077
2011-09-09,0.3062569797039032
2011-09-12,0.31774255633354187
2011-09-13,0.33007025718688965
2011-09-14,0.34432852268218994
2011-09-15,0.3599728047847748
2011-09-16,0.3693794310092926
2011-09-19,0.37031951546669006
2011-09-20,0.3650725483894348
2011-09-21,0.34650635719299316
2011-09-22,0.312792032957077
2011-09-23,0.32254481315612793
2011-09-26,0.3334856629371643
2011-09-27,0.3436850607395172
2011-09-28,0.32749518752098083
2011-09-29,0.3177919387817383
2011-09-30,0.2930871546268463
2011-10-03,0.2701159715652466
2011-10-04,0.28655195236206055
2011-10-05,0.3083358407020569
2011-10-06,0.32417869567871094
2011-10-07,0.3174944519996643
2011-10-10,0.3500708341598511
2011-10-11,0.3575468957424164
2011-10-12,0.3632902503013611
2011-10-13,0.37304291129112244
2011-10-14,0.3935890793800354
2011-10-17,0.3753698766231537
2011-10-18,0.3889846205711365
2011-10-19,0.36655718088150024
2011-10-20,0.3619033098220825
2011-10-21,0.37477582693099976
2011-10-24,0.3981926441192627
2011-10-25,0.37561702728271484
2011-10-26,0.3741321265697479
2011-10-27,0.4042828679084778
2011-10-28,0.4056193232536316
2011-10-31,0.3855189383029938
2011-11-01,0.35566583275794983
2011-11-02,0.3644280433654785
2011-11-03,0.38660821318626404
2011-11-04,0.3806179463863373
2011-11-07,0.38908347487449646
2011-11-08,0.4020548164844513
2011-11-09,0.3604680299758911
2011-11-10,0.35898229479789734
2011-11-11,0.37913209199905396
2011-11-14,0.3726959228515625
2011-11-15,0.3846776485443115
2011-11-16,0.36571595072746277
2011-11-17,0.3405652642250061
2011-11-18,0.3323972523212433
2011-11-21,0.31308862566947937
2011-11-22,0.31581196188926697
2011-11-23,0.2948199212551117
2011-11-25,0.2881365418434143
2011-11-28,0.31789088249206543
2011-11-29,0.3121475577354431
2011-11-30,0.3464074432849884
2011-12-01,0.3538341820240021
2011-12-02,0.3504672646522522
2011-12-05,0.3619528114795685
2011-12-06,0.35918089747428894
2011-12-07,0.35972562432289124
2011-12-08,0.3414074778556824
2011-12-09,0.35759639739990234
2011-12-12,0.3458627760410309
2011-12-13,0.33417952060699463
2011-12-14,0.31863319873809814
2011-12-15,0.3161579966545105
2011-12-16,0.3201189637184143
2011-12-19,0.31125688552856445
2011-12-20,0.33888182044029236
2011-12-21,0.32477277517318726
2011-12-22,0.33269381523132324
2011-12-23,0.34130871295928955
2011-12-27,0.343932181596756
2011-12-28,0.3328915536403656
2011-12-29,0.33937713503837585
2011-12-30,0.3366053104400635
2012-01-03,0.3557646572589874
2012-01-04,0.3600221872329712
2012-01-05,0.36888420581817627
2012-01-06,0.3726959228515625
2012-01-09,0.36957716941833496
2012-01-10,0.37715211510658264
2012-01-11,0.37977567315101624
2012-01-12,0.3842812478542328
2012-01-13,0.37987449765205383
2012-01-17,0.3900739550590515
2012-01-18,0.4055699408054352
2012-01-19,0.4136884808540344
2012-01-20,0.41185683012008667
2012-01-23,0.4118073880672455
2012-01-24,0.4095299541950226
2012-01-25,0.4251750707626343
2012-01-26,0.42066946625709534
2012-01-27,0.4248281419277191
2012-01-30,0.4255210757255554
2012-01-31,0.4270068109035492
2012-02-01,0.4375018775463104
2012-02-02,0.442007452249527
2012-02-03,0.45958325266838074
2012-02-06,0.45913735032081604
2012-02-07,0.46111738681793213
2012-02-08,0.4687911868095398
2012-02-09,0.47918838262557983
2012-02-10,0.46893948316574097
2012-02-13,0.4815647304058075
2012-02-14,0.4857729375362396
2012-02-15,0.4749298691749573
2012-02-16,0.4947831630706787
2012-02-17,0.4905751347541809
2012-02-21,0.4947338402271271
2012-02-22,0.4881986081600189
2012-02-23,0.4974561929702759
2012-02-24,0.5023085474967957
2012-02-27,0.5047345161437988
2012-02-28,0.5198341608047485
2012-02-29,0.5130023956298828
2012-03-01,0.5254783630371094
2012-03-02,0.5238938927650452
2012-03-05,0.5075557231903076
2012-03-06,0.4930008351802826
2012-03-07,0.5041899085044861
2012-03-08,0.5201810598373413
2012-03-09,0.5264679193496704
2012-03-12,0.5273100733757019
2012-03-13,0.5570149421691895
2012-03-14,0.5632523894309998
2012-03-15,0.5675594806671143
2012-03-16,0.5663217902183533
2012-03-19,0.5786495208740234
2012-03-20,0.581817626953125
2012-03-21,0.5816200375556946
2012-03-22,0.5781049728393555
2012-03-23,0.5773130059242249
2012-03-26,0.6074636578559875
2012-03-27,0.6097896695137024
2012-03-28,0.6026605367660522
2012-03-29,0.5964725017547607
2012-03-30,0.5923137068748474
2012-04-02,0.6103836894035339
2012-04-03,0.6104342341423035
2012-04-04,0.58553147315979
2012-04-05,0.5962253212928772
2012-04-09,0.5825116038322449
2012-04-10,0.5543903708457947
2012-04-11,0.5624111294746399
2012-04-12,0.5812730193138123
2012-04-13,0.5549846291542053
2012-04-16,0.5375087261199951
2012-04-17,0.5691933631896973
2012-04-18,0.5650346279144287
2012-04-19,0.5467661023139954
2012-04-20,0.5408745408058167
2012-04-23,0.5272606611251831
2012-04-24,0.5179527997970581
2012-04-25,0.5590938925743103
2012-04-26,0.5690947771072388
2012-04-27,0.5788471698760986
2012-04-30,0.566817045211792
2012-05-01,0.5700355768203735
2012-05-02,0.5737979412078857
2012-05-03,0.555975079536438
2012-05-04,0.5151801705360413
2012-05-07,0.5159225463867188
2012-05-08,0.5102297067642212
2012-05-09,0.5074074268341064
2012-05-10,0.5022088885307312
2012-05-11,0.5017147064208984
2012-05-14,0.4878518283367157
2012-05-15,0.48359420895576477
2012-05-16,0.47309815883636475
2012-05-17,0.4439874589443207
2012-05-18,0.42616456747055054
2012-05-21,0.4620090126991272
2012-05-22,0.46032559871673584
2012-05-23,0.46289974451065063
2012-05-24,0.4545823335647583
2012-05-25,0.4520081877708435
2012-05-29,0.4688405692577362
2012-05-30,0.4574538767337799
2012-05-31,0.45091891288757324
2012-06-01,0.4154708683490753
2012-06-04,0.4243822693824768
2012-06-05,0.4302244186401367
2012-06-06,0.4596325755119324
2012-06-07,0.4544834792613983
2012-06-08,0.46785107254981995
2012-06-11,0.4454731345176697
2012-06-12,0.4595336616039276
2012-06-13,0.4505224823951721
2012-06-14,0.45557278394699097
2012-06-15,0.47240519523620605
2012-06-18,0.4845846891403198
2012-06-19,0.5005264282226562
2012-06-20,0.5023085474967957
2012-06-21,0.4646819531917572
2012-06-22,0.47913897037506104
2012-06-25,0.45072120428085327
2012-06-26,0.4594338834285736
2012-06-27,0.46785107254981995
2012-06-28,0.451017826795578
2012-06-29,0.49507972598075867
2012-07-02,0.4990406334400177
2012-07-03,0.5109226107597351
2012-07-05,0.5127047896385193
2012-07-06,0.4925055503845215
2012-07-09,0.49082228541374207
2012-07-10,0.47577208280563354
2012-07-11,0.4692370593547821
2012-07-12,0.4556716978549957
2012-07-13,0.4754745066165924
2012-07-16,0.47190991044044495
2012-07-17,0.47913897037506104
2012-07-18,0.49864432215690613
2012-07-19,0.5148835182189941
2012-07-20,0.49507972598075867
2012-07-23,0.4767625331878662
2012-07-24,0.4658701717853546
2012-07-25,0.45547395944595337
2012-07-26,0.4732968211174011
2012-07-27,0.5091403126716614
2012-07-30,0.5060709118843079
2012-07-31,0.5063675045967102
2012-08-01,0.5014172196388245
2012-08-02,0.4961688816547394
2012-08-03,0.5243890285491943
2012-08-06,0.5361721515655518
2012-08-07,0.5494400262832642
2012-08-08,0.5485482811927795
2012-08-09,0.5532021522521973
2012-08-10,0.555479884147644
2012-08-13,0.558846652507782
2012-08-14,0.559638500213623
2012-08-15,0.5635993480682373
2012-08-16,0.5837987065315247
2012-08-17,0.5918185710906982
2012-08-20,0.5940960049629211
2012-08-21,0.587264358997345
2012-08-22,0.5936007499694824
2012-08-23,0.5804319977760315
2012-08-24,0.590729296207428
2012-08-27,0.5936007499694824
2012-08-28,0.5935019254684448
2012-08-29,0.5936997532844543
2012-08-30,0.5755802392959595
2012-08-31,0.5878584384918213
2012-09-04,0.585382342338562
2012-09-05,0.5827093720436096
2012-09-06,0.6212267279624939
2012-09-07,0.6185529232025146
2012-09-10,0.5957794189453125
2012-09-11,0.593205451965332
2012-09-12,0.5983535051345825
2012-09-13,0.6222162842750549
2012-09-14,0.6381580233573914
2012-09-17,0.6393463015556335
2012-09-18,0.6405344009399414
2012-09-19,0.6447919607162476
2012-09-20,0.6433071494102478
2012-09-21,0.6433071494102478
2012-09-24,0.6314253211021423
2012-09-25,0.6060768365859985
2012-09-26,0.5901350975036621
2012-09-27,0.6151871085166931
2012-09-28,0.6004334092140198
2012-10-01,0.5978584289550781
2012-10-02,0.60172039270401
2012-10-03,0.6131071448326111
2012-10-04,0.6202360987663269
2012-10-05,0.6095426678657532
2012-10-08,0.5934030413627625
2012-10-09,0.5629063248634338
2012-10-10,0.556073784828186
2012-10-11,0.5511234998703003
2012-10-12,0.5510244369506836
2012-10-15,0.5620147585868835
2012-10-16,0.5864716172218323
2012-10-17,0.5846893191337585
2012-10-18,0.5646886825561523
2012-10-19,0.5238938927650452
2012-10-22,0.5321123003959656
2012-10-23,0.5163683891296387
2012-10-24,0.5112200975418091
2012-10-25,0.5112200975418091
2012-10-26,0.5165669918060303
2012-10-31,0.5065663456916809
2012-11-01,0.528052568435669
2012-11-02,0.5087438821792603
2012-11-05,0.5212199091911316
2012-11-06,0.5243890285491943
2012-11-07,0.4867624044418335
2012-11-08,0.4639889597892761
2012-11-09,0.46903926134109497
2012-11-12,0.46973225474357605
2012-11-13,0.4595336616039276
2012-11-14,0.4430968165397644
2012-11-15,0.439135879278183
2012-11-16,0.44408729672431946
2012-11-19,0.47606855630874634
2012-11-20,0.4761684834957123
2012-11-21,0.4795343279838562
2012-11-23,0.5015159249305725
2012-11-26,0.5079519748687744
2012-11-27,0.5022088885307312
2012-11-28,0.5156753659248352
2012-11-29,0.5245868563652039
2012-11-30,0.5227056741714478
2012-12-03,0.5201314091682434
2012-12-04,0.5167645812034607
2012-12-05,0.5008230209350586
2012-12-06,0.5100319385528564
2012-12-07,0.5013182759284973
2012-12-10,0.5057734847068787
2012-12-11,0.5252797603607178
2012-12-12,0.5217152833938599
2012-12-13,0.5099322199821472
2012-12-14,0.4954760670661926
2012-12-17,0.5147846341133118
2012-12-18,0.5386474132537842
2012-12-19,0.5309240221977234
2012-12-20,0.5313195586204529
2012-12-21,0.5147846341133118
2012-12-24,0.5104272961616516
2012-12-26,0.49834761023521423
2012-12-27,0.4955750107765198
2012-12-28,0.48121777176856995
2012-12-31,0.5126059055328369
2013-01-02,0.5604302883148193
2013-01-03,0.5523116588592529
2013-01-04,0.5468658804893494
2013-01-07,0.5474599003791809
2013-01-08,0.5442908406257629
2013-01-09,0.5498363375663757
2013-01-10,0.5595395565032959
2013-01-11,0.5616185665130615
2013-01-14,0.5543903708457947
2013-01-15,0.5461720824241638
2013-01-16,0.5523116588592529
2013-01-17,0.5608265995979309
2013-01-18,0.5576584935188293
2013-01-22,0.5599361062049866
2013-01-23,0.5690451264381409
2013-01-24,0.5463706851005554
2013-01-25,0.5544893145561218
2013-01-28,0.5584501624107361
2013-01-29,0.5584501624107361
2013-01-30,0.5553808808326721
2013-01-31,0.5518163442611694
2013-02-01,0.5699359178543091
2013-02-04,0.5409248471260071
2013-02-05,0.5646886825561523
2013-02-06,0.5594406127929688
2013-02-07,0.5608265995979309
2013-02-08,0.5778576731681824
2013-02-11,0.5776590704917908
2013-02-12,0.5709262490272522
2013-02-13,0.5775601267814636
2013-02-14,0.5763721466064453
2013-02-15,0.57142174243927
2013-02-19,0.5838976502418518
2013-02-20,0.557262122631073
2013-02-21,0.5391424894332886
2013-02-22,0.5549846291542053
2013-02-25,0.534290075302124
2013-02-26,0.5407261848449707
2013-02-27,0.5571631789207458
2013-02-28,0.5550833940505981
2013-03-01,0.5608265995979309
2013-03-04,0.5680545568466187
2013-03-05,0.5930066108703613
2013-03-06,0.5892444849014282
2013-03-07,0.5943936705589294
2013-03-08,0.5950865149497986
2013-03-11,0.6012250781059265
2013-03-12,0.5938982963562012
2013-03-13,0.5920173525810242
2013-03-14,0.5980568528175354
2013-03-15,0.5924127101898193
2013-03-18,0.5883528590202332
2013-03-19,0.5859764814376831
2013-03-20,0.597165584564209
2013-03-21,0.5780554413795471
2013-03-22,0.5939971804618835
2013-03-25,0.587957501411438
2013-03-26,0.5969676971435547
2013-03-27,0.600135862827301
2013-03-28,0.6036015748977661
2013-04-01,0.5919174551963806
2013-04-02,0.605285108089447
2013-04-03,0.5892444849014282
2013-04-04,0.589540958404541
2013-04-05,0.5750850439071655
2013-04-08,0.5838976502418518
2013-04-09,0.5953830480575562
2013-04-10,0.6302371621131897
2013-04-11,0.6291477084159851
2013-04-12,0.6284546852111816
2013-04-15,0.5902349352836609
2013-04-16,0.61488938331604
2013-04-17,0.5789470076560974
2013-04-18,0.5538952350616455
2013-04-19,0.5768672823905945
2013-04-22,0.5945913195610046
2013-04-23,0.6121167540550232
2013-04-24,0.6106318235397339
2013-04-25,0.6205338835716248
2013-04-26,0.6152858138084412
2013-04-29,0.6316229701042175
2013-04-30,0.6454858779907227
2013-05-01,0.6372673511505127
2013-05-02,0.6603384613990784
2013-05-03,0.6834081411361694
2013-05-06,0.6922207474708557
2013-05-07,0.6905374526977539
2013-05-08,0.701330840587616
2013-05-09,0.6988546848297119
2013-05-10,0.7107365727424622
2013-05-13,0.7135093808174133
2013-05-14,0.7240052223205566
2013-05-15,0.7293522357940674
2013-05-16,0.7266783118247986
2013-05-17,0.7471750974655151
2013-05-20,0.7438083291053772
2013-05-21,0.7465810775756836
2013-05-22,0.7283617854118347
2013-05-23,0.7204408049583435
2013-05-24,0.7200443744659424
2013-05-28,0.734896719455719
2013-05-29,0.723806619644165
2013-05-30,0.7355897426605225
2013-05-31,0.7145987153053284
2013-06-03,0.7187573313713074
2013-06-04,0.7079646587371826
2013-06-05,0.6808341145515442
2013-06-06,0.6891514658927917
2013-06-07,0.7179654836654663
2013-06-10,0.7182619571685791
2013-06-11,0.6974687576293945
2013-06-12,0.6733084917068481
2013-06-13,0.6974687576293945
2013-06-14,0.6851904988288879
2013-06-17,0.7042014598846436
2013-06-18,0.7208362221717834
2013-06-19,0.6981618404388428
2013-06-20,0.6466740369796753
2013-06-21,0.6375638246536255
2013-06-24,0.6178598999977112
2013-06-25,0.6310288310050964
2013-06-26,0.6482577323913574
2013-06-27,0.6554856300354004
2013-06-28,0.6572679281234741
2013-07-01,0.671328604221344
2013-07-02,0.6716261506080627
2013-07-03,0.6807352304458618
2013-07-05,0.695785403251648
2013-07-08,0.6980629563331604
2013-07-09,0.7108362317085266
2013-07-10,0.7228170037269592
2013-07-11,0.7678695321083069
2013-07-12,0.7758894562721252
2013-07-15,0.7819293141365051
2013-07-16,0.7788599133491516
2013-07-17,0.7844045758247375
2013-07-18,0.7786621451377869
2013-07-19,0.754997193813324
2013-07-22,0.7604430913925171
2013-07-23,0.7435116767883301
2013-07-24,0.7505409717559814
2013-07-25,0.764106273651123
2013-07-26,0.7767810821533203
2013-07-29,0.7732164263725281
2013-07-30,0.7847020030021667
2013-07-31,0.7896525263786316
2013-08-01,0.8137139081954956
2013-08-02,0.8272792100906372
2013-08-05,0.8290615081787109
2013-08-06,0.8143080472946167
2013-08-07,0.8096539974212646
2013-08-08,0.8204467296600342
2013-08-09,0.8116341829299927
2013-08-12,0.8166844248771667
2013-08-13,0.8302496075630188
2013-08-14,0.8210408091545105
2013-08-15,0.7798504829406738
2013-08-16,0.7770776152610779
2013-08-19,0.7740083336830139
2013-08-20,0.7846032381057739
2013-08-21,0.7767810821533203
2013-08-22,0.7989603281021118
2013-08-23,0.8157926797866821
2013-08-26,0.8164856433868408
2013-08-27,0.7650968432426453
2013-08-28,0.7749987244606018
2013-08-29,0.7910392880439758
2013-08-30,0.7762858271598816
2013-09-03,0.7890585064888
2013-09-04,0.8148031830787659
2013-09-05,0.8183677792549133
2013-09-06,0.8213382959365845
2013-09-09,0.8502501845359802
2013-09-10,0.8631227016448975
2013-09-11,0.8587663173675537
2013-09-12,0.8549042344093323
2013-09-13,0.8576769828796387
2013-09-16,0.8504490852355957
2013-09-17,0.8674790263175964
2013-09-18,0.8993626236915588
2013-09-19,0.9049071669578552
2013-09-20,0.8950061798095703
2013-09-23,0.889955997467041
2013-09-24,0.8901535868644714
2013-09-25,0.8817375302314758
2013-09-26,0.9019367694854736
2013-09-27,0.8976790904998779
2013-09-30,0.8920356035232544
2013-10-01,0.9187699556350708
2013-10-02,0.9170865416526794
2013-10-03,0.8852030038833618
2013-10-04,0.907976508140564
2013-10-07,0.8855009078979492
2013-10-08,0.8353979587554932
2013-10-09,0.8261898159980774
2013-10-10,0.8786681890487671
2013-10-11,0.8984709978103638
2013-10-14,0.9170865416526794
2013-10-15,0.9072835445404053
2013-10-16,0.9382753372192383
2013-10-17,0.953425407409668
2013-10-18,1.0005563497543335
2013-10-21,1.0062997341156006
2013-10-22,1.0097657442092896
2013-10-23,0.9935265183448792
2013-10-24,1.0059034824371338
2013-10-25,1.0260038375854492
2013-10-28,1.028083324432373
2013-10-29,1.033034086227417
2013-10-30,1.0297660827636719
2013-10-31,1.0231322050094604
2013-11-01,1.022636890411377
2013-11-04,1.0275886058807373
2013-11-05,1.0319448709487915
2013-11-06,1.0301625728607178
2013-11-07,0.9730303883552551
2013-11-08,1.0114489793777466
2013-11-11,1.0065964460372925
2013-11-12,1.0115479230880737
2013-11-13,1.0477877855300903
2013-11-14,1.0559064149856567
2013-11-15,1.0632340908050537
2013-11-18,1.0338258743286133
2013-11-19,1.0236274003982544
2013-11-20,1.0164982080459595
2013-11-21,1.0475890636444092
2013-11-22,1.0641247034072876
2013-11-25,1.071155071258545
2013-11-26,1.0888792276382446
2013-11-27,1.110662817955017
2013-11-29,1.128881573677063
2013-12-02,1.1218512058258057
2013-12-03,1.118584156036377
2013-12-04,1.1214556694030762
2013-12-05,1.1179900169372559
2013-12-06,1.141060709953308
2013-12-09,1.1547248363494873
2013-12-10,1.1526453495025635
2013-12-11,1.1095737218856812
2013-12-12,1.1005631685256958
2013-12-13,1.0953153371810913
2013-12-16,1.1141277551651
2013-12-17,1.1070984601974487
2013-12-18,1.1453182697296143
2013-12-19,1.1350207328796387
2013-12-20,1.169181227684021
2013-12-23,1.207005500793457
2013-12-24,1.2086889743804932
2013-12-26,1.220470905303955
2013-12-27,1.2115594148635864
2013-12-30,1.2052230834960938
2013-12-31,1.2288880348205566
2014-01-02,1.2001726627349854
2014-01-03,1.1740323305130005
2014-01-06,1.1615568399429321
2014-01-07,1.1916577816009521
2014-01-08,1.2005692720413208
2014-01-09,1.1881920099258423
2014-01-10,1.200074315071106
2014-01-13,1.1467043161392212
2014-01-14,1.2123525142669678
2014-01-15,1.2406704425811768
2014-01-16,1.2432456016540527
2014-01-17,1.2211648225784302
2014-01-21,1.2484933137893677
2014-01-22,1.260077714920044
2014-01-23,1.2449284791946411
2014-01-24,1.1711612939834595
2014-01-27,1.1370998620986938
2014-01-28,1.1367034912109375
2014-01-29,1.1008599996566772
2014-01-30,1.1588836908340454
2014-01-31,1.1507641077041626
2014-02-03,1.0745220184326172
2014-02-04,1.095513105392456
2014-02-05,1.0854133367538452
2014-02-06,1.127000331878662
2014-02-07,1.186806082725525
2014-02-10,1.2085890769958496
2014-02-11,1.2499781847000122
2014-02-12,1.2559189796447754
2014-02-13,1.2881979942321777
2014-02-14,1.2919609546661377
2014-02-18,1.3121607303619385
2014-02-19,1.2834453582763672
2014-02-20,1.302060842514038
2014-02-21,1.295326828956604
2014-02-24,1.3181015253067017
2014-02-25,1.3133490085601807
2014-02-26,1.308991551399231
2014-02-27,1.3347362279891968
2014-02-28,1.3280023336410522
2014-03-03,1.2988921403884888
2014-03-04,1.3511723279953003
2014-03-05,1.3622621297836304
2014-03-06,1.357113242149353
2014-03-07,1.3377065658569336
2014-03-10,1.3404784202575684
2014-03-11,1.3238437175750732
2014-03-12,1.3386964797973633
2014-03-13,1.2818615436553955
2014-03-14,1.255522608757019
2014-03-17,1.28899085521698
2014-03-18,1.3353301286697388
2014-03-19,1.3133490085601807
2014-03-20,1.3236464262008667
2014-03-21,1.275127649307251
2014-03-24,1.243046760559082
2014-03-25,1.2545331716537476
2014-03-26,1.2068066596984863
2014-03-27,1.1854192018508911
2014-03-28,1.1931425333023071
2014-03-31,1.2169063091278076
2014-04-01,1.2828510999679565
2014-04-02,1.2929507493972778
2014-04-03,1.2624540328979492
2014-04-04,1.1622498035430908
2014-04-07,1.1273963451385498
2014-04-08,1.1588836908340454
2014-04-09,1.218293309211731
2014-04-10,1.1058107614517212
2014-04-11,1.0671943426132202
2014-04-14,1.0911566019058228
2014-04-15,1.1020479202270508
2014-04-16,1.1448229551315308
2014-04-17,1.1454170942306519
2014-04-21,1.171359896659851
2014-04-22,1.200074315071106
2014-04-23,1.1673985719680786
2014-04-24,1.201856255531311
2014-04-25,1.1438326835632324
2014-04-28,1.1561108827590942
2014-04-29,1.181657075881958
2014-04-30,1.192152976989746
2014-05-01,1.2028470039367676
2014-05-02,1.1969057321548462
2014-05-05,1.2139359712600708
2014-05-06,1.167002558708191
2014-05-07,1.1565073728561401
2014-05-08,1.1525461673736572
2014-05-09,1.1660128831863403
2014-05-12,1.22284734249115
2014-05-13,1.2254223823547363
2014-05-14,1.2072031497955322
2014-05-15,1.1792806386947632
2014-05-16,1.20126211643219
2014-05-19,1.2270060777664185
2014-05-20,1.2135406732559204
2014-05-21,1.2477991580963135
2014-05-22,1.263245940208435
2014-05-23,1.2915650606155396
2014-05-27,1.340083122253418
2014-05-28,1.3274084329605103
2014-05-29,1.3543412685394287
2014-05-30,1.353153109550476
2014-06-02,1.3497860431671143
2014-06-03,1.347806453704834
2014-06-04,1.3620647192001343
2014-06-05,1.3975118398666382
2014-06-06,1.420087218284607
2014-06-09,1.417513132095337
2014-06-10,1.4256329536437988
2014-06-11,1.4234540462493896
2014-06-12,1.3862237930297852
2014-06-13,1.3957293033599854
2014-06-16,1.4008784294128418
2014-06-17,1.4028584957122803
2014-06-18,1.428404688835144
2014-06-19,1.4228601455688477
2014-06-20,1.428009033203125
2014-06-23,1.4295927286148071
2014-06-24,1.4256329536437988
2014-06-25,1.4518159627914429
2014-06-26,1.4557783603668213
2014-06-27,1.4702364206314087
2014-06-30,1.4811309576034546
2014-07-01,1.53084397315979
2014-07-02,1.5367863178253174
2014-07-03,1.566298484802246
2014-07-07,1.5512455701828003
2014-07-08,1.4971740245819092
2014-07-09,1.5310429334640503
2014-07-10,1.5165835618972778
2014-07-11,1.5429271459579468
2014-07-14,1.5724377632141113
2014-07-15,1.5559992790222168
2014-07-16,1.5736263990402222
2014-07-17,1.5108402967453003
2014-07-18,1.5823413133621216
2014-07-21,1.5765972137451172
2014-07-22,1.6078920364379883
2014-07-23,1.6379979848861694
2014-07-24,1.632253885269165
2014-07-25,1.6122490167617798
2014-07-28,1.6142302751541138
2014-07-29,1.606109619140625
2014-07-30,1.6253215074539185
2014-07-31,1.5262895822525024
2014-08-01,1.5086612701416016
2014-08-04,1.5395596027374268
2014-08-05,1.5035113096237183
2014-08-06,1.50093674659729
2014-08-07,1.4864784479141235
2014-08-08,1.5181684494018555
2014-08-11,1.5456992387771606
2014-08-12,1.5421340465545654
2014-08-13,1.592245101928711
2014-08-14,1.616804838180542
2014-08-15,1.638790249824524
2014-08-18,1.678403615951538
2014-08-19,1.7073206901550293
2014-08-20,1.7073206901550293
2014-08-21,1.7170257568359375
2014-08-22,1.7237600088119507
2014-08-25,1.7429721355438232
2014-08-26,1.7489137649536133
2014-08-27,1.7491124868392944
2014-08-28,1.741982340812683
2014-08-29,1.7623827457427979
2014-09-02,1.7770401239395142
2014-09-03,1.7465373277664185
2014-09-04,1.7409915924072266
2014-09-05,1.7679283618927002
2014-09-08,1.7768412828445435
2014-09-09,1.733663558959961
2014-09-10,1.7738703489303589
2014-09-11,1.7724841833114624
2014-09-12,1.7445567846298218
2014-09-15,1.6920698881149292
2014-09-16,1.7378231287002563
2014-09-17,1.746339201927185
2014-09-18,1.7839716672897339
2014-09-19,1.7800105810165405
2014-09-22,1.7316820621490479
2014-09-23,1.7166297435760498
2014-09-24,1.772286295890808
2014-09-25,1.6597850322723389
2014-09-26,1.712867021560669
2014-09-29,1.707122802734375
2014-09-30,1.713460922241211
2014-10-01,1.6314622163772583
2014-10-02,1.6306692361831665
2014-10-03,1.6797895431518555
2014-10-06,1.6683021783828735
2014-10-07,1.597790241241455
2014-10-08,1.6900886297225952
2014-10-09,1.6059116125106812
2014-10-10,1.4856858253479004
2014-10-13,1.416164517402649
2014-10-14,1.418739914894104
2014-10-15,1.3884364366531372
2014-10-16,1.3668467998504639
2014-10-17,1.4203242063522339
2014-10-20,1.4815263748168945
2014-10-21,1.5973939895629883
2014-10-22,1.5726369619369507
2014-10-23,1.6445341110229492
2014-10-24,1.6823642253875732
2014-10-27,1.6887024641036987
2014-10-28,1.7641655206680298
2014-10-29,1.7429721355438232
2014-10-30,1.7538663148880005
2014-10-31,1.8261593580245972
2014-11-03,1.8449758291244507
2014-11-04,1.8253672122955322
2014-11-05,1.8251696825027466
2014-11-06,1.8408164978027344
2014-11-07,1.8362605571746826
2014-11-10,1.8550770282745361
2014-11-11,1.872705101966858
2014-11-12,1.8830041885375977
2014-11-13,1.9071687459945679
2014-11-14,1.9247961044311523
2014-11-17,1.9067718982696533
2014-11-18,1.949554443359375
2014-11-19,1.9247961044311523
2014-11-20,1.9503463506698608
2014-11-21,1.9644094705581665
2014-11-24,2.0087757110595703
2014-11-25,2.0153114795684814
2014-11-26,2.056509017944336
2014-11-28,2.0872089862823486
2014-12-01,2.010162353515625
2014-12-02,2.0317506790161133
2014-12-03,2.0501708984375
2014-12-04,2.0440309047698975
2014-12-05,2.045417308807373
2014-12-08,2.001249313354492
2014-12-09,2.020660161972046
2014-12-10,1.9228156805038452
2014-12-11,1.9529218673706055
2014-12-12,1.8883520364761353
2014-12-15,1.8317055702209473
2014-12-16,1.74079430103302
2014-12-17,1.8342803716659546
2014-12-18,1.968766212463379
2014-12-19,1.99075186252594
2014-12-22,2.0091159343719482
2014-12-23,1.9898995161056519
2014-12-24,1.9940595626831055
2014-12-26,2.0344715118408203
2014-12-29,2.0348684787750244
2014-12-30,1.9928711652755737
2014-12-31,1.9304697513580322
2015-01-02,1.9146225452423096
2015-01-05,1.8284496068954468
2015-01-06,1.7559454441070557
2015-01-07,1.8234964609146118
2015-01-08,1.9274982213974
2015-01-09,1.8884737491607666
2015-01-12,1.8304301500320435
2015-01-13,1.8288452625274658
2015-01-14,1.8007158041000366
2015-01-15,1.7292025089263916
2015-01-16,1.790810465812683
2015-01-20,1.8304301500320435
2015-01-21,1.8585599660873413
2015-01-22,1.961967945098877
2015-01-23,1.9750423431396484
2015-01-26,1.9706844091415405
2015-01-27,1.8181477785110474
2015-01-28,1.7868491411209106
2015-01-29,1.838552713394165
2015-01-30,1.7963577508926392
2015-02-02,1.8435050249099731
2015-02-03,1.8938223123550415
2015-02-04,1.888869047164917
2015-02-05,1.9389890432357788
2015-02-06,1.9037264585494995
2015-02-09,1.8827283382415771
2015-02-10,1.972864031791687
2015-02-11,1.9950499534606934
2015-02-12,2.0647807121276855
2015-02-13,2.1168813705444336
2015-02-17,2.1226258277893066
2015-02-18,2.1317379474639893
2015-02-19,2.163830280303955
2015-02-20,2.2054312229156494
2015-02-23,2.2141473293304443
2015-02-24,2.218703269958496
2015-02-25,2.2008743286132812
2015-02-26,2.234353542327881
2015-02-27,2.204836368560791
2015-03-02,2.264266014099121
2015-03-03,2.2317774295806885
2015-03-04,2.2070162296295166
2015-03-05,2.216722249984741
2015-03-06,2.1404547691345215
2015-03-09,2.1610560417175293
2015-03-10,2.041405200958252
2015-03-11,2.005549669265747
2015-03-12,2.043980598449707
2015-03-13,2.0176331996917725
2015-03-16,2.0948917865753174
2015-03-17,2.1065802574157715
2015-03-18,2.1671979427337646
2015-03-19,2.1776962280273438
2015-03-20,2.22286319732666
2015-03-23,2.2042417526245117
2015-03-24,2.181856870651245
2015-03-25,2.029721975326538
2015-03-26,2.01308012008667
2015-03-27,2.0324957370758057
2015-03-30,2.1056013107299805
2015-03-31,2.0404202938079834
2015-04-01,2.005948066711426
2015-04-02,2.0093159675598145
2015-04-06,2.057656764984131
2015-04-07,2.048146963119507
2015-04-08,2.09688401222229
2015-04-09,2.135913610458374
2015-04-10,2.161470651626587
2015-04-13,2.145423173904419
2015-04-14,2.12699818611145
2015-04-15,2.164640188217163
2015-04-16,2.157111167907715
2015-04-17,2.056269645690918
2015-04-20,2.148196220397949
2015-04-21,2.175734758377075
2015-04-22,2.2109999656677246
2015-04-23,2.2375481128692627
2015-04-24,2.3251163959503174
2015-04-27,2.3102574348449707
2015-04-28,2.295200824737549
2015-04-29,2.2514162063598633
2015-04-30,2.145620822906494
2015-05-01,2.2323970794677734
2015-05-04,2.240321159362793
2015-05-05,2.1341309547424316
2015-05-06,2.0885632038116455
2015-05-07,2.124422311782837
2015-05-08,2.202282667160034
2015-05-11,2.1781129837036133
2015-05-12,2.149979829788208
2015-05-13,2.161073684692383
2015-05-14,2.256765842437744
2015-05-15,2.25656795501709
2015-05-18,2.2843029499053955
2015-05-19,2.277765989303589
2015-05-20,2.2815306186676025
2015-05-21,2.3173892498016357
2015-05-22,2.311049222946167
2015-05-26,2.2310099601745605
2015-05-27,2.3383901119232178
2015-05-28,2.3211536407470703
2015-05-29,2.281925678253174
2015-06-01,2.301936149597168
2015-06-02,2.2809362411499023
2015-06-03,2.300945281982422
2015-06-04,2.250822067260742
2015-06-05,2.23378324508667
2015-06-08,2.1654324531555176
2015-06-09,2.1547341346740723
2015-06-10,2.2401232719421387
2015-06-11,2.2524068355560303
2015-06-12,2.195150136947632
2015-06-15,2.1648385524749756
2015-06-16,2.1979246139526367
2015-06-17,2.21634840965271
2015-06-18,2.3100597858428955
2015-06-19,2.274794101715088
2015-06-22,2.3296730518341064
2015-06-23,2.3354175090789795
2015-06-24,2.2995588779449463
2015-06-25,2.2845020294189453
2015-06-26,2.2421042919158936
2015-06-29,2.0836100578308105
2015-06-30,2.1073849201202393
2015-07-01,2.150573492050171
2015-07-02,2.1586968898773193
2015-07-06,2.140469789505005
2015-07-07,2.151366710662842
2015-07-08,2.0435895919799805
2015-07-09,2.0376462936401367
2015-07-10,2.132347583770752
2015-07-13,2.241312026977539
2015-07-14,2.286285161972046
2015-07-15,2.2971813678741455
2015-07-16,2.3869292736053467
2015-07-17,2.4960925579071045
2015-07-20,2.5240278244018555
2015-07-21,2.5170929431915283
2015-07-22,2.4344775676727295
2015-07-23,2.4053537845611572
2015-07-24,2.337003469467163
2015-07-27,2.2769737243652344
2015-07-28,2.337003469467163
2015-07-29,2.363154411315918
2015-07-30,2.3960421085357666
2015-07-31,2.388712167739868
2015-08-03,2.3667211532592773
2015-08-04,2.351465940475464
2015-08-05,2.4065427780151367
2015-08-06,2.2910406589508057
2015-08-07,2.281925678253174
2015-08-10,2.358994960784912
2015-08-11,2.2690491676330566
2015-08-12,2.2890584468841553
2015-08-13,2.2787563800811768
2015-08-14,2.2910406589508057
2015-08-17,2.3473048210144043
2015-08-18,2.309860944747925
2015-08-19,2.266472816467285
2015-08-20,2.079845428466797
2015-08-21,1.8211032152175903
2015-08-24,1.6053526401519775
2015-08-25,1.584153413772583
2015-08-26,1.8127824068069458
2015-08-27,1.9544368982315063
2015-08-28,1.9528520107269287
2015-08-31,1.880340814590454
2015-09-01,1.709761142730713
2015-09-02,1.8488399982452393
2015-09-03,1.8183295726776123
2015-09-04,1.7575074434280396
2015-09-08,1.906690239906311
2015-09-09,1.8403205871582031
2015-09-10,1.899161458015442
2015-09-11,1.9298704862594604
2015-09-14,1.912634015083313
2015-09-15,1.9793999195098877
2015-09-16,2.0124857425689697
2015-09-17,2.0180323123931885
2015-09-18,1.932644248008728
2015-09-21,1.9490870237350464
2015-09-22,1.8631047010421753
2015-09-23,1.8660762310028076
2015-09-24,1.8444808721542358
2015-09-25,1.7997066974639893
2015-09-28,1.6445796489715576
2015-09-29,1.6202112436294556
2015-09-30,1.7273930311203003
2015-10-01,1.7515639066696167
2015-10-02,1.8424997329711914
2015-10-05,1.926501750946045
2015-10-06,1.8989635705947876
2015-10-07,1.9294742345809937
2015-10-08,1.9530506134033203
2015-10-09,1.9768240451812744
2015-10-12,1.9934667348861694
2015-10-13,1.9544368982315063
2015-10-14,1.9461159706115723
2015-10-15,2.041212558746338
2015-10-16,2.0665712356567383
2015-10-19,2.1036202907562256
2015-10-20,2.068751335144043
2015-10-21,2.035468101501465
2015-10-22,2.1561214923858643
2015-10-23,2.3354175090789795
2015-10-26,2.3423523902893066
2015-10-27,2.357607841491699
2015-10-28,2.412288188934326
2015-10-29,2.4033732414245605
2015-10-30,2.3704850673675537
2015-11-02,2.451317548751831
2015-11-03,2.474695920944214
2015-11-04,2.4756858348846436
2015-11-05,2.4538934230804443
2015-11-06,2.4620156288146973
2015-11-09,2.3827688694000244
2015-11-10,2.365929126739502
2015-11-11,2.3554282188415527
2015-11-12,2.287076950073242
2015-11-13,2.152555465698242
2015-11-16,2.2423033714294434
2015-11-17,2.2500295639038086
2015-11-18,2.379005193710327
2015-11-19,2.38257098197937
2015-11-20,2.4299204349517822
2015-11-23,2.410306692123413
2015-11-24,2.4027791023254395
2015-11-25,2.408128023147583
2015-11-27,2.416844606399536
2015-11-30,2.401590585708618
2015-12-01,2.4729127883911133
2015-12-02,2.4279396533966064
2015-12-03,2.3041160106658936
2015-12-04,2.462412118911743
2015-12-07,2.432298183441162
2015-12-08,2.4324967861175537
2015-12-09,2.3191723823547363
2015-12-10,2.352059841156006
2015-12-11,2.190791606903076
2015-12-14,2.2399256229400635
2015-12-15,2.2779643535614014
2015-12-16,2.378607988357544
2015-12-17,2.2795486450195312
2015-12-18,2.1543381214141846
2015-12-21,2.218329668045044
2015-12-22,2.260331392288208
2015-12-23,2.312040090560913
2015-12-24,2.3072855472564697
2015-12-28,2.3066911697387695
2015-12-29,2.4118924140930176
2015-12-30,2.3502767086029053
2015-12-31,2.2631053924560547
2016-01-04,2.124819040298462
2016-01-05,2.1057991981506348
2016-01-06,2.049335479736328
2016-01-07,1.8543870449066162
2016-01-08,1.8106027841567993
2016-01-11,1.826452374458313
2016-01-12,1.888067603111267
2016-01-13,1.6905431747436523
2016-01-14,1.7999041080474854
2016-01-15,1.6344760656356812
2016-01-19,1.64141047000885
2016-01-20,1.6265512704849243
2016-01-21,1.6324950456619263
2016-01-22,1.773158311843872
2016-01-25,1.69331693649292
2016-01-26,1.7416576147079468
2016-01-27,1.6120882034301758
2016-01-28,1.6756842136383057
2016-01-29,1.7848477363586426
2016-02-01,1.7949520349502563
2016-02-02,1.6810334920883179
2016-02-03,1.6572593450546265
2016-02-04,1.6542874574661255
2016-02-05,1.4841039180755615
2016-02-08,1.4163475036621094
2016-02-09,1.3999035358428955
2016-02-10,1.4165456295013428
2016-02-11,1.4131779670715332
2016-02-12,1.4734058380126953
2016-02-16,1.571474313735962
2016-02-17,1.6800435781478882
2016-02-18,1.6229850053787231
2016-02-19,1.6398252248764038
2016-02-22,1.7172890901565552
2016-02-23,1.6317018270492554
2016-02-24,1.6802412271499634
2016-02-25,1.7266005277633667
2016-02-26,1.722638487815857
2016-02-29,1.6770718097686768
2016-03-01,1.8375475406646729
2016-03-02,1.8395280838012695
2016-03-03,1.8292262554168701
2016-03-04,1.8323959112167358
2016-03-07,1.7983198165893555
2016-03-08,1.7507716417312622
2016-03-09,1.784253478050232
2016-03-10,1.7775176763534546
2016-03-11,1.8696423768997192
2016-03-14,1.880538821220398
2016-03-15,1.8793500661849976
2016-03-16,1.9272950887680054
2016-03-17,1.9217472076416016
2016-03-18,1.9328423738479614
2016-03-21,1.9558241367340088
2016-03-22,1.973258137702942
2016-03-23,1.9263044595718384
2016-03-24,1.9257099628448486
2016-03-28,1.9187755584716797
2016-03-29,2.010504722595215
2016-03-30,2.0406181812286377
2016-03-31,2.028730869293213
2016-04-01,2.0962891578674316
2016-04-04,2.070335865020752
2016-04-05,2.014665126800537
2016-04-06,2.1111485958099365
2016-04-07,2.0200142860412598
2016-04-08,2.0152599811553955
2016-04-11,1.993664264678955
2016-04-12,2.040222644805908
2016-04-13,2.119865655899048
2016-04-14,2.1212525367736816
2016-04-15,2.1050071716308594
2016-04-18,2.1361117362976074
2016-04-19,2.0992612838745117
2016-04-20,2.10441255569458
2016-04-21,2.1050071716308594
2016-04-22,2.009711980819702
2016-04-25,2.008127450942993
2016-04-26,1.9805879592895508
2016-04-27,1.9330395460128784
2016-04-28,1.8644908666610718
2016-04-29,1.8347734212875366
2016-05-02,1.883312702178955
2016-05-03,1.8331882953643799
2016-05-04,1.7969326972961426
2016-05-05,1.795942783355713
2016-05-06,1.8218954801559448
2016-05-09,1.8379429578781128
2016-05-10,1.9150115251541138
2016-05-11,1.862708330154419
2016-05-12,1.8365565538406372
2016-05-13,1.8143675327301025
2016-05-16,1.8843026161193848
2016-05-17,1.8119900226593018
2016-05-18,1.8325936794281006
2016-05-19,1.8036692142486572
2016-05-20,1.8638970851898193
2016-05-23,1.8547837734222412
2016-05-24,1.9683054685592651
2016-05-25,2.01070237159729
2016-05-26,2.0275423526763916
2016-05-27,2.0580530166625977
2016-05-31,2.070335865020752
2016-06-01,2.071129083633423
2016-06-02,2.082817792892456
2016-06-03,2.054287910461426
2016-06-06,2.076279401779175
2016-06-07,2.061619281768799
2016-06-08,2.070732355117798
2016-06-09,2.061619281768799
2016-06-10,1.9922776222229004
2016-06-13,1.9411633014678955
2016-06-14,1.9421539306640625
2016-06-15,1.9247188568115234
2016-06-16,1.9385879039764404
2016-06-17,1.8722176551818848
2016-06-20,1.9058982133865356
2016-06-21,1.9249178171157837
2016-06-22,1.9124363660812378
2016-06-23,1.9930695295333862
2016-06-24,1.7489886283874512
2016-06-27,1.6471549272537231
2016-06-28,1.7503751516342163
2016-06-29,1.8413114547729492
2016-06-30,1.9082754850387573
2016-07-01,1.9344274997711182
2016-07-05,1.900152564048767
2016-07-06,1.9449268579483032
2016-07-07,1.9633525609970093
2016-07-08,2.0540902614593506
2016-07-11,2.0891575813293457
2016-07-12,2.122044563293457
2016-07-13,2.1071856021881104
2016-07-14,2.149979829788208
2016-07-15,2.137894630432129
2016-07-18,2.180490493774414
2016-07-19,2.1579043865203857
2016-07-20,2.231802225112915
2016-07-21,2.218528985977173
2016-07-22,2.244283437728882
2016-07-25,2.246264696121216
2016-07-26,2.253793716430664
2016-07-27,2.2977757453918457
2016-07-28,2.3227384090423584
2016-07-29,2.337994337081909
2016-08-01,2.374645709991455
2016-08-02,2.3211536407470703
2016-08-03,2.343144416809082
2016-08-04,2.3641462326049805
2016-08-05,2.4324967861175537
2016-08-08,2.4247705936431885
2016-08-09,2.4408178329467773
2016-08-10,2.4219961166381836
2016-08-11,2.453299045562744
2016-08-12,2.457855224609375
2016-08-15,2.488762140274048
2016-08-16,2.4495346546173096
2016-08-17,2.4610254764556885
2016-08-18,2.4634032249450684
2016-08-19,2.4600348472595215
2016-08-22,2.462412118911743
2016-08-23,2.4770734310150146
2016-08-24,2.429326057434082
2016-08-25,2.417835235595703
2016-08-26,2.429525136947632
2016-08-29,2.436260223388672
2016-08-30,2.4142696857452393
2016-08-31,2.407928943634033
2016-09-01,2.4186275005340576
2016-09-02,2.4469587802886963
2016-09-06,2.4923274517059326
2016-09-07,2.496885061264038
2016-09-08,2.4540910720825195
2016-09-09,2.2680580615997314
2016-09-12,2.3843536376953125
2016-09-13,2.3280880451202393
2016-09-14,2.358003616333008
2016-09-15,2.467365264892578
2016-09-16,2.4645917415618896
2016-09-19,2.432298183441162
2016-09-20,2.445770740509033
2016-09-21,2.5168955326080322
2016-09-22,2.5757362842559814
2016-09-23,2.5293760299682617
2016-09-26,2.4665727615356445
2016-09-27,2.5365095138549805
2016-09-28,2.5503766536712646
2016-09-29,2.496290445327759
2016-09-30,2.547602653503418
2016-10-03,2.541858196258545
2016-10-04,2.5273942947387695
2016-10-05,2.5537450313568115
2016-10-06,2.5497822761535645
2016-10-07,2.533140182495117
2016-10-10,2.5785090923309326
2016-10-11,2.4719221591949463
2016-10-12,2.4667704105377197
2016-10-13,2.4378459453582764
2016-10-14,2.4433929920196533
2016-10-17,2.426553249359131
2016-10-18,2.488762140274048
2016-10-19,2.489752769470215
2016-10-20,2.479252338409424
2016-10-21,2.5061964988708496
2016-10-24,2.5975284576416016
2016-10-25,2.571575164794922
2016-10-26,2.5222442150115967
2016-10-27,2.486978530883789
2016-10-28,2.4439873695373535
2016-10-31,2.430119276046753
2016-11-01,2.3801934719085693
2016-11-02,2.3181819915771484
2016-11-03,2.2514162063598633
2016-11-04,2.2258589267730713
2016-11-07,2.3853442668914795
2016-11-08,2.4320998191833496
2016-11-09,2.4661760330200195
2016-11-10,2.348890781402588
2016-11-11,2.346909761428833
2016-11-14,2.2676620483398438
2016-11-15,2.372663974761963
2016-11-16,2.4112977981567383
2016-11-17,2.4671669006347656
2016-11-18,2.439429998397827
2016-11-21,2.5127344131469727
2016-11-22,2.53532075881958
2016-11-23,2.504809617996216
2016-11-25,2.528980016708374
2016-11-28,2.514913320541382
2016-11-29,2.5390844345092773
2016-11-30,2.456865072250366
2016-12-01,2.321946859359741
2016-12-02,2.3312575817108154
2016-12-05,2.385145664215088
2016-12-06,2.4023823738098145
2016-12-07,2.491535186767578
2016-12-08,2.5067906379699707
2016-12-09,2.5654335021972656
2016-12-12,2.5297720432281494
2016-12-13,2.628633975982666
2016-12-14,2.6094155311584473
2016-12-15,2.625265598297119
2016-12-16,2.5933682918548584
2016-12-19,2.625067710876465
2016-12-20,2.656766414642334
2016-12-21,2.647454261779785
2016-12-22,2.6244735717773438
2016-12-23,2.6325955390930176
2016-12-27,2.6710312366485596
2016-12-28,2.609217643737793
2016-12-29,2.596538543701172
2016-12-30,2.5206594467163086
2017-01-03,2.5816800594329834
2017-01-04,2.6256625652313232
2017-01-05,2.672219753265381
2017-01-06,2.739975929260254
2017-01-09,2.7677125930786133
2017-01-10,2.7835614681243896
2017-01-11,2.8049581050872803
2017-01-12,2.790694236755371
2017-01-13,2.822788953781128
2017-01-17,2.7962419986724854
2017-01-18,2.8152616024017334
2017-01-19,2.807732582092285
2017-01-20,2.825960159301758
2017-01-23,2.832298755645752
2017-01-24,2.8913378715515137
2017-01-25,2.9757373332977295
2017-01-26,2.9880194664001465
2017-01-27,3.002284526824951
2017-01-30,2.9341323375701904
2017-01-31,2.9178853034973145
2017-02-01,2.9733595848083496
2017-02-02,2.9658305644989014
2017-02-03,2.991586208343506
2017-02-06,3.002680778503418
2017-02-07,3.0335869789123535
2017-02-08,3.0506250858306885
2017-02-09,3.082324743270874
2017-02-10,3.1128339767456055
2017-02-13,3.167515277862549
2017-02-14,3.197232484817505
2017-02-15,3.252309560775757
2017-02-16,3.2495362758636475
2017-02-17,3.2903482913970947
2017-02-21,3.342651605606079
2017-02-22,3.343048334121704
2017-02-23,3.306990623474121
2017-02-24,3.3248205184936523
2017-02-27,3.3347275257110596
2017-02-28,3.3085758686065674
2017-03-01,3.4155595302581787
2017-03-02,3.361670970916748
2017-03-03,3.37910532951355
2017-03-06,3.3557276725769043
2017-03-07,3.3390862941741943
2017-03-08,3.3561244010925293
2017-03-09,3.3664257526397705
2017-03-10,3.403276205062866
2017-03-13,3.4230873584747314
2017-03-14,3.3977291584014893
2017-03-15,3.457165241241455
2017-03-16,3.4551827907562256
2017-03-17,3.446861505508423
2017-03-20,3.457165241241455
2017-03-21,3.303027868270874
2017-03-22,3.368011474609375
2017-03-23,3.341066598892212
2017-03-24,3.3592936992645264
2017-03-27,3.377124309539795
2017-03-28,3.4405224323272705
2017-03-29,3.486088991165161
2017-03-30,3.5035250186920166
2017-03-31,3.4952027797698975
2017-04-03,3.4876739978790283
2017-04-04,3.5035250186920166
2017-04-05,3.46350359916687
2017-04-06,3.466277599334717
2017-04-07,3.462315320968628
2017-04-10,3.466277599334717
2017-04-11,3.422692060470581
2017-04-12,3.37752103805542
2017-04-13,3.3375003337860107
2017-04-17,3.416748046875
2017-04-18,3.4068422317504883
2017-04-19,3.418729305267334
2017-04-20,3.501542091369629
2017-04-21,3.4999585151672363
2017-04-24,3.627150058746338
2017-04-25,3.7075860500335693
2017-04-26,3.691340208053589
2017-04-27,3.7559263706207275
2017-04-28,3.77732253074646
2017-05-01,3.8724193572998047
2017-05-02,3.8954017162323
2017-05-03,3.856966257095337
2017-05-04,3.860929250717163
2017-05-05,3.90293025970459
2017-05-08,3.9263079166412354
2017-05-09,3.969498634338379
2017-05-10,3.975837469100952
2017-05-11,3.9663279056549072
2017-05-12,3.9920830726623535
2017-05-15,4.029329776763916
2017-05-16,4.080047130584717
2017-05-17,3.7713794708251953
2017-05-18,3.866872787475586
2017-05-19,3.9136295318603516
2017-05-22,4.015064716339111
2017-05-23,4.0249714851379395
2017-05-24,4.0804443359375
2017-05-25,4.187824726104736
2017-05-26,4.205655097961426
2017-05-30,4.214371681213379
2017-05-31,4.2092204093933105
2017-06-01,4.259544372558594
2017-06-02,4.404961585998535
2017-06-05,4.401395797729492
2017-06-06,4.351468563079834
2017-06-07,4.399016857147217
2017-06-08,4.410904407501221
2017-06-09,4.091935157775879
2017-06-12,4.017838478088379
2017-06-13,4.111746311187744
2017-06-14,4.056669235229492
2017-06-15,4.001989364624023
2017-06-16,3.954045295715332
2017-06-19,4.145426273345947
2017-06-20,4.05151891708374
2017-06-21,4.169201374053955
2017-06-22,4.16444730758667
2017-06-23,4.2112016677856445
2017-06-26,4.155333042144775
2017-06-27,3.926706075668335
2017-06-28,4.0915374755859375
2017-06-29,3.8831183910369873
2017-06-30,3.8696470260620117
2017-07-03,3.764246940612793
2017-07-05,3.8716278076171875
2017-07-06,3.7693991661071777
2017-07-07,3.882326602935791
2017-07-10,3.9635541439056396
2017-07-11,3.996046304702759
2017-07-12,4.138294219970703
2017-07-13,4.1656365394592285
2017-07-14,4.263505458831787
2017-07-17,4.265883445739746
2017-07-18,4.350677490234375
2017-07-19,4.430321216583252
2017-07-20,4.446961879730225
2017-07-21,4.440226078033447
2017-07-24,4.498077869415283
2017-07-25,4.467963218688965
2017-07-26,4.507983684539795
2017-07-27,4.427547454833984
2017-07-28,4.413282871246338
2017-07-31,4.355828762054443
2017-08-01,4.384357929229736
2017-08-02,4.416452884674072
2017-08-03,4.370489597320557
2017-08-04,4.3875274658203125
2017-08-07,4.465190887451172
2017-08-08,4.448548316955566
2017-08-09,4.431114673614502
2017-08-10,4.143445014953613
2017-08-11,4.23814582824707
2017-08-14,4.402981281280518
2017-08-15,4.410904407501221
2017-08-16,4.433887481689453
2017-08-17,4.161276340484619
2017-08-18,4.146616458892822
2017-08-21,4.139087677001953
2017-08-22,4.323337078094482
2017-08-23,4.274997234344482
2017-08-24,4.239335060119629
2017-08-25,4.210805892944336
2017-08-28,4.24765682220459
2017-08-29,4.299960613250732
2017-08-30,4.448944568634033
2017-08-31,4.575344085693359
2017-09-01,4.572175025939941
2017-09-05,4.449736595153809
2017-09-06,4.488170623779297
2017-09-07,4.515908718109131
2017-09-08,4.404566287994385
2017-09-11,4.544834136962891
2017-09-12,4.583268642425537
2017-09-13,4.602288246154785
2017-09-14,4.524625301361084
2017-09-15,4.561079978942871
2017-09-18,4.549983501434326
2017-09-19,4.569399356842041
2017-09-20,4.531361103057861
2017-09-21,4.444189071655273
2017-09-22,4.433095455169678
2017-09-25,4.2940168380737305
2017-09-26,4.323337078094482
2017-09-27,4.440622329711914
2017-09-28,4.433095455169678
2017-09-29,4.527003288269043
2017-10-02,4.539681911468506
2017-10-03,4.568212032318115
2017-10-04,4.5800981521606445
2017-10-05,4.712044715881348
2017-10-06,4.7290825843811035
2017-10-09,4.717196464538574
2017-10-10,4.727102279663086
2017-10-11,4.768310546875
2017-10-12,4.742555618286133
2017-10-13,4.795651435852051
2017-10-16,4.845180511474609
2017-10-17,4.86221981048584
2017-10-18,4.8435959815979
2017-10-19,4.790103912353516
2017-10-20,4.8249735832214355
2017-10-23,4.73502779006958
2017-10-24,4.759197235107422
2017-10-25,4.701347351074219
2017-10-26,4.657761096954346
2017-10-27,5.059149265289307
2017-10-30,5.095206260681152
2017-10-31,5.149095058441162
2017-11-01,5.142358779907227
2017-11-02,5.116207122802734
2017-11-03,5.258851051330566
2017-11-06,5.312343597412109
2017-11-07,5.321062088012695
2017-11-08,5.387630462646484
2017-11-09,5.301248550415039
2017-11-10,5.29966402053833
2017-11-13,5.3155131340026855
2017-11-14,5.262022018432617
2017-11-15,5.184756278991699
2017-11-16,5.378911972045898
2017-11-17,5.318684101104736
2017-11-20,5.30560827255249
2017-11-21,5.472819805145264
2017-11-22,5.494613170623779
2017-11-24,5.556426048278809
2017-11-27,5.547312259674072
2017-11-28,5.5881242752075195
2017-11-29,5.3008527755737305
2017-11-30,5.432404518127441
2017-12-01,5.35989236831665
2017-12-04,5.174850940704346
2017-12-05,5.18237829208374
2017-12-06,5.250927925109863
2017-12-07,5.3028340339660645
2017-12-08,5.372968673706055
2017-12-11,5.49619722366333
2017-12-12,5.475593566894531
2017-12-13,5.502934455871582
2017-12-14,5.495008945465088
2017-12-15,5.67371129989624
2017-12-18,5.819526195526123
2017-12-19,5.724824905395508
2017-12-20,5.701052188873291
2017-12-21,5.698277950286865
2017-12-22,5.679257869720459
2017-12-26,5.587332725524902
2017-12-27,5.587332725524902
2017-12-28,5.602389335632324
2017-12-29,5.496594429016113
2018-01-02,5.778713703155518
2018-01-03,5.947905540466309
2018-01-04,5.982776641845703
2018-01-05,6.163459300994873
2018-01-08,6.232008457183838
2018-01-09,6.2367634773254395
2018-01-10,6.192385196685791
2018-01-11,6.316407203674316
2018-01-12,6.450335502624512
2018-01-16,6.400409698486328
2018-01-17,6.602095127105713
2018-01-18,6.608433723449707
2018-01-19,6.6718316078186035
2018-01-22,6.880252361297607
2018-01-23,7.054595470428467
2018-01-24,6.911555767059326
2018-01-25,6.902837753295898
2018-01-26,7.2111101150512695
2018-01-29,7.115617752075195
2018-01-30,6.933744430541992
2018-01-31,7.019330978393555
2018-02-01,6.843799114227295
2018-02-02,6.42576789855957
2018-02-05,5.684013366699219
2018-02-06,6.122251510620117
2018-02-07,5.880149841308594
2018-02-08,5.151471138000488
2018-02-09,5.393968105316162
2018-02-12,5.695901393890381
2018-02-13,5.765242099761963
2018-02-14,6.1028361320495605
2018-02-15,6.421806335449219
2018-02-16,6.350087642669678
2018-02-20,6.381786346435547
2018-02-21,6.324331760406494
2018-02-22,6.325520038604736
2018-02-23,6.702341556549072
2018-02-26,6.9713873863220215
2018-02-27,6.721756458282471
2018-02-28,6.58664083480835
2018-03-01,6.269651889801025
2018-03-02,6.442014694213867
2018-03-05,6.6440958976745605
2018-03-06,6.7280964851379395
2018-03-07,6.7784199714660645
2018-03-08,6.879459381103516
2018-03-09,7.280054569244385
2018-03-12,7.389019012451172
2018-03-13,7.120768070220947
2018-03-14,7.0965986251831055
2018-03-15,7.0648980140686035
2018-03-16,7.018141746520996
2018-03-19,6.5775275230407715
2018-03-20,6.625868320465088
2018-03-21,6.5299787521362305
2018-03-22,6.0529093742370605
2018-03-23,5.563954830169678
2018-03-26,6.19000768661499
2018-03-27,5.5964460372924805
2018-03-28,5.403478622436523
2018-03-29,5.702637195587158
2018-04-02,5.19624662399292
2018-04-03,5.370591163635254
2018-04-04,5.624578952789307
2018-04-05,5.7129387855529785
2018-04-06,5.2865891456604
2018-04-09,5.392384052276611
2018-04-10,5.748600482940674
2018-04-11,5.651919364929199
2018-04-12,5.850037574768066
2018-04-13,5.763261795043945
2018-04-16,5.890453815460205
2018-04-17,6.267274379730225
2018-04-18,6.3108601570129395
2018-04-19,6.139289379119873
2018-04-20,5.844885349273682
2018-04-23,5.798923015594482
2018-04-24,5.429234504699707
2018-04-25,5.450631618499756
2018-04-26,5.788619041442871
2018-04-27,5.802093029022217
2018-04-30,5.678467273712158
2018-05-01,5.8631134033203125
2018-05-02,5.760884761810303
2018-05-03,5.761279106140137
2018-05-04,6.08540153503418
2018-05-07,6.2300286293029785
2018-05-08,6.209423542022705
2018-05-09,6.4174485206604
2018-05-10,6.617150783538818
2018-05-11,6.597339153289795
2018-05-14,6.626659393310547
2018-05-15,6.412296295166016
2018-05-16,6.530374526977539
2018-05-17,6.456675052642822
2018-05-18,6.3532562255859375
2018-05-21,6.464204788208008
2018-05-22,6.430523872375488
2018-05-23,6.592187404632568
2018-05-24,6.58664083480835
2018-05-25,6.603282451629639
2018-05-29,6.518884181976318
2018-05-30,6.657963275909424
2018-05-31,6.643698215484619
2018-06-01,6.952764511108398
2018-06-04,7.131070613861084
2018-06-05,7.204770088195801
2018-06-06,7.3236403465271
2018-06-07,7.153655052185059
2018-06-08,7.148900985717773
2018-06-11,7.204770088195801
2018-06-12,7.318885803222656
2018-06-13,7.310564994812012
2018-06-14,7.532853603363037
2018-06-15,7.457963466644287
2018-06-18,7.441322326660156
2018-06-19,7.374755382537842
2018-06-20,7.529287338256836
2018-06-21,7.334338665008545
2018-06-22,7.26063871383667
2018-06-25,6.797041893005371
2018-06-26,6.871932029724121
2018-06-27,6.5961503982543945
2018-06-28,6.757814407348633
2018-06-29,6.788721561431885
2018-07-02,6.940876483917236
2018-07-03,6.7019453048706055
2018-07-05,6.9480085372924805
2018-07-06,7.26063871383667
2018-07-09,7.462718963623047
2018-07-10,7.480550289154053
2018-07-11,7.371188163757324
2018-07-12,7.7349348068237305
2018-07-13,7.7575201988220215
2018-07-16,7.7052178382873535
2018-07-17,7.847862243652344
2018-07-18,7.797935485839844
2018-07-19,7.682631015777588
2018-07-20,7.671934127807617
2018-07-23,7.738500595092773
2018-07-24,7.83716344833374
2018-07-25,8.164058685302734
2018-07-26,7.8074469566345215
2018-07-27,7.481738090515137
2018-07-30,7.1595988273620605
2018-07-31,7.302244186401367
2018-08-01,7.402094841003418
2018-08-02,7.696895122528076
2018-08-03,7.765841484069824
2018-08-06,7.908486366271973
2018-08-07,7.985752582550049
2018-08-08,8.007149696350098
2018-08-09,8.000017166137695
2018-08-10,7.813388347625732
2018-08-13,7.7908034324646
2018-08-14,7.934640407562256
2018-08-15,7.645781517028809
2018-08-16,7.715915203094482
2018-08-17,7.714727401733398
2018-08-20,7.699272632598877
2018-08-21,7.77891731262207
2018-08-22,7.869259357452393
2018-08-23,7.830033302307129
2018-08-24,8.047565460205078
2018-08-27,8.290059089660645
2018-08-28,8.326910972595215
2018-08-29,8.618144989013672
2018-08-30,8.569409370422363
2018-08-31,8.59437084197998
2018-09-04,8.492140769958496
2018-09-05,8.154549598693848
2018-09-06,7.932262420654297
2018-09-07,7.8538055419921875
2018-09-10,7.922749996185303
2018-09-11,8.098677635192871
2018-09-12,8.028546333312988
2018-09-13,8.266284942626953
2018-09-14,8.203285217285156
2018-09-17,7.8573713302612305
2018-09-18,8.043997764587402
2018-09-19,8.026169776916504
2018-09-20,8.278175354003906
2018-09-21,8.14622688293457
2018-09-24,8.216361045837402
2018-09-25,8.249645233154297
2018-09-26,8.241325378417969
2018-09-27,8.469555854797363
2018-09-28,8.456480979919434
2018-10-01,8.505216598510742
2018-10-02,8.456480979919434
2018-10-03,8.481443405151367
2018-10-04,7.9976396560668945
2018-10-05,7.696895122528076
2018-10-08,7.559005260467529
2018-10-09,7.617251396179199
2018-10-10,6.629434108734131
2018-10-11,6.360785484313965
2018-10-12,6.898082733154297
2018-10-15,6.637755870819092
2018-10-16,7.2095255851745605
2018-10-17,7.233299255371094
2018-10-18,6.731664180755615
2018-10-19,6.704322814941406
2018-10-22,6.805363655090332
2018-10-23,6.730474472045898
2018-10-24,5.815168380737305
2018-10-25,6.411900043487549
2018-10-26,5.913830757141113
2018-10-29,5.597634792327881
2018-10-30,5.813978672027588
2018-10-31,6.2062530517578125
2018-11-01,6.4772796630859375
2018-11-02,6.187234878540039
2018-11-05,6.126610279083252
2018-11-06,6.256179332733154
2018-11-07,6.831515312194824
2018-11-08,6.715021133422852
2018-11-09,6.373859882354736
2018-11-12,5.813978672027588
2018-11-13,5.811601638793945
2018-11-14,5.664201736450195
2018-11-15,5.967322826385498
2018-11-16,5.901943683624268
2018-11-19,5.336117267608643
2018-11-20,5.040129661560059
2018-11-21,5.15305757522583
2018-11-23,5.038940906524658
2018-11-26,5.384854793548584
2018-11-27,5.4407243728637695
2018-11-28,5.956624507904053
2018-11-29,5.901943683624268
2018-11-30,6.025569438934326
2018-12-03,6.334634304046631
2018-12-04,5.638050079345703
2018-12-06,5.720071315765381
2018-12-07,5.1601881980896
2018-12-10,5.321853160858154
2018-12-11,5.378911972045898
2018-12-12,5.5144243240356445
2018-12-13,5.515614032745361
2018-12-14,5.099564552307129
2018-12-17,4.770291328430176
2018-12-18,4.849935054779053
2018-12-19,4.499266624450684
2018-12-20,4.318582534790039
2018-12-21,3.9013450145721436
2018-12-24,3.6124889850616455
2018-12-26,4.268470764160156
2018-12-27,4.329178333282471
2018-12-28,4.3113226890563965
2018-12-31,4.408929347991943
2019-01-02,4.472015380859375
2019-01-03,4.038740158081055
2019-01-04,4.555337905883789
2019-01-07,4.700556755065918
2019-01-08,4.8362531661987305
2019-01-09,4.9505228996276855
2019-01-10,4.998135566711426
2019-01-11,4.938620567321777
2019-01-14,4.810064315795898
2019-01-15,5.07669734954834
2019-01-16,5.083837985992432
2019-01-17,5.202869892120361
2019-01-18,5.345708847045898
2019-01-22,5.050508975982666
2019-01-23,5.055271148681641
2019-01-24,5.1445441246032715
2019-01-25,5.327852725982666
2019-01-28,5.13145112991333
2019-01-29,4.986233234405518
2019-01-30,5.35999059677124
2019-01-31,5.59567403793335
2019-02-01,5.524255275726318
2019-02-04,5.726607799530029
2019-02-05,5.877779006958008
2019-02-06,5.831357002258301
2019-02-07,5.5932936668396
2019-02-08,5.621861934661865
2019-02-11,5.608767509460449
2019-02-12,5.851592063903809
2019-02-13,5.863494396209717
2019-02-14,5.884920597076416
2019-02-15,5.9551496505737305
2019-02-19,5.9908599853515625
2019-02-20,5.986095905303955
2019-02-21,5.91825008392334
2019-02-22,6.046804428100586
2019-02-25,6.113461017608643
2019-02-26,6.132506370544434
2019-02-27,6.113461017608643
2019-02-28,6.075371265411377
2019-03-01,6.196784019470215
2019-03-04,6.197973251342773
2019-03-05,6.213449001312256
2019-03-06,6.106318950653076
2019-03-07,5.883729934692383
2019-03-08,5.850400447845459
2019-03-11,6.215829849243164
2019-03-12,6.317005157470703
2019-03-13,6.453891754150391
2019-03-14,6.425323963165283
2019-03-15,6.5848259925842285
2019-03-18,6.644341945648193
2019-03-19,6.710999965667725
2019-03-20,6.788397312164307
2019-03-21,7.102753162384033
2019-03-22,6.638364315032959
2019-03-25,6.596689701080322
2019-03-26,6.6871843338012695
2019-03-27,6.556203842163086
2019-03-28,6.597879409790039
2019-03-29,6.7467217445373535
2019-04-01,7.012255668640137
2019-04-02,7.089654445648193
2019-04-03,7.212300777435303
2019-04-04,7.2015838623046875
2019-04-05,7.309941291809082
2019-04-08,7.367095947265625
2019-04-09,7.286125659942627
2019-04-10,7.4040093421936035
2019-04-11,7.348043918609619
2019-04-12,7.438540458679199
2019-04-15,7.444494247436523
2019-04-16,7.517129898071289
2019-04-17,7.5921454429626465
2019-04-18,7.615961074829102
2019-04-22,7.680260181427002
2019-04-23,7.971990585327148
2019-04-24,7.894594192504883
2019-04-25,7.982706546783447
2019-04-26,8.011285781860352
2019-04-29,8.054154396057129
2019-04-30,7.8695878982543945
2019-05-01,7.7790913581848145
2019-05-02,7.68383264541626
2019-05-03,8.045816421508789
2019-05-06,7.901738166809082
2019-05-07,7.442111968994141
2019-05-08,7.376621723175049
2019-05-09,7.259929656982422
2019-05-10,7.280171871185303
2019-05-13,6.527625560760498
2019-05-14,6.732432842254639
2019-05-15,7.012255668640137
2019-05-16,7.23135232925415
2019-05-17,7.006302833557129
2019-05-20,6.655034065246582
2019-05-21,6.855079650878906
2019-05-22,6.765773773193359
2019-05-23,6.446655750274658
2019-05-24,6.437129497528076
2019-05-28,6.368067264556885
2019-05-29,6.208508014678955
2019-05-30,6.282333850860596
2019-05-31,5.979886531829834
2019-06-03,5.597659587860107
2019-06-04,6.051331520080566
2019-06-05,6.184693813323975
2019-06-06,6.327581882476807
2019-06-07,6.688375473022461
2019-06-10,6.9324774742126465
2019-06-11,6.958673000335693
2019-06-12,6.840789794921875
2019-06-13,6.9527201652526855
2019-06-14,6.862223148345947
2019-06-17,6.987250804901123
2019-06-18,7.289699077606201
2019-06-19,7.375431060791016
2019-06-20,7.577856063842773
2019-06-21,7.543325424194336
2019-06-24,7.540944576263428
2019-06-25,7.155144214630127
2019-06-26,7.245640277862549
2019-06-27,7.324228763580322
2019-06-28,7.355188846588135
2019-07-01,7.648110389709473
2019-07-02,7.740988731384277
2019-07-03,7.912453651428223
2019-07-05,7.86125373840332
2019-07-08,7.695739269256592
2019-07-09,7.811241149902344
2019-07-10,8.042244911193848
2019-07-11,8.020811080932617
2019-07-12,8.155363082885742
2019-07-15,8.224427223205566
2019-07-16,8.107733726501465
2019-07-17,7.9874725341796875
2019-07-18,8.022002220153809
2019-07-19,7.827911853790283
2019-07-22,8.012476921081543
2019-07-23,8.16727066040039
2019-07-24,8.341119766235352
2019-07-25,8.102972984313965
2019-07-26,8.343501091003418
2019-07-29,8.266103744506836
2019-07-30,8.155363082885742
2019-07-31,7.811241149902344
2019-08-01,7.701694488525391
2019-08-02,7.349234580993652
2019-08-05,6.577638149261475
2019-08-06,6.847933769226074
2019-08-07,6.947957515716553
2019-08-08,7.407580852508545
2019-08-09,7.188485145568848
2019-08-12,6.947957515716553
2019-08-13,7.4040093421936035
2019-08-14,6.740767955780029
2019-08-15,6.7121901512146
2019-08-16,7.021782398223877
2019-08-19,7.350425720214844
2019-08-20,7.199202060699463
2019-08-21,7.382575511932373
2019-08-22,7.311131954193115
2019-08-23,6.6419358253479
2019-08-26,6.911043167114258
2019-08-27,6.8693671226501465
2019-08-28,6.9384307861328125
2019-08-29,7.253975868225098
2019-08-30,7.202774524688721
2019-09-03,6.993204593658447
2019-09-04,7.287316799163818
2019-09-05,7.689786911010742
2019-09-06,7.668354034423828
2019-09-09,7.619532108306885
2019-09-10,7.556422710418701
2019-09-11,7.760039806365967
2019-09-12,7.856489658355713
2019-09-13,7.77313756942749
2019-09-16,7.665970802307129
2019-09-17,7.767185688018799
2019-09-18,7.762421607971191
2019-09-19,7.7969536781311035
2019-09-20,7.551660537719727
2019-09-23,7.558804035186768
2019-09-24,7.259929656982422
2019-09-25,7.492122650146484
2019-09-26,7.417106628417969
2019-09-27,7.148000240325928
2019-09-30,7.338517665863037
2019-10-01,7.161098957061768
2019-10-02,6.794352054595947
2019-10-03,7.018210411071777
2019-10-04,7.313512802124023
2019-10-07,7.245640277862549
2019-10-08,6.915807247161865
2019-10-09,7.125377178192139
2019-10-10,7.281363487243652
2019-10-11,7.554042339324951
2019-10-14,7.562375545501709
2019-10-15,7.849346160888672
2019-10-16,7.790999412536621
2019-10-17,7.844582557678223
2019-10-18,7.619532108306885
2019-10-21,7.820765972137451
2019-10-22,7.639775276184082
2019-10-23,7.675497055053711
2019-10-24,7.895785808563232
2019-10-25,8.07558536529541
2019-10-28,8.322066307067871
2019-10-29,8.130359649658203
2019-10-30,8.244668960571289
2019-10-31,8.250622749328613
2019-11-01,8.474481582641602
2019-11-04,8.625704765319824
2019-11-05,8.636421203613281
2019-11-06,8.581646919250488
2019-11-07,8.668571472167969
2019-11-08,8.770976066589355
2019-11-11,8.734062194824219
2019-11-12,8.805506706237793
2019-11-13,8.792407989501953
2019-11-14,8.790026664733887
2019-11-15,8.95553970336914
2019-11-18,9.00197982788086
2019-11-19,9.038891792297363
2019-11-20,8.880524635314941
2019-11-21,8.811461448669434
2019-11-22,8.835274696350098
2019-11-25,9.141294479370117
2019-11-26,9.196070671081543
2019-11-27,9.381824493408203
2019-11-29,9.256799697875977
2019-12-02,8.959112167358398
2019-12-03,8.757878303527832
2019-12-04,8.887669563293457
2019-12-05,8.934107780456543
2019-12-06,9.210357666015625
2019-12-09,9.09723949432373
2019-12-10,9.076995849609375
2019-12-11,9.2139310836792
2019-12-12,9.42469310760498
2019-12-13,9.509232521057129
2019-12-16,9.781912803649902
2019-12-17,9.795012474060059
2019-12-18,9.817632675170898
2019-12-19,10.017679214477539
2019-12-20,10.13675308227539
2019-12-23,10.211769104003906
2019-12-24,10.224992752075195
2019-12-26,10.490622520446777
2019-12-27,10.459651947021484
2019-12-30,10.251195907592773
2019-12-31,10.309565544128418
2020-01-02,10.820576667785645
2020-01-03,10.52635669708252
2020-01-06,10.72647476196289
2020-01-07,10.713371276855469
2020-01-08,10.959942817687988
2020-01-09,11.236297607421875
2020-01-10,11.144573211669922
2020-01-13,11.534087181091309
2020-01-14,11.399483680725098
2020-01-15,11.406631469726562
2020-01-16,11.724674224853516
2020-01-17,11.899772644042969
2020-01-21,11.893816947937012
2020-01-22,11.974818229675293
2020-01-23,12.085597038269043
2020-01-24,11.772318840026855
2020-01-27,11.044516563415527
2020-01-28,11.557908058166504
2020-01-29,11.599599838256836
2020-01-30,11.730629920959473
2020-01-31,11.15410327911377
2020-02-03,11.666305541992188
2020-02-04,12.463196754455566
2020-02-05,12.607329368591309
2020-02-06,12.914650917053223
2020-02-07,12.74788761138916
2020-02-10,13.207679748535156
2020-02-11,13.217205047607422
2020-02-12,13.604336738586426
2020-02-13,13.551924705505371
2020-02-14,13.643646240234375
2020-02-18,13.667469024658203
2020-02-19,14.06293773651123
2020-02-20,13.662703514099121
2020-02-21,12.881296157836914
2020-02-24,11.397099494934082
2020-02-25,10.475138664245605
2020-02-26,10.619270324707031
2020-02-27,9.031438827514648
2020-02-28,9.171998023986816
2020-03-02,10.423917770385742
2020-03-03,9.442394256591797
2020-03-04,10.588297843933105
2020-03-05,9.659184455871582
2020-03-06,9.15294075012207
2020-03-09,7.293525218963623
2020-03-10,8.428709030151367
2020-03-11,7.344746112823486
2020-03-12,5.331671237945557
2020-03-13,6.770602703094482
2020-03-16,4.437103271484375
2020-03-17,5.16014289855957
2020-03-18,4.682484149932861
2020-03-19,4.79088020324707
2020-03-20,4.229839324951172
2020-03-23,4.242943286895752
2020-03-24,5.1887311935424805
2020-03-25,5.068422794342041
2020-03-26,5.8939032554626465
2020-03-27,5.281641483306885
2020-03-30,5.836725234985352
2020-03-31,5.6747260093688965
2020-04-01,4.970747947692871
2020-04-02,5.264965534210205
2020-04-03,5.052937984466553
2020-04-06,6.110694885253906
2020-04-07,6.098783493041992
2020-04-08,6.488295078277588
2020-04-09,6.512118339538574
2020-04-13,6.738440990447998
2020-04-14,7.612757682800293
2020-04-15,7.360231399536133
2020-04-16,7.754508018493652
2020-04-17,7.948670387268066
2020-04-20,7.691376686096191
2020-04-21,6.840881824493408
2020-04-22,7.445994853973389
2020-04-23,7.397156715393066
2020-04-24,7.754508018493652
2020-04-27,7.905787944793701
2020-04-28,7.478157043457031
2020-04-29,8.255989074707031
2020-04-30,8.310783386230469
2020-05-01,7.565110683441162
2020-05-04,7.831933975219727
2020-05-05,8.08207893371582
2020-05-06,8.24169635772705
2020-05-07,8.563311576843262
2020-05-08,8.9087495803833
2020-05-11,9.130308151245117
2020-05-12,8.587133407592773
2020-05-13,8.261945724487305
2020-05-14,8.535916328430176
2020-05-15,8.682427406311035
2020-05-18,9.185099601745605
2020-05-19,9.11482048034668
2020-05-20,9.648466110229492
2020-05-21,9.351866722106934
2020-05-22,9.43643856048584
2020-05-26,9.397130966186523
2020-05-27,9.529348373413086
2020-05-28,9.468598365783691
2020-05-29,9.85930061340332
2020-06-01,9.980802536010742
2020-06-02,10.179727554321289
2020-06-03,10.317902565002441
2020-06-04,10.108257293701172
2020-06-05,10.707416534423828
2020-06-08,10.945649147033691
2020-06-09,11.189839363098145
2020-06-10,11.593645095825195
2020-06-11,9.886699676513672
2020-06-12,10.101109504699707
2020-06-15,10.457270622253418
2020-06-16,11.009974479675293
2020-06-17,11.117176055908203
2020-06-18,11.20294189453125
2020-06-19,11.187455177307129
2020-06-22,11.585306167602539
2020-06-23,11.88786506652832
2020-06-24,11.187455177307129
2020-06-25,11.484057426452637
2020-06-26,10.658577919006348
2020-06-29,10.999251365661621
2020-06-30,11.63176155090332
2020-07-01,12.047478675842285
2020-07-02,12.303580284118652
2020-07-06,13.207679748535156
2020-07-07,12.948003768920898
2020-07-08,13.44590950012207
2020-07-09,13.781822204589844
2020-07-10,14.073659896850586
2020-07-13,13.204103469848633
2020-07-14,13.484029769897461
2020-07-15,13.55073356628418
2020-07-16,13.260089874267578
2020-07-17,13.322031021118164
2020-07-20,14.456023216247559
2020-07-21,13.993851661682129
2020-07-22,14.155848503112793
2020-07-23,13.04687213897705
2020-07-24,12.660931587219238
2020-07-27,13.341089248657227
2020-07-28,12.839606285095215
2020-07-29,13.276766777038574
2020-07-30,13.492366790771484
2020-07-31,14.220170974731445
2020-08-03,14.750242233276367
2020-08-04,14.94201946258545
2020-08-05,15.061136245727539
2020-08-06,15.637661933898926
2020-08-07,15.126649856567383
2020-08-10,14.92296028137207
2020-08-11,14.07603931427002
2020-08-12,15.129032135009766
2020-08-13,15.235047340393066
2020-08-14,15.190972328186035
2020-08-17,15.692460060119629
2020-08-18,16.153438568115234
2020-08-19,15.83777904510498
2020-08-20,16.489347457885742
2020-08-21,16.83359718322754
2020-08-24,17.145681381225586
2020-08-25,17.545913696289062
2020-08-26,18.6691837310791
2020-08-27,18.500043869018555
2020-08-28,18.78592300415039
2020-08-31,19.220699310302734
2020-09-01,20.21889305114746
2020-09-02,20.78946304321289
2020-09-03,17.597137451171875
2020-09-04,16.87171173095703
2020-09-08,14.486992835998535
2020-09-09,15.731765747070312
2020-09-10,14.821710586547852
2020-09-11,14.497712135314941
2020-09-14,15.24457836151123
2020-09-15,15.892576217651367
2020-09-16,15.129032135009766
2020-09-17,14.43220043182373
2020-09-18,13.874733924865723
2020-09-21,14.039113998413086
2020-09-22,14.806227684020996
2020-09-23,13.435192108154297
2020-09-24,13.631735801696777
2020-09-25,14.587050437927246
2020-09-28,15.451839447021484
2020-09-29,15.289840698242188
2020-09-30,15.59239673614502
2020-10-01,16.322580337524414
2020-10-02,14.976563453674316
2020-10-05,15.921157836914062
2020-10-06,15.065900802612305
2020-10-07,15.858027458190918
2020-10-08,16.09149742126465
2020-10-09,16.807392120361328
2020-10-12,18.374963760375977
2020-10-13,18.377349853515625
2020-10-14,17.92351531982422
2020-10-15,17.553062438964844
2020-10-16,17.283855438232422
2020-10-19,16.425024032592773
2020-10-20,16.531036376953125
2020-10-21,16.488157272338867
2020-10-22,16.496496200561523
2020-10-23,16.592979431152344
2020-10-26,15.836583137512207
2020-10-27,16.21061134338379
2020-10-28,14.308317184448242
2020-10-29,15.036121368408203
2020-10-30,13.990275382995605
2020-11-02,13.995040893554688
2020-11-03,14.69902229309082
2020-11-04,16.685890197753906
2020-11-05,17.973541259765625
2020-11-06,18.034292221069336
2020-11-09,16.933656692504883
2020-11-10,16.02002716064453
2020-11-11,17.09684181213379
2020-11-12,16.846696853637695
2020-11-13,17.288619995117188
2020-11-16,17.686473846435547
2020-11-17,17.523283004760742
2020-11-18,17.117090225219727
2020-11-19,17.541147232055664
2020-11-20,17.18498992919922
2020-11-23,17.18856430053711
2020-11-24,17.891353607177734
2020-11-25,18.228452682495117
2020-11-27,18.72636604309082
2020-11-30,18.822845458984375
2020-12-01,19.562562942504883
2020-12-02,19.641178131103516
2020-12-03,19.72098731994629
2020-12-04,19.96279525756836
2020-12-07,20.30108642578125
2020-12-08,20.48691177368164
2020-12-09,19.11468505859375
2020-12-10,19.349346160888672
2020-12-11,19.213552474975586
2020-12-14,19.623310089111328
2020-12-15,20.233192443847656
2020-12-16,20.572673797607422
2020-12-17,20.994348526000977
2020-12-18,20.765642166137695
2020-12-21,20.688215255737305
2020-12-22,20.851408004760742
2020-12-23,20.53693962097168
2020-12-24,20.80375862121582
2020-12-28,21.42793083190918
2020-12-29,21.49106216430664
2020-12-30,21.487489700317383
2020-12-31,21.65544891357422
2021-01-04,20.708467483520508
2021-01-05,21.227815628051758
2021-01-06,20.349924087524414
2021-01-07,21.819826126098633
2021-01-08,22.665552139282227
2021-01-11,21.663782119750977
2021-01-12,21.569684982299805
2021-01-13,21.98897933959961
2021-01-14,21.654254913330078
2021-01-15,21.127756118774414
2021-01-19,22.043764114379883
2021-01-20,23.58037567138672
2021-01-21,24.16642951965332
2021-01-22,23.94725227355957
2021-01-25,24.61192512512207
2021-01-26,24.638134002685547
2021-01-27,22.651264190673828
2021-01-28,22.98478889465332
2021-01-29,21.55300521850586
2021-02-01,23.13726043701172
2021-02-02,24.256956100463867
2021-02-03,23.978221893310547
2021-02-04,24.826337814331055
2021-02-05,25.08601188659668
2021-02-08,25.576772689819336
2021-02-09,25.564861297607422
2021-02-10,25.38380241394043
2021-02-11,25.793567657470703
2021-02-12,26.231916427612305
2021-02-16,26.012741088867188
2021-02-17,25.650625228881836
2021-02-18,25.30518913269043
2021-02-19,24.97165870666504
2021-02-22,23.037199020385742
2021-02-23,22.832317352294922
2021-02-24,23.38264274597168
2021-02-25,20.940750122070312
2021-02-26,21.255210876464844
2021-03-01,23.108671188354492
2021-03-02,22.000886917114258
2021-03-03,20.09263038635254
2021-03-04,19.09919548034668
2021-03-05,19.954456329345703
2021-03-08,18.248701095581055
2021-03-09,20.397571563720703
2021-03-10,20.223661422729492
2021-03-11,21.626861572265625
2021-03-12,21.08844757080078
2021-03-15,21.762651443481445
2021-03-16,22.1200008392334
2021-03-17,22.398731231689453
2021-03-18,20.3427791595459
2021-03-19,20.602455139160156
2021-03-22,21.700708389282227
2021-03-23,21.417213439941406
2021-03-24,20.33563232421875
2021-03-25,20.226043701171875
2021-03-26,21.119422912597656
2021-03-29,21.107511520385742
2021-03-30,20.807336807250977
2021-03-31,21.741209030151367
2021-04-01,22.846616744995117
2021-04-05,24.218841552734375
2021-04-06,24.161664962768555
2021-04-07,24.34033966064453
2021-04-08,25.100303649902344
2021-04-09,25.555330276489258
2021-04-12,25.45527458190918
2021-04-13,26.32720947265625
2021-04-14,25.402864456176758
2021-04-15,26.524940490722656
2021-04-16,26.636911392211914
2021-04-19,25.910301208496094
2021-04-20,25.343303680419922
2021-04-21,25.984149932861328
2021-04-22,25.03836441040039
2021-04-23,25.981769561767578
2021-04-26,26.496356964111328
2021-04-27,26.14853286743164
2021-04-28,25.87932586669922
2021-04-29,26.13900375366211
2021-04-30,25.64824104309082
2021-05-03,25.228952407836914
2021-05-04,23.899606704711914
2021-05-05,23.620872497558594
2021-05-06,24.137840270996094
2021-05-07,24.728662490844727
2021-05-10,22.87043571472168
2021-05-11,22.75608253479004
2021-05-12,21.024126052856445
2021-05-13,21.467241287231445
2021-05-14,22.863292694091797
2021-05-17,22.477354049682617
2021-05-18,22.005651473999023
2021-05-19,22.08664894104004
2021-05-20,23.36358070373535
2021-05-21,22.977638244628906
2021-05-24,24.128311157226562
2021-05-25,24.24504852294922
2021-05-26,24.49043083190918
2021-05-27,24.204545974731445
2021-05-28,24.440397262573242
2021-06-01,24.202165603637695
2021-06-02,24.32843017578125
2021-06-03,23.56369972229004
2021-06-04,24.77154541015625
2021-06-07,24.99071502685547
2021-06-08,25.01930809020996
2021-06-09,25.04789161682129
2021-06-10,25.815006256103516
2021-06-11,26.01988983154297
2021-06-14,26.748884201049805
2021-06-15,26.25335693359375
2021-06-16,25.972238540649414
2021-06-17,26.941850662231445
2021-06-18,26.298625946044922
2021-06-21,26.779857635498047
2021-06-22,27.52790641784668
2021-06-23,27.5755558013916
2021-06-24,28.082990646362305
2021-06-25,27.994842529296875
2021-06-28,28.985898971557617
2021-06-29,29.31227684020996
2021-06-30,29.183629989624023
2021-07-01,29.19792366027832
2021-07-02,30.188976287841797
2021-07-06,30.593976974487305
2021-07-07,30.789329528808594
2021-07-08,30.25568199157715
2021-07-09,30.76788330078125
2021-07-12,31.153827667236328
2021-07-13,31.137147903442383
2021-07-14,31.306297302246094
2021-07-15,30.65829849243164
2021-07-16,29.905481338500977
2021-07-19,29.188396453857422
2021-07-20,30.15085792541504
2021-07-21,30.839351654052734
2021-07-22,31.487354278564453
2021-07-23,32.5331916809082
2021-07-26,32.66899490356445
2021-07-27,31.601699829101562
2021-07-28,31.947139739990234
2021-07-29,32.10438537597656
2021-07-30,31.623151779174805
2021-08-02,31.613609313964844
2021-08-03,32.163936614990234
2021-08-04,32.32354736328125
2021-08-05,32.931053161621094
2021-08-06,32.50222396850586
2021-08-09,32.67613983154297
2021-08-10,32.18775939941406
2021-08-11,32.013851165771484
2021-08-12,32.34736251831055
2021-08-13,32.67136764526367
2021-08-16,32.728546142578125
2021-08-17,31.868520736694336
2021-08-18,30.941801071166992
2021-08-19,31.38252830505371
2021-08-20,32.35213851928711
2021-08-23,33.79345703125
2021-08-24,34.126983642578125
2021-08-25,34.165096282958984
2021-08-26,33.586181640625
2021-08-27,34.567710876464844
2021-08-30,35.713623046875
2021-08-31,35.61355972290039
2021-09-01,35.80891036987305
2021-09-02,35.758880615234375
2021-09-03,36.08049392700195
2021-09-07,36.22820281982422
2021-09-08,35.85655975341797
2021-09-09,35.47300338745117
2021-09-10,34.6749153137207
2021-09-13,34.59630584716797
2021-09-14,34.29851150512695
2021-09-15,35.058475494384766
2021-09-16,35.1275634765625
2021-09-17,33.88636779785156
2021-09-20,31.80181312561035
2021-09-21,31.842315673828125
2021-09-22,32.77381896972656
2021-09-23,33.68387222290039
2021-09-24,33.77915573120117
2021-09-27,32.96439743041992
2021-09-28,30.215179443359375
2021-09-29,30.015066146850586
2021-09-30,29.676774978637695
2021-10-01,30.217567443847656
2021-10-04,28.35934066772461
2021-10-05,29.450456619262695
2021-10-06,30.031742095947266
2021-10-07,30.8441219329834
2021-10-08,30.37003517150879
2021-10-11,29.695833206176758
2021-10-12,29.393274307250977
2021-10-13,30.081771850585938
2021-10-14,31.74226951599121
2021-10-15,32.33070373535156
2021-10-18,33.30030822753906
2021-10-19,34.03169631958008
2021-10-20,33.92448043823242
2021-10-21,34.531982421875
2021-10-22,33.65766143798828
2021-10-25,34.66777420043945
2021-10-26,34.991764068603516
2021-10-27,35.26812744140625
2021-10-28,36.425933837890625
2021-10-29,36.96434783935547
2021-11-01,37.32883834838867
2021-11-02,37.82674789428711
2021-11-03,39.02745056152344
2021-11-04,40.483055114746094
2021-11-05,40.633148193359375
2021-11-08,40.46638488769531
2021-11-09,39.63256072998047
2021-11-10,37.895843505859375
2021-11-11,38.203155517578125
2021-11-12,39.41576385498047
2021-11-15,39.40385818481445
2021-11-16,40.21861267089844
2021-11-17,40.266265869140625
2021-11-18,41.49793243408203
2021-11-19,42.200721740722656
2021-11-22,40.73796081542969
2021-11-23,40.182884216308594
2021-11-24,40.55453109741211
2021-11-26,38.31752014160156
2021-11-29,40.69746398925781
2021-11-30,38.94883346557617
2021-12-01,36.950050354003906
2021-12-02,37.64569091796875
2021-12-03,35.754119873046875
2021-12-06,36.59032440185547
2021-12-07,39.88985824584961
2021-12-08,40.4449348449707
2021-12-09,38.698692321777344
2021-12-10,39.897003173828125
2021-12-13,38.18171691894531
2021-12-14,37.04534149169922
2021-12-15,39.496768951416016
2021-12-16,36.48310852050781
2021-12-17,35.92564392089844
2021-12-20,34.85121154785156
2021-12-21,37.1811408996582
2021-12-22,38.50809860229492
2021-12-23,39.422916412353516
2021-12-27,41.307350158691406
2021-12-28,40.82135009765625
2021-12-29,40.757022857666016
2021-12-30,40.3758544921875
2021-12-31,39.62541198730469
2022-01-03,40.76893615722656
2022-01-04,39.1846809387207
2022-01-05,35.580204010009766
2022-01-06,35.48252868652344
2022-01-07,34.32233428955078
2022-01-10,34.4485969543457
2022-01-11,35.96376037597656
2022-01-12,36.37351608276367
2022-01-13,33.7338981628418
2022-01-14,34.24371337890625
2022-01-18,31.775615692138672
2022-01-19,30.67021369934082
2022-01-20,29.483806610107422
2022-01-21,27.00140953063965
2022-01-24,27.39211654663086
2022-01-25,25.371889114379883
2022-01-26,25.324247360229492
2022-01-27,24.56666374206543
2022-01-28,26.858470916748047
2022-01-31,29.45998191833496
2022-02-01,30.022214889526367
2022-02-02,30.73215103149414
2022-02-03,27.03476333618164
2022-02-04,27.968639373779297
2022-02-07,27.334938049316406
2022-02-08,28.264055252075195
2022-02-09,30.01744842529297
2022-02-10,28.025815963745117
2022-02-11,25.386186599731445
2022-02-14,25.457653045654297
2022-02-15,27.30158233642578
2022-02-16,27.296823501586914
2022-02-17,24.876365661621094
2022-02-18,24.033018112182617
2022-02-22,23.289730072021484
2022-02-23,21.507741928100586
2022-02-24,23.613727569580078
2022-02-25,24.733421325683594
2022-02-28,24.995479583740234
2022-03-01,23.842432022094727
2022-03-02,24.98118782043457
2022-03-03,23.937725067138672
2022-03-04,22.913318634033203
2022-03-07,20.354692459106445
2022-03-08,20.073577880859375
2022-03-09,22.222442626953125
2022-03-10,21.507741928100586
2022-03-11,20.173635482788086
2022-03-14,18.991994857788086
2022-03-15,20.750158309936523
2022-03-16,23.080081939697266
2022-03-17,23.85196304321289
2022-03-18,25.333770751953125
2022-03-21,25.15271759033203
2022-03-22,26.63929557800293
2022-03-23,25.514829635620117
2022-03-24,27.168176651000977
2022-03-25,27.125293731689453
2022-03-28,28.35934066772461
2022-03-29,29.812570571899414
2022-03-30,28.916812896728516
2022-03-31,27.720874786376953
2022-04-01,27.601760864257812
2022-04-04,29.326570510864258
2022-04-05,27.387348175048828
2022-04-06,25.586307525634766
2022-04-07,25.753063201904297
2022-04-08,24.700069427490234
2022-04-11,22.94666862487793
2022-04-12,22.651264190673828
2022-04-13,24.009193420410156
2022-04-14,22.393972396850586
2022-04-18,22.455907821655273
2022-04-19,23.899606704711914
2022-04-20,22.82278823852539
2022-04-21,21.483917236328125
2022-04-22,19.77816390991211
2022-04-25,20.51192283630371
2022-04-26,18.20582389831543
2022-04-27,18.124820709228516
2022-04-28,20.040224075317383
2022-04-29,17.40535545349121
2022-05-02,18.224876403808594
2022-05-03,18.26776123046875
2022-05-04,20.07834243774414
2022-05-05,17.086118698120117
2022-05-06,16.490537643432617
2022-05-09,14.541786193847656
2022-05-10,15.04207706451416
2022-05-11,13.703206062316895
2022-05-12,13.59361743927002
2022-05-13,15.070666313171387
2022-05-16,14.603727340698242
2022-05-17,15.70436954498291
2022-05-18,13.412558555603027
2022-05-19,13.140973091125488
2022-05-20,13.026618957519531
2022-05-23,13.66985034942627
2022-05-24,12.816973686218262
2022-05-25,13.331560134887695
2022-05-26,14.446493148803711
2022-05-27,15.861603736877441
2022-05-31,15.7472505569458
2022-06-01,15.380370140075684
2022-06-02,16.62871551513672
2022-06-03,15.313663482666016
2022-06-06,15.504250526428223
2022-06-07,15.88066291809082
2022-06-08,15.556661605834961
2022-06-09,14.289259910583496
2022-06-10,12.764562606811523
2022-06-13,10.996870994567871
2022-06-14,11.068340301513672
2022-06-15,11.86403751373291
2022-06-16,10.41557788848877
2022-06-17,10.801518440246582
2022-06-21,11.616273880004883
2022-06-22,11.573392868041992
2022-06-23,12.068920135498047
2022-06-24,13.331560134887695
2022-06-27,13.01708984375
2022-06-28,11.830687522888184
2022-06-29,11.854513168334961
2022-06-30,11.43521785736084
2022-07-01,11.621041297912598
2022-07-05,12.221389770507812
2022-07-06,12.454859733581543
2022-07-07,13.226737022399902
2022-07-08,13.288678169250488
2022-07-11,12.44056510925293
2022-07-12,12.078449249267578
2022-07-13,12.002215385437012
2022-07-14,12.12609577178955
2022-07-15,12.764562606811523
2022-07-18,12.469152450561523
2022-07-19,13.560264587402344
2022-07-20,14.24161148071289
2022-07-21,14.846724510192871
2022-07-22,14.070084571838379
2022-07-25,13.860437393188477
2022-07-26,13.021854400634766
2022-07-27,14.646608352661133
2022-07-28,15.065900802612305
2022-07-29,15.894954681396484
2022-08-01,15.871134757995605
2022-08-02,15.723431587219238
2022-08-03,16.981300354003906
2022-08-04,17.22429847717285
2022-08-05,16.814537048339844
2022-08-08,16.643007278442383
2022-08-09,16.071247100830078
2022-08-10,17.39105987548828
2022-08-11,17.12900161743164
2022-08-12,18.09623146057129
2022-08-15,18.52981948852539
2022-08-16,18.410703659057617
2022-08-17,17.772235870361328
2022-08-18,17.891353607177734
2022-08-19,16.84311866760254
2022-08-22,15.518546104431152
2022-08-23,15.466133117675781
2022-08-24,15.585251808166504
2022-08-25,16.404769897460938
2022-08-26,14.40837574005127
2022-08-29,13.96526050567627
2022-08-30,13.498323440551758
2022-08-31,13.25055980682373
2022-09-01,13.264853477478027
2022-09-02,12.712151527404785
2022-09-06,12.421506881713867
2022-09-07,13.155268669128418
2022-09-08,13.369675636291504
2022-09-09,14.217790603637695
2022-09-12,14.737136840820312
2022-09-13,12.311919212341309
2022-09-14,12.588271141052246
2022-09-15,11.954569816589355
2022-09-16,11.721097946166992
2022-09-19,12.002215385437012
2022-09-20,11.716334342956543
2022-09-21,11.073102951049805
2022-09-22,10.663342475891113
2022-09-23,10.153520584106445
2022-09-26,10.015344619750977
2022-09-27,10.024876594543457
2022-09-28,10.610931396484375
2022-09-29,9.715170860290527
2022-09-30,9.205351829528809
2022-10-03,9.843816757202148
2022-10-04,10.758636474609375
2022-10-05,10.758636474609375
2022-10-06,10.48705005645752
2022-10-07,9.291117668151855
2022-10-10,9.000470161437988
2022-10-11,8.643117904663086
2022-10-12,8.62406063079834
2022-10-13,9.200587272644043
2022-10-14,8.37153434753418
2022-10-17,9.195821762084961
2022-10-18,9.424525260925293
2022-10-19,9.310174942016602
2022-10-20,9.15294075012207
2022-10-21,9.800936698913574
2022-10-24,10.134464263916016
2022-10-25,10.744338989257812
2022-10-26,10.034405708312988
2022-10-27,9.481703758239746
2022-10-28,10.33934497833252
2022-10-31,9.98199462890625
2022-11-01,9.672289848327637
2022-11-02,8.671708106994629
2022-11-03,8.171419143676758
2022-11-04,8.552590370178223
2022-11-07,8.824177742004395
2022-11-08,9.014762878417969
2022-11-09,8.38582706451416
2022-11-10,10.220226287841797
2022-11-11,10.801518440246582
2022-11-14,10.51563549041748
2022-11-15,10.939690589904785
2022-11-16,10.496578216552734
2022-11-17,10.41557788848877
2022-11-18,10.406050682067871
2022-11-21,10.091581344604492
2022-11-22,10.51563549041748
2022-11-23,10.830105781555176
2022-11-25,10.60616683959961
2022-11-28,10.139227867126465
2022-11-29,9.89622974395752
2022-11-30,11.225573539733887
2022-12-01,11.287517547607422
2022-12-02,11.15410327911377
2022-12-05,10.591872215270996
2022-12-06,9.920053482055664
2022-12-07,9.800936698913574
2022-12-08,10.148755073547363
2022-12-09,9.953404426574707
2022-12-12,10.31551742553711
2022-12-13,10.639518737792969
2022-12-14,10.38698959350586
2022-12-15,9.357818603515625
2022-12-16,9.081469535827637
2022-12-19,8.705058097839355
2022-12-20,8.666943550109863
2022-12-21,9.043353080749512
2022-12-22,8.400614738464355
2022-12-23,8.424560546875
2022-12-27,8.065357208251953
2022-12-28,7.739676475524902
2022-12-29,8.285666465759277
2022-12-30,8.285666465759277
2023-01-03,8.098880767822266
2023-01-04,8.223404884338379
2023-01-05,7.835464000701904
2023-01-06,8.448507308959961
2023-01-09,8.625715255737305
2023-01-10,8.855607986450195
2023-01-11,9.296232223510742
2023-01-12,9.439913749694824
2023-01-13,9.626701354980469
2023-01-17,9.679386138916016
2023-01-18,9.320178985595703
2023-01-19,9.02802562713623
2023-01-20,9.765593528747559
2023-01-23,10.407373428344727
2023-01-24,10.345113754272461
2023-01-25,10.268482208251953
2023-01-26,10.862369537353516
2023-01-27,11.173677444458008
2023-01-30,10.503162384033203
2023-01-31,10.97252368927002
2023-02-01,11.681355476379395
2023-02-02,12.888285636901855
2023-02-03,12.22255802154541
2023-02-06,11.911246299743652
2023-02-07,12.64881420135498
2023-02-08,11.968721389770508
2023-02-09,11.647830963134766
2023-02-10,11.408357620239258
2023-02-13,11.949563980102539
2023-02-14,12.208189010620117
2023-02-15,12.481184959411621
2023-02-16,11.767563819885254
2023-02-17,11.513725280761719
2023-02-21,10.70431900024414
2023-02-22,10.713896751403809
2023-02-23,10.982105255126953
2023-02-24,10.426532745361328
2023-02-27,10.651634216308594
2023-02-28,10.598949432373047
2023-03-01,10.340323448181152
2023-03-02,10.589371681213379
2023-03-03,11.235940933227539
2023-03-06,11.283835411071777
2023-03-07,10.862369537353516
2023-03-08,11.01083755493164
2023-03-09,10.43132209777832
2023-03-10,10.000274658203125
2023-03-13,10.215799331665039
2023-03-14,10.910263061523438
2023-03-15,11.068312644958496
2023-03-16,11.944771766662598
2023-03-17,11.767563819885254
2023-03-20,11.89208984375
2023-03-21,12.394976615905762
2023-03-22,11.88915729522705
2023-03-23,12.313081741333008
2023-03-24,12.438331604003906
2023-03-27,12.183013916015625
2023-03-28,11.980687141418457
2023-03-29,12.635841369628906
2023-03-30,12.977873802185059
2023-03-31,13.61375904083252
2023-04-03,13.517413139343262
2023-04-04,13.382527351379395
2023-04-05,12.953784942626953
2023-04-06,13.213921546936035
2023-04-10,13.185018539428711
2023-04-11,12.929699897766113
2023-04-12,12.587668418884277
2023-04-13,13.31026840209961
2023-04-14,13.233190536499023
2023-04-17,13.247642517089844
2023-04-18,13.257277488708496
2023-04-19,13.228373527526855
2023-04-20,12.920064926147461
2023-04-21,12.94415283203125
2023-04-24,12.867074966430664
2023-04-25,12.13965892791748
2023-04-26,12.341987609863281
2023-04-27,13.339174270629883
2023-04-28,13.608942985534668
2023-05-01,13.570404052734375
2023-05-02,13.209105491638184
2023-05-03,12.948966979980469
2023-05-04,12.804449081420898
2023-05-05,13.589672088623047
2023-05-08,13.700472831726074
2023-05-09,13.435519218444824
2023-05-10,13.869078636169434
2023-05-11,13.984696388244629
2023-05-12,13.84017276763916
2023-05-15,14.052135467529297
2023-05-16,14.105130195617676
2023-05-17,14.610947608947754
2023-05-18,15.396169662475586
2023-05-19,15.29018783569336
2023-05-22,15.4491605758667
2023-05-23,14.851812362670898
2023-05-24,14.610947608947754
2023-05-25,15.66594123840332
2023-05-26,16.85099983215332
2023-05-30,17.08704948425293
2023-05-31,16.740201950073242
2023-06-01,17.347185134887695
2023-06-02,17.73738670349121
2023-06-05,17.775930404663086
2023-06-06,17.75665855407715
2023-06-07,16.85099983215332
2023-06-08,17.429079055786133
2023-06-09,17.641040802001953
2023-06-12,18.541879653930664
2023-06-13,18.956172943115234
2023-06-14,19.360830307006836
2023-06-15,20.040071487426758
2023-06-16,19.654685974121094
2023-06-20,19.558340072631836
2023-06-21,18.774494171142578
2023-06-22,19.397897720336914
2023-06-23,18.822824478149414
2023-06-26,18.078611373901367
2023-06-27,18.972631454467773
2023-06-28,19.0886173248291
2023-06-29,18.958131790161133
2023-06-30,19.81349754333496
2023-07-03,19.948810577392578
2023-07-05,19.934314727783203
2023-07-06,19.465551376342773
2023-07-07,19.267419815063477
2023-07-10,19.281917572021484
2023-07-11,19.557371139526367
2023-07-12,20.282257080078125
2023-07-13,21.29226303100586
2023-07-14,21.272932052612305
2023-07-17,21.862504959106445
2023-07-18,22.384418487548828
2023-07-19,22.384418487548828
2023-07-20,20.8138370513916
2023-07-21,20.63020133972168
2023-07-24,20.712352752685547
2023-07-25,21.12795639038086
2023-07-26,20.910490036010742
2023-07-27,20.73168182373047
2023-07-28,21.85283851623535
2023-07-31,21.89633560180664
2023-08-01,21.72719383239746
2023-08-02,20.306419372558594
2023-08-03,20.16144371032715
2023-08-04,19.881153106689453
2023-08-07,20.374073028564453
2023-08-08,19.852157592773438
2023-08-09,19.19009780883789
2023-08-10,19.277080535888672
2023-08-11,18.89047622680664
2023-08-14,19.518712997436523
2023-08-15,18.919475555419922
2023-08-16,18.29123878479004
2023-08-17,17.67267417907715
2023-08-18,17.59052085876465
2023-08-21,18.44105339050293
2023-08-22,18.358896255493164
2023-08-23,19.223922729492188
2023-08-24,17.957792282104492
2023-08-25,18.383058547973633
2023-08-28,18.793827056884766
2023-08-29,19.992305755615234
2023-08-30,20.32575225830078
2023-08-31,20.509387969970703
2023-09-01,20.436899185180664
2023-09-05,20.490055084228516
2023-09-06,19.948810577392578
2023-09-07,19.513879776000977
2023-09-08,19.571870803833008
2023-09-11,20.23876190185547
2023-09-12,19.59119987487793
2023-09-13,19.784503936767578
2023-09-14,20.248430252075195
2023-09-15,19.209426879882812
2023-09-18,19.25292205810547
2023-09-19,19.136938095092773
2023-09-20,18.307178497314453
2023-09-21,17.264511108398438
2023-09-22,17.27906036376953
2023-09-25,17.506996154785156
2023-09-26,16.726215362548828
2023-09-27,16.828052520751953
2023-09-28,17.23541831970215
2023-09-29,17.274215698242188
2023-10-02,17.686429977416992
2023-10-03,16.750457763671875
2023-10-04,17.429401397705078
2023-10-05,17.245119094848633
2023-10-06,18.113189697265625
2023-10-09,18.379919052124023
2023-10-10,18.68059539794922
2023-10-11,19.07826042175293
2023-10-12,18.855182647705078
2023-10-13,18.142292022705078
2023-10-16,18.75333595275879
2023-10-17,18.573902130126953
2023-10-18,17.78827476501465
2023-10-19,17.31300926208496
2023-10-20,16.5322265625
2023-10-23,16.677715301513672
2023-10-24,17.148128509521484
2023-10-25,15.892082214355469
2023-10-26,14.965814590454102
2023-10-27,15.179194450378418
2023-10-30,15.669005393981934
2023-10-31,15.896930694580078
2023-11-01,16.716510772705078
2023-11-02,17.60399055480957
2023-11-03,18.224735260009766
2023-11-06,18.433265686035156
2023-11-07,18.95217514038086
2023-11-08,18.986120223999023
2023-11-09,18.535106658935547
2023-11-10,19.771753311157227
2023-11-13,19.592315673828125
2023-11-14,20.824108123779297
2023-11-15,20.882305145263672
2023-11-16,20.916255950927734
2023-11-17,20.930801391601562
2023-11-20,21.67763328552246
2023-11-21,21.28481674194336
2023-11-22,21.532150268554688
2023-11-24,21.425457000732422
2023-11-27,21.36241340637207
2023-11-28,21.532150268554688
2023-11-29,21.45455551147461
2023-11-30,21.27511978149414
2023-12-01,21.45455551147461
2023-12-04,20.843505859375
2023-12-05,20.993844985961914
2023-12-06,20.620426177978516
2023-12-07,21.483654022216797
2023-12-08,21.74068260192871
2023-12-11,22.29353141784668
2023-12-12,22.831836700439453
2023-12-13,23.636869430541992
2023-12-14,23.598073959350586
2023-12-15,23.87934684753418
2023-12-18,24.378854751586914
2023-12-19,24.742570877075195
2023-12-20,23.643217086791992
2023-12-21,24.427427291870117
2023-12-22,24.524843215942383
2023-12-26,24.972963333129883
2023-12-27,25.10447883605957
2023-12-28,25.041156768798828
2023-12-29,24.69532585144043
2024-01-02,23.443513870239258
2024-01-03,22.693397521972656
2024-01-04,22.31346893310547
2024-01-05,22.396272659301758
2024-01-08,23.74550437927246
2024-01-09,23.9013729095459
2024-01-10,24.373849868774414
2024-01-11,24.49074935913086
2024-01-12,24.519973754882812
2024-01-16,24.505361557006836
2024-01-17,24.081594467163086
2024-01-18,25.114221572875977
2024-01-19,26.56574249267578
2024-01-22,26.672895431518555
2024-01-23,26.989505767822266
2024-01-24,27.432758331298828
2024-01-25,27.51068878173828
2024-01-26,27.00411605834961
2024-01-29,27.79806900024414
2024-01-30,27.242794036865234
2024-01-31,25.640274047851562
2024-02-01,26.546260833740234
2024-02-02,27.880878448486328
2024-02-05,27.739620208740234
2024-02-06,27.578880310058594
2024-02-07,28.40205955505371
2024-02-08,28.518957138061523
2024-02-09,29.35675048828125
2024-02-12,29.01091766357422
2024-02-13,27.6373348236084
2024-02-14,28.51409149169922
2024-02-15,28.75275993347168
2024-02-16,27.96367835998535
2024-02-20,27.315855026245117
2024-02-21,26.97489356994629
2024-02-22,29.308040618896484
2024-02-23,29.040143966674805
2024-02-26,29.001176834106445
2024-02-27,29.181398391723633
2024-02-28,28.708925247192383
2024-02-29,29.40058708190918
2024-03-01,30.749820709228516
2024-03-04,30.384506225585938
2024-03-05,28.757633209228516
2024-03-06,29.288558959960938
2024-03-07,30.59395408630371
2024-03-08,29.254465103149414
2024-03-11,28.91349983215332
2024-03-12,30.140962600708008
2024-03-13,29.43955421447754
2024-03-14,29.200881958007812
2024-03-15,28.1341609954834
2024-03-18,28.928112030029297
2024-03-19,29.127819061279297
2024-03-20,30.161725997924805
2024-03-21,30.55280113220215
2024-03-22,30.616348266601562
2024-03-25,30.303489685058594
2024-03-26,30.019960403442383
2024-03-27,30.283935546875
2024-03-28,30.093284606933594
2024-04-01,30.279048919677734
2024-04-02,29.467567443847656
2024-04-03,29.663103103637695
2024-04-04,28.2650089263916
2024-04-05,29.262250900268555
2024-04-08,29.28180694580078
2024-04-09,29.584890365600586
2024-04-10,28.8076229095459
2024-04-11,30.161725997924805
2024-04-12,28.704971313476562
2024-04-15,27.262874603271484
2024-04-16,27.267763137817383
2024-04-17,26.255857467651367
2024-04-18,25.78656578063965
2024-04-19,24.18804359436035
2024-04-22,24.891977310180664
2024-04-23,26.00165367126465
2024-04-24,26.255857467651367
2024-04-25,25.835445404052734
2024-04-26,27.02334213256836
2024-04-29,27.34598159790039
2024-04-30,25.781673431396484
2024-05-01,25.224388122558594
2024-05-02,26.158084869384766
2024-05-03,27.71750259399414
2024-05-06,28.626752853393555
2024-05-07,28.626752853393555
2024-05-08,28.572978973388672
2024-05-09,28.729408264160156
2024-05-10,28.92494773864746
2024-05-13,29.115596771240234
2024-05-14,29.65821075439453
2024-05-15,31.026981353759766
2024-05-16,30.83633041381836
2024-05-17,30.767892837524414
2024-05-20,31.403390884399414
2024-05-21,31.564708709716797
2024-05-22,31.54515266418457
2024-05-23,31.075864791870117
2024-05-24,31.946006774902344
2024-05-28,32.293087005615234
2024-05-29,31.61847686767578
2024-05-30,30.601682662963867
2024-05-31,30.56746482849121
2024-06-03,30.86566162109375
2024-06-04,31.09541893005371
2024-06-05,32.97258758544922
2024-06-06,32.93347930908203
2024-06-07,32.81126403808594
2024-06-10,33.15834045410156
2024-06-11,33.84272766113281
2024-06-12,35.177268981933594
2024-06-13,35.739444732666016
2024-06-14,36.25761795043945
2024-06-17,37.57261276245117
2024-06-18,37.592166900634766
2024-06-20,36.707359313964844
2024-06-21,36.370059967041016
2024-06-24,35.138160705566406
2024-06-25,36.31138610839844
2024-06-26,36.53860092163086
2024-06-27,36.8035774230957
2024-06-28,36.22454071044922
2024-07-01,36.818302154541016
2024-07-02,37.94694519042969
2024-07-03,38.87929916381836
2024-07-05,40.0570182800293
2024-07-08,40.32200241088867
2024-07-09,40.410335540771484
2024-07-10,41.67637252807617
2024-07-11,38.93818664550781
2024-07-12,39.57120895385742
2024-07-15,39.86563491821289
2024-07-16,39.89508056640625
2024-07-17,36.386474609375
2024-07-18,35.84178161621094
2024-07-19,34.87016296386719
2024-07-22,36.39138412475586
2024-07-23,35.99881362915039
2024-07-24,32.117252349853516
2024-07-25,31.047502517700195
2024-07-26,31.935691833496094
2024-07-29,32.12216567993164
2024-07-30,30.81195831298828
2024-07-31,33.505977630615234
2024-08-01,31.091665267944336
2024-08-02,28.82456398010254
2024-08-05,26.312105178833008
2024-08-06,26.969661712646484
2024-08-07,26.101097106933594
2024-08-08,28.49087905883789
2024-08-09,28.8785400390625
2024-08-12,29.0748291015625
2024-08-13,31.189807891845703
2024-08-14,31.24378776550293
2024-08-15,33.59430694580078
2024-08-16,33.68263626098633
2024-08-19,34.987937927246094
2024-08-20,34.77202224731445
2024-08-21,35.24802017211914
2024-08-22,33.555049896240234
2024-08-23,34.610084533691406
2024-08-26,33.59430694580078
2024-08-27,33.87892150878906
2024-08-28,32.730648040771484
2024-08-29,32.55889892578125
2024-08-30,33.66791534423828
2024-09-03,30.596040725708008
2024-09-04,30.33596420288086
2024-09-05,30.434106826782227
2024-09-06,27.96581268310547
2024-09-09,29.00613021850586
2024-09-10,29.78636360168457
2024-09-11,31.685428619384766
2024-09-12,32.62269592285156
2024-09-13,33.04961395263672
2024-09-16,32.60796356201172
2024-09-17,32.627601623535156
2024-09-18,32.200679779052734
2024-09-19,34.63462448120117
2024-09-20,34.41379928588867
2024-09-23,34.668968200683594
2024-09-24,35.159690856933594
2024-09-25,35.28276062011719
2024-09-26,36.03104782104492
2024-09-27,35.41075897216797
2024-09-30,35.68644332885742
2024-10-01,34.17509460449219
2024-10-02,34.303096771240234
2024-10-03,34.224327087402344
2024-10-04,35.43045425415039
2024-10-07,34.263710021972656
2024-10-08,35.75044250488281
2024-10-09,36.61196517944336
2024-10-10,36.48395919799805
2024-10-11,36.57749938964844
2024-10-14,37.51285934448242
2024-10-15,36.01628112792969
2024-10-16,35.99658966064453
2024-10-17,36.10489273071289
2024-10-18,36.744876861572266
2024-10-21,36.94671630859375
2024-10-22,37.055023193359375
2024-10-23,35.341835021972656
2024-10-24,36.18366241455078
2024-10-25,36.79410171508789
2024-10-28,36.82856750488281
2024-10-29,37.84761047363281
2024-10-30,37.00579833984375
2024-10-31,34.18986511230469
2024-11-01,34.918460845947266
2024-11-04,34.593544006347656
2024-11-05,35.90797805786133
2024-11-06,38.822364807128906
2024-11-07,40.63893508911133
2024-11-08,40.73738479614258
2024-11-11,40.66353988647461
2024-11-12,40.442012786865234
2024-11-13,40.26478958129883
2024-11-14,39.413108825683594
2024-11-15,36.56272506713867
2024-11-18,37.30116653442383
2024-11-19,38.04945373535156
2024-11-20,38.00515365600586
2024-11-21,38.379295349121094
2024-11-22,38.52206039428711
2024-11-25,38.69928741455078
2024-11-26,39.299888610839844
2024-11-27,38.349761962890625
2024-11-29,39.329429626464844
2024-12-02,40.60447311401367
2024-12-03,40.963844299316406
2024-12-04,42.460418701171875
2024-12-05,42.11088180541992
2024-12-06,43.19393539428711
2024-12-09,42.18473434448242
2024-12-10,41.72689437866211
2024-12-11,43.956993103027344
2024-12-12,43.085628509521484
2024-12-13,44.01114273071289
2024-12-16,45.92617416381836
2024-12-17,45.3108024597168
2024-12-18,40.412471771240234
2024-12-19,39.841407775878906
2024-12-20,40.87522888183594
2024-12-23,42.01374053955078
2024-12-24,43.683223724365234
2024-12-26,43.58937454223633
2024-12-27,41.81616973876953
2024-12-30,40.13680648803711
2024-12-31,39.0847282409668
2025-01-02,38.837764739990234
2025-01-03,40.69988250732422
2025-01-06,42.087825775146484
2025-01-07,39.82068634033203
2025-01-08,39.85032272338867
2025-01-10,37.94868850708008
2025-01-13,37.55354309082031
2025-01-14,37.42018508911133
2025-01-15,39.94910430908203
2025-01-16,39.13412857055664
2025-01-17,41.065391540527344
2025-01-21,41.74701690673828
2025-01-22,43.36710739135742
2025-01-23,43.633827209472656
2025-01-24,42.848480224609375
2025-01-27,39.08966827392578
2025-01-28,40.823368072509766
2025-01-29,40.57146072387695
2025-01-30,41.080204010009766
2025-01-31,40.85794448852539
2025-02-03,39.870086669921875
2025-02-04,41.317298889160156
2025-02-05,41.855682373046875
2025-02-06,42.482975006103516
2025-02-07,40.862884521484375
2025-02-10,42.30021667480469
2025-02-11,41.99892044067383
2025-02-12,42.082889556884766
2025-02-13,43.856101989746094
2025-02-14,44.36979293823242
2025-02-18,44.646385192871094
2025-02-19,44.651329040527344
2025-02-20,44.10800552368164
2025-02-21,41.346927642822266
2025-02-24,39.860198974609375
2025-02-25,38.33889389038086
2025-02-26,38.58586502075195
2025-02-27,35.385189056396484
2025-02-28,37.005279541015625
2025-03-03,34.614654541015625
2025-03-04,34.23432922363281
2025-03-05,35.56794357299805
2025-03-06,32.61918258666992
2025-03-07,33.29586410522461
2025-03-10,29.541990280151367
2025-03-11,29.196239471435547
2025-03-12,30.193979263305664
2025-03-13,28.54425048828125
2025-03-14,30.569366455078125
2025-03-17,31.16208267211914
2025-03-18,29.59138298034668
2025-03-19,30.74224090576172
2025-03-20,30.42612648010254
2025-03-21,30.71260643005371
2025-03-24,32.663631439208984
2025-03-25,33.246463775634766
2025-03-26,31.397682189941406
2025-03-27,30.8626651763916
2025-03-28,28.405542373657227
2025-03-31,28.385725021362305
2025-04-01,29.039636611938477
2025-04-02,29.688594818115234
2025-04-03,24.918010711669922
2025-04-04,20.355487823486328
2025-04-07,20.434749603271484
2025-04-08,19.27058982849121
2025-04-09,26.062355041503906
2025-04-10,22.857196807861328
2025-04-11,24.065942764282227
2025-04-14,24.571237564086914
2025-04-15,24.665359497070312
2025-04-16,22.436115264892578
2025-04-17,22.371713638305664
2025-04-21,20.736934661865234
2025-04-22,22.322175979614258
2025-04-23,23.803386688232422
2025-04-24,25.829524993896484
2025-04-25,26.681589126586914
2025-04-28,26.661771774291992
2025-04-29,27.181930541992188
2025-04-30,27.186887741088867
2025-05-01,28.123170852661133
2025-05-02,29.440900802612305
2025-05-05,28.930652618408203
2025-05-06,28.108308792114258
2025-05-07,28.43526268005371
2025-05-08,29.282377243041992
2025-05-09,29.213024139404297
2025-05-12,32.75009536743164
2025-05-13,34.25111389160156
2025-05-14,34.855491638183594
2025-05-15,34.9644775390625
2025-05-16,35.39545822143555
2025-05-19,35.489585876464844
2025-05-20,35.118045806884766
2025-05-21,33.656654357910156
2025-05-22,33.83003616333008
2025-05-23,32.85411834716797
2025-05-27,35.14281463623047
2025-05-28,34.692012786865234
2025-05-29,34.86044692993164
2025-05-30,34.677146911621094
2025-06-02,35.474727630615234
2025-06-03,36.30202102661133
2025-06-04,36.59429931640625
2025-06-05,35.74223709106445
2025-06-06,36.762733459472656
2025-06-09,36.92620849609375
2025-06-10,37.63957214355469
2025-06-11,37.253170013427734
2025-06-12,37.49591064453125
2025-06-13,36.079097747802734
2025-06-16,37.5504035949707
2025-06-17,36.440731048583984
2025-06-18,36.391197204589844
2025-06-20,35.89085006713867
2025-06-23,37.005470275878906
2025-06-24,38.68979263305664
2025-06-25,38.98686599731445
2025-06-26,40.054931640625
2025-06-27,40.44738006591797
2025-06-30,41.23228073120117
2025-07-01,40.1840934753418
2025-07-02,40.98389434814453
2025-07-03,42.131439208984375
2025-07-07,41.19253921508789
2025-07-08,41.24718475341797
2025-07-09,42.10163879394531
2025-07-10,41.90789794921875
2025-07-11,41.589962005615234
2025-07-14,42.03208923339844
2025-07-15,42.141380310058594
2025-07-16,42.26060485839844
2025-07-17,43.244224548339844
2025-07-18,43.09518814086914
2025-07-21,43.75093460083008
2025-07-22,43.07034683227539
2025-07-23,43.63666915893555
2025-07-24,43.92479705810547
2025-07-25,44.173187255859375
2025-07-28,44.60538101196289
2025-07-29,44.401702880859375
2025-07-30,44.55570602416992
2025-07-31,43.82047653198242
2025-08-01,41.19253921508789
2025-08-04,43.44789505004883
2025-08-05,42.543766021728516
2025-08-06,44.133445739746094
2025-08-07,44.580543518066406
2025-08-08,45.78274154663086
2025-08-11,45.38035202026367
2025-08-12,47.054481506347656
2025-08-13,47.124027252197266
2025-08-14,46.994869232177734
2025-08-15,46.32918930053711
2025-08-18,46.26957702636719
2025-08-19,44.3818359375
2025-08-20,43.57209014892578
2025-08-21,42.966026306152344
2025-08-22,44.89847946166992
2025-08-25,44.50602722167969
2025-08-26,45.022674560546875
2025-08-27,45.22635269165039
2025-08-28,46.050994873046875
2025-08-29,44.39176940917969
2025-09-02,43.25912094116211
2025-09-03,44.267574310302734
2025-09-04,45.46480178833008
2025-09-05,45.613834381103516
2025-09-08,46.26460647583008
2025-09-09,46.642154693603516
2025-09-10,46.69183349609375
2025-09-11,47.47673797607422
2025-09-12,48.067901611328125
2025-09-15,49.2949333190918
2025-09-16,49.160804748535156
2025-09-17,48.847835540771484
2025-09-18,50.16429138183594
2025-09-19,51.1578369140625
2025-09-22,52.02222442626953
2025-09-23,50.97403335571289
2025-09-24,50.426063537597656
2025-09-25,49.74980545043945
2025-09-26,50.346500396728516
2025-09-29,51.01778793334961
2025-09-30,51.41558837890625
2025-10-01,52.14156723022461
2025-10-02,52.77804946899414
2025-10-03,52.062007904052734
2025-10-06,53.22557830810547
2025-10-07,52.365333557128906
2025-10-08,54.1405143737793
2025-10-09,53.92669677734375
2025-10-10,48.26799774169922
2025-10-13,51.3310546875
2025-10-14,50.28683090209961
2025-10-15,51.31613540649414
2025-10-16,50.744300842285156
2025-10-17,51.708961486816406
2025-10-20,53.64823532104492
2025-10-21,53.588565826416016
2025-10-22,52.012290954589844
2025-10-23,53.31508255004883
2025-10-24,54.97589111328125
2025-10-27,57.89474868774414
2025-10-28,59.217430114746094
2025-10-29,59.97325134277344
2025-10-30,57.22842788696289
2025-10-31,58.03894805908203
2025-11-03,58.83454895019531
2025-11-04,55.234466552734375
2025-11-05,56.30852127075195
2025-11-06,53.15098571777344
2025-11-07,52.59904098510742
2025-11-10,56.044979095458984
2025-11-11,55.58253860473633
2025-11-12,55.468170166015625
2025-11-13,52.0421257019043
2025-11-14,52.0818977355957
2025-11-17,50.744300842285156
2025-11-18,48.90945053100586
2025-11-19,49.74980545043945
2025-11-20,46.1944694519043
2025-11-21,47.21879959106445
2025-11-24,50.79899978637695
2025-11-25,51.723880767822266
2025-11-26,53.07640075683594
2025-11-28,54.239967346191406
2025-12-01,53.75265884399414
2025-12-02,54.99578094482422
2025-12-03,55.383636474609375
2025-12-04,55.204627990722656
2025-12-05,55.84111022949219
2025-12-08,55.49303436279297
2025-12-09,55.701873779296875
2025-12-10,56.33835983276367
2025-12-11,55.801326751708984
2025-12-12,52.529422760009766
2025-12-15,51.73382568359375
2025-12-16,52.0421257019043
2025-12-17,49.12824249267578
2025-12-18,51.22663116455078
2025-12-19,53.22557830810547
2025-12-22,53.951560974121094
2025-12-23,54.70737838745117
2025-12-24,55.14166259765625
2025-12-26,55.09185791015625
2025-12-29,54.27509307861328
2025-12-30,53.88663101196289
2025-12-31,52.5120735168457
2026-01-02,52.14352798461914
2026-01-05,53.38859939575195
2026-01-06,54.79304122924805
2026-01-07,54.95240783691406
2026-01-08,53.97627258300781
2026-01-09,55.54008102416992
2026-01-12,55.66957092285156
2026-01-13,55.38071060180664
2026-01-14,53.61769485473633
2026-01-15,54.16552734375
2026-01-16,53.92647171020508
2026-01-20,50.5299186706543
2026-01-21,52.52203369140625
2026-01-22,53.68741989135742
2026-01-23,54.16552734375
2026-01-26,54.86276626586914
2026-01-27,56.3170051574707
2026-01-28,56.834957122802734
2026-01-29,55.81897735595703
2026-01-30,53.787025451660156
2026-02-02,54.88268280029297
2026-02-03,52.312862396240234
2026-02-04,49.563743591308594
2026-02-05,47.45210647583008
2026-02-06,50.390472412109375
2026-02-09,51.53593826293945
2026-02-10,50.81877517700195
2026-02-11,51.19728088378906
2026-02-12,48.06966018676758
2026-02-13,48.27883529663086
2026-02-17,48.159305572509766
2026-02-18,49.19520568847656
2026-02-19,48.63741683959961
2026-02-20,49.86256408691406
2026-02-23,48.049739837646484
2026-02-24,49.58366775512695
2026-02-25,51.66542434692383
2026-02-26,49.852603912353516
2026-02-27,49.3246955871582
2026-03-02,49.50398254394531
2026-03-03,47.91029357910156
2026-03-04,50.061771392822266
2026-03-05,49.60358810424805
2026-03-06,47.35250473022461
2026-03-09,49.19520568847656
2026-03-10,49.205169677734375
2026-03-11,49.15536117553711
2026-03-12,46.64530563354492
2026-03-13,45.74885559082031
2026-03-16,47.2728157043457
2026-03-17,47.97005844116211
2026-03-18,45.91817855834961
2026-03-19,45.509796142578125
2026-03-20,42.91009521484375
2026-03-23,44.39421844482422
2026-03-24,43.44796371459961
2026-03-25,44.288028717041016
2026-03-26,41.13528823852539
2026-03-27,38.690914154052734
2026-03-30,37.80295944213867
2026-03-31,41.58425521850586
2026-04-01,43.13069152832031
2026-04-02,43.230464935302734
2026-04-06,43.998695373535156
2026-04-07,44.048580169677734
2026-04-08,47.88973617553711
2026-04-09,48.847530364990234
2026-04-10,49.057044982910156
2026-04-13,50.54362487792969
2026-04-14,53.28730773925781
2026-04-15,55.52216339111328
2026-04-16,56.30037307739258
2026-04-17,58.45541000366211
2026-04-20,57.94658279418945
2026-04-21,57.26814270019531
2026-04-22,60.071685791015625
2026-04-23,59.083961486816406
2026-04-24,62.416290283203125
2026-04-27,62.4961051940918
2026-04-28,60.60047149658203
2026-04-29,61.717899322509766
2026-04-30,63.394039154052734
2026-05-01,65.1500015258789
2026-05-04,64.76089477539062
2026-05-05,67.23519134521484
2026-05-06,71.40559387207031
2026-05-07,71.17611694335938
2026-05-08,76.10477447509766
2026-05-11,76.78321075439453
2026-05-12,74.78780364990234
2026-05-13,77.06256866455078
2026-05-14,78.76863861083984
2026-05-15,75.16693115234375
2026-05-18,74.14927673339844
2026-05-19,72.76246643066406
2026-05-20,76.33424377441406
2026-05-21,76.77323150634766
2026-05-22,77.66118621826172
2026-05-26,81.7617416381836
2026-05-27,81.48239135742188
2026-05-28,83.4877700805664
2026-05-29,84.36575317382812
2026-06-01,85.84235382080078
2026-06-02,87.01964569091797
2026-06-03,86.36115264892578
2026-06-04,85.02423858642578
2026-06-05,72.88219451904297
2026-06-08,76.09479522705078
2026-06-09,73.55065155029297
2026-06-10,69.11087036132812
2026-06-11,75.83539581298828
2026-06-12,77.3419189453125
2026-06-15,84.39567565917969
2026-06-16,79.74639129638672
2026-06-17,77.36187744140625
2026-06-18,82.67963409423828
2026-06-22,82.39030456542969
2026-06-23,74.26900482177734
2026-06-24,73.30000305175781
2026-06-25,74.94999694824219
2026-06-26,71.83000183105469
2026-06-29,77.19000244140625
2026-06-30,81.0
2026-07-01,77.45999908447266
2026-07-02,73.3499984741211
2026-07-06,76.41999816894531
2026-07-07,72.2300033569336
2026-07-08,72.72000122070312
2026-07-09,76.33999633789062
2026-07-10,77.02999877929688
2026-07-13,72.63999938964844
2026-07-14,75.0199966430664
2026-07-15,74.44000244140625
2026-07-16,70.73999786376953
2026-07-17,67.52999877929688
2026-07-20,67.6500015258789
2026-07-21,71.37000274658203
2026-07-22,70.27999877929688
2026-07-23,66.30000305175781
2026-07-24,64.0
2026-07-27,63.400001525878906
2026-07-28,61.560001373291016
2026-07-29,57.75
2026-07-30,63.29999923706055
2026-07-31,64.62000274658203
2026-08-03,67.95999908447266
2026-08-04,74.81999969482422
2026-08-05,72.83999633789062
2026-08-06,72.02999877929688
2026-08-07,74.47000122070312
2026-08-10,73.80000305175781
2026-08-11,73.05999755859375
2026-08-12,74.5999984741211
2026-08-13,77.1500015258789
2026-08-14,76.79000091552734
2026-08-17,76.4000015258789
2026-08-18,72.52999877929688
2026-08-19,72.05999755859375
2026-08-20,70.4800033569336
2026-08-21,71.16999816894531
2026-08-24,69.01000213623047
2026-08-25,70.2699966430664
2026-08-26,70.47000122070312
2026-08-27,73.30000305175781
2026-08-28,71.8499984741211
2026-08-31,71.91999816894531
2026-09-01,69.1500015258789
2026-09-02,69.5999984741211
2026-09-03,72.02999877929688
2026-09-04,72.37000274658203
2026-09-08,72.16000366210938