1998-12-22,5.695556163787842
1998-12-23,5.814131259918213
1998-12-24,5.7835307121276855
1998-12-28,5.752928733825684
1998-12-29,5.810306072235107
1998-12-30,5.722326278686523
1998-12-31,5.7146782875061035
1999-01-04,5.710853576660156
1999-01-05,5.680253505706787
1999-01-06,5.867681503295898
1999-01-07,5.8409104347229
1999-01-08,5.867681503295898
1999-01-11,5.756755352020264
1999-01-12,5.668778419494629
1999-01-13,5.584629058837891
1999-01-14,5.477524757385254
1999-01-15,5.561676979064941
1999-01-19,5.561676979064941
1999-01-20,5.515772819519043
1999-01-21,5.561676979064941
1999-01-22,5.531079292297363
1999-01-25,5.523427963256836
1999-01-26,5.469873905181885
1999-01-27,5.370423793792725
1999-01-28,5.339819431304932
1999-01-29,5.339819431304932
1999-02-01,5.2862701416015625
1999-02-02,5.293920993804932
1999-02-03,5.41632604598999
1999-02-04,5.446924686431885
1999-02-05,5.5999250411987305
1999-02-08,5.676431655883789
1999-02-09,5.5693254470825195
1999-02-10,5.584629058837891
1999-02-11,5.538724899291992
1999-02-12,5.423975944519043
1999-02-16,5.38572359085083
1999-02-17,5.332170486450195
1999-02-18,5.347471237182617
1999-02-19,5.3168721199035645
1999-02-22,5.370423793792725
1999-02-23,5.324519157409668
1999-02-24,5.301569938659668
1999-02-25,5.328344821929932
1999-02-26,5.293920993804932
1999-03-01,5.240368366241455
1999-03-02,5.186813831329346
1999-03-03,5.301569938659668
1999-03-04,5.492825031280518
1999-03-05,5.596105098724365
1999-03-08,5.676431655883789
1999-03-09,5.61522912979126
1999-03-10,5.9365315437316895
1999-03-11,6.020688056945801
1999-03-12,5.997736930847168
1999-03-15,5.951835632324219
1999-03-16,5.921232223510742
1999-03-17,6.074240207672119
1999-03-18,6.1507391929626465
1999-03-19,6.0883965492248535
1999-03-22,6.126787185668945
1999-03-23,6.0192975997924805
1999-03-24,5.98858642578125
1999-03-25,6.003941535949707
1999-03-26,6.080721378326416
1999-03-29,6.249629020690918
1999-03-30,6.134462833404541
1999-03-31,6.042330741882324
1999-04-01,6.034650802612305
1999-04-05,6.180527687072754
1999-04-06,6.119104862213135
1999-04-07,6.057688236236572
1999-04-08,6.119104862213135
1999-04-09,6.2342753410339355
1999-04-12,6.280335426330566
1999-04-13,6.272662162780762
1999-04-14,6.195882797241211
1999-04-15,6.464599609375
1999-04-16,6.668062210083008
1999-04-19,6.7486772537231445
1999-04-20,6.641185283660889
1999-04-21,6.541377544403076
1999-04-22,6.656545162200928
1999-04-23,6.572091102600098
1999-04-26,6.426215171813965
1999-04-27,6.629672050476074
1999-04-28,6.848489761352539
1999-04-29,7.055784225463867
1999-04-30,6.9367780685424805
1999-05-03,7.109526634216309
1999-05-04,7.117201328277588
1999-05-05,7.013555526733398
1999-05-06,6.994362831115723
1999-05-07,7.036587715148926
1999-05-10,6.9559760093688965
1999-05-11,6.979007244110107
1999-05-12,6.848489761352539
1999-05-13,6.8830342292785645
1999-05-14,6.833132266998291
1999-05-17,6.806257724761963
1999-05-18,6.648866176605225
1999-05-19,6.740999698638916
1999-05-20,6.81777286529541
1999-05-21,6.92526388168335
1999-05-24,6.760194778442383
1999-05-25,6.7333197593688965
1999-05-26,6.92526388168335
1999-05-27,6.717966079711914
1999-05-28,6.7870635986328125
1999-06-01,6.7486772537231445
1999-06-02,6.825453758239746
1999-06-03,6.848489761352539
1999-06-04,6.9559760093688965
1999-06-07,7.036587715148926
1999-06-08,6.92526388168335
1999-06-09,6.940618991851807
1999-06-10,6.979007244110107
1999-06-11,7.032752990722656
1999-06-14,7.094170570373535
1999-06-15,7.182466506958008
1999-06-16,7.109526634216309
1999-06-17,7.117201328277588
1999-06-18,7.130107879638672
1999-06-21,6.964202404022217
1999-06-22,6.890894412994385
1999-06-23,6.944908618927002
1999-06-24,6.829159736633301
1999-06-25,6.775142669677734
1999-06-28,6.732707500457764
1999-06-29,6.825304985046387
1999-06-30,6.9256205558776855
1999-07-01,6.9796342849731445
1999-07-02,7.0027852058410645
1999-07-06,7.133967876434326
1999-07-07,7.114671230316162
1999-07-08,7.16097354888916
1999-07-09,7.1571125984191895
1999-07-12,7.230422019958496
1999-07-13,7.16097354888916
1999-07-14,7.172545909881592
1999-07-15,7.238138675689697
1999-07-16,7.191838264465332
1999-07-19,7.16483211517334
1999-07-20,6.975778102874756
1999-07-21,7.052942276000977
1999-07-22,6.948766708374023
1999-07-23,6.98349142074585
1999-07-26,6.852311134338379
1999-07-27,6.852311134338379
1999-07-28,6.952627658843994
1999-07-29,6.9101881980896
1999-07-30,7.05679988861084
1999-08-02,6.902469158172607
1999-08-03,6.991208076477051
1999-08-04,7.087666034698486
1999-08-05,7.211134433746338
1999-08-06,7.199557781219482
1999-08-09,7.3731794357299805
1999-08-10,7.330737590789795
1999-08-11,7.377035140991211
1999-08-12,7.392472267150879
1999-08-13,7.369320392608643
1999-08-16,7.296014785766602
1999-08-17,7.35003137588501
1999-08-18,7.296014785766602
1999-08-19,7.346168518066406
1999-08-20,7.369320392608643
1999-08-23,7.407903671264648
1999-08-24,7.361603260040283
1999-08-25,7.32688045501709
1999-08-26,7.137821674346924
1999-08-27,7.133967876434326
1999-08-30,7.037508964538574
1999-08-31,7.133967876434326
1999-09-01,7.114671230316162
1999-09-02,7.037508964538574
1999-09-03,7.1223907470703125
1999-09-07,7.253573894500732
1999-09-08,7.2767252922058105
1999-09-09,7.43876838684082
1999-09-10,7.415617942810059
1999-09-13,7.29987096786499
1999-09-14,7.2188496589660645
1999-09-15,7.114671230316162
1999-09-16,7.110813617706299
1999-09-17,7.177947998046875
1999-09-20,7.0694193840026855
1999-09-21,6.836877822875977
1999-09-22,6.844629287719727
1999-09-23,6.767110824584961
1999-09-24,6.69735050201416
1999-09-27,6.759357929229736
1999-09-28,6.650835990905762
1999-09-29,6.739985942840576
1999-09-30,6.805869102478027
1999-10-01,6.782615661621094
1999-10-04,6.705097675323486
1999-10-05,6.5578203201293945
1999-10-06,6.674091815948486
1999-10-07,6.550071716308594
1999-10-08,6.476426601409912
1999-10-11,6.5733232498168945
1999-10-12,6.60820198059082
1999-10-13,6.650835990905762
1999-10-14,6.6275858879089355
1999-10-15,6.530690670013428
1999-10-18,6.5423150062561035
1999-10-19,6.561695098876953
1999-10-20,6.69735050201416
1999-10-21,6.728352069854736
1999-10-22,6.8407487869262695
1999-10-25,6.728352069854736
1999-10-26,6.5733232498168945
1999-10-27,6.6275858879089355
1999-10-28,6.658589839935303
1999-10-29,6.705097675323486
1999-11-01,6.7012224197387695
1999-11-02,6.639211177825928
1999-11-03,6.604325771331787
1999-11-04,6.499687194824219
1999-11-05,6.340778350830078
1999-11-08,6.581073760986328
1999-11-09,6.7206034660339355
1999-11-10,6.867882251739502
1999-11-11,6.867882251739502
1999-11-12,6.914392471313477
1999-11-15,6.95314884185791
1999-11-16,7.0694193840026855
1999-11-17,7.193448066711426
1999-11-18,7.193448066711426
1999-11-19,7.030664443969727
1999-11-22,6.918269157409668
1999-11-23,6.77486515045166
1999-11-24,6.8601298332214355
1999-11-26,6.759357929229736
1999-11-29,6.705097675323486
1999-11-30,6.693475246429443
1999-12-01,6.825251579284668
1999-12-02,6.759357929229736
1999-12-03,6.728352069854736
1999-12-06,6.724477767944336
1999-12-07,6.5965776443481445
1999-12-08,6.666342258453369
1999-12-09,6.7206034660339355
1999-12-10,6.526810646057129
1999-12-13,6.565568923950195
1999-12-14,6.550071716308594
1999-12-15,6.681845188140869
1999-12-16,6.747735500335693
1999-12-17,6.717104434967041
1999-12-20,6.569388389587402
1999-12-21,6.588822364807129
1999-12-22,6.553839683532715
1999-12-23,6.740426063537598
1999-12-27,6.693780899047852
1999-12-28,6.70155143737793
1999-12-29,6.771524906158447
1999-12-30,6.717104434967041
1999-12-31,6.740426063537598
2000-01-03,6.608260154724121
2000-01-04,6.4838714599609375
2000-01-05,6.6549072265625
2000-01-06,6.911458969116211
2000-01-07,6.985319137573242
2000-01-10,6.927012920379639
2000-01-11,6.934789657592773
2000-01-12,6.903689384460449
2000-01-13,7.024191379547119
2000-01-14,6.9814324378967285
2000-01-18,7.066954135894775
2000-01-19,7.0436272621154785
2000-01-20,7.0436272621154785
2000-01-21,7.2379865646362305
2000-01-24,6.9814324378967285
2000-01-25,6.965885639190674
2000-01-26,6.857040882110596
2000-01-27,6.717104434967041
2000-01-28,6.639355182647705
2000-01-31,6.794846057891846
2000-02-01,6.779296398162842
2000-02-02,6.822057247161865
2000-02-03,6.740426063537598
2000-02-04,6.546061992645264
2000-02-07,6.6199212074279785
2000-02-08,6.561612129211426
2000-02-09,6.343927383422852
2000-02-10,6.476095676422119
2000-02-11,6.398351192474365
2000-02-14,6.49941873550415
2000-02-15,6.771524906158447
2000-02-16,6.802621364593506
2000-02-17,6.794846057891846
2000-02-18,6.596601963043213
2000-02-22,6.538292407989502
2000-02-23,6.367253303527832
2000-02-24,6.297281742095947
2000-02-25,6.172893047332764
2000-02-28,6.359476566314697
2000-02-29,6.50718879699707
2000-03-01,6.6704559326171875
2000-03-02,6.794846057891846
2000-03-03,6.686001777648926
2000-03-06,6.64713191986084
2000-03-07,7.105820655822754
2000-03-08,6.989206314086914
2000-03-09,6.996980667114258
2000-03-10,6.903689384460449
2000-03-13,6.802621364593506
2000-03-14,6.888138294219971
2000-03-15,6.857040882110596
2000-03-16,7.152469635009766
2000-03-17,6.9346160888671875
2000-03-20,6.82541036605835
2000-03-21,7.043824672698975
2000-03-22,6.9892191886901855
2000-03-23,6.981422424316406
2000-03-24,6.997021198272705
2000-03-27,7.020420551300049
2000-03-28,6.9892191886901855
2000-03-29,7.355844497680664
2000-03-30,7.355844497680664
2000-03-31,7.316844940185547
2000-04-03,7.441648960113525
2000-04-04,7.3480401039123535
2000-04-05,7.129630088806152
2000-04-06,7.316844940185547
2000-04-07,7.203736305236816
2000-04-10,7.098426818847656
2000-04-11,7.223235607147217
2000-04-12,7.285640716552734
2000-04-13,7.27003812789917
2000-04-14,7.114032745361328
2000-04-17,6.942415714263916
2000-04-18,6.9775190353393555
2000-04-19,7.129630088806152
2000-04-20,7.141331195831299
2000-04-24,7.219336032867432
2000-04-25,7.231032371520996
2000-04-26,7.324642658233643
2000-04-27,7.426046371459961
2000-04-28,7.207634925842285
2000-05-01,7.324642658233643
2000-05-02,7.4299492835998535
2000-05-03,7.238837718963623
2000-05-04,7.426046371459961
2000-05-05,7.50405216217041
2000-05-08,7.597657680511475
2000-05-09,7.601559162139893
2000-05-10,7.624957084655762
2000-05-11,7.862875938415527
2000-05-12,7.890176296234131
2000-05-15,8.053982734680176
2000-05-16,7.897976875305176
2000-05-17,7.9369797706604
2000-05-18,7.9252753257751465
2000-05-19,7.940880298614502
2000-05-22,7.874577522277832
2000-05-23,7.843372344970703
2000-05-24,7.85117244720459
2000-05-25,7.706862926483154
2000-05-26,7.710763931274414
2000-05-30,7.819971561431885
2000-05-31,8.053982734680176
2000-06-01,7.979882717132568
2000-06-02,7.706862926483154
2000-06-05,7.597657680511475
2000-06-06,7.894075870513916
2000-06-07,7.79266881942749
2000-06-08,7.831668376922607
2000-06-09,7.780969142913818
2000-06-12,7.956478118896484
2000-06-13,7.956478118896484
2000-06-14,7.944777965545654
2000-06-15,7.831668376922607
2000-06-16,7.963604927062988
2000-06-19,7.896978855133057
2000-06-20,7.8538689613342285
2000-06-21,7.99495267868042
2000-06-22,7.783327102661133
2000-06-23,7.881302356719971
2000-06-26,7.818600177764893
2000-06-27,7.763730525970459
2000-06-28,7.697107315063477
2000-06-29,7.712784290313721
2000-06-30,7.610884189605713
2000-07-03,7.657917499542236
2000-07-05,7.340469837188721
2000-07-06,7.414928913116455
2000-07-07,7.450204849243164
2000-07-10,7.485474109649658
2000-07-11,7.751971244812012
2000-07-12,7.650075435638428
2000-07-13,7.532504558563232
2000-07-14,7.524664878845215
2000-07-17,7.426691055297852
2000-07-18,7.493314266204834
2000-07-19,7.4737162590026855
2000-07-20,7.399254322052002
2000-07-21,7.258164882659912
2000-07-24,7.183703422546387
2000-07-25,7.117081165313721
2000-07-26,7.175865650177002
2000-07-27,7.422770023345947
2000-07-28,7.3679022789001465
2000-07-31,7.320874214172363
2000-08-01,7.458040714263916
2000-08-02,7.599127769470215
2000-08-03,7.493314266204834
2000-08-04,7.524664878845215
2000-08-07,7.622644424438477
2000-08-08,7.638321876525879
2000-08-09,7.775491714477539
2000-08-10,7.846033096313477
2000-08-11,7.838193893432617
2000-08-14,7.947927474975586
2000-08-15,7.916576385498047
2000-08-16,8.026307106018066
2000-08-17,8.214428901672363
2000-08-18,8.12037181854248
2000-08-21,8.151721000671387
2000-08-22,8.128205299377441
2000-08-23,8.339838027954102
2000-08-24,8.159561157226562
2000-08-25,8.183074951171875
2000-08-28,8.214428901672363
2000-08-29,8.222264289855957
2000-08-30,8.151721000671387
2000-08-31,8.12037181854248
2000-09-01,8.202667236328125
2000-09-05,8.202667236328125
2000-09-06,8.382950782775879
2000-09-07,8.343757629394531
2000-09-08,8.245780944824219
2000-09-11,8.508357048034668
2000-09-12,8.496600151062012
2000-09-13,8.355510711669922
2000-09-14,8.331998825073242
2000-09-15,8.549078941345215
2000-09-18,8.564828872680664
2000-09-19,8.336530685424805
2000-09-20,8.171216011047363
2000-09-21,8.10824203491211
2000-09-22,8.057072639465332
2000-09-25,7.935056686401367
2000-09-26,8.123988151550293
2000-09-27,8.277493476867676
2000-09-28,8.246001243591309
2000-09-29,8.253877639770508
2000-10-02,8.423129081726074
2000-10-03,8.419188499450684
2000-10-04,8.171216011047363
2000-10-05,8.159409523010254
2000-10-06,8.123988151550293
2000-10-09,8.249943733215332
2000-10-10,8.43493366241455
2000-10-11,8.513655662536621
2000-10-12,8.643542289733887
2000-10-13,8.312917709350586
2000-10-16,8.234198570251465
2000-10-17,8.238133430480957
2000-10-18,8.127923011779785
2000-10-19,8.16728687286377
2000-10-20,8.328659057617188
2000-10-23,8.194833755493164
2000-10-24,8.057072639465332
2000-10-25,7.8602752685546875
2000-10-26,7.895697116851807
2000-10-27,7.8405938148498535
2000-10-30,7.974417209625244
2000-10-31,8.029522895812988
2000-11-01,8.289302825927734
2000-11-02,7.998032569885254
2000-11-03,7.966541767120361
2000-11-06,7.998032569885254
2000-11-07,8.06101131439209
2000-11-08,8.139731407165527
2000-11-09,8.053142547607422
2000-11-10,8.07675552368164
2000-11-13,8.013777732849121
2000-11-14,8.06101131439209
2000-11-15,8.218454360961914
2000-11-16,8.249943733215332
2000-11-17,8.183030128479004
2000-11-20,8.143669128417969
2000-11-21,8.328659057617188
2000-11-22,8.194833755493164
2000-11-24,8.312917709350586
2000-11-27,8.246001243591309
2000-11-28,8.238133430480957
2000-11-29,7.876016139984131
2000-11-30,7.608363628387451
2000-12-01,7.777617931365967
2000-12-04,7.911439895629883
2000-12-05,7.746128082275391
2000-12-06,7.683150291442871
2000-12-07,7.809104919433594
2000-12-08,7.805168628692627
2000-12-11,7.828787803649902
2000-12-12,7.919310569763184
2000-12-13,7.935056686401367
2000-12-14,7.6910223960876465
2000-12-15,7.781126022338867
2000-12-18,8.02194595336914
2000-12-19,8.160120010375977
2000-12-20,7.919299125671387
2000-12-21,7.978518486022949
2000-12-22,8.085108757019043
2000-12-26,8.424620628356934
2000-12-27,8.416722297668457
2000-12-28,8.55489730834961
2000-12-29,8.385136604309082
2001-01-02,8.404882431030273
2001-01-03,8.148274421691895
2001-01-04,7.895615577697754
2001-01-05,8.0653715133667
2001-01-08,8.037731170654297
2001-01-09,7.875875949859619
2001-01-10,7.92719841003418
2001-01-11,8.014046669006348
2001-01-12,7.962729454040527
2001-01-16,7.958780765533447
2001-01-17,7.919299125671387
2001-01-18,7.769285202026367
2001-01-19,7.733757495880127
2001-01-22,7.8166584968566895
2001-01-23,7.939042091369629
2001-01-24,7.931143760681152
2001-01-25,8.168015480041504
2001-01-26,8.029842376708984
2001-01-29,7.963829517364502
2001-01-30,8.032049179077148
2001-01-31,8.117951393127441
2001-02-01,8.014365196228027
2001-02-02,8.148274421691895
2001-02-05,8.312501907348633
2001-02-06,8.365562438964844
2001-02-07,8.388298988342285
2001-02-08,8.433781623840332
2001-02-09,8.570215225219727
2001-02-12,8.456521987915039
2001-02-13,8.438831329345703
2001-02-14,8.378194808959961
2001-02-15,8.269550323486328
2001-02-16,8.342823028564453
2001-02-20,8.294814109802246
2001-02-21,8.239233016967773
2001-02-22,8.198808670043945
2001-02-23,8.095216751098633
2001-02-26,8.183650016784668
2001-02-27,8.133115768432617
2001-02-28,8.019417762756348
2001-03-01,8.110377311706543
2001-03-02,8.294814109802246
2001-03-05,8.340295791625977
2001-03-06,8.38325023651123
2001-03-07,8.56263256072998
2001-03-08,8.648538589477539
2001-03-09,8.608114242553711
2001-03-12,8.322607040405273
2001-03-13,8.22407341003418
2001-03-14,8.100266456604004
2001-03-15,8.105316162109375
2001-03-16,7.970247268676758
2001-03-19,8.071617126464844
2001-03-20,8.142573356628418
2001-03-21,7.909420490264893
2001-03-22,7.676273345947266
2001-03-23,7.737096309661865
2001-03-26,7.838462829589844
2001-03-27,7.881544589996338
2001-03-28,7.767505645751953
2001-03-29,7.602776527404785
2001-03-30,7.780174255371094
2001-04-02,7.635725975036621
2001-04-03,7.425376892089844
2001-04-04,7.557159423828125
2001-04-05,7.754831790924072
2001-04-06,7.764968395233154
2001-04-09,7.947438716888428
2001-04-10,8.084290504455566
2001-04-11,7.939835071563721
2001-04-12,8.02346134185791
2001-04-16,8.180586814880371
2001-04-17,8.223674774169922
2001-04-18,8.180586814880371
2001-04-19,8.03867244720459
2001-04-20,8.124832153320312
2001-04-23,8.340249061584473
2001-04-24,8.35545539855957
2001-04-25,8.474560737609863
2001-04-26,8.641823768615723
2001-04-27,8.583537101745605
2001-04-30,8.583537101745605
2001-05-01,8.52778434753418
2001-05-02,8.195793151855469
2001-05-03,8.155248641967773
2001-05-04,8.284494400024414
2001-05-07,8.307300567626953
2001-05-08,8.299701690673828
2001-05-09,8.446686744689941
2001-05-10,8.385866165161133
2001-05-11,8.304770469665527
2001-05-14,8.434016227722168
2001-05-15,8.510041236877441
2001-05-16,8.580999374389648
2001-05-17,8.608880043029785
2001-05-18,8.78881549835205
2001-05-21,8.768538475036621
2001-05-22,8.679835319519043
2001-05-23,8.548052787780762
2001-05-24,8.532852172851562
2001-05-25,8.459357261657715
2001-05-29,8.446686744689941
2001-05-30,8.413736343383789
2001-05-31,8.50244140625
2001-06-01,8.46442699432373
2001-06-04,8.578469276428223
2001-06-05,8.603813171386719
2001-06-06,8.385866165161133
2001-06-07,8.287029266357422
2001-06-08,8.309835433959961
2001-06-11,8.332643508911133
2001-06-12,8.395999908447266
2001-06-13,8.35545539855957
2001-06-14,8.185654640197754
2001-06-15,8.247023582458496
2001-06-18,8.155356407165527
2001-06-19,8.147717475891113
2001-06-20,7.994950771331787
2001-06-21,7.875278949737549
2001-06-22,8.028048515319824
2001-06-25,7.933844089508057
2001-06-26,7.9822211265563965
2001-06-27,7.791256904602051
2001-06-28,7.625757694244385
2001-06-29,7.727603435516357
2001-07-02,7.707231044769287
2001-07-03,7.697047710418701
2001-07-05,7.76579475402832
2001-07-06,7.73778772354126
2001-07-09,7.628304481506348
2001-07-10,7.638486385345459
2001-07-11,7.5366387367248535
2001-07-12,7.526455879211426
2001-07-13,7.554464340209961
2001-07-16,7.42970085144043
2001-07-17,7.396600723266602
2001-07-18,7.3176703453063965
2001-07-19,7.394054889678955
2001-07-20,7.551918983459473
2001-07-23,7.465345859527588
2001-07-24,7.197998523712158
2001-07-25,7.531548023223877
2001-07-26,7.684319019317627
2001-07-27,7.719964504241943
2001-07-30,7.727603435516357
2001-07-31,7.638486385345459
2001-08-01,7.610475540161133
2001-08-02,7.605386734008789
2001-08-03,7.490811824798584
2001-08-06,7.480623722076416
2001-08-07,7.480623722076416
2001-08-08,7.327855110168457
2001-08-09,7.3711442947387695
2001-08-10,7.378781318664551
2001-08-13,7.414423942565918
2001-08-14,7.45516300201416
2001-08-15,7.567195415496826
2001-08-16,7.5239105224609375
2001-08-17,7.467896461486816
2001-08-20,7.414423942565918
2001-08-21,7.40933084487915
2001-08-22,7.414423942565918
2001-08-23,7.480623722076416
2001-08-24,7.541733741760254
2001-08-27,7.531548023223877
2001-08-28,7.4526190757751465
2001-08-29,7.42206335067749
2001-08-30,7.315125465393066
2001-08-31,7.315125465393066
2001-09-04,7.3584113121032715
2001-09-05,7.383871555328369
2001-09-06,7.332944393157959
2001-09-07,7.327855110168457
2001-09-10,7.350771427154541
2001-09-17,7.200547695159912
2001-09-18,6.851719379425049
2001-09-19,6.604743957519531
2001-09-20,6.4188761711120605
2001-09-21,6.421689033508301
2001-09-24,6.252701759338379
2001-09-25,6.183567523956299
2001-09-26,6.140039920806885
2001-09-27,6.383285045623779
2001-09-28,6.611167907714844
2001-10-01,6.518990516662598
2001-10-02,6.6623759269714355
2001-10-03,6.754555702209473
2001-10-04,6.913304805755615
2001-10-05,6.964514255523682
2001-10-08,6.977315902709961
2001-10-09,6.990118026733398
2001-10-10,7.299937725067139
2001-10-11,7.297379016876221
2001-10-12,7.248726844787598
2001-10-15,7.115582466125488
2001-10-16,7.200077533721924
2001-10-17,7.164234161376953
2001-10-18,6.8748931884765625
2001-10-19,6.900502681732178
2001-10-22,6.98499870300293
2001-10-23,6.959394454956055
2001-10-24,6.862093448638916
2001-10-25,7.036205768585205
2001-10-26,7.171915054321289
2001-10-29,7.10534143447876
2001-10-30,6.867213726043701
2001-10-31,6.877457618713379
2001-11-01,6.982437610626221
2001-11-02,6.792960166931152
2001-11-05,6.751996040344238
2001-11-06,6.711029529571533
2001-11-07,6.739189624786377
2001-11-08,6.869771957397461
2001-11-09,7.0029215812683105
2001-11-12,6.98499870300293
2001-11-13,7.041331768035889
2001-11-14,6.6982245445251465
2001-11-15,6.360241889953613
2001-11-16,6.478023052215576
2001-11-19,6.462658405303955
2001-11-20,6.700787544250488
2001-11-21,6.613729000091553
2001-11-23,6.675182342529297
2001-11-26,6.565079689025879
2001-11-27,6.570199489593506
2001-11-28,6.41657018661499
2001-11-29,6.526669502258301
2001-11-30,6.4933857917785645
2001-12-03,6.580443859100342
2001-12-04,6.672619342803955
2001-12-05,6.810884952545166
2001-12-06,6.608604907989502
2001-12-07,6.652134895324707
2001-12-10,6.559957027435303
2001-12-11,6.452415943145752
2001-12-12,6.467779159545898
2001-12-13,6.362801551818848
2001-12-14,6.426814079284668
2001-12-17,6.41145133972168
2001-12-18,6.495946407318115
2001-12-19,6.644455909729004
2001-12-20,6.613729000091553
2001-12-21,6.658977031707764
2001-12-24,6.769534111022949
2001-12-26,6.887804985046387
2001-12-27,6.910937309265137
2001-12-28,6.941792011260986
2001-12-31,6.8646626472473145
2002-01-02,6.813241481781006
2002-01-03,6.772104740142822
2002-01-04,6.8029561042785645
2002-01-07,6.800387382507324
2002-01-08,6.741250038146973
2002-01-09,6.748964786529541
2002-01-10,6.697543621063232
2002-01-11,6.568994522094727
2002-01-14,6.489290237426758
2002-01-15,6.594700813293457
2002-01-16,6.458438396453857
2002-01-17,6.455865383148193
2002-01-18,6.401874542236328
2002-01-22,6.355597972869873
2002-01-23,6.535568714141846
2002-01-24,6.625555038452148
2002-01-25,6.697543621063232
2002-01-28,6.594700813293457
2002-01-29,6.414732933044434
2002-01-30,6.466149806976318
2002-01-31,6.620409965515137
2002-02-01,6.656407833099365
2002-02-04,6.479005336761475
2002-02-05,6.435297966003418
2002-02-06,6.479005336761475
2002-02-07,6.404446125030518
2002-02-08,6.476436614990234
2002-02-11,6.561279296875
2002-02-12,6.530427932739258
2002-02-13,6.568994522094727
2002-02-14,6.622987270355225
2002-02-15,6.628123760223389
2002-02-19,6.568994522094727
2002-02-20,6.548423767089844
2002-02-21,6.625555038452148
2002-02-22,6.808096885681152
2002-02-25,6.905796527862549
2002-02-26,6.869801044464111
2002-02-27,6.8646626472473145
2002-02-28,6.84666633605957
2002-03-01,6.944358825683594
2002-03-04,7.0960540771484375
2002-03-05,7.0986247062683105
2002-03-06,7.234891891479492
2002-03-07,7.288882732391357
2002-03-08,7.2554612159729
2002-03-11,7.332591533660889
2002-03-12,7.396862983703613
2002-03-13,7.348015308380127
2002-03-14,7.3454437255859375
2002-03-15,7.398587226867676
2002-03-18,7.4553399085998535
2002-03-19,7.545629501342773
2002-03-20,7.465657711029053
2002-03-21,7.506931781768799
2002-03-22,7.331515789031982
2002-03-25,7.264440059661865
2002-03-26,7.323775768280029
2002-03-27,7.49403715133667
2002-03-28,7.452758312225342
2002-04-01,7.504356384277344
2002-04-02,7.597221374511719
2002-04-03,7.432123184204102
2002-04-04,7.297977924346924
2002-04-05,7.215426921844482
2002-04-08,7.326356887817383
2002-04-09,7.220585346221924
2002-04-10,7.303138732910156
2002-04-11,7.228324890136719
2002-04-12,6.990993976593018
2002-04-15,7.1277174949646
2002-04-16,7.261862277984619
2002-04-17,7.352153301239014
2002-04-18,7.3882646560668945
2002-04-19,7.421801567077637
2002-04-22,7.349572658538818
2002-04-23,7.331515789031982
2002-04-24,7.199948310852051
2002-04-25,7.25154447555542
2002-04-26,7.17156982421875
2002-04-29,7.125137805938721
2002-04-30,7.184472560882568
2002-05-01,7.228324890136719
2002-05-02,7.282498836517334
2002-05-03,7.30829381942749
2002-05-06,7.058063507080078
2002-05-07,7.0245280265808105
2002-05-08,7.17156982421875
2002-05-09,7.107081413269043
2002-05-10,7.101922512054443
2002-05-13,7.238643169403076
2002-05-14,7.259284496307373
2002-05-15,7.138035297393799
2002-05-16,7.220585346221924
2002-05-17,7.161252975463867
2002-05-20,7.112238883972168
2002-05-21,7.117398262023926
2002-05-22,7.2360663414001465
2002-05-23,7.297977924346924
2002-05-24,7.218008518218994
2002-05-28,7.161252975463867
2002-05-29,7.094184398651123
2002-05-30,6.957457542419434
2002-05-31,7.058063507080078
2002-06-03,6.836211681365967
2002-06-04,6.836211681365967
2002-06-05,6.810418128967285
2002-06-06,6.738183498382568
2002-06-07,6.80783224105835
2002-06-10,6.681427955627441
2002-06-11,6.580821990966797
2002-06-12,6.67368745803833
2002-06-13,6.665950775146484
2002-06-14,6.658207416534424
2002-06-17,6.83104944229126
2002-06-18,6.797517776489258
2002-06-19,6.730443000793457
2002-06-20,6.717545032501221
2002-06-21,6.674983501434326
2002-06-24,6.734673976898193
2002-06-25,6.7061262130737305
2002-06-26,6.708722114562988
2002-06-27,6.742461204528809
2002-06-28,6.799554824829102
2002-07-01,6.734673976898193
2002-07-02,6.602316379547119
2002-07-03,6.643840312957764
2002-07-05,6.799554824829102
2002-07-08,6.716508388519287
2002-07-09,6.633457660675049
2002-07-10,6.350578308105469
2002-07-11,6.228600978851318
2002-07-12,6.117005825042725
2002-07-15,5.982049465179443
2002-07-16,5.891221523284912
2002-07-17,5.956099510192871
2002-07-18,5.917169570922852
2002-07-19,5.553831577301025
2002-07-22,5.213857173919678
2002-07-23,5.1385955810546875
2002-07-24,5.478573799133301
2002-07-25,5.455214977264404
2002-07-26,5.5278825759887695
2002-07-29,5.847099781036377
2002-07-30,5.756264686584473
2002-07-31,5.857480049133301
2002-08-01,5.512311935424805
2002-08-02,5.45002555847168
2002-08-05,5.247596263885498
2002-08-06,5.437049388885498
2002-08-07,5.514907360076904
2002-08-08,5.748480319976807
2002-08-09,5.852289199829102
2002-08-12,5.839311599731445
2002-08-13,5.751075267791748
2002-08-14,5.976862907409668
2002-08-15,6.145554542541504
2002-08-16,6.04693078994751
2002-08-19,6.096244812011719
2002-08-20,5.943121433258057
2002-08-21,5.956099510192871
2002-08-22,6.124790668487549
2002-08-23,6.02617073059082
2002-08-26,6.106624126434326
2002-08-27,6.10402774810791
2002-08-28,5.958693027496338
2002-08-29,5.9067864418029785
2002-08-30,5.9457173347473145
2002-09-03,5.709550857543945
2002-09-04,5.6965742111206055
2002-09-05,5.706954479217529
2002-09-06,5.800383567810059
2002-09-09,5.792598724365234
2002-09-10,5.917169570922852
2002-09-11,5.886027812957764
2002-09-12,5.740694046020508
2002-09-13,5.802978515625
2002-09-16,5.8445000648498535
2002-09-17,5.655048370361328
2002-09-18,5.670619010925293
2002-09-19,5.50971794128418
2002-09-20,5.550159454345703
2002-09-23,5.518847942352295
2002-09-24,5.359674453735352
2002-09-25,5.505801200866699
2002-09-26,5.738036155700684
2002-09-27,5.631049633026123
2002-09-30,5.521459579467773
2002-10-01,5.6962890625
2002-10-02,5.633661270141602
2002-10-03,5.670191764831543
2002-10-04,5.57364559173584
2002-10-07,5.503192901611328
2002-10-08,5.44317626953125
2002-10-09,5.336191654205322
2002-10-10,5.461440563201904
2002-10-11,5.552770614624023
2002-10-14,5.706724166870117
2002-10-15,5.878945350646973
2002-10-16,5.78761625289917
2002-10-17,5.910256862640381
2002-10-18,5.905038356781006
2002-10-21,5.933742046356201
2002-10-22,5.766739368438721
2002-10-23,5.860681056976318
2002-10-24,5.764129638671875
2002-10-25,5.67540979385376
2002-10-28,5.664975643157959
2002-10-29,5.500583171844482
2002-10-30,5.683239936828613
2002-10-31,5.623225688934326
2002-11-01,5.7719597816467285
2002-11-04,5.67540979385376
2002-11-05,5.7928361892700195
2002-11-06,5.845023155212402
2002-11-07,5.7354254722595215
2002-11-08,5.701502799987793
2002-11-11,5.631049633026123
2002-11-12,5.6127824783325195
2002-11-13,5.48753547668457
2002-11-14,5.664975643157959
2002-11-15,5.70933198928833
2002-11-18,5.714550495147705
2002-11-19,5.714550495147705
2002-11-20,5.82675838470459
2002-11-21,5.871115207672119
2002-11-22,5.745866775512695
2002-11-25,5.7928361892700195
2002-11-26,5.683239936828613
2002-11-27,5.785006999969482
2002-11-29,5.855456352233887
2002-12-02,5.873722076416016
2002-12-03,5.931131362915039
2002-12-04,5.878945350646973
2002-12-05,5.918086051940918
2002-12-06,5.975488185882568
2002-12-09,5.871115207672119
2002-12-10,5.962442398071289
2002-12-11,5.931131362915039
2002-12-12,5.983319282531738
2002-12-13,5.967662811279297
2002-12-16,6.069427490234375
2002-12-17,6.006804943084717
2002-12-18,5.95722770690918
2002-12-19,5.897208213806152
2002-12-20,6.016813278198242
2002-12-23,6.043037414550781
2002-12-24,6.014188289642334
2002-12-26,5.945993423461914
2002-12-27,5.817473888397217
2002-12-30,5.846327304840088
2002-12-31,5.856821537017822
2003-01-02,5.980090141296387
2003-01-03,5.969598770141602
2003-01-06,6.019432544708252
2003-01-07,5.822721481323242
2003-01-08,5.767641067504883
2003-01-09,5.841081619262695
2003-01-10,5.793869972229004
2003-01-13,5.772886276245117
2003-01-14,5.796491622924805
2003-01-15,5.814852714538574
2003-01-16,5.872555732727051
2003-01-17,5.827967166900635
2003-01-21,5.691579341888428
2003-01-22,5.675841808319092
2003-01-23,5.691579341888428
2003-01-24,5.591908931732178
2003-01-27,5.416178226470947
2003-01-28,5.5079779624938965
2003-01-29,5.686332702636719
2003-01-30,5.597155570983887
2003-01-31,5.70993709564209
2003-02-03,5.754528999328613
2003-02-04,5.793869972229004
2003-02-05,5.751904487609863
2003-02-06,5.7282938957214355
2003-02-07,5.675841808319092
2003-02-10,5.749282360076904
2003-02-11,5.712560176849365
2003-02-12,5.6128926277160645
2003-02-13,5.586663722991943
2003-02-14,5.631250381469727
2003-02-18,5.72305154800415
2003-02-19,5.717805862426758
2003-02-20,5.704691410064697
2003-02-21,5.830589771270752
2003-02-24,5.880425453186035
2003-02-25,5.848947048187256
2003-02-26,5.864687919616699
2003-02-27,5.830589771270752
2003-02-28,5.87780237197876
2003-03-03,5.8987836837768555
2003-03-04,5.869931221008301
2003-03-05,5.922390460968018
2003-03-06,5.9276347160339355
2003-03-07,5.9276347160339355
2003-03-10,5.8673095703125
2003-03-11,5.80960750579834
2003-03-12,5.717805862426758
2003-03-13,5.741415023803711
2003-03-14,5.717805862426758
2003-03-17,5.79124641418457
2003-03-18,5.901405334472656
2003-03-19,5.909274578094482
2003-03-20,5.96697473526001
2003-03-21,5.900796413421631
2003-03-24,5.8137898445129395
2003-03-25,5.866523742675781
2003-03-26,5.879703998565674
2003-03-27,5.927162170410156
2003-03-28,5.979898452758789
2003-03-31,5.884978294372559
2003-04-01,5.995716571807861
2003-04-02,5.982533931732178
2003-04-03,5.8717942237854
2003-04-04,5.903433322906494
2003-04-07,5.858613014221191
2003-04-08,5.787423133850098
2003-04-09,5.784785747528076
2003-04-10,5.863885402679443
2003-04-11,5.8296098709106445
2003-04-14,5.858613014221191
2003-04-15,5.8427910804748535
2003-04-16,5.763695240020752
2003-04-17,5.879703998565674
2003-04-21,5.8770670890808105
2003-04-22,5.958803653717041
2003-04-23,5.958803653717041
2003-04-24,5.937710762023926
2003-04-25,5.863885402679443
2003-04-28,5.890248775482178
2003-04-29,5.808516502380371
2003-04-30,5.834880352020264
2003-05-01,5.863885402679443
2003-05-02,5.956168174743652
2003-05-05,5.993082523345947
2003-05-06,5.985173225402832
2003-05-07,6.024718284606934
2003-05-08,6.032630443572998
2003-05-09,6.072180271148682
2003-05-12,6.1011810302734375
2003-05-13,6.169732570648193
2003-05-14,6.196102619171143
2003-05-15,6.198736667633057
2003-05-16,6.219832420349121
2003-05-19,6.156550884246826
2003-05-20,6.132821083068848
2003-05-21,6.3147478103637695
2003-05-22,6.301565170288086
2003-05-23,6.3595709800720215
2003-05-27,6.486131191253662
2003-05-28,6.409667491912842
2003-05-29,6.349027156829834
2003-05-30,6.45449161529541
2003-06-02,6.488770961761475
2003-06-03,6.536228179931641
2003-06-04,6.578415393829346
2003-06-05,6.544134616851807
2003-06-06,6.530955791473389
2003-06-09,6.520406723022461
2003-06-10,6.559958457946777
2003-06-11,6.749795913696289
2003-06-12,6.689153671264648
2003-06-13,6.578415393829346
2003-06-16,6.57050085067749
2003-06-17,6.507225513458252
2003-06-18,6.46767520904541
2003-06-19,6.501951694488525
2003-06-20,6.477579116821289
2003-06-23,6.459033012390137
2003-06-24,6.453734397888184
2003-06-25,6.464327812194824
2003-06-26,6.435186862945557
2003-06-27,6.411345958709717
2003-06-30,6.371605396270752
2003-07-01,6.366306781768799
2003-07-02,6.3583598136901855
2003-07-03,6.347762107849121
2003-07-07,6.305372714996338
2003-07-08,6.294772624969482
2003-07-09,6.3583598136901855
2003-07-10,6.262982368469238
2003-07-11,6.281527519226074
2003-07-14,6.225893974304199
2003-07-15,6.17290735244751
2003-07-16,6.114619731903076
2003-07-17,6.154361724853516
2003-07-18,6.294772624969482
2003-07-21,6.260332107543945
2003-07-22,6.244438648223877
2003-07-23,6.209997653961182
2003-07-24,6.151712417602539
2003-07-25,6.207346439361572
2003-07-28,6.180852890014648
2003-07-29,6.0934247970581055
2003-07-30,6.101377010345459
2003-07-31,6.146414756774902
2003-08-01,6.130517482757568
2003-08-04,6.066930770874023
2003-08-05,6.040438175201416
2003-08-06,6.146414756774902
2003-08-07,6.300074577331543
2003-08-08,6.318619251251221
2003-08-11,6.347762107849121
2003-08-12,6.3927998542785645
2003-08-13,6.387500762939453
2003-08-14,6.411345958709717
2003-08-15,6.432538986206055
2003-08-18,6.432538986206055
2003-08-19,6.4033966064453125
2003-08-20,6.432538986206055
2003-08-21,6.493474960327148
2003-08-22,6.3927998542785645
2003-08-25,6.3927998542785645
2003-08-26,6.398098945617676
2003-08-27,6.424591064453125
2003-08-28,6.530562877655029
2003-08-29,6.538510799407959
2003-09-02,6.580900192260742
2003-09-03,6.58355188369751
2003-09-04,6.572953701019287
2003-09-05,6.543809413909912
2003-09-08,6.633887767791748
2003-09-09,6.562356948852539
2003-09-10,6.493474960327148
2003-09-11,6.480226039886475
2003-09-12,6.48817253112793
2003-09-15,6.445786952972412
2003-09-16,6.456380844116211
2003-09-17,6.371605396270752
2003-09-18,6.398098945617676
2003-09-19,6.456943988800049
2003-09-22,6.419666290283203
2003-09-23,6.456943988800049
2003-09-24,6.488894939422607
2003-09-25,6.43031644821167
2003-09-26,6.371736526489258
2003-09-29,6.403692245483398
2003-09-30,6.403692245483398
2003-10-01,6.496881484985352
2003-10-02,6.539484977722168
2003-10-03,6.576764106750488
2003-10-06,6.616704940795898
2003-10-07,6.648654460906982
2003-10-08,6.603390693664551
2003-10-09,6.58208703994751
2003-10-10,6.630017280578613
2003-10-13,6.65664529800415
2003-10-14,6.630017280578613
2003-10-15,6.5341572761535645
2003-10-16,6.603390693664551
2003-10-17,6.558122634887695
2003-10-20,6.555461883544922
2003-10-21,6.576764106750488
2003-10-22,6.488894939422607
2003-10-23,6.478245258331299
2003-10-24,6.475581169128418
2003-10-27,6.448957443237305
2003-10-28,6.467592239379883
2003-10-29,6.454279899597168
2003-10-30,6.366408824920654
2003-10-31,6.464931011199951
2003-11-03,6.424990653991699
2003-11-04,6.403692245483398
2003-11-05,6.422327995300293
2003-11-06,6.43031644821167
2003-11-07,6.446295738220215
2003-11-10,6.435641765594482
2003-11-11,6.43297815322876
2003-11-12,6.470257759094238
2003-11-13,6.52883243560791
2003-11-14,6.542145252227783
2003-11-17,6.475581169128418
2003-11-18,6.43031644821167
2003-11-19,6.446295738220215
2003-11-20,6.43031644821167
2003-11-21,6.382388591766357
2003-11-24,6.417004108428955
2003-11-25,6.454279899597168
2003-11-26,6.5155229568481445
2003-11-28,6.5155229568481445
2003-12-01,6.58208703994751
2003-12-02,6.627351760864258
2003-12-03,6.590072154998779
2003-12-04,6.749833583831787
2003-12-05,6.7977614402771
2003-12-08,6.872313976287842
2003-12-09,6.8776397705078125
2003-12-10,6.882968425750732
2003-12-11,6.917581081390381
2003-12-12,6.994799613952637
2003-12-15,6.906931400299072
2003-12-16,7.010775089263916
2003-12-17,7.0773396492004395
2003-12-18,7.266390323638916
2003-12-19,7.25355339050293
2003-12-22,7.261573314666748
2003-12-23,7.210762023925781
2003-12-24,7.288321018218994
2003-12-26,7.31774377822876
2003-12-29,7.403332233428955
2003-12-30,7.419378757476807
2003-12-31,7.368561267852783
2004-01-02,7.3658881187438965
2004-01-05,7.5076422691345215
2004-01-06,7.499618053436279
2004-01-07,7.422054290771484
2004-01-08,7.4434494972229
2004-01-09,7.480892658233643
2004-01-12,7.502290725708008
2004-01-13,7.504968166351318
2004-01-14,7.486244201660156
2004-01-15,7.360536575317383
2004-01-16,7.43007230758667
2004-01-20,7.617298126220703
2004-01-21,7.662766933441162
2004-01-22,7.625319480895996
2004-01-23,7.6921892166137695
2004-01-26,7.737656116485596
2004-01-27,7.72161340713501
2004-01-28,7.611949920654297
2004-01-29,7.606601715087891
2004-01-30,7.534388542175293
2004-02-02,7.577179908752441
2004-02-03,7.547758102416992
2004-02-04,7.49426794052124
2004-02-05,7.427401542663574
2004-02-06,7.478220462799072
2004-02-09,7.569160461425781
2004-02-10,7.670790672302246
2004-02-11,7.775103569030762
2004-02-12,7.799171447753906
2004-02-13,7.780447483062744
2004-02-17,7.847316265106201
2004-02-18,7.764403820037842
2004-02-19,7.756380081176758
2004-02-20,7.753704071044922
2004-02-23,7.8152174949646
2004-02-24,7.828592777252197
2004-02-25,7.866039752960205
2004-02-26,7.892786502838135
2004-02-27,7.930230617523193
2004-03-01,8.082684516906738
2004-03-02,8.01314640045166
2004-03-03,8.002442359924316
2004-03-04,7.978376388549805
2004-03-05,8.047914505004883
2004-03-08,8.082684516906738
2004-03-09,8.029192924499512
2004-03-10,7.890110969543457
2004-03-11,7.71358585357666
2004-03-12,7.82592248916626
2004-03-15,7.841966152191162
2004-03-16,7.839292049407959
2004-03-17,7.948951721191406
2004-03-18,8.029192924499512
2004-03-19,7.864542007446289
2004-03-22,7.78933572769165
2004-03-23,7.7356133460998535
2004-03-24,7.571770191192627
2004-03-25,7.5422234535217285
2004-03-26,7.628174304962158
2004-03-29,7.668462753295898
2004-03-30,7.808135986328125
2004-03-31,7.8806562423706055
2004-04-01,7.78933572769165
2004-04-02,7.824251651763916
2004-04-05,7.864542007446289
2004-04-06,7.864542007446289
2004-04-07,7.864542007446289
2004-04-08,7.934375286102295
2004-04-12,8.084789276123047
2004-04-13,8.014954566955566
2004-04-14,8.031071662902832
2004-04-15,8.138514518737793
2004-04-16,8.20297622680664
2004-04-19,8.184167861938477
2004-04-20,8.01763916015625
2004-04-21,7.99077844619751
2004-04-22,8.149250030517578
2004-04-23,8.084789276123047
2004-04-26,8.130452156066895
2004-04-27,8.29966926574707
2004-04-28,8.181486129760742
2004-04-29,7.985405445098877
2004-04-30,8.014954566955566
2004-05-03,8.200287818908691
2004-05-04,8.205659866333008
2004-05-05,8.232519149780273
2004-05-06,8.192228317260742
2004-05-07,7.99346923828125
2004-05-10,7.762471675872803
2004-05-11,7.8967719078063965
2004-05-12,7.945119857788086
2004-05-13,7.9236297607421875
2004-05-14,8.01763916015625
2004-05-17,8.01763916015625
2004-05-18,7.899458408355713
2004-05-19,7.864542007446289
2004-05-20,7.856482028961182
2004-05-21,7.818880558013916
2004-05-24,7.996152877807617
2004-05-25,8.130452156066895
2004-05-26,8.063302993774414
2004-05-27,7.9504876136779785
2004-05-28,7.99077844619751
2004-06-01,8.100906372070312
2004-06-02,8.084789276123047
2004-06-03,8.0122652053833
2004-06-04,7.971980094909668
2004-06-07,8.119706153869629
2004-06-08,8.084789276123047
2004-06-09,8.020328521728516
2004-06-10,8.122393608093262
2004-06-14,8.060617446899414
2004-06-15,8.176115036010742
2004-06-16,8.334583282470703
2004-06-17,8.396360397338867
2004-06-18,8.419012069702148
2004-06-21,8.400139808654785
2004-06-22,8.456768989562988
2004-06-23,8.599693298339844
2004-06-24,8.548457145690918
2004-06-25,8.499917030334473
2004-06-28,8.37856674194336
2004-06-29,8.424408912658691
2004-06-30,8.489127159118652
2004-07-01,8.499917030334473
2004-07-02,8.532275199890137
2004-07-06,8.553852081298828
2004-07-07,8.60508918762207
2004-07-08,8.561938285827637
2004-07-09,8.610482215881348
2004-07-12,8.561938285827637
2004-07-13,8.54036808013916
2004-07-14,8.642837524414062
2004-07-15,8.699469566345215
2004-07-16,8.804643630981445
2004-07-19,8.774977684020996
2004-07-20,8.748010635375977
2004-07-21,8.591599464416504
2004-07-22,8.618570327758789
2004-07-23,8.586212158203125
2004-07-26,8.510702133178711
2004-07-27,8.59699821472168
2004-07-28,8.656319618225098
2004-07-29,8.718348503112793
2004-07-30,8.750706672668457
2004-08-02,8.739923477172852
2004-08-03,8.845090866088867
2004-08-04,8.640142440795898
2004-08-05,8.510702133178711
2004-08-06,8.340813636779785
2004-08-09,8.475646018981934
2004-08-10,8.443283081054688
2004-08-11,8.400139808654785
2004-08-12,8.292271614074707
2004-08-13,8.394749641418457
2004-08-16,8.445981979370117
2004-08-17,8.251824378967285
2004-08-18,8.359688758850098
2004-08-19,8.3866548538208
2004-08-20,8.47294807434082
2004-08-23,8.367776870727539
2004-08-24,8.346203804016113
2004-08-25,8.400139808654785
2004-08-26,8.459465980529785
2004-08-27,8.513399124145508
2004-08-30,8.475646018981934
2004-08-31,8.615870475769043
2004-09-01,8.766884803771973
2004-09-02,8.836999893188477
2004-09-03,8.855879783630371
2004-09-07,8.845090866088867
2004-09-08,8.85318374633789
2004-09-09,8.979924201965332
2004-09-10,8.93138313293457
2004-09-13,8.993407249450684
2004-09-14,9.033854484558105
2004-09-15,9.004192352294922
2004-09-16,9.031163215637207
2004-09-17,9.183588981628418
2004-09-20,9.186297416687012
2004-09-21,9.413721084594727
2004-09-22,9.354153633117676
2004-09-23,9.267518043518066
2004-09-24,9.373111724853516
2004-09-27,9.367691040039062
2004-09-28,9.527433395385742
2004-09-29,9.40018081665039
2004-09-30,9.457036972045898
2004-10-01,9.592411041259766
2004-10-04,9.581581115722656
2004-10-05,9.684462547302246
2004-10-06,9.863150596618652
2004-10-07,9.787346839904785
2004-10-08,9.798171997070312
2004-10-11,9.71424388885498
2004-10-12,9.603241920471191
2004-10-13,9.402892112731934
2004-10-14,9.478697776794434
2004-10-15,9.519308090209961
2004-10-18,9.392062187194824
2004-10-19,9.364983558654785
2004-10-20,9.570752143859863
2004-10-21,9.624897956848145
2004-10-22,9.605949401855469
2004-10-25,9.614065170288086
2004-10-26,9.719656944274902
2004-10-27,9.551796913146973
2004-10-28,9.383938789367676
2004-10-29,9.51389217376709
2004-11-01,9.457036972045898
2004-11-02,9.316255569458008
2004-11-03,9.503057479858398
2004-11-04,9.616775512695312
2004-11-05,9.673633575439453
2004-11-08,9.51389217376709
2004-11-09,9.427254676818848
2004-11-10,9.538264274597168
2004-11-11,9.519308090209961
2004-11-12,9.719656944274902
2004-11-15,9.5084810256958
2004-11-16,9.5084810256958
2004-11-17,9.657388687133789
2004-11-18,9.733196258544922
2004-11-19,9.849615097045898
2004-11-22,10.0066499710083
2004-11-23,10.068920135498047
2004-11-24,10.152846336364746
2004-11-26,10.196163177490234
2004-11-29,10.142017364501953
2004-11-30,10.155557632446289
2004-12-01,9.911888122558594
2004-12-02,9.649261474609375
2004-12-03,9.744028091430664
2004-12-06,9.74944019317627
2004-12-07,9.54638385772705
2004-12-08,9.611361503601074
2004-12-09,9.692584037780762
2004-12-10,9.624897956848145
2004-12-13,9.7954683303833
2004-12-14,9.825250625610352
2004-12-15,9.89835262298584
2004-12-16,9.798171997070312
2004-12-17,9.79572868347168
2004-12-20,9.915292739868164
2004-12-21,9.999524116516113
2004-12-22,9.863659858703613
2004-12-23,9.920722007751465
2004-12-27,9.746818542480469
2004-12-28,9.814751625061035
2004-12-29,9.888113975524902
2004-12-30,9.844639778137207
2004-12-31,9.869096755981445
2005-01-03,9.504982948303223
2005-01-04,9.456067085266113
2005-01-05,9.415315628051758
2005-01-06,9.578349113464355
2005-01-07,9.502264976501465
2005-01-10,9.572911262512207
2005-01-11,9.586499214172363
2005-01-12,9.754969596862793
2005-01-13,9.820185661315918
2005-01-14,9.907136917114258
2005-01-18,10.00495719909668
2005-01-19,9.969633102416992
2005-01-20,9.869096755981445
2005-01-21,9.890832901000977
2005-01-24,9.977787017822266
2005-01-25,10.01854419708252
2005-01-26,10.116361618041992
2005-01-27,10.206036567687988
2005-01-28,10.083759307861328
2005-01-31,10.203320503234863
2005-02-01,10.377222061157227
2005-02-02,10.521238327026367
2005-02-03,10.572866439819336
2005-02-04,10.61091136932373
2005-02-07,10.54025936126709
2005-02-08,10.616341590881348
2005-02-09,10.597320556640625
2005-02-10,10.888069152832031
2005-02-11,10.983171463012695
2005-02-14,10.99675464630127
2005-02-15,11.021217346191406
2005-02-16,11.330982208251953
2005-02-17,11.178812980651855
2005-02-18,11.42608642578125
2005-02-22,11.34456729888916
2005-02-23,11.4885892868042
2005-02-24,11.714113235473633
2005-02-25,12.002144813537598
2005-02-28,11.915192604064941
2005-03-01,11.684229850769043
2005-03-02,11.855411529541016
2005-03-03,12.051058769226074
2005-03-04,12.205939292907715
2005-03-07,12.121703147888184
2005-03-08,12.108120918273926
2005-03-09,11.773895263671875
2005-03-10,11.534772872924805
2005-03-11,11.6298828125
2005-03-14,11.714113235473633
2005-03-15,11.551081657409668
2005-03-16,11.58912467956543
2005-03-17,11.790196418762207
2005-03-18,11.935787200927734
2005-03-21,11.832180976867676
2005-03-22,11.690417289733887
2005-03-23,11.466861724853516
2005-03-24,11.458684921264648
2005-03-28,11.472311019897461
2005-03-29,11.286924362182617
2005-03-30,11.455953598022461
2005-03-31,11.687688827514648
2005-04-01,11.97668170928955
2005-04-04,11.873077392578125
2005-04-05,11.723127365112305
2005-04-06,11.90852165222168
2005-04-07,11.862171173095703
2005-04-08,11.646795272827148
2005-04-11,11.734037399291992
2005-04-12,11.548648834228516
2005-04-13,11.265110969543457
2005-04-14,11.25965690612793
2005-04-15,10.831626892089844
2005-04-18,11.02791976928711
2005-04-19,11.286924362182617
2005-04-20,11.055185317993164
2005-04-21,11.43686580657959
2005-04-22,11.461403846740723
2005-04-25,11.622259140014648
2005-04-26,11.431416511535645
2005-04-27,11.13697338104248
2005-04-28,10.913416862487793
2005-04-29,11.055185317993164
2005-05-02,11.2542085647583
2005-05-03,10.989751815795898
2005-05-04,11.11789608001709
2005-05-05,11.237848281860352
2005-05-06,11.205131530761719
2005-05-09,11.355081558227539
2005-05-10,11.164243698120117
2005-05-11,11.23239517211914
2005-05-12,10.741657257080078
2005-05-13,10.578082084655762
2005-05-16,10.531731605529785
2005-05-17,10.7198486328125
2005-05-18,10.698039054870605
2005-05-19,10.89160442352295
2005-05-20,10.80981731414795
2005-05-23,10.989751815795898
2005-05-24,11.036100387573242
2005-05-25,11.205131530761719
2005-05-26,11.262386322021484
2005-05-27,11.4504976272583
2005-05-31,11.36325740814209
2005-06-01,11.578636169433594
2005-06-02,11.556830406188965
2005-06-03,11.622259140014648
2005-06-06,11.657698631286621
2005-06-07,11.545923233032227
2005-06-08,11.578636169433594
2005-06-09,11.913972854614258
2005-06-10,11.900341987609863
2005-06-13,11.946690559387207
2005-06-14,12.020299911499023
2005-06-15,12.164798736572266
2005-06-16,12.336549758911133
2005-06-17,12.536469459533691
2005-06-20,12.550143241882324
2005-06-21,12.284862518310547
2005-06-22,12.35596752166748
2005-06-23,12.366909980773926
2005-06-24,12.290334701538086
2005-06-27,12.47903823852539
2005-06-28,12.246574401855469
2005-06-29,12.235636711120605
2005-06-30,12.15632438659668
2005-07-01,12.427077293395996
2005-07-05,12.799010276794434
2005-07-06,12.569286346435547
2005-07-07,12.73063850402832
2005-07-08,12.645859718322754
2005-07-11,12.738844871520996
2005-07-12,12.853707313537598
2005-07-13,12.77987003326416
2005-07-14,12.473564147949219
2005-07-15,12.407931327819824
2005-07-18,12.35596752166748
2005-07-19,12.621247291564941
2005-07-20,12.634919166564941
2005-07-21,12.511853218078613
2005-07-22,12.960367202758789
2005-07-25,13.080698013305664
2005-07-26,13.050615310668945
2005-07-27,13.116247177124023
2005-07-28,13.154536247253418
2005-07-29,13.01779842376709
2005-08-01,13.154536247253418
2005-08-02,13.373330116271973
2005-08-03,13.307689666748047
2005-08-04,13.335038185119629
2005-08-05,13.233848571777344
2005-08-08,13.425288200378418
2005-08-09,13.3952054977417
2005-08-10,13.61398983001709
2005-08-11,13.745264053344727
2005-08-12,13.720648765563965
2005-08-15,13.586642265319824
2005-08-16,13.288546562194824
2005-08-17,12.982239723205566
2005-08-18,12.954894065856934
2005-08-19,13.176413536071777
2005-08-22,13.209235191345215
2005-08-23,13.184619903564453
2005-08-24,13.310428619384766
2005-08-25,13.274869918823242
2005-08-26,13.124456405639648
2005-08-29,13.231114387512207
2005-08-30,13.477245330810547
2005-08-31,13.849187850952148
2005-09-01,14.210189819335938
2005-09-02,13.933974266052246
2005-09-06,14.032416343688965
2005-09-07,14.054299354553223
2005-09-08,14.073439598083496
2005-09-09,14.439908027648926
2005-09-12,14.144547462463379
2005-09-13,14.024211883544922
2005-09-14,14.199241638183594
2005-09-15,14.199241638183594
2005-09-16,14.338570594787598
2005-09-19,14.717057228088379
2005-09-20,14.577189445495605
2005-09-21,14.782879829406738
2005-09-22,14.673171043395996
2005-09-23,14.415366172790527
2005-09-26,14.67866325378418
2005-09-27,14.689632415771484
2005-09-28,14.810308456420898
2005-09-29,14.952929496765137
2005-09-30,14.719799995422363
2005-10-03,14.68140697479248
2005-10-04,14.15206527709961
2005-10-05,13.609029769897461
2005-10-06,13.285396575927734
2005-10-07,13.584342002868652
2005-10-10,13.378644943237305
2005-10-11,13.699531555175781
2005-10-12,13.436244010925293
2005-10-13,13.071470260620117
2005-10-14,13.257970809936523
2005-10-17,13.422526359558105
2005-10-18,12.799945831298828
2005-10-19,13.087924003601074
2005-10-20,12.492768287658691
2005-10-21,12.621668815612793
2005-10-24,13.071470260620117
2005-10-25,13.342995643615723
2005-10-26,13.263450622558594
2005-10-27,12.887710571289062
2005-10-28,13.238770484924316
2005-10-31,13.38961410522461
2005-11-01,13.471890449523926
2005-11-02,13.735188484191895
2005-11-03,13.995736122131348
2005-11-04,13.576116561889648
2005-11-07,13.340251922607422
2005-11-08,13.452696800231934
2005-11-09,13.329273223876953
2005-11-10,12.91513442993164
2005-11-11,13.019356727600098
2005-11-14,13.087924003601074
2005-11-15,13.109864234924316
2005-11-16,13.449953079223633
2005-11-17,13.444462776184082
2005-11-18,13.449953079223633
2005-11-21,13.78455924987793
2005-11-22,14.003963470458984
2005-11-23,13.951857566833496
2005-11-25,13.987515449523926
2005-11-28,13.515779495239258
2005-11-29,13.537720680236816
2005-11-30,13.589827537536621
2005-12-01,14.020426750183105
2005-12-02,14.034136772155762
2005-12-05,14.132868766784668
2005-12-06,14.193206787109375
2005-12-07,14.141107559204102
2005-12-08,14.39068603515625
2005-12-09,14.212407112121582
2005-12-12,14.396170616149902
2005-12-13,14.335827827453613
2005-12-14,14.508610725402832
2005-12-15,14.393420219421387
2005-12-16,14.04336929321289
2005-12-19,13.927879333496094
2005-12-20,14.11761474609375
2005-12-21,14.14786148071289
2005-12-22,14.131365776062012
2005-12-23,14.092865943908691
2005-12-27,13.677642822265625
2005-12-28,13.883879661560059
2005-12-29,13.776640892028809
2005-12-30,13.83438491821289
2006-01-03,14.49159049987793
2006-01-04,14.53283405303955
2006-01-05,14.348597526550293
2006-01-06,14.700576782226562
2006-01-09,14.684081077575684
2006-01-10,14.843571662902832
2006-01-11,14.906820297241211
2006-01-12,14.79957103729248
2006-01-13,14.975563049316406
2006-01-17,15.305537223815918
2006-01-18,15.179048538208008
2006-01-19,15.443029403686523
2006-01-20,15.511775970458984
2006-01-23,15.682271003723145
2006-01-24,15.588777542114258
2006-01-25,15.26154613494873
2006-01-26,15.31104564666748
2006-01-27,15.57777214050293
2006-01-30,15.935247421264648
2006-01-31,15.855504035949707
2006-02-01,15.478780746459961
2006-02-02,15.324790000915527
2006-02-03,15.184550285339355
2006-02-06,15.481529235839844
2006-02-07,14.835318565368652
2006-02-08,14.838068008422852
2006-02-09,14.499842643737793
2006-02-10,14.44759464263916
2006-02-13,14.389853477478027
2006-02-14,14.227608680725098
2006-02-15,14.150612831115723
2006-02-16,14.475092887878418
2006-02-17,14.576839447021484
2006-02-21,14.862824440002441
2006-02-22,14.58508586883545
2006-02-23,14.56859302520752
2006-02-24,14.747332572937012
2006-02-27,14.49159049987793
2006-02-28,14.392602920532227
2006-03-01,14.637332916259766
2006-03-02,14.88206958770752
2006-03-03,14.884817123413086
2006-03-06,14.367851257324219
2006-03-07,14.156113624572754
2006-03-08,14.156113624572754
2006-03-09,14.054367065429688
2006-03-10,14.131365776062012
2006-03-13,14.409101486206055
2006-03-14,14.67582893371582
2006-03-15,14.75283145904541
2006-03-16,14.986560821533203
2006-03-17,14.796541213989258
2006-03-20,14.468340873718262
2006-03-21,14.443514823913574
2006-03-22,14.540047645568848
2006-03-23,14.755168914794922
2006-03-24,14.854445457458496
2006-03-27,14.931683540344238
2006-03-28,15.047515869140625
2006-03-29,15.224020957946777
2006-03-30,15.215749740600586
2006-03-31,15.003387451171875
2006-04-03,15.086119651794434
2006-04-04,15.284697532653809
2006-04-05,15.535672187805176
2006-04-06,15.568770408630371
2006-04-07,15.265388488769531
2006-04-10,15.554975509643555
2006-04-11,15.444656372070312
2006-04-12,15.34261703491211
2006-04-13,15.392258644104004
2006-04-17,15.67633056640625
2006-04-18,16.0596923828125
2006-04-19,16.30790901184082
2006-04-20,16.13966941833496
2006-04-21,16.476139068603516
2006-04-24,16.225170135498047
2006-04-25,16.01556396484375
2006-04-26,15.761838912963867
2006-04-27,15.582557678222656
2006-04-28,15.759065628051758
2006-05-01,16.018327713012695
2006-05-02,16.37409210205078
2006-05-03,16.120365142822266
2006-05-04,16.0458927154541
2006-05-05,16.233436584472656
2006-05-08,16.161727905273438
2006-05-09,16.25826072692871
2006-05-10,16.40995216369629
2006-05-11,16.197587966918945
2006-05-12,15.648746490478516
2006-05-15,15.320549011230469
2006-05-16,15.375718116760254
2006-05-17,14.984088897705078
2006-05-18,14.802054405212402
2006-05-19,14.89858341217041
2006-05-22,14.81308650970459
2006-05-23,14.815845489501953
2006-05-24,14.633818626403809
2006-05-25,15.146805763244629
2006-05-26,15.196449279785156
2006-05-30,14.956501960754395
2006-05-31,15.320549011230469
2006-06-01,15.361920356750488
2006-06-02,15.59083366394043
2006-06-05,15.099912643432617
2006-06-06,15.086119651794434
2006-06-07,14.506949424743652
2006-06-08,14.711041450500488
2006-06-09,14.562112808227539
2006-06-12,14.26424503326416
2006-06-13,13.842277526855469
2006-06-14,14.19805908203125
2006-06-15,14.738625526428223
2006-06-16,14.699041366577148
2006-06-19,14.145397186279297
2006-06-20,14.078962326049805
2006-06-21,14.394530296325684
2006-06-22,14.455438613891602
2006-06-23,14.776538848876953
2006-06-26,14.939867973327637
2006-06-27,14.967547416687012
2006-06-28,15.224987983703613
2006-06-29,15.656830787658691
2006-06-30,15.709423065185547
2006-07-03,15.878278732299805
2006-07-05,15.950251579284668
2006-07-06,15.908723831176758
2006-07-07,15.69281005859375
2006-07-10,15.739869117736816
2006-07-11,16.02776527404785
2006-07-12,15.972410202026367
2006-07-13,15.82014274597168
2006-07-14,16.005613327026367
2006-07-17,15.487972259521484
2006-07-18,15.507344245910645
2006-07-19,15.667893409729004
2006-07-20,15.288661003112793
2006-07-21,15.08104133605957
2006-07-24,15.53502082824707
2006-07-25,15.806309700012207
2006-07-26,16.124637603759766
2006-07-27,15.986236572265625
2006-07-28,15.99177360534668
2006-07-31,16.235383987426758
2006-08-01,16.254758834838867
2006-08-02,16.28797149658203
2006-08-03,16.14679527282715
2006-08-04,16.011144638061523
2006-08-07,16.180007934570312
2006-08-08,16.085893630981445
2006-08-09,16.221532821655273
2006-08-10,16.08865737915039
2006-08-11,16.096965789794922
2006-08-14,15.764784812927246
2006-08-15,15.845060348510742
2006-08-16,15.778624534606934
2006-08-17,15.667893409729004
2006-08-18,15.911491394042969
2006-08-21,16.016691207885742
2006-08-22,16.124637603759766
2006-08-23,15.786927223205566
2006-08-24,15.99177360534668
2006-08-25,16.116344451904297
2006-08-28,15.883813858032227
2006-08-29,15.784159660339355
2006-08-30,15.518415451049805
2006-08-31,15.410466194152832
2006-09-01,15.640217781066895
2006-09-05,15.845060348510742
2006-09-06,15.308036804199219
2006-09-07,15.321878433227539
2006-09-08,14.934326171875
2006-09-11,14.472041130065918
2006-09-12,14.38070011138916
2006-09-13,14.679655075073242
2006-09-14,14.353005409240723
2006-09-15,14.402170181274414
2006-09-18,14.749391555786133
2006-09-19,14.527170181274414
2006-09-20,14.138298034667969
2006-09-21,14.318842887878418
2006-09-22,14.257737159729004
2006-09-25,14.277183532714844
2006-09-26,14.591057777404785
2006-09-27,14.832710266113281
2006-09-28,14.78549575805664
2006-09-29,14.846602439880371
2006-10-02,14.677166938781738
2006-10-03,14.138298034667969
2006-10-04,14.346625328063965
2006-10-05,14.621617317199707
2006-10-06,14.635491371154785
2006-10-09,14.416065216064453
2006-10-10,14.685502052307129
2006-10-11,14.45217514038086
2006-10-12,14.791047096252441
2006-10-13,14.993817329406738
2006-10-16,15.34658145904541
2006-10-17,15.179925918579102
2006-10-18,15.082703590393066
2006-10-19,15.393799781799316
2006-10-20,15.193811416625977
2006-10-23,15.221587181091309
2006-10-24,15.499357223510742
2006-10-25,15.766012191772461
2006-10-26,15.729899406433105
2006-10-27,15.602124214172363
2006-10-30,15.321589469909668
2006-10-31,15.479909896850586
2006-11-01,15.321589469909668
2006-11-02,15.382688522338867
2006-11-03,15.721558570861816
2006-11-06,15.83544635772705
2006-11-07,15.713231086730957
2006-11-08,15.977110862731934
2006-11-09,16.110441207885742
2006-11-10,15.95766830444336
2006-11-13,15.929896354675293
2006-11-14,16.024337768554688
2006-11-15,16.174327850341797
2006-11-16,15.729899406433105
2006-11-17,15.860453605651855
2006-11-20,15.818781852722168
2006-11-21,16.110441207885742
2006-11-22,16.016000747680664
2006-11-24,15.982666969299316
2006-11-27,15.910451889038086
2006-11-28,16.166000366210938
2006-11-29,16.679861068725586
2006-11-30,16.807628631591797
2006-12-01,16.865964889526367
2006-12-04,16.840965270996094
2006-12-05,16.90761947631836
2006-12-06,16.860410690307617
2006-12-07,16.760412216186523
2006-12-08,16.74097442626953
2006-12-11,16.699302673339844
2006-12-12,16.738197326660156
2006-12-13,16.90761947631836
2006-12-14,17.15205955505371
2006-12-15,16.997159957885742
2006-12-18,16.5068359375
2006-12-19,16.788217544555664
2006-12-20,16.559762954711914
2006-12-21,16.48176383972168
2006-12-22,16.32295799255371
2006-12-26,16.342456817626953
2006-12-27,16.534692764282227
2006-12-28,16.498476028442383
2006-12-29,16.3341007232666
2007-01-03,15.762977600097656
2007-01-04,15.476027488708496
2007-01-05,15.579100608825684
2007-01-08,15.579100608825684
2007-01-09,15.4453763961792
2007-01-10,15.147278785705566
2007-01-11,15.06091594696045
2007-01-12,15.4453763961792
2007-01-16,15.286581039428711
2007-01-17,15.456522941589355
2007-01-18,15.342302322387695
2007-01-19,15.762977600097656
2007-01-22,15.654333114624023
2007-01-23,16.06108283996582
2007-01-24,16.130727767944336
2007-01-25,15.799199104309082
2007-01-26,15.838197708129883
2007-01-29,15.760194778442383
2007-01-30,16.080575942993164
2007-01-31,16.183658599853516
2007-02-01,16.242164611816406
2007-02-02,16.3341007232666
2007-02-05,16.31739616394043
2007-02-06,16.267240524291992
2007-02-07,16.169734954833984
2007-02-08,16.3341007232666
2007-02-09,16.267240524291992
2007-02-12,16.041574478149414
2007-02-13,16.275590896606445
2007-02-14,16.27838134765625
2007-02-15,16.155792236328125
2007-02-16,16.15859031677246
2007-02-20,15.977499961853027
2007-02-21,16.153017044067383
2007-02-22,16.297887802124023
2007-02-23,16.339675903320312
2007-02-26,16.437179565429688
2007-02-27,15.782482147216797
2007-02-28,15.852128028869629
2007-03-01,15.801986694335938
2007-03-02,15.61532974243164
2007-03-05,15.434236526489258
2007-03-06,15.726765632629395
2007-03-07,15.921782493591309
2007-03-08,16.06108283996582
2007-03-09,15.991432189941406
2007-03-12,15.96914291381836
2007-03-13,15.754621505737305
2007-03-14,15.935711860656738
2007-03-15,15.932928085327148
2007-03-16,15.761588096618652
2007-03-19,16.01314353942871
2007-03-20,16.127750396728516
2007-03-21,16.418437957763672
2007-03-22,16.748262405395508
2007-03-23,16.832107543945312
2007-03-26,16.949499130249023
2007-03-27,16.98024559020996
2007-03-28,16.97745704650879
2007-03-29,17.083663940429688
2007-03-30,16.848875045776367
2007-04-02,17.0137882232666
2007-04-03,17.120012283325195
2007-04-04,17.14795684814453
2007-04-05,17.259761810302734
2007-04-09,17.195470809936523
2007-04-10,17.455419540405273
2007-04-11,17.34920883178711
2007-04-12,17.6147403717041
2007-04-13,17.623123168945312
2007-04-16,17.726545333862305
2007-04-17,17.625919342041016
2007-04-18,17.564430236816406
2007-04-19,17.318458557128906
2007-04-20,17.637102127075195
2007-04-23,17.656665802001953
2007-04-24,17.603553771972656
2007-04-25,17.933385848999023
2007-04-26,17.927785873413086
2007-04-27,17.92498779296875
2007-04-30,17.71256446838379
2007-05-01,17.79082489013672
2007-05-02,17.93896484375
2007-05-03,18.084312438964844
2007-05-04,18.070343017578125
2007-05-07,18.11785125732422
2007-05-08,18.120651245117188
2007-05-09,18.11227035522461
2007-05-10,17.818782806396484
2007-05-11,18.226869583129883
2007-05-14,18.232450485229492
2007-05-15,18.293943405151367
2007-05-16,18.363821029663086
2007-05-17,18.657312393188477
2007-05-18,18.959186553955078
2007-05-21,19.118501663208008
2007-05-22,18.939617156982422
2007-05-23,18.97874641418457
2007-05-24,18.632156372070312
2007-05-25,18.922849655151367
2007-05-29,18.797067642211914
2007-05-30,19.191165924072266
2007-05-31,19.090553283691406
2007-06-01,19.26384735107422
2007-06-04,19.565725326538086
2007-06-05,19.4958438873291
2007-06-06,19.247079849243164
2007-06-07,18.906078338623047
2007-06-08,18.98434066772461
2007-06-11,19.12968635559082
2007-06-12,18.8948974609375
2007-06-13,19.272232055664062
2007-06-14,19.596458435058594
2007-06-15,19.897249221801758
2007-06-18,19.919675827026367
2007-06-19,19.942108154296875
2007-06-20,19.361833572387695
2007-06-21,19.748682022094727
2007-06-22,19.552457809448242
2007-06-25,19.395475387573242
2007-06-26,18.977792739868164
2007-06-27,19.272130966186523
2007-06-28,19.272130966186523
2007-06-29,19.33941650390625
2007-07-02,19.6814022064209
2007-07-03,19.832778930664062
2007-07-05,19.785120010375977
2007-07-06,20.054229736328125
2007-07-09,20.242050170898438
2007-07-10,20.062641143798828
2007-07-11,20.138330459594727
2007-07-12,20.52798080444336
2007-07-13,20.729801177978516
2007-07-16,20.463502883911133
2007-07-17,20.197200775146484
2007-07-18,20.65411376953125
2007-07-19,20.841938018798828
2007-07-20,20.74382781982422
2007-07-23,20.827919006347656
2007-07-24,20.225223541259766
2007-07-25,20.54759407043457
2007-07-26,19.7739200592041
2007-07-27,19.202051162719727
2007-07-30,19.53282928466797
2007-07-31,19.34221076965332
2007-08-01,19.29175567626953
2007-08-02,19.160005569458008
2007-08-03,18.534887313842773
2007-08-06,18.64141082763672
2007-08-07,19.07870864868164
2007-08-08,19.440326690673828
2007-08-09,18.882490158081055
2007-08-10,18.98340606689453
2007-08-13,19.005821228027344
2007-08-14,18.879682540893555
2007-08-15,18.361085891723633
2007-08-16,18.248960494995117
2007-08-17,18.921735763549805
2007-08-20,18.879682540893555
2007-08-21,18.613378524780273
2007-08-22,18.837629318237305
2007-08-23,19.005821228027344
2007-08-24,19.412294387817383
2007-08-27,19.17401885986328
2007-08-28,18.71149444580078
2007-08-29,19.33099937438965
2007-08-30,19.319786071777344
2007-08-31,19.57488250732422
2007-09-04,19.93089485168457
2007-09-05,19.824371337890625
2007-09-06,20.127111434936523
2007-09-07,19.69542121887207
2007-09-10,19.664587020874023
2007-09-11,20.000967025756836
2007-09-12,20.14113426208496
2007-09-13,20.26728057861328
2007-09-14,20.32333755493164
2007-09-17,20.365386962890625
2007-09-18,20.982099533081055
2007-09-19,21.164308547973633
2007-09-20,21.15029525756836
2007-09-21,21.276203155517578
2007-09-24,21.236854553222656
2007-09-25,20.888338088989258
2007-09-26,20.947362899780273
2007-09-27,21.219993591308594
2007-09-28,21.023244857788086
2007-10-01,21.388626098632812
2007-10-02,21.054162979125977
2007-10-03,20.930498123168945
2007-10-04,21.009204864501953
2007-10-05,21.110380172729492
2007-10-08,20.89677619934082
2007-10-09,21.318368911743164
2007-10-10,21.593795776367188
2007-10-11,21.48700523376465
2007-10-12,21.689361572265625
2007-10-15,21.866432189941406
2007-10-16,21.922645568847656
2007-10-17,21.78211784362793
2007-10-18,21.95075035095215
2007-10-19,20.910831451416016
2007-10-22,20.67192840576172
2007-10-23,20.967039108276367
2007-10-24,21.10476303100586
2007-10-25,21.304317474365234
2007-10-26,21.627532958984375
2007-10-29,21.731517791748047
2007-10-30,20.992332458496094
2007-10-31,21.557266235351562
2007-11-01,20.924884796142578
2007-11-02,21.318368911743164
2007-11-05,21.14691925048828
2007-11-06,21.852375030517578
2007-11-07,20.952993392944336
2007-11-08,21.318368911743164
2007-11-09,20.924884796142578
2007-11-12,19.913070678710938
2007-11-13,20.61571502685547
2007-11-14,20.58479881286621
2007-11-15,19.899015426635742
2007-11-16,20.42178726196289
2007-11-19,20.081693649291992
2007-11-20,20.728145599365234
2007-11-21,20.2784481048584
2007-11-23,20.812454223632812
2007-11-26,20.092947006225586
2007-11-27,19.870901107788086
2007-11-28,20.36275863647461
2007-11-29,20.587614059448242
2007-11-30,20.64944839477539
2007-12-03,20.728145599365234
2007-12-04,20.517349243164062
2007-12-05,20.9698543548584
2007-12-06,21.543210983276367
2007-12-07,21.411115646362305
2007-12-10,21.627532958984375
2007-12-11,21.093521118164062
2007-12-12,21.78211784362793
2007-12-13,21.83551025390625
2007-12-14,21.48700523376465
2007-12-17,21.10194206237793
2007-12-18,21.304317474365234
2007-12-19,21.509479522705078
2007-12-20,21.78211784362793
2007-12-21,22.345399856567383
2007-12-24,22.446834564208984
2007-12-26,22.697628021240234
2007-12-27,22.45811653137207
2007-12-28,22.646913528442383
2007-12-31,22.3594913482666
2008-01-02,22.40175437927246
2008-01-03,22.666622161865234
2008-01-04,21.838191986083984
2008-01-07,21.75364875793457
2008-01-08,21.373249053955078
2008-01-09,21.655027389526367
2008-01-10,21.56485939025879
2008-01-11,21.302804946899414
2008-01-14,21.7254695892334
2008-01-15,20.826587677001953
2008-01-16,20.13340187072754
2008-01-17,19.372589111328125
2008-01-18,19.414854049682617
2008-01-22,18.865375518798828
2008-01-23,19.040077209472656
2008-01-24,19.710723876953125
2008-01-25,19.358501434326172
2008-01-28,19.798080444335938
2008-01-29,20.020687103271484
2008-01-30,19.769901275634766
2008-01-31,19.612104415893555
2008-02-01,20.1052188873291
2008-02-04,20.119306564331055
2008-02-05,19.288053512573242
2008-02-06,19.023168563842773
2008-02-07,19.39794921875
2008-02-08,19.68255043029785
2008-02-11,20.18975830078125
2008-02-12,20.178482055664062
2008-02-13,20.668781280517578
2008-02-14,20.491268157958984
2008-02-15,20.527889251708984
2008-02-19,21.204172134399414
2008-02-20,21.457780838012695
2008-02-21,20.868852615356445
2008-02-22,21.105552673339844
2008-02-25,21.708572387695312
2008-02-26,22.077707290649414
2008-02-27,21.790287017822266
2008-02-28,22.16506004333496
2008-02-29,21.429597854614258
2008-03-03,21.697288513183594
2008-03-04,21.27461814880371
2008-03-05,21.810007095336914
2008-03-06,21.373249053955078
2008-03-07,20.784320831298828
2008-03-10,20.527889251708984
2008-03-11,21.584577560424805
2008-03-12,21.105552673339844
2008-03-13,21.457780838012695
2008-03-14,21.06610107421875
2008-03-17,20.330646514892578
2008-03-18,21.218259811401367
2008-03-19,19.922061920166016
2008-03-20,20.01051139831543
2008-03-24,20.360931396484375
2008-03-25,20.56439781188965
2008-03-26,21.01090431213379
2008-03-27,20.7989559173584
2008-03-28,20.74243927001953
2008-03-31,20.928945541381836
2008-04-01,21.321762084960938
2008-04-02,21.618480682373047
2008-04-03,21.669342041015625
2008-04-04,21.847375869750977
2008-04-07,21.963247299194336
2008-04-08,22.211925506591797
2008-04-09,22.254316329956055
2008-04-10,22.211925506591797
2008-04-11,21.901071548461914
2008-04-14,22.404090881347656
2008-04-15,22.522785186767578
2008-04-16,23.28577995300293
2008-04-17,23.266006469726562
2008-04-18,23.6220703125
2008-04-21,23.89052963256836
2008-04-22,23.901836395263672
2008-04-23,23.715330123901367
2008-04-24,23.093618392944336
2008-04-25,23.421430587768555
2008-04-28,23.460994720458984
2008-04-29,22.93254280090332
2008-04-30,23.102102279663086
2008-05-01,22.59625816345215
2008-05-02,23.022979736328125
2008-05-05,23.35643196105957
2008-05-06,23.975305557250977
2008-05-07,23.5288143157959
2008-05-08,24.000751495361328
2008-05-09,23.955535888671875
2008-05-12,23.822717666625977
2008-05-13,24.212690353393555
2008-05-14,23.935752868652344
2008-05-15,24.252260208129883
2008-05-16,25.136777877807617
2008-05-19,25.29220962524414
2008-05-20,25.54370880126953
2008-05-21,25.165037155151367
2008-05-22,24.797666549682617
2008-05-23,24.3765926361084
2008-05-27,24.218355178833008
2008-05-28,24.729848861694336
2008-05-29,24.054447174072266
2008-05-30,24.303129196166992
2008-06-02,24.447233200073242
2008-06-03,23.921613693237305
2008-06-04,23.565547943115234
2008-06-05,24.794832229614258
2008-06-06,24.308774948120117
2008-06-09,25.02374839782715
2008-06-10,24.40769386291504
2008-06-11,24.55745506286621
2008-06-12,24.184425354003906
2008-06-13,24.472679138183594
2008-06-16,24.560285568237305
2008-06-17,24.967227935791016
2008-06-18,25.063302993774414
2008-06-19,24.46137237548828
2008-06-20,24.29647445678711
2008-06-23,25.257001876831055
2008-06-24,24.778146743774414
2008-06-25,24.684646606445312
2008-06-26,24.506141662597656
2008-06-27,24.72149658203125
2008-06-30,25.07000160217285
2008-07-01,25.174827575683594
2008-07-02,24.415483474731445
2008-07-03,24.055631637573242
2008-07-07,23.452117919921875
2008-07-08,23.063941955566406
2008-07-09,22.62476348876953
2008-07-10,23.318958282470703
2008-07-11,23.17726707458496
2008-07-14,23.330280303955078
2008-07-15,22.347087860107422
2008-07-16,21.77190589904785
2008-07-17,21.414899826049805
2008-07-18,21.788908004760742
2008-07-21,22.440601348876953
2008-07-22,21.695404052734375
2008-07-23,20.907718658447266
2008-07-24,20.856718063354492
2008-07-25,20.913389205932617
2008-07-28,20.995555877685547
2008-07-29,20.746212005615234
2008-07-30,21.981584548950195
2008-07-31,21.08055305480957
2008-08-01,21.077716827392578
2008-08-04,20.08603286743164
2008-08-05,20.2362003326416
2008-08-06,20.69804573059082
2008-08-07,20.457197189331055
2008-08-08,20.111528396606445
2008-08-11,20.103029251098633
2008-08-12,20.114364624023438
2008-08-13,20.825546264648438
2008-08-14,20.44304084777832
2008-08-15,20.060535430908203
2008-08-18,19.80552864074707
2008-08-19,20.51670265197754
2008-08-20,21.108877182006836
2008-08-21,21.638729095458984
2008-08-22,21.142894744873047
2008-08-25,20.868045806884766
2008-08-26,21.29306411743164
2008-08-27,21.630231857299805
2008-08-28,21.250560760498047
2008-08-29,21.151386260986328
2008-09-02,19.98969268798828
2008-09-03,19.913192749023438
2008-09-04,19.465511322021484
2008-09-05,19.38617706298828
2008-09-08,19.253005981445312
2008-09-09,17.921300888061523
2008-09-10,18.6268253326416
2008-09-11,18.893169403076172
2008-09-12,19.530675888061523
2008-09-15,18.034639358520508
2008-09-16,18.79682731628418
2008-09-17,18.402982711791992
2008-09-18,18.952669143676758
2008-09-19,20.253131866455078
2008-09-22,19.89781379699707
2008-09-23,19.241191864013672
2008-09-24,19.298036575317383
2008-09-25,19.7699031829834
2008-09-26,19.2440242767334
2008-09-29,16.955778121948242
2008-09-30,17.993305206298828
2008-10-01,17.697681427001953
2008-10-02,16.688581466674805
2008-10-03,16.48959732055664
2008-10-06,15.602725982666016
2008-10-07,14.747119903564453
2008-10-08,15.025691986083984
2008-10-09,12.862516403198242
2008-10-10,12.336640357971191
2008-10-13,14.369057655334473
2008-10-14,14.38611888885498
2008-10-15,12.308216094970703
2008-10-16,12.777235984802246
2008-10-17,13.058650970458984
2008-10-20,14.579415321350098
2008-10-21,13.917099952697754
2008-10-22,12.564046859741211
2008-10-23,13.232043266296387
2008-10-24,12.407712936401367
2008-10-27,11.61463737487793
2008-10-28,13.385542869567871
2008-10-29,13.68116569519043
2008-10-30,14.312206268310547
2008-10-31,14.610681533813477
2008-11-03,14.158717155456543
2008-11-04,15.071171760559082
2008-11-05,14.397491455078125
2008-11-06,13.530513763427734
2008-11-07,14.17009162902832
2008-11-10,14.218408584594727
2008-11-11,13.809083938598633
2008-11-12,12.677745819091797
2008-11-13,14.167241096496582
2008-11-14,13.578839302062988
2008-11-17,13.297423362731934
2008-11-18,13.669795036315918
2008-11-19,12.962002754211426
2008-11-20,11.358809471130371
2008-11-21,12.626582145690918
2008-11-24,13.539039611816406
2008-11-25,13.755073547363281
2008-11-26,14.525400161743164
2008-11-28,14.292313575744629
2008-12-01,12.771549224853516
2008-12-02,13.203618049621582
2008-12-03,13.212145805358887
2008-12-04,12.296847343444824
2008-12-05,12.5526762008667
2008-12-08,13.109813690185547
2008-12-09,13.240571975708008
2008-12-10,13.925630569458008
2008-12-11,13.860245704650879
2008-12-12,13.723803520202637
2008-12-15,13.64421272277832
2008-12-16,14.067756652832031
2008-12-17,13.976791381835938
2008-12-18,13.163824081420898
2008-12-19,13.143537521362305
2008-12-22,12.752091407775879
2008-12-23,12.780661582946777
2008-12-24,12.732088088989258
2008-12-26,12.903518676757812
2008-12-29,13.18639850616455
2008-12-30,13.506409645080566
2008-12-31,13.649279594421387
2009-01-02,14.329315185546875
2009-01-05,14.666470527648926
2009-01-06,14.8264799118042
2009-01-07,14.197879791259766
2009-01-08,14.380741119384766
2009-01-09,13.897859573364258
2009-01-12,13.349266052246094
2009-01-13,13.683566093444824
2009-01-14,13.029244422912598
2009-01-15,13.192112922668457
2009-01-16,13.297833442687988
2009-01-20,12.589221000671387
2009-01-21,13.43498420715332
2009-01-22,13.066389083862305
2009-01-23,13.446413040161133
2009-01-26,13.694995880126953
2009-01-27,13.717845916748047
2009-01-28,14.092157363891602
2009-01-29,13.594988822937012
2009-01-30,13.406413078308105
2009-02-02,13.192112922668457
2009-02-03,13.420698165893555
2009-02-04,13.546414375305176
2009-02-05,13.877861022949219
2009-02-06,14.135016441345215
2009-02-09,14.18645191192627
2009-02-10,13.526412963867188
2009-02-11,13.372121810913086
2009-02-12,13.394977569580078
2009-02-13,13.426403045654297
2009-02-17,12.497784614562988
2009-02-18,12.426359176635742
2009-02-19,12.429215431213379
2009-02-20,12.10920238494873
2009-02-23,11.543457984924316
2009-02-24,12.086339950561523
2009-02-25,12.014908790588379
2009-02-26,12.04348087310791
2009-02-27,11.752036094665527
2009-03-02,10.89199447631836
2009-03-03,10.946282386779785
2009-03-04,11.46916389465332
2009-03-05,10.963422775268555
2009-03-06,11.08343505859375
2009-03-09,11.103428840637207
2009-03-10,11.666318893432617
2009-03-11,11.61775016784668
2009-03-12,11.966333389282227
2009-03-13,11.857757568359375
2009-03-16,12.009190559387207
2009-03-17,12.423501014709473
2009-03-18,12.549221992492676
2009-03-19,12.852094650268555
2009-03-20,12.349494934082031
2009-03-23,13.366179466247559
2009-03-24,13.113443374633789
2009-03-25,13.05025863647461
2009-03-26,13.162266731262207
2009-03-27,12.77167797088623
2009-03-30,12.297800064086914
2009-03-31,12.194406509399414
2009-04-01,12.452892303466797
2009-04-02,12.964098930358887
2009-04-03,13.216836929321289
2009-04-06,12.949736595153809
2009-04-07,12.562019348144531
2009-04-08,12.722854614257812
2009-04-09,13.096208572387695
2009-04-13,12.952611923217773
2009-04-14,12.91815185546875
2009-04-15,12.935379981994629
2009-04-16,12.995688438415527
2009-04-17,13.147900581359863
2009-04-20,12.510329246520996
2009-04-21,12.757314682006836
2009-04-22,12.62233829498291
2009-04-23,12.857839584350586
2009-04-24,13.231193542480469
2009-04-27,12.981335639953613
2009-04-28,13.010052680969238
2009-04-29,13.369050979614258
2009-04-30,13.147900581359863
2009-05-01,13.57296085357666
2009-05-04,14.115763664245605
2009-05-05,13.926209449768066
2009-05-06,14.466145515441895
2009-05-07,14.279464721679688
2009-05-08,14.888324737548828
2009-05-11,14.434551239013672
2009-05-12,14.526457786560059
2009-05-13,14.046835899353027
2009-05-14,14.087045669555664
2009-05-15,13.785486221313477
2009-05-18,14.262240409851074
2009-05-19,14.331155776977539
2009-05-20,14.379976272583008
2009-05-21,13.954938888549805
2009-05-22,13.960680961608887
2009-05-26,14.256492614746094
2009-05-27,14.10140323638916
2009-05-28,14.569540977478027
2009-05-29,14.842369079589844
2009-06-01,15.388050079345703
2009-06-02,15.347831726074219
2009-06-03,14.756217956542969
2009-06-04,15.089360237121582
2009-06-05,14.965865135192871
2009-06-08,14.931408882141113
2009-06-09,15.077871322631836
2009-06-10,15.212852478027344
2009-06-11,15.517290115356445
2009-06-12,15.367942810058594
2009-06-15,14.96012020111084
2009-06-16,14.641342163085938
2009-06-17,14.402959823608398
2009-06-18,14.34839153289795
2009-06-19,14.205217361450195
2009-06-22,13.495100021362305
2009-06-23,13.575922966003418
2009-06-24,13.630768775939941
2009-06-25,13.916546821594238
2009-06-26,13.824175834655762
2009-06-29,13.95407485961914
2009-06-30,13.870354652404785
2009-07-01,13.881903648376465
2009-07-02,13.324788093566895
2009-07-06,13.189109802246094
2009-07-07,12.8513765335083
2009-07-08,12.854260444641113
2009-07-09,12.98704719543457
2009-07-10,12.894673347473145
2009-07-13,13.090970039367676
2009-07-14,13.267057418823242
2009-07-15,13.73757266998291
2009-07-16,13.905003547668457
2009-07-17,13.985830307006836
2009-07-20,14.225421905517578
2009-07-21,14.3495454788208
2009-07-22,14.219646453857422
2009-07-23,14.62378215789795
2009-07-24,14.776777267456055
2009-07-27,14.82583999633789
2009-07-28,14.609350204467773
2009-07-29,14.2716064453125
2009-07-30,14.470784187316895
2009-07-31,14.612234115600586
2009-08-03,14.987499237060547
2009-08-04,14.961519241333008
2009-08-05,14.811410903930664
2009-08-06,14.69017219543457
2009-08-07,14.6728515625
2009-08-10,14.73636245727539
2009-08-11,14.522748947143555
2009-08-12,14.678619384765625
2009-08-13,14.857598304748535
2009-08-14,14.638216972351074
2009-08-17,14.164799690246582
2009-08-18,14.306248664855957
2009-08-19,14.571819305419922
2009-08-20,14.695943832397461
2009-08-21,15.111626625061035
2009-08-24,15.305028915405273
2009-08-25,15.071206092834473
2009-08-26,15.140487670898438
2009-08-27,15.094306945800781
2009-08-28,15.06255054473877
2009-08-31,14.770992279052734
2009-09-01,14.51408576965332
2009-09-02,14.407278060913086
2009-09-03,14.50831413269043
2009-09-04,14.710382461547852
2009-09-08,15.11451244354248
2009-09-09,15.149150848388672
2009-09-10,15.411832809448242
2009-09-11,15.472454071044922
2009-09-14,15.58792495727539
2009-09-15,15.74379825592041
2009-09-16,16.13349723815918
2009-09-17,16.05556297302246
2009-09-18,15.999311447143555
2009-09-21,15.863035202026367
2009-09-22,16.112388610839844
2009-09-23,15.776044845581055
2009-09-24,15.549886703491211
2009-09-25,15.529596328735352
2009-09-28,15.778944969177246
2009-09-29,15.735456466674805
2009-09-30,15.633975982666016
2009-10-01,15.146862030029297
2009-10-02,15.068574905395508
2009-10-05,15.402018547058105
2009-10-06,15.767349243164062
2009-10-07,15.889127731323242
2009-10-08,16.297948837280273
2009-10-09,16.283456802368164
2009-10-12,16.50381851196289
2009-10-13,16.5299072265625
2009-10-14,16.805356979370117
2009-10-15,17.156190872192383
2009-10-16,17.104001998901367
2009-10-19,17.3272705078125
2009-10-20,17.217084884643555
2009-10-21,17.170692443847656
2009-10-22,17.237382888793945
2009-10-23,16.903947830200195
2009-10-26,16.625595092773438
2009-10-27,16.773469924926758
2009-10-28,16.219667434692383
2009-10-29,16.651689529418945
2009-10-30,16.019603729248047
2009-11-02,16.12108612060547
2009-11-03,16.32984161376953
2009-11-04,16.315351486206055
2009-11-05,16.59369468688965
2009-11-06,16.550207138061523
2009-11-09,16.866252899169922
2009-11-10,16.877851486206055
2009-11-11,16.872055053710938
2009-11-12,16.50091552734375
2009-11-13,16.605295181274414
2009-11-16,17.04022216796875
2009-11-17,17.0112247467041
2009-11-18,16.94454002380371
2009-11-19,16.564706802368164
2009-11-20,16.411029815673828
2009-11-23,16.622695922851562
2009-11-24,16.7183780670166
2009-11-25,16.848852157592773
2009-11-27,16.53281021118164
2009-11-30,16.474822998046875
2009-12-01,16.692283630371094
2009-12-02,16.59369468688965
2009-12-03,16.326953887939453
2009-12-04,16.208066940307617
2009-12-07,16.17037582397461
2009-12-08,15.89493179321289
2009-12-09,15.89493179321289
2009-12-10,16.09209632873535
2009-12-11,16.100793838500977
2009-12-14,16.266061782836914
2009-12-15,16.318254470825195
2009-12-16,16.42263412475586
2009-12-17,16.283456802368164
2009-12-18,16.369165420532227
2009-12-21,16.564485549926758
2009-12-22,16.64319610595703
2009-12-23,16.77439308166504
2009-12-24,16.853105545043945
2009-12-28,16.882247924804688
2009-12-29,16.771467208862305
2009-12-30,16.75398063659668
2009-12-31,16.619874954223633
2010-01-04,17.14461898803711
2010-01-05,17.28455352783203
2010-01-06,17.491539001464844
2010-01-07,17.465303421020508
2010-01-08,17.57900047302246
2010-01-11,17.55567741394043
2010-01-12,17.30204200744629
2010-01-13,17.366186141967773
2010-01-14,17.41573715209961
2010-01-15,17.275808334350586
2010-01-19,17.433231353759766
2010-01-20,17.1621150970459
2010-01-21,16.812284469604492
2010-01-22,16.41288185119629
2010-01-25,16.520751953125
2010-01-26,16.415813446044922
2010-01-27,16.351673126220703
2010-01-28,16.179676055908203
2010-01-29,15.888152122497559
2010-02-01,16.41288185119629
2010-02-02,16.62862205505371
2010-02-03,16.48577880859375
2010-02-04,15.809430122375488
2010-02-05,15.812356948852539
2010-02-08,15.666590690612793
2010-02-09,15.996006965637207
2010-02-10,15.928964614868164
2010-02-11,16.200084686279297
2010-02-12,16.205913543701172
2010-02-16,16.587812423706055
2010-02-17,16.564485549926758
2010-02-18,16.657773971557617
2010-02-19,16.721914291381836
2010-02-22,16.491607666015625
2010-02-23,16.217573165893555
2010-02-24,16.31960678100586
2010-02-25,16.328353881835938
2010-02-26,16.366247177124023
2010-03-01,16.517839431762695
2010-03-02,16.65486717224121
2010-03-03,16.727737426757812
2010-03-04,16.640281677246094
2010-03-05,16.95221519470215
2010-03-08,16.925981521606445
2010-03-09,16.925981521606445
2010-03-10,17.07465362548828
2010-03-11,17.045503616333008
2010-03-12,17.05424690246582
2010-03-15,16.879329681396484
2010-03-16,17.030927658081055
2010-03-17,17.21750831604004
2010-03-18,16.96096420288086
2010-03-19,16.757057189941406
2010-03-22,16.713172912597656
2010-03-23,16.777528762817383
2010-03-24,16.680999755859375
2010-03-25,16.40015411376953
2010-03-26,16.406003952026367
2010-03-29,16.724872589111328
2010-03-30,16.751201629638672
2010-03-31,16.8272647857666
2010-04-01,17.12566566467285
2010-04-05,17.42991065979004
2010-04-06,17.42991065979004
2010-04-07,17.257314682006836
2010-04-08,17.318754196166992
2010-04-09,17.503055572509766
2010-04-12,17.54401206970215
2010-04-13,17.482568740844727
2010-04-14,17.649322509765625
2010-04-15,17.646394729614258
2010-04-16,17.347999572753906
2010-04-19,17.37140655517578
2010-04-20,17.710758209228516
2010-04-21,17.693206787109375
2010-04-22,17.737089157104492
2010-04-23,18.164203643798828
2010-04-26,18.102767944335938
2010-04-27,17.546934127807617
2010-04-28,17.725385665893555
2010-04-29,17.7458553314209
2010-04-30,17.52644920349121
2010-05-03,17.725385665893555
2010-05-04,17.251462936401367
2010-05-05,16.97939109802246
2010-05-06,16.40015411376953
2010-05-07,16.087125778198242
2010-05-10,16.77461051940918
2010-05-11,16.66343879699707
2010-05-12,16.89455795288086
2010-05-13,16.78630828857422
2010-05-14,16.452802658081055
2010-05-17,16.283132553100586
2010-05-18,16.157337188720703
2010-05-19,15.97303581237793
2010-05-20,15.259224891662598
2010-05-21,15.525433540344238
2010-05-24,15.171455383300781
2010-05-25,15.206571578979492
2010-05-26,15.174383163452148
2010-05-27,15.817984580993652
2010-05-28,15.519591331481934
2010-06-01,14.782369613647461
2010-06-02,15.423052787780762
2010-06-03,15.630752563476562
2010-06-04,15.080761909484863
2010-06-07,14.949121475219727
2010-06-08,15.197787284851074
2010-06-09,15.03980827331543
2010-06-10,15.79458236694336
2010-06-11,15.891117095947266
2010-06-14,15.809202194213867
2010-06-15,16.271432876586914
2010-06-16,16.259727478027344
2010-06-17,16.242176055908203
2010-06-18,16.342679977416992
2010-06-21,16.30741310119629
2010-06-22,15.831334114074707
2010-06-23,15.71084213256836
2010-06-24,15.381692886352539
2010-06-25,15.425776481628418
2010-06-28,15.217121124267578
2010-06-29,14.714591979980469
2010-06-30,14.599967956542969
2010-07-01,14.547072410583496
2010-07-02,14.511813163757324
2010-07-06,14.652876853942871
2010-07-07,15.170099258422852
2010-07-08,15.384641647338867
2010-07-09,15.463980674743652
2010-07-12,15.422836303710938
2010-07-13,15.607977867126465
2010-07-14,15.590351104736328
2010-07-15,15.572714805603027
2010-07-16,15.202436447143555
2010-07-19,15.299410820007324
2010-07-20,15.649121284484863
2010-07-21,15.393452644348145
2010-07-22,15.734350204467773
2010-07-23,15.804884910583496
2010-07-26,15.942997932434082
2010-07-27,15.866595268249512
2010-07-28,15.831334114074707
2010-07-29,15.854844093322754
2010-07-30,15.822510719299316
2010-08-02,16.375017166137695
2010-08-03,16.36913299560547
2010-08-04,16.495506286621094
2010-08-05,16.54840087890625
2010-08-06,16.35149574279785
2010-08-09,16.419095993041992
2010-08-10,16.28390884399414
2010-08-11,15.799009323120117
2010-08-12,15.704957008361816
2010-08-13,15.678515434265137
2010-08-16,15.675572395324707
2010-08-17,15.937125205993652
2010-08-18,15.784309387207031
2010-08-19,15.528635025024414
2010-08-20,15.33760929107666
2010-08-23,15.343486785888672
2010-08-24,15.105445861816406
2010-08-25,15.058427810668945
2010-08-26,14.923238754272461
2010-08-27,15.311163902282715
2010-08-30,15.087815284729004
2010-08-31,15.046673774719238
2010-09-01,15.607977867126465
2010-09-02,15.73729133605957
2010-09-03,15.92831802368164
2010-09-07,15.690271377563477
2010-09-08,15.82545280456543
2010-09-09,15.857781410217285
2010-09-10,16.022350311279297
2010-09-13,16.15165901184082
2010-09-14,16.095823287963867
2010-09-15,16.06348991394043
2010-09-16,15.99002456665039
2010-09-17,15.910021781921387
2010-09-20,16.178682327270508
2010-09-21,16.190488815307617
2010-09-22,16.07240104675293
2010-09-23,15.972018241882324
2010-09-24,16.317434310913086
2010-09-27,16.255435943603516
2010-09-28,16.37057876586914
2010-09-29,16.54476547241211
2010-09-30,16.550674438476562
2010-10-01,16.772092819213867
2010-10-04,16.562482833862305
2010-10-05,16.952178955078125
2010-10-06,17.102754592895508
2010-10-07,17.017135620117188
2010-10-08,17.22970199584961
2010-10-11,17.27693748474121
2010-10-12,17.2503662109375
2010-10-13,17.45998764038086
2010-10-14,17.43341064453125
2010-10-15,17.480649948120117
2010-10-18,17.52788543701172
2010-10-19,17.179515838623047
2010-10-20,17.400936126708984
2010-10-21,17.39208221435547
2010-10-22,17.507221221923828
2010-10-25,17.554454803466797
2010-10-26,17.589881896972656
2010-10-27,17.516077041625977
2010-10-28,17.477697372436523
2010-10-29,17.489511489868164
2010-11-01,17.510175704956055
2010-11-02,17.702070236206055
2010-11-03,17.740455627441406
2010-11-04,18.30434799194336
2010-11-05,18.395864486694336
2010-11-08,18.45195960998535
2010-11-09,18.416532516479492
2010-11-10,18.652725219726562
2010-11-11,18.8593807220459
2010-11-12,18.581859588623047
2010-11-15,18.487394332885742
2010-11-16,18.141969680786133
2010-11-17,18.215778350830078
2010-11-18,18.617292404174805
2010-11-19,18.773765563964844
2010-11-22,18.71471405029297
2010-11-23,18.348628997802734
2010-11-24,18.67929458618164
2010-11-26,18.45491600036621
2010-11-29,18.578914642333984
2010-11-30,18.513952255249023
2010-12-01,19.063087463378906
2010-12-02,19.34650993347168
2010-12-03,19.432132720947266
2010-12-06,19.497081756591797
2010-12-07,19.423274993896484
2010-12-08,19.331756591796875
2010-12-09,19.37603187561035
2010-12-10,19.45574951171875
2010-12-13,19.62107276916504
2010-12-14,19.52956199645996
2010-12-15,19.423274993896484
2010-12-16,19.53251075744629
2010-12-17,19.539331436157227
2010-12-20,19.666841506958008
2010-12-21,19.865530014038086
2010-12-22,19.933744430541992
2010-12-23,19.990079879760742
2010-12-27,19.918909072875977
2010-12-28,19.9930362701416
2010-12-29,20.191728591918945
2010-12-30,20.20952033996582
2010-12-31,20.23917579650879
2011-01-03,20.390411376953125
2011-01-04,20.2154483795166
2011-01-05,20.295516967773438
2011-01-06,20.102766036987305
2011-01-07,20.248065948486328
2011-01-10,20.168006896972656
2011-01-11,20.503103256225586
2011-01-12,20.784820556640625
2011-01-13,20.72550392150879
2011-01-14,20.950878143310547
2011-01-18,21.08136558532715
2011-01-19,20.82633399963379
2011-01-20,20.678070068359375
2011-01-21,20.787784576416016
2011-01-24,20.864887237548828
2011-01-25,20.805574417114258
2011-01-26,21.303770065307617
2011-01-27,21.17922019958496
2011-01-28,21.087289810180664
2011-01-31,21.69224739074707
2011-02-01,22.045135498046875
2011-02-02,22.0273380279541
2011-02-03,22.039209365844727
2011-02-04,21.982851028442383
2011-02-07,22.110368728637695
2011-02-08,22.036239624023438
2011-02-09,21.757490158081055
2011-02-10,21.97988510131836
2011-02-11,21.976932525634766
2011-02-14,22.460298538208008
2011-02-15,22.226028442382812
2011-02-16,22.5225772857666
2011-02-17,22.744970321655273
2011-02-18,22.839872360229492
2011-02-22,22.617464065551758
2011-02-23,23.077106475830078
2011-02-24,22.750911712646484
2011-02-25,23.112695693969727
2011-02-28,23.290611267089844
2011-03-01,22.854700088500977
2011-03-02,22.985172271728516
2011-03-03,23.37958335876465
2011-03-04,23.23130989074707
2011-03-07,23.068212509155273
2011-03-08,22.87841796875
2011-03-09,22.721263885498047
2011-03-10,21.893901824951172
2011-03-11,22.273475646972656
2011-03-14,22.39505958557129
2011-03-15,22.226028442382812
2011-03-16,21.870168685913086
2011-03-17,22.53739356994629
2011-03-18,22.4317684173584
2011-03-21,23.11313819885254
2011-03-22,23.062557220458984
2011-03-23,23.1220645904541
2011-03-24,23.205387115478516
2011-03-25,23.413667678833008
2011-03-28,23.357126235961914
2011-03-29,23.642763137817383
2011-03-30,23.806421279907227
2011-03-31,23.729055404663086
2011-04-01,23.80046272277832
2011-04-04,23.815349578857422
2011-04-05,23.88675308227539
2011-04-06,23.636812210083008
2011-04-07,23.636812210083008
2011-04-08,23.72013282775879
2011-04-11,23.252986907958984
2011-04-12,22.532939910888672
2011-04-13,22.625173568725586
2011-04-14,22.779895782470703
2011-04-15,22.96734619140625
2011-04-18,22.625173568725586
2011-04-19,22.854280471801758
2011-04-20,23.392839431762695
2011-04-21,23.49994468688965
2011-04-25,23.377958297729492
2011-04-26,23.610034942626953
2011-04-27,23.598140716552734
2011-04-28,23.59516143798828
2011-04-29,23.94626235961914
2011-05-02,23.627897262573242
2011-05-03,23.03577995300293
2011-05-04,22.62814712524414
2011-05-05,22.158023834228516
2011-05-06,22.2562198638916
2011-05-09,22.64600372314453
2011-05-10,22.75311851501465
2011-05-11,22.095552444458008
2011-05-12,22.06281089782715
2011-05-13,21.955699920654297
2011-05-16,21.789073944091797
2011-05-17,21.789073944091797
2011-05-18,22.22944450378418
2011-05-19,22.232419967651367
2011-05-20,22.20563316345215
2011-05-23,21.86049461364746
2011-05-24,22.169925689697266
2011-05-25,22.544836044311523
2011-05-26,22.65789794921875
2011-05-27,22.714433670043945
2011-05-31,22.94354820251465
2011-06-01,22.396066665649414
2011-06-02,22.387144088745117
2011-06-03,22.393083572387695
2011-06-06,21.88726806640625
2011-06-07,21.88726806640625
2011-06-08,21.95272445678711
2011-06-09,22.250268936157227
2011-06-10,21.818832397460938
2011-06-13,21.473676681518555
2011-06-14,21.931896209716797
2011-06-15,21.429048538208008
2011-06-16,21.461769104003906
2011-06-17,21.406532287597656
2011-06-20,21.466262817382812
2011-06-21,21.893312454223633
2011-06-22,21.830595016479492
2011-06-23,21.591686248779297
2011-06-24,21.182554244995117
2011-06-27,21.2960262298584
2011-06-28,21.917207717895508
2011-06-29,22.174030303955078
2011-06-30,22.50253677368164
2011-07-01,22.714561462402344
2011-07-05,22.854948043823242
2011-07-06,22.813127517700195
2011-07-07,23.15656852722168
2011-07-08,22.962446212768555
2011-07-11,22.418920516967773
2011-07-12,22.335302352905273
2011-07-13,22.50253677368164
2011-07-14,22.353214263916016
2011-07-15,22.9534912109375
2011-07-18,22.87584114074707
2011-07-19,23.29393768310547
2011-07-20,23.234210968017578
2011-07-21,23.691120147705078
2011-07-22,23.81058120727539
2011-07-25,23.715017318725586
2011-07-26,23.60152816772461
2011-07-27,23.15656852722168
2011-07-28,23.060993194580078
2011-07-29,22.83104133605957
2011-08-01,22.798189163208008
2011-08-02,22.162084579467773
2011-08-03,22.036663055419922
2011-08-04,20.525541305541992
2011-08-05,20.328441619873047
2011-08-08,18.599313735961914
2011-08-09,19.546003341674805
2011-08-10,18.871070861816406
2011-08-11,19.850610733032227
2011-08-12,19.9969482421875
2011-08-15,20.67188262939453
2011-08-16,20.328441619873047
2011-08-17,20.40907096862793
2011-08-18,19.22645378112793
2011-08-19,18.886005401611328
2011-08-22,18.73369598388672
2011-08-23,19.5788516998291
2011-08-24,19.695323944091797
2011-08-25,19.280208587646484
2011-08-26,19.653507232666016
2011-08-29,20.22690200805664
2011-08-30,20.346357345581055
2011-08-31,20.498666763305664
2011-09-01,20.343372344970703
2011-09-02,19.775957107543945
2011-09-06,19.560930252075195
2011-09-07,20.277673721313477
2011-09-08,20.0417423248291
2011-09-09,19.37875747680664
2011-09-12,19.471349716186523
2011-09-13,19.525094985961914
2011-09-14,19.766996383666992
2011-09-15,20.15821647644043
2011-09-16,20.114437103271484
2011-09-19,19.79663848876953
2011-09-20,19.673709869384766
2011-09-21,18.855226516723633
2011-09-22,17.790891647338867
2011-09-23,17.599014282226562
2011-09-26,18.240612030029297
2011-09-27,18.5074462890625
2011-09-28,17.901823043823242
2011-09-29,18.072715759277344
2011-09-30,17.54205322265625
2011-10-03,16.945417404174805
2011-10-04,17.500078201293945
2011-10-05,18.14467430114746
2011-10-06,18.486459732055664
2011-10-07,18.25860023498535
2011-10-10,19.08608627319336
2011-10-11,19.12506103515625
2011-10-12,19.22698974609375
2011-10-13,19.200016021728516
2011-10-14,19.967531204223633
2011-10-17,19.604753494262695
2011-10-18,20.23436737060547
2011-10-19,20.02449607849121
2011-10-20,20.18040657043457
2011-10-21,20.552173614501953
2011-10-24,20.821992874145508
2011-10-25,20.38727378845215
2011-10-26,20.828001022338867
2011-10-27,21.751419067382812
2011-10-28,21.89832878112793
2011-10-31,20.899961471557617
2011-11-01,20.225366592407227
2011-11-02,20.833988189697266
2011-11-03,21.382640838623047
2011-11-04,21.364654541015625
2011-11-07,21.48158836364746
2011-11-08,21.832366943359375
2011-11-09,20.866971969604492
2011-11-10,21.229734420776367
2011-11-11,21.664478302001953
2011-11-14,21.37965965270996
2011-11-15,21.355667114257812
2011-11-16,21.034870147705078
2011-11-17,20.555164337158203
2011-11-18,20.4322452545166
2011-11-21,20.066476821899414
2011-11-22,19.877588272094727
2011-11-23,19.274967193603516
2011-11-25,19.137046813964844
2011-11-28,19.853605270385742
2011-11-29,20.138425827026367
2011-11-30,21.24773597717285
2011-12-01,21.130809783935547
2011-12-02,21.11281394958496
2011-12-05,21.373661041259766
2011-12-06,21.370656967163086
2011-12-07,21.166791915893555
2011-12-08,20.57614517211914
2011-12-09,21.043859481811523
2011-12-12,20.552173614501953
2011-12-13,20.36028480529785
2011-12-14,19.787649154663086
2011-12-15,19.70370101928711
2011-12-16,19.913551330566406
2011-12-19,19.56429672241211
2011-12-20,20.368186950683594
2011-12-21,20.593996047973633
2011-12-22,20.83485984802246
2011-12-23,20.955293655395508
2011-12-27,21.00948715209961
2011-12-28,20.60904312133789
2011-12-29,20.82282829284668
2011-12-30,20.813777923583984
2012-01-03,21.391868591308594
2012-01-04,21.437023162841797
2012-01-05,21.33465576171875
2012-01-06,21.208208084106445
2012-01-09,21.310571670532227
2012-01-10,21.500246047973633
2012-01-11,21.211210250854492
2012-01-12,21.012495040893555
2012-01-13,20.907123565673828
2012-01-17,21.054655075073242
2012-01-18,21.400896072387695
2012-01-19,21.488204956054688
2012-01-20,21.491230010986328
2012-01-23,21.66283416748047
2012-01-24,21.599605560302734
2012-01-25,21.86456298828125
2012-01-26,21.566486358642578
2012-01-27,21.521329879760742
2012-01-30,21.41895866394043
2012-01-31,21.283472061157227
2012-02-01,21.36777687072754
2012-02-02,21.530364990234375
2012-02-03,21.909717559814453
2012-02-06,22.171663284301758
2012-02-07,22.286069869995117
2012-02-08,22.210803985595703
2012-02-09,22.21381378173828
2012-02-10,21.991018295288086
2012-02-13,22.165653228759766
2012-02-14,22.20477867126465
2012-02-15,22.168649673461914
2012-02-16,22.45769691467285
2012-02-17,22.541996002197266
2012-02-21,22.69554328918457
2012-02-22,22.746734619140625
2012-02-23,22.86113929748535
2012-02-24,22.95146369934082
2012-02-27,22.87920379638672
2012-02-28,22.80394172668457
2012-02-29,22.545001983642578
2012-03-01,22.76178550720215
2012-03-02,22.502857208251953
2012-03-05,22.358335494995117
2012-03-06,21.9940242767334
2012-03-07,22.17767906188965
2012-03-08,22.358335494995117
2012-03-09,22.337257385253906
2012-03-12,22.21381378173828
2012-03-13,22.481779098510742
2012-03-14,22.265005111694336
2012-03-15,22.301130294799805
2012-03-16,22.6079044342041
2012-03-19,22.710670471191406
2012-03-20,22.369144439697266
2012-03-21,22.103164672851562
2012-03-22,21.604459762573242
2012-03-23,21.840206146240234
2012-03-26,22.003416061401367
2012-03-27,21.78278160095215
2012-03-28,21.51076316833496
2012-03-29,21.51076316833496
2012-03-30,21.686059951782227
2012-04-02,21.897628784179688
2012-04-03,21.70722007751465
2012-04-04,21.429161071777344
2012-04-05,21.308252334594727
2012-04-09,21.039264678955078
2012-04-10,20.625179290771484
2012-04-11,20.6312255859375
2012-04-12,21.08156394958496
2012-04-13,20.764217376708984
2012-04-16,20.625179290771484
2012-04-17,20.96067237854004
2012-04-18,20.918357849121094
2012-04-19,20.891159057617188
2012-04-20,20.84280014038086
2012-04-23,20.821645736694336
2012-04-24,20.975786209106445
2012-04-25,21.184329986572266
2012-04-26,21.407995223999023
2012-04-27,21.398927688598633
2012-04-30,21.531919479370117
2012-05-01,21.840206146240234
2012-05-02,21.483562469482422
2012-05-03,21.126916885375977
2012-05-04,20.64331817626953
2012-05-07,20.582868576049805
2012-05-08,20.516372680664062
2012-05-09,20.416629791259766
2012-05-10,20.504283905029297
2012-05-11,20.353158950805664
2012-05-14,20.0146484375
2012-05-15,19.68218231201172
2012-05-16,19.570348739624023
2012-05-17,19.446428298950195
2012-05-18,19.32552719116211
2012-05-21,19.76983070373535
2012-05-22,19.721473693847656
2012-05-23,19.794010162353516
2012-05-24,19.778898239135742
2012-05-25,19.68520164489746
2012-05-29,20.0146484375
2012-05-30,19.401092529296875
2012-05-31,19.231834411621094
2012-06-01,18.751266479492188
2012-06-04,18.73615837097168
2012-06-05,18.896339416503906
2012-06-06,19.47968101501465
2012-06-07,19.49176788330078
2012-06-08,19.494789123535156
2012-06-11,19.228809356689453
2012-06-12,19.500829696655273
2012-06-13,19.25299072265625
2012-06-14,19.555225372314453
2012-06-15,19.92910385131836
2012-06-18,19.749910354614258
2012-06-19,20.035396575927734
2012-06-20,19.956436157226562
2012-06-21,19.139467239379883
2012-06-22,19.26701545715332
2012-06-25,18.83576011657715
2012-06-26,19.039243698120117
2012-06-27,19.434062957763672
2012-06-28,19.567689895629883
2012-06-29,20.156875610351562
2012-07-02,20.165987014770508
2012-07-03,20.648876190185547
2012-07-05,20.378582000732422
2012-07-06,20.13257598876953
2012-07-09,20.041465759277344
2012-07-10,19.728652954101562
2012-07-11,19.995906829833984
2012-07-12,19.92910385131836
2012-07-13,20.278352737426758
2012-07-16,20.34517478942871
2012-07-17,20.60028648376465
2012-07-18,20.77947425842285
2012-07-19,20.843244552612305
2012-07-20,20.8918399810791
2012-07-23,20.691396713256836
2012-07-24,20.360361099243164
2012-07-25,20.37554359436035
2012-07-26,20.95561981201172
2012-07-27,21.326141357421875
2012-07-30,21.386873245239258
2012-07-31,21.153030395507812
2012-08-01,21.256290435791016
2012-08-02,20.90095329284668
2012-08-03,21.392959594726562
2012-08-06,21.450658798217773
2012-08-07,21.7725830078125
2012-08-08,21.79080581665039
2012-08-09,21.939626693725586
2012-08-10,21.97910499572754
2012-08-13,21.897096633911133
2012-08-14,21.857616424560547
2012-08-15,21.854581832885742
2012-08-16,22.0489559173584
2012-08-17,22.039846420288086
2012-08-20,21.96391487121582
2012-08-21,21.89406394958496
2012-08-22,21.97606658935547
2012-08-23,21.73309898376465
2012-08-24,21.86066246032715
2012-08-27,21.869770050048828
2012-08-28,21.88495635986328
2012-08-29,21.73917579650879
2012-08-30,21.508363723754883
2012-08-31,21.72398567199707
2012-09-04,21.55695343017578
2012-09-05,21.47495460510254
2012-09-06,21.927467346191406
2012-09-07,22.307098388671875
2012-09-10,22.209918975830078
2012-09-11,22.44681167602539
2012-09-12,22.58347511291504
2012-09-13,22.95095443725586
2012-09-14,23.25466537475586
2012-09-17,23.078506469726562
2012-09-18,22.91451644897461
2012-09-19,22.692808151245117
2012-09-20,22.756591796875
2012-09-21,22.782217025756836
2012-09-24,22.666282653808594
2012-09-25,22.419185638427734
2012-09-26,22.205636978149414
2012-09-27,22.507654190063477
2012-09-28,22.4008846282959
2012-10-01,22.513757705688477
2012-10-02,22.553417205810547
2012-10-03,22.27581024169922
2012-10-04,22.498498916625977
2012-10-05,22.446645736694336
2012-10-08,22.483247756958008
2012-10-09,22.513757705688477
2012-10-10,22.092758178710938
2012-10-11,22.25749969482422
2012-10-12,22.135475158691406
2012-10-15,22.24834632873535
2012-10-16,22.60222816467285
2012-10-17,22.885936737060547
2012-10-18,22.882890701293945
2012-10-19,22.522912979125977
2012-10-22,22.410030364990234
2012-10-23,21.88837242126465
2012-10-24,21.720582962036133
2012-10-25,21.924983978271484
2012-10-26,21.952436447143555
2012-10-31,21.946334838867188
2012-11-01,22.040903091430664
2012-11-02,21.67788314819336
2012-11-05,21.842609405517578
2012-11-06,22.193437576293945
2012-11-07,21.613811492919922
2012-11-08,21.22333335876465
2012-11-09,21.217241287231445
2012-11-12,21.259944915771484
2012-11-13,21.17146873474121
2012-11-14,20.91521453857422
2012-11-15,20.94267463684082
2012-11-16,21.025041580200195
2012-11-19,21.510093688964844
2012-11-20,21.4246826171875
2012-11-21,21.54059600830078
2012-11-23,21.845666885375977
2012-11-26,21.63212013244629
2012-11-27,21.45213508605957
2012-11-28,21.647369384765625
2012-11-29,21.696184158325195
2012-11-30,21.67788314819336
2012-12-03,21.558902740478516
2012-12-04,21.47958755493164
2012-12-05,21.629074096679688
2012-12-06,21.69922637939453
2012-12-07,21.830413818359375
2012-12-10,21.80600929260254
2012-12-11,21.934127807617188
2012-12-12,22.013458251953125
2012-12-13,21.809059143066406
2012-12-14,21.726694107055664
2012-12-17,21.924983978271484
2012-12-18,22.32766342163086
2012-12-19,22.175140380859375
2012-12-20,22.324617385864258
2012-12-21,22.0980224609375
2012-12-24,21.92938232421875
2012-12-26,21.831262588500977
2012-12-27,21.791404724121094
2012-12-28,21.41119384765625
2012-12-31,21.898719787597656
2013-01-02,22.383188247680664
2013-01-03,22.377037048339844
2013-01-04,22.625402450561523
2013-01-07,22.450634002685547
2013-01-08,22.377037048339844
2013-01-09,22.340259552001953
2013-01-10,22.54262351989746
2013-01-11,22.570215225219727
2013-01-14,22.573291778564453
2013-01-15,22.674470901489258
2013-01-16,22.77565574645996
2013-01-17,22.919761657714844
2013-01-18,23.146657943725586
2013-01-22,23.36742401123047
2013-01-23,23.28770637512207
2013-01-24,23.355159759521484
2013-01-25,23.575931549072266
2013-01-28,23.536067962646484
2013-01-29,23.916276931762695
2013-01-30,23.796689987182617
2013-01-31,23.71696662902832
2013-02-01,23.93773651123047
2013-02-04,23.710840225219727
2013-02-05,23.916276931762695
2013-02-06,23.93161392211914
2013-02-07,23.870277404785156
2013-02-08,24.094114303588867
2013-02-11,23.974523544311523
2013-02-12,24.038923263549805
2013-02-13,24.12476921081543
2013-02-14,24.33327293395996
2013-02-15,24.054248809814453
2013-02-19,24.33327293395996
2013-02-20,23.824295043945312
2013-02-21,23.658710479736328
2013-02-22,23.90707778930664
2013-02-25,23.281579971313477
2013-02-26,23.51154136657715
2013-02-27,23.870277404785156
2013-02-28,23.821224212646484
2013-03-01,23.85188102722168
2013-03-04,23.799762725830078
2013-03-05,23.95306968688965
2013-03-06,23.98066520690918
2013-03-07,24.10331916809082
2013-03-08,24.21982765197754
2013-03-11,24.23208999633789
2013-03-12,24.259685516357422
2013-03-13,24.204498291015625
2013-03-14,24.535646438598633
2013-03-15,24.516244888305664
2013-03-18,24.319133758544922
2013-03-19,24.051179885864258
2013-03-20,24.186687469482422
2013-03-21,24.06348991394043
2013-03-22,24.254444122314453
2013-03-25,24.162044525146484
2013-03-26,24.417686462402344
2013-03-27,24.49775505065918
2013-03-28,24.426918029785156
2013-04-01,24.37764549255371
2013-04-02,24.239042282104492
2013-04-03,23.786293029785156
2013-04-04,23.755495071411133
2013-04-05,23.8078556060791
2013-04-08,23.968019485473633
2013-04-09,24.171293258666992
2013-04-10,24.30065155029297
2013-04-11,24.405357360839844
2013-04-12,24.023454666137695
2013-04-15,23.044031143188477
2013-04-16,23.327394485473633
2013-04-17,22.81612205505371
2013-04-18,23.01015281677246
2013-04-19,22.963960647583008
2013-04-22,23.210355758666992
2013-04-23,23.47830581665039
2013-04-24,23.792465209960938
2013-04-25,23.810935974121094
2013-04-26,23.770898818969727
2013-04-29,24.011133193969727
2013-04-30,24.106611251831055
2013-05-01,23.730859756469727
2013-05-02,24.04193687438965
2013-05-03,24.476207733154297
2013-05-06,24.642513275146484
2013-05-07,24.833473205566406
2013-05-08,24.873510360717773
2013-05-09,24.851947784423828
2013-05-10,24.72260093688965
2013-05-13,24.719518661499023
2013-05-14,25.070627212524414
2013-05-15,24.99979591369629
2013-05-16,24.876588821411133
2013-05-17,25.292381286621094
2013-05-20,25.649654388427734
2013-05-21,25.5972957611084
2013-05-22,25.3016300201416
2013-05-23,25.31393814086914
2013-05-24,25.166109085083008
2013-05-28,25.430978775024414
2013-05-29,25.375539779663086
2013-05-30,25.317018508911133
2013-05-31,24.79343605041504
2013-06-03,25.03367042541504
2013-06-04,24.836549758911133
2013-06-05,24.54704475402832
2013-06-06,24.731842041015625
2013-06-07,25.042905807495117
2013-06-10,24.972074508666992
2013-06-11,24.59323501586914
2013-06-12,24.442317962646484
2013-06-13,24.851947784423828
2013-06-14,24.611713409423828
2013-06-17,24.965904235839844
2013-06-18,25.107593536376953
2013-06-19,24.876588821411133
2013-06-20,24.149738311767578
2013-06-21,24.191198348999023
2013-06-24,23.832212448120117
2013-06-25,24.138591766357422
2013-06-26,24.287139892578125
2013-06-27,24.333547592163086
2013-06-28,24.231430053710938
2013-07-01,24.404726028442383
2013-07-02,24.45734405517578
2013-07-03,24.441871643066406
2013-07-05,24.745153427124023
2013-07-08,24.906082153320312
2013-07-09,25.159835815429688
2013-07-10,25.005111694335938
2013-07-11,25.206253051757812
2013-07-12,25.34861183166504
2013-07-15,25.32695198059082
2013-07-16,25.17222023010254
2013-07-17,25.28363037109375
2013-07-18,25.55286407470703
2013-07-19,25.90874671936035
2013-07-22,25.825193405151367
2013-07-23,25.868526458740234
2013-07-24,25.58070945739746
2013-07-25,25.750926971435547
2013-07-26,25.685930252075195
2013-07-29,25.472402572631836
2013-07-30,25.42289161682129
2013-07-31,25.506437301635742
2013-08-01,25.921133041381836
2013-08-02,25.80663299560547
2013-08-05,25.744735717773438
2013-08-06,25.586910247802734
2013-08-07,25.497156143188477
2013-08-08,25.636415481567383
2013-08-09,25.559051513671875
2013-08-12,25.450740814208984
2013-08-13,25.497156143188477
2013-08-14,25.379566192626953
2013-08-15,25.240304946899414
2013-08-16,25.138174057006836
2013-08-19,24.738964080810547
2013-08-20,24.89059829711914
2013-08-21,24.754440307617188
2013-08-22,25.122695922851562
2013-08-23,25.30219841003418
2013-08-26,25.258874893188477
2013-08-27,25.101041793823242
2013-08-28,25.518821716308594
2013-08-29,25.25267219543457
2013-08-30,25.243391036987305
2013-09-03,25.429079055786133
2013-09-04,25.56523895263672
2013-09-05,25.651893615722656
2013-09-06,25.64879608154297
2013-09-09,25.93660545349121
2013-09-10,25.945890426635742
2013-09-11,26.143951416015625
2013-09-12,25.98921012878418
2013-09-13,25.97993278503418
2013-09-16,25.97374153137207
2013-09-17,26.09133529663086
2013-09-18,26.40699577331543
2013-09-19,26.342008590698242
2013-09-20,26.1284236907959
2013-09-23,26.000946044921875
2013-09-24,26.025821685791016
2013-09-25,26.01959800720215
2013-09-26,26.066238403320312
2013-09-27,25.976076126098633
2013-09-30,25.777101516723633
2013-10-01,25.941871643066406
2013-10-02,26.000946044921875
2013-10-03,25.773984909057617
2013-10-04,26.035140991210938
2013-10-07,25.820621490478516
2013-10-08,25.54391860961914
2013-10-09,25.453763961791992
2013-10-10,25.926334381103516
2013-10-11,26.206144332885742
2013-10-14,26.383363723754883
2013-10-15,26.286983489990234
2013-10-16,26.681827545166016
2013-10-17,26.737796783447266
2013-10-18,27.030048370361328
2013-10-21,26.908790588378906
2013-10-22,27.058015823364258
2013-10-23,26.63519287109375
2013-10-24,26.762659072875977
2013-10-25,26.92432975769043
2013-10-28,26.946088790893555
2013-10-29,27.135746002197266
2013-10-30,26.952312469482422
2013-10-31,26.859037399291992
2013-11-01,26.762659072875977
2013-11-04,27.095333099365234
2013-11-05,26.84971809387207
2013-11-06,26.93054962158203
2013-11-07,26.513940811157227
2013-11-08,26.908790588378906
2013-11-11,26.958534240722656
2013-11-12,26.70981788635254
2013-11-13,26.942995071411133
2013-11-14,27.104652404785156
2013-11-15,27.253883361816406
2013-11-18,27.045578002929688
2013-11-19,27.09221839904785
2013-11-20,27.026927947998047
2013-11-21,27.28498077392578
2013-11-22,27.431108474731445
2013-11-25,27.182388305664062
2013-11-26,27.113983154296875
2013-11-27,26.93054962158203
2013-11-29,26.874588012695312
2013-12-02,26.89324188232422
2013-12-03,26.958534240722656
2013-12-04,26.871471405029297
2013-12-05,26.781320571899414
2013-12-06,26.865266799926758
2013-12-09,26.902559280395508
2013-12-10,26.821735382080078
2013-12-11,26.442440032958984
2013-12-12,26.554363250732422
2013-12-13,26.467300415039062
2013-12-16,26.697370529174805
2013-12-17,26.54503059387207
2013-12-18,26.946088790893555
2013-12-19,27.023822784423828
2013-12-20,27.071603775024414
2013-12-23,27.0997257232666
2013-12-24,27.24966049194336
2013-12-26,27.44331932067871
2013-12-27,27.577627182006836
2013-12-30,27.380834579467773
2013-12-31,27.64634132385254
2014-01-02,27.252782821655273
2014-01-03,27.152820587158203
2014-01-06,27.1903133392334
2014-01-07,27.396461486816406
2014-01-08,27.20592498779297
2014-01-09,27.12158966064453
2014-01-10,27.143463134765625
2014-01-13,26.603092193603516
2014-01-14,26.949785232543945
2014-01-15,26.8717098236084
2014-01-16,26.9091854095459
2014-01-17,26.865459442138672
2014-01-21,27.087242126464844
2014-01-22,27.212177276611328
2014-01-23,26.902938842773438
2014-01-24,26.340715408325195
2014-01-27,26.247005462646484
2014-01-28,26.44690704345703
2014-01-29,26.30010223388672
2014-01-30,26.38443946838379
2014-01-31,26.043973922729492
2014-02-03,25.578561782836914
2014-02-04,25.8409481048584
2014-02-05,25.587934494018555
2014-02-06,25.969005584716797
2014-02-07,26.25012969970703
2014-02-10,26.122060775756836
2014-02-11,26.462528228759766
2014-02-12,26.40005111694336
2014-02-13,26.52499771118164
2014-02-14,26.8717098236084
2014-02-18,26.993526458740234
2014-02-19,27.027873992919922
2014-02-20,27.20592498779297
2014-02-21,26.990407943725586
2014-02-24,27.396461486816406
2014-02-25,27.383960723876953
2014-02-26,27.212177276611328
2014-02-27,27.240280151367188
2014-02-28,27.37773323059082
2014-03-03,27.202804565429688
2014-03-04,27.49953842163086
2014-03-05,27.243408203125
2014-03-06,27.440181732177734
2014-03-07,27.4932918548584
2014-03-10,27.537025451660156
2014-03-11,27.224666595458984
2014-03-12,27.227792739868164
2014-03-13,26.9560489654541
2014-03-14,26.98103141784668
2014-03-17,27.124713897705078
2014-03-18,27.35272979736328
2014-03-19,27.146587371826172
2014-03-20,27.252782821655273
2014-03-21,27.32716941833496
2014-03-24,27.270666122436523
2014-03-25,27.515499114990234
2014-03-26,27.38680648803711
2014-03-27,27.609663009643555
2014-03-28,27.954944610595703
2014-03-31,27.954944610595703
2014-04-01,28.121307373046875
2014-04-02,28.221755981445312
2014-04-03,28.40380859375
2014-04-04,28.300216674804688
2014-04-07,27.826244354248047
2014-04-08,28.105613708496094
2014-04-09,28.234317779541016
2014-04-10,27.84194564819336
2014-04-11,27.76348114013672
2014-04-14,28.143278121948242
2014-04-15,28.519941329956055
2014-04-16,28.86208724975586
2014-04-17,29.125743865966797
2014-04-21,29.323511123657227
2014-04-22,29.276416778564453
2014-04-23,29.43022918701172
2014-04-24,29.439632415771484
2014-04-25,29.26386833190918
2014-04-28,29.314085006713867
2014-04-29,29.449068069458008
2014-04-30,29.423940658569336
2014-05-01,29.3580322265625
2014-05-02,29.417667388916016
2014-05-05,29.5557861328125
2014-05-06,29.599721908569336
2014-05-07,29.857118606567383
2014-05-08,29.43022918701172
2014-05-09,29.401975631713867
2014-05-12,29.609149932861328
2014-05-13,29.718992233276367
2014-05-14,29.731557846069336
2014-05-15,29.392560958862305
2014-05-16,29.317222595214844
2014-05-19,29.40825653076172
2014-05-20,29.323511123657227
2014-05-21,29.64053726196289
2014-05-22,29.61228370666504
2014-05-23,29.55264663696289
2014-05-27,29.634246826171875
2014-05-28,29.68447494506836
2014-05-29,29.938730239868164
2014-05-30,29.916757583618164
2014-06-02,29.87907600402832
2014-06-03,29.9826717376709
2014-06-04,29.96697998046875
2014-06-05,30.139619827270508
2014-06-06,30.387584686279297
2014-06-09,30.43466567993164
2014-06-10,30.384443283081055
2014-06-11,30.500593185424805
2014-06-12,30.60102653503418
2014-06-13,30.8929443359375
2014-06-16,31.078144073486328
2014-06-17,31.056177139282227
2014-06-18,31.291589736938477
2014-06-19,31.51445198059082
2014-06-20,31.82789421081543
2014-06-23,31.94143295288086
2014-06-24,31.26973533630371
2014-06-25,31.506261825561523
2014-06-26,31.540935516357422
2014-06-27,31.540935516357422
2014-06-30,31.5661563873291
2014-07-01,31.585084915161133
2014-07-02,31.53778648376465
2014-07-03,31.657623291015625
2014-07-07,31.414806365966797
2014-07-08,31.36433219909668
2014-07-09,31.572473526000977
2014-07-10,31.26973533630371
2014-07-11,31.030080795288086
2014-07-14,31.29811668395996
2014-07-15,31.162525177001953
2014-07-16,31.635540008544922
2014-07-17,31.12467384338379
2014-07-18,31.21612548828125
2014-07-21,31.26343536376953
2014-07-22,31.487335205078125
2014-07-23,31.689144134521484
2014-07-24,31.717527389526367
2014-07-25,31.484174728393555
2014-07-28,31.408477783203125
2014-07-29,31.32965660095215
2014-07-30,31.143600463867188
2014-07-31,30.47191619873047
2014-08-01,30.225929260253906
2014-08-04,30.733654022216797
2014-08-05,30.06195640563965
2014-08-06,30.150257110595703
2014-08-07,29.96105194091797
2014-08-08,30.46245574951172
2014-08-11,30.465606689453125
2014-08-12,30.24170684814453
2014-08-13,30.33946990966797
2014-08-14,30.16602325439453
2014-08-15,30.38991928100586
2014-08-18,30.47191619873047
2014-08-19,30.705263137817383
2014-08-20,30.771480560302734
2014-08-21,30.796707153320312
2014-08-22,30.591747283935547
2014-08-25,30.862937927246094
2014-08-26,31.02060317993164
2014-08-27,30.957548141479492
2014-08-28,30.96385383605957
2014-08-29,31.137292861938477
2014-09-02,30.743106842041016
2014-09-03,30.825092315673828
2014-09-04,30.408836364746094
2014-09-05,30.61381721496582
2014-09-08,30.137645721435547
2014-09-09,30.005197525024414
2014-09-10,29.93267059326172
2014-09-11,29.95159149169922
2014-09-12,29.503793716430664
2014-09-15,29.71192169189453
2014-09-16,30.071422576904297
2014-09-17,29.907438278198242
2014-09-18,29.7529239654541
2014-09-19,29.728504180908203
2014-09-22,29.291105270385742
2014-09-23,29.205516815185547
2014-09-24,29.230873107910156
2014-09-25,28.783954620361328
2014-09-26,29.154809951782227
2014-09-29,29.088241577148438
2014-09-30,28.723722457885742
2014-10-01,28.137331008911133
2014-10-02,27.991531372070312
2014-10-03,27.94715118408203
2014-10-06,27.97884750366211
2014-10-07,27.614336013793945
2014-10-08,27.883750915527344
2014-10-09,26.859947204589844
2014-10-10,26.48276138305664
2014-10-13,25.664968490600586
2014-10-14,25.3416748046875
2014-10-15,25.535017013549805
2014-10-16,25.991455078125
2014-10-17,26.213333129882812
2014-10-20,26.441545486450195
2014-10-21,27.246646881103516
2014-10-22,26.729990005493164
2014-10-23,27.227630615234375
2014-10-24,27.13254737854004
2014-10-27,26.562002182006836
2014-10-28,27.16741180419922
2014-10-29,27.256160736083984
2014-10-30,27.15789031982422
2014-10-31,27.70941925048828
2014-11-03,27.271995544433594
2014-11-04,26.71097183227539
2014-11-05,27.180091857910156
2014-11-06,27.522415161132812
2014-11-07,27.826692581176758
2014-11-10,27.576295852661133
2014-11-11,27.65870475769043
2014-11-12,27.414649963378906
2014-11-13,27.05012321472168
2014-11-14,27.325891494750977
2014-11-17,27.183259963989258
2014-11-18,27.2054443359375
2014-11-19,27.34807586669922
2014-11-20,27.69040298461914
2014-11-21,28.051755905151367
2014-11-24,27.83621597290039
2014-11-25,27.38294219970703
2014-11-26,27.037446975708008
2014-11-28,25.30046844482422
2014-12-01,25.389209747314453
2014-12-02,25.664968490600586
2014-12-03,25.978769302368164
2014-12-04,25.75372314453125
2014-12-05,25.44626235961914
2014-12-08,24.416112899780273
2014-12-09,24.682371139526367
2014-12-10,23.921648025512695
2014-12-11,23.905803680419922
2014-12-12,23.462039947509766
2014-12-15,23.252838134765625
2014-12-16,23.458873748779297
2014-12-17,24.43196678161621
2014-12-18,24.901073455810547
2014-12-19,25.696826934814453
2014-12-22,25.435298919677734
2014-12-23,25.744678497314453
2014-12-24,25.556501388549805
2014-12-26,25.550113677978516
2014-12-29,25.642606735229492
2014-12-30,25.438486099243164
2014-12-31,25.24713134765625
2015-01-02,25.365127563476562
2015-01-05,24.315832138061523
2015-01-06,23.958620071411133
2015-01-07,24.009645462036133
2015-01-08,24.54865837097168
2015-01-09,24.354101181030273
2015-01-12,23.65243911743164
2015-01-13,23.464263916015625
2015-01-14,23.53761863708496
2015-01-15,23.237821578979492
2015-01-16,23.99370765686035
2015-01-20,24.022401809692383
2015-01-21,24.510377883911133
2015-01-22,24.62519645690918
2015-01-23,24.449783325195312
2015-01-26,24.800621032714844
2015-01-27,24.784677505493164
2015-01-28,23.8087158203125
2015-01-29,23.888452529907227
2015-01-30,24.095760345458984
2015-02-02,24.83250617980957
2015-02-03,25.511844635009766
2015-02-04,25.090850830078125
2015-02-05,25.45124053955078
2015-02-06,25.457622528076172
2015-02-09,25.483139038085938
2015-02-10,25.47039222717285
2015-02-11,25.291786193847656
2015-02-12,25.62348175048828
2015-02-13,26.165672302246094
2015-02-17,26.245418548583984
2015-02-18,25.932842254638672
2015-02-19,25.811643600463867
2015-02-20,25.68726348876953
2015-02-23,25.582012176513672
2015-02-24,25.652185440063477
2015-02-25,25.792512893676758
2015-02-26,25.314105987548828
2015-02-27,25.202478408813477
2015-03-02,25.02706527709961
2015-03-03,25.119558334350586
2015-03-04,25.084470748901367
2015-03-05,24.934568405151367
2015-03-06,24.488056182861328
2015-03-09,24.312639236450195
2015-03-10,23.974557876586914
2015-03-11,24.044723510742188
2015-03-12,23.89164161682129
2015-03-13,23.802339553833008
2015-03-16,24.124465942382812
2015-03-17,24.0319766998291
2015-03-18,24.730451583862305
2015-03-19,24.33815574645996
2015-03-20,24.696186065673828
2015-03-23,24.6094913482666
2015-03-24,24.44572639465332
2015-03-25,24.76361846923828
2015-03-26,24.734710693359375
2015-03-27,24.53241539001465
2015-03-30,25.059036254882812
2015-03-31,24.911327362060547
2015-04-01,24.9049015045166
2015-04-02,24.956274032592773
2015-04-06,25.40582275390625
2015-04-07,25.421884536743164
2015-04-08,25.216373443603516
2015-04-09,25.620962142944336
2015-04-10,25.733356475830078
2015-04-13,25.476470947265625
2015-04-14,25.93564796447754
2015-04-15,26.555381774902344
2015-04-16,26.49437713623047
2015-04-17,26.30171775817871
2015-04-20,26.401256561279297
2015-04-21,26.121896743774414
2015-04-22,26.295291900634766
2015-04-23,26.475112915039062
2015-04-24,26.324193954467773
2015-04-27,26.295291900634766
2015-04-28,26.42693519592285
2015-04-29,26.632444381713867
2015-04-30,26.548965454101562
2015-05-01,26.609970092773438
2015-05-04,26.542537689208984
2015-05-05,26.215009689331055
2015-05-06,26.112253189086914
2015-05-07,25.82968521118164
2015-05-08,26.253541946411133
2015-05-11,25.7590389251709
2015-05-12,25.877843856811523
2015-05-13,25.8104190826416
2015-05-14,25.80079460144043
2015-05-15,25.903535842895508
2015-05-18,25.92601776123047
2015-05-19,25.556745529174805
2015-05-20,25.604907989501953
2015-05-21,25.84573745727539
2015-05-22,25.752613067626953
2015-05-26,25.344818115234375
2015-05-27,25.29986572265625
2015-05-28,25.200326919555664
2015-05-29,25.17142677307129
2015-06-01,25.107202529907227
2015-06-02,25.280601501464844
2015-06-03,25.107202529907227
2015-06-04,24.76683807373047
2015-06-05,24.94022560119629
2015-06-08,24.798931121826172
2015-06-09,24.79572868347168
2015-06-10,25.10077476501465
2015-06-11,24.9883975982666
2015-06-12,24.709030151367188
2015-06-15,24.65123176574707
2015-06-16,24.843894958496094
2015-06-17,24.782880783081055
2015-06-18,24.76683807373047
2015-06-19,24.537010192871094
2015-06-22,24.837614059448242
2015-06-23,24.91843032836914
2015-06-24,24.763275146484375
2015-06-25,24.511146545410156
2015-06-26,24.59195899963379
2015-06-29,24.126497268676758
2015-06-30,24.294578552246094
2015-07-01,23.984272003173828
2015-07-02,24.09095001220703
2015-07-06,23.774166107177734
2015-07-07,23.990734100341797
2015-07-08,23.505882263183594
2015-07-09,23.625476837158203
2015-07-10,23.754764556884766
2015-07-13,23.922853469848633
2015-07-14,24.09417724609375
2015-07-15,23.670734405517578
2015-07-16,23.703052520751953
2015-07-17,23.415372848510742
2015-07-20,23.105060577392578
2015-07-21,23.11475944519043
2015-07-22,22.92728042602539
2015-07-23,22.90789222717285
2015-07-24,22.468286514282227
2015-07-27,22.14504623413086
2015-07-28,22.778594970703125
2015-07-29,23.088895797729492
2015-07-30,22.92728042602539
2015-07-31,22.426259994506836
2015-08-03,21.954334259033203
2015-08-04,21.879987716674805
2015-08-05,21.715133666992188
2015-08-06,22.06100082397461
2015-08-07,21.666656494140625
2015-08-10,22.358381271362305
2015-08-11,22.400400161743164
2015-08-12,22.80768585205078
2015-08-13,22.461822509765625
2015-08-14,22.413331985473633
2015-08-17,22.461822509765625
2015-08-18,22.377777099609375
2015-08-19,21.760395050048828
2015-08-20,21.26906967163086
2015-08-21,20.5256290435791
2015-08-24,19.42337417602539
2015-08-25,19.142162322998047
2015-08-26,19.801565170288086
2015-08-27,20.78097915649414
2015-08-28,21.252904891967773
2015-08-31,21.472707748413086
2015-09-01,20.71632957458496
2015-09-02,20.907041549682617
2015-09-03,20.965227127075195
2015-09-04,20.619356155395508
2015-09-08,20.942598342895508
2015-09-09,20.548254013061523
2015-09-10,20.667844772338867
2015-09-11,20.483600616455078
2015-09-14,20.305816650390625
2015-09-15,20.532087326049805
2015-09-16,21.11391258239746
2015-09-17,21.10098648071289
2015-09-18,20.54677963256836
2015-09-21,20.663999557495117
2015-09-22,20.445833206176758
2015-09-23,20.18208122253418
2015-09-24,20.269996643066406
2015-09-25,20.309070587158203
2015-09-28,19.49827003479004
2015-09-29,19.46896743774414
2015-09-30,19.9281005859375
2015-10-01,19.9671688079834
2015-10-02,20.79099464416504
2015-10-05,21.419450759887695
2015-10-06,21.89485740661621
2015-10-07,22.171628952026367
2015-10-08,22.594938278198242
2015-10-09,22.448415756225586
2015-10-12,22.158605575561523
2015-10-13,21.92741584777832
2015-10-14,22.116275787353516
2015-10-15,22.513532638549805
2015-10-16,22.5428409576416
2015-10-19,22.09673500061035
2015-10-20,22.158605575561523
2015-10-21,21.885087966918945
2015-10-22,22.27908706665039
2015-10-23,22.226987838745117
2015-10-26,21.683197021484375
2015-10-27,21.422700881958008
2015-10-28,21.898107528686523
2015-10-29,22.00882339477539
2015-10-30,22.152095794677734
2015-11-02,22.669837951660156
2015-11-03,23.249446868896484
2015-11-04,23.041044235229492
2015-11-05,22.84567642211914
2015-11-06,22.72844696044922
2015-11-09,22.503768920898438
2015-11-10,22.5526180267334
2015-11-11,22.073949813842773
2015-11-12,21.572484970092773
2015-11-13,21.484575271606445
2015-11-16,22.20093536376953
2015-11-17,21.95671844482422
2015-11-18,22.318161010742188
2015-11-19,22.01858901977539
2015-11-20,21.78413963317871
2015-11-23,21.94043731689453
2015-11-24,22.40933609008789
2015-11-25,22.226987838745117
2015-11-27,22.06743049621582
2015-11-30,22.148839950561523
2015-12-01,22.32467269897461
2015-12-02,21.634357452392578
2015-12-03,21.201271057128906
2015-12-04,21.06777572631836
2015-12-07,20.266742706298828
2015-12-08,20.0583438873291
2015-12-09,20.322093963623047
2015-12-10,20.452350616455078
2015-12-11,19.687135696411133
2015-12-14,19.791332244873047
2015-12-15,20.289535522460938
2015-12-16,20.156028747558594
2015-12-17,19.661083221435547
2015-12-18,19.316740036010742
2015-12-21,19.33644676208496
2015-12-22,19.563169479370117
2015-12-23,20.41417121887207
2015-12-24,20.23016929626465
2015-12-28,19.862167358398438
2015-12-29,20.000167846679688
2015-12-30,19.730743408203125
2015-12-31,19.8194522857666
2016-01-04,19.812885284423828
2016-01-05,19.88845443725586
2016-01-06,19.122886657714844
2016-01-07,18.656312942504883
2016-01-08,18.41645050048828
2016-01-11,18.02216911315918
2016-01-12,18.064882278442383
2016-01-13,17.63116455078125
2016-01-14,18.390174865722656
2016-01-15,17.857885360717773
2016-01-19,17.473447799682617
2016-01-20,17.010160446166992
2016-01-21,17.53916358947754
2016-01-22,18.314592361450195
2016-01-25,17.460308074951172
2016-01-26,18.1207332611084
2016-01-27,18.035310745239258
2016-01-28,18.58402442932129
2016-01-29,19.126169204711914
2016-02-01,18.807453155517578
2016-02-02,18.17987823486328
2016-02-03,18.82716941833496
2016-02-04,18.81731605529785
2016-02-05,18.38031005859375
2016-02-08,18.285022735595703
2016-02-09,17.84473419189453
2016-02-10,17.7724552154541
2016-02-11,17.696880340576172
2016-02-12,18.1634521484375
2016-02-16,18.344165802001953
2016-02-17,18.945451736450195
2016-02-18,18.70888328552246
2016-02-19,18.66617202758789
2016-02-22,19.142593383789062
2016-02-23,18.488740921020508
2016-02-24,18.676023483276367
2016-02-25,18.69245719909668
2016-02-26,18.804168701171875
2016-02-29,18.590595245361328
2016-03-01,19.07688331604004
2016-03-02,19.543453216552734
2016-03-03,19.839170455932617
2016-03-04,20.02974510192871
2016-03-07,20.499597549438477
2016-03-08,19.638744354248047
2016-03-09,19.95745086669922
2016-03-10,19.97388458251953
2016-03-11,20.489742279052734
2016-03-14,20.35502815246582
2016-03-15,20.31559944152832
2016-03-16,20.66716957092285
2016-03-17,20.94974708557129
2016-03-18,21.00996971130371
2016-03-21,20.937164306640625
2016-03-22,20.82134437561035
2016-03-23,20.36467742919922
2016-03-24,20.463951110839844
2016-03-28,20.354753494262695
2016-03-29,20.450721740722656
2016-03-30,20.490428924560547
2016-03-31,20.480501174926758
2016-04-01,20.205841064453125
2016-04-04,20.056926727294922
2016-04-05,19.921247482299805
2016-04-06,20.351436614990234
2016-04-07,20.232309341430664
2016-04-08,20.639339447021484
2016-04-11,20.553302764892578
2016-04-12,21.16550064086914
2016-04-13,21.2647762298584
2016-04-14,21.31441879272461
2016-04-15,21.026517868041992
2016-04-18,21.373979568481445
2016-04-19,21.800867080688477
2016-04-20,21.996105194091797
2016-04-21,21.867040634155273
2016-04-22,22.184728622436523
2016-04-25,21.936534881591797
2016-04-26,22.287309646606445
2016-04-27,22.710887908935547
2016-04-28,22.373355865478516
2016-04-29,22.336946487426758
2016-05-02,22.31378936767578
2016-05-03,21.78762435913086
2016-05-04,21.473247528076172
2016-05-05,21.64864158630371
2016-05-06,21.599000930786133
2016-05-09,21.28463363647461
2016-05-10,21.6585636138916
2016-05-11,21.72474479675293
2016-05-12,21.784318923950195
2016-05-13,21.506351470947266
2016-05-16,21.870357513427734
2016-05-17,21.972944259643555
2016-05-18,21.76115608215332
2016-05-19,21.764461517333984
2016-05-20,21.893516540527344
2016-05-23,21.837263107299805
2016-05-24,21.94646453857422
2016-05-25,22.293926239013672
2016-05-26,22.201271057128906
2016-05-27,22.21451187133789
2016-05-31,22.128477096557617
2016-06-01,22.135089874267578
2016-06-02,22.105304718017578
2016-06-03,22.019271850585938
2016-06-06,22.505718231201172
2016-06-07,23.015336990356445
2016-06-08,22.962385177612305
2016-06-09,22.786998748779297
2016-06-10,22.293926239013672
2016-06-13,22.22774314880371
2016-06-14,22.21451187133789
2016-06-15,22.161561965942383
2016-06-16,22.0556697845459
2016-06-17,22.280841827392578
2016-06-20,22.474037170410156
2016-06-21,22.740514755249023
2016-06-22,22.613933563232422
2016-06-23,22.98700523376465
2016-06-24,22.24419593811035
2016-06-27,21.531373977661133
2016-06-28,22.130950927734375
2016-06-29,22.550647735595703
2016-06-30,22.730520248413086
2016-07-01,22.850439071655273
2016-07-05,22.390764236450195
2016-07-06,22.48736572265625
2016-07-07,22.257524490356445
2016-07-08,22.553979873657227
2016-07-11,22.597286224365234
2016-07-12,23.156885147094727
2016-07-13,22.957027435302734
2016-07-14,23.073606491088867
2016-07-15,23.06028938293457
2016-07-18,23.076940536499023
2016-07-19,22.947038650512695
2016-07-20,22.913724899291992
2016-07-21,22.687219619750977
2016-07-22,22.75716781616211
2016-07-25,22.304161071777344
2016-07-26,22.434064865112305
2016-07-27,22.214223861694336
2016-07-28,22.21755599975586
2016-07-29,22.444059371948242
2016-08-01,21.704586029052734
2016-08-02,21.901113510131836
2016-08-03,22.32413673400879
2016-08-04,22.290836334228516
2016-08-05,22.4940242767334
2016-08-08,22.79380989074707
2016-08-09,22.673891067504883
2016-08-10,22.42740821838379
2016-08-11,22.75716781616211
2016-08-12,22.883745193481445
2016-08-15,23.06694793701172
2016-08-16,23.103593826293945
2016-08-17,23.173540115356445
2016-08-18,23.649869918823242
2016-08-19,23.453336715698242
2016-08-22,23.183534622192383
2016-08-23,23.346750259399414
2016-08-24,23.253482818603516
2016-08-25,23.190196990966797
2016-08-26,23.110248565673828
2016-08-29,23.266801834106445
2016-08-30,23.186864852905273
2016-08-31,22.82046127319336
2016-09-01,22.75383949279785
2016-09-02,23.010324478149414
2016-09-06,23.356748580932617
2016-09-07,23.48998260498047
2016-09-08,23.929672241210938
2016-09-09,23.216846466064453
2016-09-12,23.446680068969727
2016-09-13,22.777156829833984
2016-09-14,22.507343292236328
2016-09-15,22.78714942932129
2016-09-16,22.603178024291992
2016-09-19,22.589767456054688
2016-09-20,22.425567626953125
2016-09-21,22.944992065429688
2016-09-22,22.971805572509766
2016-09-23,22.66684913635254
2016-09-26,22.56631088256836
2016-09-27,22.41551399230957
2016-09-28,23.383981704711914
2016-09-29,23.343767166137695
2016-09-30,23.66212272644043
2016-10-03,23.645366668701172
2016-10-04,23.40408706665039
2016-10-05,23.762651443481445
2016-10-06,23.799514770507812
2016-10-07,23.66212272644043
2016-10-10,24.034095764160156
2016-10-11,23.75930404663086
2016-10-12,23.658769607543945
2016-10-13,23.528079986572266
2016-10-14,23.390676498413086
2016-10-17,23.27674674987793
2016-10-18,23.37057113647461
2016-10-19,23.702342987060547
2016-10-20,23.67552947998047
2016-10-21,23.52136993408203
2016-10-24,23.451004028320312
2016-10-25,23.343767166137695
2016-10-26,23.39739227294922
2016-10-27,23.310264587402344
2016-10-28,23.246585845947266
2016-10-31,22.995250701904297
2016-11-01,22.99860382080078
2016-11-02,22.743921279907227
2016-11-03,22.834400177001953
2016-11-04,22.710411071777344
2016-11-07,23.19967269897461
2016-11-08,23.229835510253906
2016-11-09,23.608501434326172
2016-11-10,23.709033966064453
2016-11-11,23.27674674987793
2016-11-14,23.407432556152344
2016-11-15,24.067602157592773
2016-11-16,23.900043487548828
2016-11-17,23.73919677734375
2016-11-18,23.836376190185547
2016-11-21,24.402711868286133
2016-11-22,24.389310836791992
2016-11-23,24.489845275878906
2016-11-25,24.369205474853516
2016-11-28,24.03074073791504
2016-11-29,23.735843658447266
2016-11-30,24.942249298095703
2016-12-01,25.002561569213867
2016-12-02,25.07628059387207
2016-12-05,25.297452926635742
2016-12-06,25.25054359436035
2016-12-07,25.45159912109375
2016-12-08,25.58900260925293
2016-12-09,25.669422149658203
2016-12-12,25.790071487426758
2016-12-13,26.08160972595215
2016-12-14,25.558841705322266
2016-12-15,25.615814208984375
2016-12-16,25.774826049804688
2016-12-19,25.65691375732422
2016-12-20,25.599632263183594
2016-12-21,25.640066146850586
2016-12-22,25.744503021240234
2016-12-23,25.720928192138672
2016-12-27,25.778194427490234
2016-12-28,25.498571395874023
2016-12-29,25.44804573059082
2016-12-30,25.373931884765625
2017-01-03,25.660280227661133
2017-01-04,25.606382369995117
2017-01-05,25.542373657226562
2017-01-06,25.56595230102539
2017-01-09,25.195390701293945
2017-01-10,24.9663028717041
2017-01-11,25.23581314086914
2017-01-12,25.13137435913086
2017-01-13,25.05725860595703
2017-01-17,25.21222686767578
2017-01-18,25.154956817626953
2017-01-19,25.01683807373047
2017-01-20,25.11117172241211
2017-01-23,24.84502601623535
2017-01-24,25.117904663085938
2017-01-25,25.249286651611328
2017-01-26,25.26949691772461
2017-01-27,25.00673484802246
2017-01-30,24.5485782623291
2017-01-31,24.558679580688477
2017-02-01,24.37676429748535
2017-02-02,24.514877319335938
2017-02-03,24.727123260498047
2017-02-06,24.518253326416016
2017-02-07,24.171262741088867
2017-02-08,24.228534698486328
2017-02-09,24.501407623291016
2017-02-10,24.686691284179688
2017-02-13,24.733856201171875
2017-02-14,24.814701080322266
2017-02-15,24.717002868652344
2017-02-16,24.380125045776367
2017-02-17,24.245378494262695
2017-02-21,24.410449981689453
2017-02-22,24.03988265991211
2017-02-23,24.140954971313477
2017-02-24,23.915237426757812
2017-02-27,24.120725631713867
2017-02-28,24.046619415283203
2017-03-01,24.52836036682129
2017-03-02,24.295909881591797
2017-03-03,24.252113342285156
2017-03-06,24.306015014648438
2017-03-07,24.09041404724121
2017-03-08,23.463817596435547
2017-03-09,23.6187801361084
2017-03-10,23.58509063720703
2017-03-13,23.588462829589844
2017-03-14,23.322322845458984
2017-03-15,23.84112548828125
2017-03-16,23.672677993774414
2017-03-17,23.655397415161133
2017-03-20,23.621501922607422
2017-03-21,23.4554500579834
2017-03-22,23.42154884338379
2017-03-23,23.32666778564453
2017-03-24,23.235151290893555
2017-03-27,23.126708984375
2017-03-28,23.4554500579834
2017-03-29,23.777402877807617
2017-03-30,23.770620346069336
2017-03-31,23.689289093017578
2017-04-03,23.64861297607422
2017-04-04,23.821455001831055
2017-04-05,23.746902465820312
2017-04-06,23.936681747436523
2017-04-07,23.845182418823242
2017-04-10,24.024808883666992
2017-04-11,24.028186798095703
2017-04-12,23.926517486572266
2017-04-13,23.489334106445312
2017-04-17,23.54016876220703
2017-04-18,23.319881439208984
2017-04-19,22.977588653564453
2017-04-20,23.08942413330078
2017-04-21,22.97420310974121
2017-04-24,23.10976791381836
2017-04-25,23.306325912475586
2017-04-26,23.228384017944336
2017-04-27,22.97420310974121
2017-04-28,22.991147994995117
2017-05-01,22.9267520904541
2017-05-02,22.81153106689453
2017-05-03,22.875917434692383
2017-05-04,22.4556827545166
2017-05-05,22.81153106689453
2017-05-08,22.97420310974121
2017-05-09,22.784420013427734
2017-05-10,23.08604621887207
2017-05-11,23.038593292236328
2017-05-12,22.96064567565918
2017-05-15,23.14026641845703
2017-05-16,23.025039672851562
2017-05-17,22.7979679107666
2017-05-18,22.79119110107422
2017-05-19,23.072481155395508
2017-05-22,23.02164649963379
2017-05-23,23.075870513916016
2017-05-24,22.953872680664062
2017-05-25,22.537023544311523
2017-05-26,22.574295043945312
2017-05-30,22.272676467895508
2017-05-31,22.177783966064453
2017-06-01,22.316722869873047
2017-06-02,22.059162139892578
2017-06-05,22.09983253479004
2017-06-06,22.360794067382812
2017-06-07,22.04561424255371
2017-06-08,21.981220245361328
2017-06-09,22.509899139404297
2017-06-12,22.669189453125
2017-06-13,22.838634490966797
2017-06-14,22.4251766204834
2017-06-15,22.25572395324707
2017-06-16,22.623924255371094
2017-06-19,22.48060417175293
2017-06-20,22.193967819213867
2017-06-21,21.835668563842773
2017-06-22,21.822017669677734
2017-06-23,21.9687442779541
2017-06-26,21.920976638793945
2017-06-27,21.886857986450195
2017-06-28,22.00628662109375
2017-06-29,22.054059982299805
2017-06-30,22.153013229370117
2017-07-03,22.57956314086914
2017-07-05,22.12230110168457
2017-07-06,21.876617431640625
2017-07-07,21.84249496459961
2017-07-10,21.914148330688477
2017-07-11,22.033584594726562
2017-07-12,22.095003128051758
2017-07-13,22.18372917175293
2017-07-14,22.316810607910156
2017-07-17,22.28951072692871
2017-07-18,22.18372917175293
2017-07-19,22.507898330688477
2017-07-20,22.439653396606445
2017-07-21,22.217853546142578
2017-07-24,22.176904678344727
2017-07-25,22.456716537475586
2017-07-26,22.48060417175293
2017-07-27,22.709232330322266
2017-07-28,22.681928634643555
2017-07-31,22.733116149902344
2017-08-01,22.729705810546875
2017-08-02,22.644393920898438
2017-08-03,22.327045440673828
2017-08-04,22.398706436157227
2017-08-07,22.228084564208984
2017-08-08,22.176904678344727
2017-08-09,22.197376251220703
2017-08-10,21.961925506591797
2017-08-11,21.818605422973633
2017-08-14,21.753772735595703
2017-08-15,21.671876907348633
2017-08-16,21.463722229003906
2017-08-17,21.160015106201172
2017-08-18,21.265806198120117
2017-08-21,21.15660858154297
2017-08-22,21.2965087890625
2017-08-23,21.388648986816406
2017-08-24,21.402299880981445
2017-08-25,21.49784278869629
2017-08-28,21.402299880981445
2017-08-29,21.375
2017-08-30,21.385234832763672
2017-08-31,21.487606048583984
2017-09-01,21.695762634277344
2017-09-05,21.81519317626953
2017-09-06,22.17007827758789
2017-09-07,22.211023330688477
2017-09-08,21.975576400756836
2017-09-11,22.18372917175293
2017-09-12,22.320220947265625
2017-09-13,22.600038528442383
2017-09-14,22.709232330322266
2017-09-15,22.762815475463867
2017-09-18,22.859621047973633
2017-09-19,22.952970504760742
2017-09-20,23.108549118041992
2017-09-21,23.115463256835938
2017-09-22,23.233007431030273
2017-09-25,23.5683650970459
2017-09-26,23.55799674987793
2017-09-27,23.65825843811035
2017-09-28,23.679006576538086
2017-09-29,23.675548553466797
2017-10-02,23.66862678527832
2017-10-03,23.644428253173828
2017-10-04,23.627140045166016
2017-10-05,23.73431968688965
2017-10-06,23.53379249572754
2017-10-09,23.582197189331055
2017-10-10,23.602935791015625
2017-10-11,23.65825843811035
2017-10-12,23.57183265686035
2017-10-13,23.55799674987793
2017-10-16,23.60984992980957
2017-10-17,23.623685836791992
2017-10-18,23.45773696899414
2017-10-19,23.385133743286133
2017-10-20,23.430076599121094
2017-10-23,23.309064865112305
2017-10-24,23.354015350341797
2017-10-25,23.191524505615234
2017-10-26,23.23992347717285
2017-10-27,23.281410217285156
2017-10-30,23.402420043945312
2017-10-31,23.47848129272461
2017-11-01,23.74468421936035
2017-11-02,23.675548553466797
2017-11-03,23.74468421936035
2017-11-06,24.28748321533203
2017-11-07,24.25637435913086
2017-11-08,24.138818740844727
2017-11-09,24.211423873901367
2017-11-10,24.08350944519043
2017-11-13,23.945220947265625
2017-11-14,23.55799674987793
2017-11-15,23.291786193847656
2017-11-16,23.198436737060547
2017-11-17,23.312532424926758
2017-11-20,23.257204055786133
2017-11-21,23.309064865112305
2017-11-22,23.402420043945312
2017-11-24,23.468107223510742
2017-11-27,23.229555130004883
2017-11-28,23.409334182739258
2017-11-29,23.537254333496094
2017-11-30,23.889890670776367
2017-12-01,24.09041976928711
2017-12-04,24.080049514770508
2017-12-05,23.97632598876953
2017-12-06,23.665170669555664
2017-12-07,23.73431968688965
2017-12-08,23.952123641967773
2017-12-11,24.124984741210938
2017-12-12,24.059303283691406
2017-12-13,24.02472686767578
2017-12-14,23.938291549682617
2017-12-15,23.91672706604004
2017-12-18,24.101173400878906
2017-12-19,24.13597869873047
2017-12-20,24.477052688598633
2017-12-21,24.99561309814453
2017-12-22,25.047819137573242
2017-12-26,25.267078399658203
2017-12-27,25.18355941772461
2017-12-28,25.22183609008789
2017-12-29,25.148754119873047
2018-01-02,25.562910079956055
2018-01-03,25.94574737548828
2018-01-04,26.102352142333984
2018-01-05,26.091917037963867
2018-01-08,26.248537063598633
2018-01-09,26.182403564453125
2018-01-10,26.15108299255371
2018-01-11,26.687049865722656
2018-01-12,26.94459342956543
2018-01-16,26.603525161743164
2018-01-17,26.836698532104492
2018-01-18,26.617443084716797
2018-01-19,26.582639694213867
2018-01-22,27.156888961791992
2018-01-23,27.115131378173828
2018-01-24,27.04203987121582
2018-01-25,26.82974624633789
2018-01-26,26.97591209411621
2018-01-29,26.568714141845703
2018-01-30,26.032751083374023
2018-01-31,26.050151824951172
2018-02-01,26.318134307861328
2018-02-02,25.218360900878906
2018-02-05,24.160341262817383
2018-02-06,24.351760864257812
2018-02-07,23.944562911987305
2018-02-08,23.220659255981445
2018-02-09,23.20325469970703
2018-02-12,23.582611083984375
2018-02-13,23.485158920288086
2018-02-14,23.82622718811035
2018-02-15,23.76706314086914
2018-02-16,23.70789909362793
2018-02-20,23.57912254333496
2018-02-21,23.182374954223633
2018-02-22,23.43643569946289
2018-02-23,23.944562911987305
2018-02-26,24.087257385253906
2018-02-27,23.774024963378906
2018-02-28,23.227615356445312
2018-03-01,23.192813873291016
2018-03-02,23.30070686340332
2018-03-05,23.547815322875977
2018-03-06,23.56172752380371
2018-03-07,23.384233474731445
2018-03-08,23.377275466918945
2018-03-09,23.822750091552734
2018-03-12,23.815793991088867
2018-03-13,23.6452579498291
2018-03-14,23.50604248046875
2018-03-15,23.384233474731445
2018-03-16,23.592784881591797
2018-03-19,23.228256225585938
2018-03-20,23.424541473388672
2018-03-21,24.037931442260742
2018-03-22,23.54722023010254
2018-03-23,23.40351104736328
2018-03-26,23.82411766052246
2018-03-27,23.59979820251465
2018-03-28,23.140628814697266
2018-03-29,23.627838134765625
2018-04-02,23.15464973449707
2018-04-03,23.648868560791016
2018-04-04,23.617321014404297
2018-04-05,24.04143714904785
2018-04-06,23.606807708740234
2018-04-09,23.718971252441406
2018-04-10,24.504108428955078
2018-04-11,24.759979248046875
2018-04-12,24.75647735595703
2018-04-13,25.02987289428711
2018-04-16,25.285736083984375
2018-04-17,25.38388442993164
2018-04-18,25.783464431762695
2018-04-19,25.815011978149414
2018-04-20,25.692338943481445
2018-04-23,25.850061416625977
2018-04-24,25.57316017150879
2018-04-25,25.776453018188477
2018-04-26,26.151506423950195
2018-04-27,25.874595642089844
2018-04-30,25.8710994720459
2018-05-01,25.713367462158203
2018-05-02,25.818517684936523
2018-05-03,25.75893211364746
2018-05-04,25.885120391845703
2018-05-07,25.920166015625
2018-05-08,26.12346076965332
2018-05-09,26.656234741210938
2018-05-10,26.856029510498047
2018-05-11,26.89458465576172
2018-05-14,27.08035659790039
2018-05-15,27.087364196777344
2018-05-16,27.182003021240234
2018-05-17,27.59209632873535
2018-05-18,27.378292083740234
2018-05-21,27.6586971282959
2018-05-22,27.29066276550293
2018-05-23,27.287145614624023
2018-05-24,26.8385009765625
2018-05-25,26.1409912109375
2018-05-29,26.060373306274414
2018-05-30,26.849018096923828
2018-05-31,26.645723342895508
2018-06-01,26.77190399169922
2018-06-04,26.540569305419922
2018-06-05,26.477481842041016
2018-06-06,26.60365867614746
2018-06-07,27.006746292114258
2018-06-08,26.95416259765625
2018-06-11,27.094377517700195
2018-06-12,26.8875732421875
2018-06-13,26.785919189453125
2018-06-14,26.74736976623535
2018-06-15,26.172880172729492
2018-06-18,26.434024810791016
2018-06-19,26.3740234375
2018-06-20,26.490482330322266
2018-06-21,25.999975204467773
2018-06-22,26.51870346069336
2018-06-25,25.98586082458496
2018-06-26,26.314035415649414
2018-06-27,26.666913986206055
2018-06-28,26.631628036499023
2018-06-29,26.797483444213867
2018-07-02,26.40224838256836
2018-07-03,26.56810188293457
2018-07-05,26.539875030517578
2018-07-06,26.70220375061035
2018-07-09,27.100948333740234
2018-07-10,27.302091598510742
2018-07-11,26.723379135131836
2018-07-12,26.76925277709961
2018-07-13,26.910396575927734
2018-07-16,26.59986686706543
2018-07-17,26.49400520324707
2018-07-18,26.51165008544922
2018-07-19,26.51870346069336
2018-07-20,26.426950454711914
2018-07-23,26.310510635375977
2018-07-24,26.6422061920166
2018-07-25,26.864524841308594
2018-07-26,27.157413482666016
2018-07-27,27.040964126586914
2018-07-30,27.26327896118164
2018-07-31,27.213869094848633
2018-08-01,26.836294174194336
2018-08-02,26.688085556030273
2018-08-03,26.55046272277832
2018-08-06,26.649267196655273
2018-08-07,26.846893310546875
2018-08-08,26.652801513671875
2018-08-09,26.40578842163086
2018-08-10,26.56810188293457
2018-08-13,26.229345321655273
2018-08-14,26.29286766052246
2018-08-15,25.375383377075195
2018-08-16,25.558876037597656
2018-08-17,25.62239646911621
2018-08-20,25.795303344726562
2018-08-21,25.925872802734375
2018-08-22,26.236404418945312
2018-08-23,26.112905502319336
2018-08-24,26.303451538085938
2018-08-27,26.497528076171875
2018-08-28,26.38460922241211
2018-08-29,26.546932220458984
2018-08-30,26.47283363342285
2018-08-31,26.26816177368164
2018-09-04,26.211708068847656
2018-09-05,26.17641830444336
2018-09-06,25.692974090576172
2018-09-07,25.68944549560547
2018-09-10,25.67885971069336
2018-09-11,25.922346115112305
2018-09-12,26.056438446044922
2018-09-13,26.067020416259766
2018-09-14,26.20464324951172
2018-09-17,26.246978759765625
2018-09-18,26.419897079467773
2018-09-19,26.501060485839844
2018-09-20,26.508127212524414
2018-09-21,26.68328857421875
2018-09-24,27.074113845825195
2018-09-25,27.248212814331055
2018-09-26,26.985286712646484
2018-09-27,26.985286712646484
2018-09-28,26.910676956176758
2018-10-01,27.283740997314453
2018-10-02,27.312177658081055
2018-10-03,27.532455444335938
2018-10-04,27.418752670288086
2018-10-05,27.415206909179688
2018-10-08,27.39388656616211
2018-10-09,27.639053344726562
2018-10-10,26.772109985351562
2018-10-11,25.8660888671875
2018-10-12,25.93715476989746
2018-10-15,25.720417022705078
2018-10-16,25.933589935302734
2018-10-17,25.770153045654297
2018-10-18,25.64224624633789
2018-10-19,25.414846420288086
2018-10-22,25.1341552734375
2018-10-23,24.47685432434082
2018-10-24,23.510427474975586
2018-10-25,23.798221588134766
2018-10-26,23.62056541442871
2018-10-29,23.179994583129883
2018-10-30,23.716503143310547
2018-10-31,23.862178802490234
2018-11-01,24.064697265625
2018-11-02,24.004295349121094
2018-11-05,24.405794143676758
2018-11-06,24.519487380981445
2018-11-07,24.920974731445312
2018-11-08,24.38092041015625
2018-11-09,24.33828353881836
2018-11-12,23.83374786376953
2018-11-13,23.286590576171875
2018-11-14,23.247501373291016
2018-11-15,23.588590621948242
2018-11-16,23.869279861450195
2018-11-19,23.862178802490234
2018-11-20,23.08050537109375
2018-11-21,23.44291877746582
2018-11-23,22.707439422607422
2018-11-26,23.04852867126465
2018-11-27,22.984573364257812
2018-11-28,23.37896156311035
2018-11-29,23.531742095947266
2018-11-30,23.489107131958008
2018-12-03,24.011402130126953
2018-12-04,23.322114944458008
2018-12-06,22.892196655273438
2018-12-07,22.764286041259766
2018-12-10,22.408981323242188
2018-12-11,22.416091918945312
2018-12-12,22.504919052124023
2018-12-13,22.575977325439453
2018-12-14,22.060789108276367
2018-12-17,21.659290313720703
2018-12-18,21.147661209106445
2018-12-19,20.898944854736328
2018-12-20,20.31980323791504
2018-12-21,20.1225528717041
2018-12-24,19.308475494384766
2018-12-26,20.50987434387207
2018-12-27,20.617462158203125
2018-12-28,20.45966339111328
2018-12-31,20.567256927490234
2019-01-02,20.97249984741211
2019-01-03,20.76449966430664
2019-01-04,21.47099494934082
2019-01-07,21.790164947509766
2019-01-08,21.958723068237305
2019-01-09,22.306589126586914
2019-01-10,22.371143341064453
2019-01-11,22.238454818725586
2019-01-14,22.184659957885742
2019-01-15,22.263553619384766
2019-01-16,22.2348690032959
2019-01-17,22.439287185668945
2019-01-18,22.894739151000977
2019-01-22,22.396251678466797
2019-01-23,22.166728973388672
2019-01-24,22.285076141357422
2019-01-25,22.568391799926758
2019-01-28,22.342453002929688
2019-01-29,22.410598754882812
2019-01-30,22.726184844970703
2019-01-31,22.873220443725586
2019-02-01,23.271299362182617
2019-02-04,23.325090408325195
2019-02-05,23.3609561920166
2019-02-06,23.188814163208008
2019-02-07,22.675979614257812
2019-02-08,22.571979522705078
2019-02-11,22.679567337036133
2019-02-12,22.966468811035156
2019-02-13,23.253368377685547
2019-02-14,23.335853576660156
2019-02-15,23.71241569519043
2019-02-19,23.78413963317871
2019-02-20,23.884552001953125
2019-02-21,23.515159606933594
2019-02-22,23.58330726623535
2019-02-25,23.622756958007812
2019-02-26,23.547441482543945
2019-02-27,23.63709831237793
2019-02-28,23.400407791137695
2019-03-01,23.830760955810547
2019-03-04,23.87379264831543
2019-03-05,23.79489517211914
2019-03-06,23.4936466217041
2019-03-07,23.35378646850586
2019-03-08,22.916255950927734
2019-03-11,23.274887084960938
2019-03-12,23.42551040649414
2019-03-13,23.66220474243164
2019-03-14,23.687305450439453
2019-03-15,23.67790985107422
2019-03-18,24.006816864013672
2019-03-19,23.941761016845703
2019-03-20,24.151399612426758
2019-03-21,24.321269989013672
2019-03-22,23.6634521484375
2019-03-25,23.674293518066406
2019-03-26,24.014049530029297
2019-03-27,23.84417724609375
2019-03-28,23.934532165527344
2019-03-29,23.898387908935547
2019-04-01,24.212841033935547
2019-04-02,24.046579360961914
2019-04-03,23.81525230407715
2019-04-04,24.014049530029297
2019-04-05,24.436931610107422
2019-04-08,24.545366287231445
2019-04-09,24.245365142822266
2019-04-10,24.33573341369629
2019-04-11,24.353797912597656
2019-04-12,24.418855667114258
2019-04-15,24.2742862701416
2019-04-16,24.433320999145508
2019-04-17,24.400789260864258
2019-04-18,24.285125732421875
2019-04-22,24.79836654663086
2019-04-23,24.758617401123047
2019-04-24,24.324888229370117
2019-04-25,24.248981475830078
2019-04-26,23.934532165527344
2019-04-29,23.91284942626953
2019-04-30,23.894771575927734
2019-05-01,23.41767120361328
2019-05-02,23.009244918823242
2019-05-03,23.222492218017578
2019-05-06,23.244176864624023
2019-05-07,23.04177474975586
2019-05-08,23.04177474975586
2019-05-09,23.04177474975586
2019-05-10,23.150209426879883
2019-05-13,22.75263023376465
2019-05-14,23.030927658081055
2019-05-15,23.150209426879883
2019-05-16,23.276710510253906
2019-05-17,23.04177474975586
2019-05-20,23.052616119384766
2019-05-21,23.320083618164062
2019-05-22,22.958648681640625
2019-05-23,22.188777923583984
2019-05-24,22.27190589904785
2019-05-28,22.040586471557617
2019-05-29,21.899621963500977
2019-05-30,21.62131690979004
2019-05-31,21.241809844970703
2019-06-03,21.51288604736328
2019-06-04,21.885169982910156
2019-06-05,21.64300537109375
2019-06-06,22.04420280456543
2019-06-07,22.145402908325195
2019-06-10,22.210464477539062
2019-06-11,22.253835678100586
2019-06-12,21.93938446044922
2019-06-13,22.19600486755371
2019-06-14,22.051429748535156
2019-06-17,22.235763549804688
2019-06-18,22.542993545532227
2019-06-19,22.517688751220703
2019-06-20,23.0164794921875
2019-06-21,23.182798385620117
2019-06-24,22.97489356994629
2019-06-25,22.792522430419922
2019-06-26,23.14267349243164
2019-06-27,22.971248626708984
2019-06-28,23.237506866455078
2019-07-01,23.25939178466797
2019-07-02,22.887361526489258
2019-07-03,22.97854232788086
2019-07-05,23.011367797851562
2019-07-08,23.044198989868164
2019-07-09,23.06243133544922
2019-07-10,23.357872009277344
2019-07-11,23.405290603637695
2019-07-12,23.50377082824707
2019-07-15,23.292219161987305
2019-07-16,23.044198989868164
2019-07-17,22.78158187866211
2019-07-18,22.785228729248047
2019-07-19,22.89100456237793
2019-07-22,22.996774673461914
2019-07-23,23.05878448486328
2019-07-24,23.157262802124023
2019-07-25,22.8946533203125
2019-07-26,22.77793312072754
2019-07-29,22.68674659729004
2019-07-30,22.942068099975586
2019-07-31,22.869121551513672
2019-08-01,22.3511905670166
2019-08-02,22.030221939086914
2019-08-05,21.37369155883789
2019-08-06,21.348161697387695
2019-08-07,21.18767738342285
2019-08-08,21.796783447265625
2019-08-09,21.55605697631836
2019-08-12,21.300748825073242
2019-08-13,21.497697830200195
2019-08-14,20.655153274536133
2019-08-15,20.52750015258789
2019-08-16,20.797405242919922
2019-08-19,21.25697135925293
2019-08-20,21.07825469970703
2019-08-21,21.21320152282715
2019-08-22,21.11837387084961
2019-08-23,20.410781860351562
2019-08-26,20.498315811157227
2019-08-27,20.37066078186035
2019-08-28,20.66244888305664
2019-08-29,20.965185165405273
2019-08-30,20.965185165405273
2019-09-03,20.863056182861328
2019-09-04,21.15485191345215
2019-09-05,21.417457580566406
2019-09-06,21.530529022216797
2019-09-09,21.960922241210938
2019-09-10,22.219881057739258
2019-09-11,22.241771697998047
2019-09-12,22.103172302246094
2019-09-13,22.27824592590332
2019-09-16,23.025959014892578
2019-09-17,22.704988479614258
2019-09-18,22.595565795898438
2019-09-19,22.537206649780273
2019-09-20,22.55560874938965
2019-09-23,22.562976837158203
2019-09-24,22.2059383392334
2019-09-25,22.24275016784668
2019-09-26,21.951969146728516
2019-09-27,21.948291778564453
2019-09-30,21.790016174316406
2019-10-01,21.285755157470703
2019-10-02,20.763086318969727
2019-10-03,20.987611770629883
2019-10-04,21.1201171875
2019-10-07,20.932405471801758
2019-10-08,20.57537269592285
2019-10-09,20.763086318969727
2019-10-10,21.024423599243164
2019-10-11,21.30784034729004
2019-10-14,21.296798706054688
2019-10-15,21.385135650634766
2019-10-16,21.086994171142578
2019-10-17,21.10171890258789
2019-10-18,20.991294860839844
2019-10-21,21.366729736328125
2019-10-22,21.64278793334961
2019-10-23,21.82314682006836
2019-10-24,21.731124877929688
2019-10-25,21.907798767089844
2019-10-28,21.782649993896484
2019-10-29,21.87099266052246
2019-10-30,21.42562484741211
2019-10-31,21.333602905273438
2019-11-01,21.819461822509766
2019-11-04,22.52984046936035
2019-11-05,22.559289932250977
2019-11-06,22.09919548034668
2019-11-07,22.430463790893555
2019-11-08,22.338443756103516
2019-11-11,22.213302612304688
2019-11-12,22.09919548034668
2019-11-13,22.003496170043945
2019-11-14,21.944608688354492
2019-11-15,22.113920211791992
2019-11-18,21.845230102539062
2019-11-19,21.52132225036621
2019-11-20,21.73848533630371
2019-11-21,22.09552001953125
2019-11-22,22.021902084350586
2019-11-25,22.04398536682129
2019-11-26,21.841543197631836
2019-11-27,21.896757125854492
2019-11-29,21.675914764404297
2019-12-02,21.675914764404297
2019-12-03,21.352008819580078
2019-12-04,21.67223358154297
2019-12-05,21.569171905517578
2019-12-06,21.981414794921875
2019-12-09,21.95565414428711
2019-12-10,21.999818801879883
2019-12-11,21.9630069732666
2019-12-12,22.36789321899414
2019-12-13,22.198577880859375
2019-12-16,22.496715545654297
2019-12-17,22.511445999145508
2019-12-18,22.596099853515625
2019-12-19,22.58873748779297
2019-12-20,22.805419921875
2019-12-23,23.039567947387695
2019-12-24,23.028417587280273
2019-12-26,23.020984649658203
2019-12-27,22.924354553222656
2019-12-30,22.852005004882812
2019-12-31,22.982145309448242
2020-01-02,23.188854217529297
2020-01-03,23.11995506286621
2020-01-06,23.29986000061035
2020-01-07,23.23861312866211
2020-01-08,22.8558349609375
2020-01-09,23.024259567260742
2020-01-10,22.89411163330078
2020-01-13,22.901769638061523
2020-01-14,22.905593872070312
2020-01-15,22.737173080444336
2020-01-16,22.775449752807617
2020-01-17,22.62999153137207
2020-01-21,22.22425079345703
2020-01-22,22.009891510009766
2020-01-23,21.925674438476562
2020-01-24,21.673038482666016
2020-01-27,21.072078704833984
2020-01-28,21.16777229309082
2020-01-29,20.94576072692871
2020-01-30,21.114177703857422
2020-01-31,20.455799102783203
2020-02-03,20.18785285949707
2020-02-04,20.260583877563477
2020-02-05,21.022308349609375
2020-02-06,20.807960510253906
2020-02-07,20.66250228881836
2020-02-10,20.559154510498047
2020-02-11,20.788818359375
2020-02-12,21.068248748779297
2020-02-13,21.003173828125
2020-02-14,20.89217185974121
2020-02-18,20.71991539001465
2020-02-19,20.995525360107422
2020-02-20,20.97255516052246
2020-02-21,20.723745346069336
2020-02-24,19.76679229736328
2020-02-25,18.894052505493164
2020-02-26,18.32370948791504
2020-02-27,17.343788146972656
2020-02-28,17.328479766845703
2020-03-02,18.028974533081055
2020-03-03,17.477766036987305
2020-03-04,17.891172409057617
2020-03-05,17.23661231994629
2020-03-06,16.268177032470703
2020-03-09,12.991575241088867
2020-03-10,13.607852935791016
2020-03-11,12.888227462768555
2020-03-12,11.280547142028809
2020-03-13,12.321709632873535
2020-03-16,10.645129203796387
2020-03-17,10.71785831451416
2020-03-18,9.179079055786133
2020-03-19,9.803013801574707
2020-03-20,9.89870834350586
2020-03-23,9.224028587341309
2020-03-24,10.703314781188965
2020-03-25,11.208151817321777
2020-03-26,11.8930082321167
2020-03-27,11.086835861206055
2020-03-30,11.200325012207031
2020-03-31,11.372516632080078
2020-04-01,10.808979988098145
2020-04-02,11.799081802368164
2020-04-03,11.673853874206543
2020-04-06,12.292180061340332
2020-04-07,12.55438232421875
2020-04-08,13.391864776611328
2020-04-09,13.270547866821289
2020-04-13,13.227496147155762
2020-04-14,13.16488265991211
2020-04-15,12.54655647277832
2020-04-16,12.01041030883789
2020-04-17,13.286200523376465
2020-04-20,12.87137222290039
2020-04-21,12.644391059875488
2020-04-22,13.094440460205078
2020-04-23,13.517094612121582
2020-04-24,13.54840087890625
2020-04-27,13.841912269592285
2020-04-28,14.15889835357666
2020-04-29,15.207711219787598
2020-04-30,14.8711519241333
2020-05-01,14.029754638671875
2020-05-04,14.51502513885498
2020-05-05,14.526762008666992
2020-05-06,14.147163391113281
2020-05-07,14.51502513885498
2020-05-08,15.176396369934082
2020-05-11,14.910283088684082
2020-05-12,14.648085594177246
2020-05-13,13.982792854309082
2020-05-14,14.139334678649902
2020-05-15,14.084548950195312
2020-05-18,15.235102653503418
2020-05-19,14.808536529541016
2020-05-20,15.399471282958984
2020-05-21,15.152915954589844
2020-05-22,15.058996200561523
2020-05-26,15.477737426757812
2020-05-27,15.677324295043945
2020-05-28,15.239017486572266
2020-05-29,15.168577194213867
2020-06-01,15.43468952178955
2020-06-02,15.865171432495117
2020-06-03,16.33087730407715
2020-06-04,16.33478546142578
2020-06-05,17.54796028137207
2020-06-08,18.33847999572754
2020-06-09,17.649709701538086
2020-06-10,16.780920028686523
2020-06-11,15.199878692626953
2020-06-12,15.583396911621094
2020-06-15,15.630361557006836
2020-06-16,16.080411911010742
2020-06-17,15.532526969909668
2020-06-18,15.724286079406738
2020-06-19,15.485563278198242
2020-06-22,15.557306289672852
2020-06-23,15.573163032531738
2020-06-24,14.709084510803223
2020-06-25,14.990506172180176
2020-06-26,14.47126579284668
2020-06-29,14.665486335754395
2020-06-30,15.002392768859863
2020-07-01,14.637743949890137
2020-07-02,14.800250053405762
2020-07-06,14.84384822845459
2020-07-07,14.372177124023438
2020-07-08,14.360286712646484
2020-07-09,13.65079116821289
2020-07-10,14.086792945861816
2020-07-13,14.011481285095215
2020-07-14,14.502982139587402
2020-07-15,14.816107749938965
2020-07-16,14.748723030090332
2020-07-17,14.542611122131348
2020-07-20,14.300829887390137
2020-07-21,15.164900779724121
2020-07-22,14.978614807128906
2020-07-23,14.950871467590332
2020-07-24,14.867630004882812
2020-07-27,14.883481979370117
2020-07-28,14.629813194274902
2020-07-29,14.935014724731445
2020-07-30,14.348394393920898
2020-07-31,14.281013488769531
2020-08-03,14.332542419433594
2020-08-04,14.681342124938965
2020-08-05,14.835923194885254
2020-08-06,14.717012405395508
2020-08-07,14.736830711364746
2020-08-10,15.192654609680176
2020-08-11,15.141122817993164
2020-08-12,15.291738510131836
2020-08-13,14.994471549987793
2020-08-14,15.13715934753418
2020-08-17,15.049958229064941
2020-08-18,14.85970687866211
2020-08-19,14.689266204833984
2020-08-20,14.372177124023438
2020-08-21,14.281013488769531
2020-08-24,14.673416137695312
2020-08-25,14.467303276062012
2020-08-26,14.162102699279785
2020-08-27,14.189847946166992
2020-08-28,14.443524360656738
2020-08-31,14.13039493560791
2020-09-01,14.035263061523438
2020-09-02,13.967885971069336
2020-09-03,13.864831924438477
2020-09-04,13.821229934692383
2020-09-08,13.317846298217773
2020-09-09,13.409010887145996
2020-09-10,12.917518615722656
2020-09-11,12.92940902709961
2020-09-14,13.028502464294434
2020-09-15,12.933372497558594
2020-09-16,13.452611923217773
2020-09-17,13.472432136535645
2020-09-18,13.321809768676758
2020-09-21,12.880247116088867
2020-09-22,12.747295379638672
2020-09-23,12.171170234680176
2020-09-24,12.16714096069336
2020-09-25,12.159082412719727
2020-09-28,12.445134162902832
2020-09-29,12.102678298950195
2020-09-30,12.066418647766113
2020-10-01,11.695765495300293
2020-10-02,11.808572769165039
2020-10-05,12.163111686706543
2020-10-06,11.981812477111816
2020-10-07,12.151026725769043
2020-10-08,12.606284141540527
2020-10-09,12.404844284057617
2020-10-12,12.437076568603516
2020-10-13,12.243687629699707
2020-10-14,12.296062469482422
2020-10-15,12.445134162902832
2020-10-16,12.163111686706543
2020-10-19,11.905263900756836
2020-10-20,12.046277046203613
2020-10-21,11.816632270812988
2020-10-22,12.304123878479004
2020-10-23,12.243687629699707
2020-10-26,11.804543495178223
2020-10-27,11.651446342468262
2020-10-28,11.163955688476562
2020-10-29,11.50640869140625
2020-10-30,11.570869445800781
2020-11-02,11.965697288513184
2020-11-03,11.897208213806152
2020-11-04,11.913324356079102
2020-11-05,11.913324356079102
2020-11-06,11.655475616455078
2020-11-09,13.319393157958984
2020-11-10,13.750480651855469
2020-11-11,13.60947036743164
2020-11-12,13.170324325561523
2020-11-13,13.649758338928223
2020-11-16,14.54819393157959
2020-11-17,14.697261810302734
2020-11-18,14.27020263671875
2020-11-19,14.503875732421875
2020-11-20,14.427332878112793
2020-11-23,15.446629524230957
2020-11-24,16.240312576293945
2020-11-25,15.861598014831543
2020-11-27,15.676273345947266
2020-11-30,14.81006908416748
2020-12-01,14.878561973571777
2020-12-02,15.362024307250977
2020-12-03,15.523176193237305
2020-12-04,16.369234085083008
2020-12-07,15.986496925354004
2020-12-08,16.224197387695312
2020-12-09,16.260461807250977
2020-12-10,16.760034561157227
2020-12-11,16.566650390625
2020-12-14,15.986496925354004
2020-12-15,16.30074691772461
2020-12-16,16.220169067382812
2020-12-17,16.14362335205078
2020-12-18,15.873686790466309
2020-12-21,15.567482948303223
2020-12-22,15.306187629699707
2020-12-23,15.645054817199707
2020-12-24,15.563395500183105
2020-12-28,15.465410232543945
2020-12-29,15.363348960876465
2020-12-30,15.604227066040039
2020-12-31,15.473581314086914
2021-01-04,15.498074531555176
2021-01-05,16.192138671875
2021-01-06,16.6861515045166
2021-01-07,16.931116104125977
2021-01-08,16.910703659057617
2021-01-11,17.17608070373535
2021-01-12,17.7762451171875
2021-01-13,17.637428283691406
2021-01-14,18.16002082824707
2021-01-15,17.453706741333008
2021-01-19,17.80482292175293
2021-01-20,17.870141983032227
2021-01-21,17.265899658203125
2021-01-22,17.17608070373535
2021-01-25,17.000524520874023
2021-01-26,16.637161254882812
2021-01-27,16.412609100341797
2021-01-28,16.6044979095459
2021-01-29,16.053327560424805
2021-02-01,16.167644500732422
2021-02-02,16.343202590942383
2021-02-03,17.041351318359375
2021-02-04,17.22915267944336
2021-02-05,17.376134872436523
2021-02-08,18.102861404418945
2021-02-09,17.910974502563477
2021-02-10,18.253923416137695
2021-02-11,17.972211837768555
2021-02-12,18.23758888244629
2021-02-16,18.694860458374023
2021-02-17,18.97248649597168
2021-02-18,18.543800354003906
2021-02-19,18.854084014892578
2021-02-22,19.507322311401367
2021-02-23,19.829864501953125
2021-02-24,20.53209114074707
2021-02-25,20.136066436767578
2021-02-26,19.65838623046875
2021-03-01,20.16872787475586
2021-03-02,20.05849266052246
2021-03-03,20.352453231811523
2021-03-04,20.838300704956055
2021-03-05,21.618099212646484
2021-03-08,21.65892791748047
2021-03-09,21.27923011779785
2021-03-10,21.81815528869629
2021-03-11,21.826318740844727
2021-03-12,21.871227264404297
2021-03-15,21.622182846069336
2021-03-16,21.005687713623047
2021-03-17,21.16900062561035
2021-03-18,20.217721939086914
2021-03-19,20.221799850463867
2021-03-22,20.02787971496582
2021-03-23,19.73493194580078
2021-03-24,20.23005485534668
2021-03-25,20.3043212890625
2021-03-26,20.807703018188477
2021-03-29,20.560138702392578
2021-03-30,20.382720947265625
2021-03-31,20.2424373626709
2021-04-01,20.75819206237793
2021-04-05,20.2630672454834
2021-04-06,20.209428787231445
2021-04-07,20.27956771850586
2021-04-08,20.015501022338867
2021-04-09,19.883464813232422
2021-04-12,19.726675033569336
2021-04-13,19.74730682373047
2021-04-14,20.296072006225586
2021-04-15,20.131027221679688
2021-04-16,19.970115661621094
2021-04-19,19.949478149414062
2021-04-20,19.421348571777344
2021-04-21,19.66891098022461
2021-04-22,19.437854766845703
2021-04-23,19.615272521972656
2021-04-26,19.74730682373047
2021-04-27,19.98661994934082
2021-04-28,20.675668716430664
2021-04-29,20.90672492980957
2021-04-30,20.378589630126953
2021-05-03,20.93973731994629
2021-05-04,20.952119827270508
2021-05-05,21.628787994384766
2021-05-06,21.740190505981445
2021-05-07,22.128042221069336
2021-05-10,22.13629150390625
2021-05-11,21.566898345947266
2021-05-12,21.6700496673584
2021-05-13,21.405981063842773
2021-05-14,22.07027816772461
2021-05-17,22.5819091796875
2021-05-18,22.057893753051758
2021-05-19,21.509132385253906
2021-05-20,21.476125717163086
2021-05-21,21.52151107788086
2021-05-24,21.736064910888672
2021-05-25,21.29457664489746
2021-05-26,21.484376907348633
2021-05-27,21.500883102416992
2021-05-28,21.542144775390625
2021-06-01,22.37148094177246
2021-06-02,22.78821563720703
2021-06-03,22.8501033782959
2021-06-04,23.002763748168945
2021-06-07,22.903738021850586
2021-06-08,23.10179328918457
2021-06-09,22.957380294799805
2021-06-10,22.928499221801758
2021-06-11,22.8501033782959
2021-06-14,22.75107192993164
2021-06-15,23.184310913085938
2021-06-16,23.060531616210938
2021-06-17,22.276582717895508
2021-06-18,21.616411209106445
2021-06-21,22.537588119506836
2021-06-22,22.687644958496094
2021-06-23,22.750167846679688
2021-06-24,22.94607162475586
2021-06-25,23.066953659057617
2021-06-28,22.287492752075195
2021-06-29,22.179121017456055
2021-06-30,22.454225540161133
2021-07-01,22.846038818359375
2021-07-02,22.796016693115234
2021-07-06,22.054075241088867
2021-07-07,21.69561195373535
2021-07-08,21.570560455322266
2021-07-09,22.029062271118164
2021-07-12,21.99571990966797
2021-07-13,21.82898712158203
2021-07-14,21.17874526977539
2021-07-15,20.882802963256836
2021-07-16,20.29091453552246
2021-07-19,19.573978424072266
2021-07-20,19.836580276489258
2021-07-21,20.528505325317383
2021-07-22,20.29924774169922
2021-07-23,20.224224090576172
2021-07-26,20.724414825439453
2021-07-27,20.532670974731445
2021-07-28,20.72024154663086
2021-07-29,20.920318603515625
2021-07-30,20.58686065673828
2021-08-02,20.432641983032227
2021-08-03,20.782766342163086
2021-08-04,20.220056533813477
2021-08-05,20.449310302734375
2021-08-06,20.63687515258789
2021-08-09,20.345102310180664
2021-08-10,20.703567504882812
2021-08-11,20.866132736206055
2021-08-12,20.845285415649414
2021-08-13,20.599365234375
2021-08-16,20.220056533813477
2021-08-17,20.011642456054688
2021-08-18,19.59482192993164
2021-08-19,19.086299896240234
2021-08-20,19.127981185913086
2021-08-23,19.84491539001465
2021-08-24,20.174205780029297
2021-08-25,20.328428268432617
2021-08-26,20.01997947692871
2021-08-27,20.55351448059082
2021-08-30,20.31175994873047
2021-08-31,20.174205780029297
2021-09-01,19.878259658813477
2021-09-02,20.382614135742188
2021-09-03,20.265907287597656
2021-09-07,20.14503288269043
2021-09-08,19.8866024017334
2021-09-09,19.928281784057617
2021-09-10,19.919940948486328
2021-09-13,20.490991592407227
2021-09-14,20.195049285888672
2021-09-15,20.949493408203125
2021-09-16,20.711904525756836
2021-09-17,20.557687759399414
2021-09-20,19.929916381835938
2021-09-21,19.976318359375
2021-09-22,20.592275619506836
2021-09-23,21.313701629638672
2021-09-24,21.474023818969727
2021-09-27,22.237632751464844
2021-09-28,22.313573837280273
2021-09-29,22.313573837280273
2021-09-30,21.976064682006836
2021-10-01,22.714366912841797
2021-10-04,23.08562660217285
2021-10-05,23.22063636779785
2021-10-06,22.975936889648438
2021-10-07,23.153127670288086
2021-10-08,23.866117477416992
2021-10-11,23.77752113342285
2021-10-12,23.798614501953125
2021-10-13,23.77752113342285
2021-10-14,24.068626403808594
2021-10-15,24.186748504638672
2021-10-18,24.20362663269043
2021-10-19,24.477855682373047
2021-10-20,24.6761417388916
2021-10-21,24.22049903869629
2021-10-22,24.448322296142578
2021-10-25,24.806928634643555
2021-10-26,24.95036506652832
2021-10-27,24.233154296875
2021-10-28,24.406129837036133
2021-10-29,24.24581527709961
2021-11-01,24.66347885131836
2021-11-02,24.431442260742188
2021-11-03,24.22894287109375
2021-11-04,24.262685775756836
2021-11-05,24.5791015625
2021-11-08,24.802701950073242
2021-11-09,24.903955459594727
2021-11-10,24.24581527709961
2021-11-11,24.3386287689209
2021-11-12,24.27956199645996
2021-11-15,24.482070922851562
2021-11-16,24.520036697387695
2021-11-17,24.14455795288086
2021-11-18,24.00111961364746
2021-11-19,23.064529418945312
2021-11-22,23.4737606048584
2021-11-23,24.195186614990234
2021-11-24,24.431442260742188
2021-11-26,23.448448181152344
2021-11-29,23.583454132080078
2021-11-30,23.03078269958496
2021-12-01,22.786087036132812
2021-12-02,23.448448181152344
2021-12-03,23.262815475463867
2021-12-06,23.608762741088867
2021-12-07,24.161434173583984
2021-12-08,24.157215118408203
2021-12-09,23.971590042114258
2021-12-10,24.148780822753906
2021-12-13,23.477983474731445
2021-12-14,23.380945205688477
2021-12-15,23.267038345336914
2021-12-16,23.41469955444336
2021-12-17,22.937963485717773
2021-12-20,22.653776168823242
2021-12-21,23.299076080322266
2021-12-22,23.44864845275879
2021-12-23,23.461467742919922
2021-12-27,23.97429084777832
2021-12-28,23.95719337463379
2021-12-29,23.8033504486084
2021-12-30,23.658050537109375
2021-12-31,23.717876434326172
2022-01-03,24.45292091369629
2022-01-04,25.299072265625
2022-01-05,25.2947940826416
2022-01-06,25.858898162841797
2022-01-07,26.213600158691406
2022-01-10,26.132402420043945
2022-01-11,27.02128791809082
2022-01-12,27.07257080078125
2022-01-13,26.935813903808594
2022-01-14,27.568288803100586
2022-01-18,27.679405212402344
2022-01-19,27.47854995727539
2022-01-20,27.22641372680664
2022-01-21,26.68795394897461
2022-01-24,26.867441177368164
2022-01-25,27.910175323486328
2022-01-26,27.863162994384766
2022-01-27,28.16658592224121
2022-01-28,28.04692268371582
2022-01-31,28.17085838317871
2022-02-01,29.17512321472168
2022-02-02,29.269140243530273
2022-02-03,28.991363525390625
2022-02-04,29.444355010986328
2022-02-07,29.820425033569336
2022-02-08,29.17940330505371
2022-02-09,29.422985076904297
2022-02-10,29.239229202270508
2022-02-11,30.089656829833984
2022-02-14,29.380252838134766
2022-02-15,29.072559356689453
2022-02-16,29.307605743408203
2022-02-17,29.26059913635254
2022-02-18,29.08110809326172
2022-02-22,28.611024856567383
2022-02-23,28.905895233154297
2022-02-24,28.679399490356445
2022-02-25,29.435806274414062
2022-02-28,30.162309646606445
2022-03-01,30.465726852416992
2022-03-02,31.16229820251465
2022-03-03,31.247774124145508
2022-03-04,32.149478912353516
2022-03-07,32.62383270263672
2022-03-08,33.13665008544922
2022-03-09,32.12382507324219
2022-03-10,33.10673522949219
2022-03-11,32.84178161621094
2022-03-14,31.85888671875
2022-03-15,30.692214965820312
2022-03-16,30.55118751525879
2022-03-17,31.60246467590332
2022-03-18,31.572555541992188
2022-03-21,32.84529113769531
2022-03-22,32.60368347167969
2022-03-23,33.164554595947266
2022-03-24,33.24652862548828
2022-03-25,33.97566223144531
2022-03-28,33.13435745239258
2022-03-29,33.04806900024414
2022-03-30,33.432044982910156
2022-03-31,32.97904586791992
2022-04-01,33.24652862548828
2022-04-04,33.289676666259766
2022-04-05,32.76763153076172
2022-04-06,32.9617805480957
2022-04-07,33.393218994140625
2022-04-08,34.31217575073242
2022-04-11,33.281036376953125
2022-04-12,33.83328628540039
2022-04-13,34.33806610107422
2022-04-14,34.45024108886719
2022-04-18,34.95500946044922
2022-04-19,34.67027282714844
2022-04-20,34.804019927978516
2022-04-21,33.69953918457031
2022-04-22,32.87549591064453
2022-04-25,31.78827667236328
2022-04-26,31.831417083740234
2022-04-27,32.29737854003906
2022-04-28,33.2767333984375
2022-04-29,32.4224853515625
2022-05-02,32.940208435058594
2022-05-03,33.86347961425781
2022-05-04,35.26996612548828
2022-05-05,34.73930358886719
2022-05-06,35.774749755859375
2022-05-09,32.815086364746094
2022-05-10,33.11278533935547
2022-05-11,33.55716323852539
2022-05-12,33.69953918457031
2022-05-13,34.851478576660156
2022-05-16,35.77043151855469
2022-05-17,36.184608459472656
2022-05-18,35.25702667236328
2022-05-19,35.12759780883789
2022-05-20,35.27860641479492
2022-05-23,36.210506439208984
2022-05-24,36.34856414794922
2022-05-25,37.09925842285156
2022-05-26,37.509132385253906
2022-05-27,38.19511032104492
2022-05-31,37.62130355834961
2022-06-01,38.233943939208984
2022-06-02,38.11314010620117
2022-06-03,38.617916107177734
2022-06-06,38.57477951049805
2022-06-07,39.726715087890625
2022-06-08,39.81300354003906
2022-06-09,38.93286895751953
2022-06-10,38.27277374267578
2022-06-13,36.27521896362305
2022-06-14,36.3442497253418
2022-06-15,35.54178237915039
2022-06-16,33.5399055480957
2022-06-17,31.706296920776367
2022-06-21,33.348876953125
2022-06-22,32.01387405395508
2022-06-23,30.827207565307617
2022-06-24,31.232940673828125
2022-06-27,32.14912033081055
2022-06-28,33.017303466796875
2022-06-29,31.869903564453125
2022-06-30,31.19803810119629
2022-07-01,31.66485023498535
2022-07-05,30.40837860107422
2022-07-06,29.88921546936035
2022-07-07,30.966825485229492
2022-07-08,30.953716278076172
2022-07-11,30.657058715820312
2022-07-12,30.059356689453125
2022-07-13,30.011369705200195
2022-07-14,29.4442138671875
2022-07-15,29.924118041992188
2022-07-18,30.60906982421875
2022-07-19,31.551427841186523
2022-07-20,31.856809616088867
2022-07-21,31.298377990722656
2022-07-22,31.040979385375977
2022-07-25,32.179664611816406
2022-07-26,31.88735580444336
2022-07-27,32.607208251953125
2022-07-28,32.790443420410156
2022-07-29,34.212703704833984
2022-08-01,33.50593566894531
2022-08-02,33.42740249633789
2022-08-03,32.46760177612305
2022-08-04,31.263486862182617
2022-08-05,31.88298988342285
2022-08-08,32.04877853393555
2022-08-09,32.61156463623047
2022-08-10,32.84715270996094
2022-08-11,33.97711181640625
2022-08-12,34.23451232910156
2022-08-15,33.5670166015625
2022-08-16,33.48848342895508
2022-08-17,33.7677001953125
2022-08-18,34.6751594543457
2022-08-19,34.666419982910156
2022-08-22,34.600990295410156
2022-08-23,35.848731994628906
2022-08-24,36.289371490478516
2022-08-25,36.56858825683594
2022-08-26,36.14104080200195
2022-08-29,36.68638610839844
2022-08-30,35.442996978759766
2022-08-31,35.12015914916992
2022-09-01,34.25632858276367
2022-09-02,34.88456726074219
2022-09-06,34.56171798706055
2022-09-07,34.16034698486328
2022-09-08,34.30868148803711
2022-09-09,35.16377258300781
2022-09-12,35.80946731567383
2022-09-13,34.90637969970703
2022-09-14,35.892356872558594
2022-09-15,34.96746063232422
2022-09-16,34.2214241027832
2022-09-19,34.24171447753906
2022-09-20,34.003562927246094
2022-09-21,33.505191802978516
2022-09-22,33.386104583740234
2022-09-23,31.08393096923828
2022-09-26,30.320938110351562
2022-09-27,30.660533905029297
2022-09-28,32.01891326904297
2022-09-29,32.01891326904297
2022-09-30,31.76311492919922
2022-10-03,33.55811309814453
2022-10-04,35.00029754638672
2022-10-05,35.72358703613281
2022-10-06,36.35866928100586
2022-10-07,36.0764045715332
2022-10-10,35.335472106933594
2022-10-11,35.05322265625
2022-10-12,35.335472106933594
2022-10-13,36.777645111083984
2022-10-14,35.40603256225586
2022-10-17,35.84707260131836
2022-10-18,36.16020584106445
2022-10-19,37.227508544921875
2022-10-20,37.26278305053711
2022-10-21,38.338905334472656
2022-10-24,38.51972198486328
2022-10-25,38.55942153930664
2022-10-26,39.08424377441406
2022-10-27,39.225379943847656
2022-10-28,39.362091064453125
2022-10-31,39.692867279052734
2022-11-01,40.076568603515625
2022-11-02,39.11070251464844
2022-11-03,39.83399963378906
2022-11-04,40.31913375854492
2022-11-07,41.01154708862305
2022-11-08,41.05125045776367
2022-11-09,39.04454803466797
2022-11-10,39.91338348388672
2022-11-11,41.07330322265625
2022-11-14,41.06006622314453
2022-11-15,41.492279052734375
2022-11-16,40.64550018310547
2022-11-17,40.73370361328125
2022-11-18,40.41175079345703
2022-11-21,39.86487579345703
2022-11-22,41.11299133300781
2022-11-23,40.66754913330078
2022-11-25,40.51759719848633
2022-11-28,39.40620040893555
2022-11-29,40.001590728759766
2022-11-30,40.20005798339844
2022-12-01,40.0677490234375
2022-12-02,39.82958984375
2022-12-05,38.647621154785156
2022-12-06,37.62883758544922
2022-12-07,37.54063034057617
2022-12-08,37.3730354309082
2022-12-09,36.46452331542969
2022-12-12,37.42155456542969
2022-12-13,38.13161087036133
2022-12-14,37.89787292480469
2022-12-15,37.66852951049805
2022-12-16,37.20545196533203
2022-12-19,37.20098876953125
2022-12-20,37.762420654296875
2022-12-21,38.47978973388672
2022-12-22,37.593101501464844
2022-12-23,38.791690826416016
2022-12-27,39.206085205078125
2022-12-28,38.32828903198242
2022-12-29,38.72930908203125
2022-12-30,38.97438430786133
2023-01-03,37.606468200683594
2023-01-04,37.60200881958008
2023-01-05,38.2881965637207
2023-01-06,39.014469146728516
2023-01-09,38.8763542175293
2023-01-10,39.152610778808594
2023-01-11,39.27291488647461
2023-01-12,40.021484375
2023-01-13,40.079402923583984
2023-01-17,40.164066314697266
2023-01-18,39.42885971069336
2023-01-19,39.91899490356445
2023-01-20,40.31556701660156
2023-01-23,40.3690299987793
2023-01-24,40.21308135986328
2023-01-25,40.217529296875
2023-01-26,41.487422943115234
2023-01-27,40.64973831176758
2023-01-30,39.7184944152832
2023-01-31,40.07049560546875
2023-02-01,39.28183364868164
2023-02-02,38.3862190246582
2023-02-03,38.30155944824219
2023-02-06,38.12778854370117
2023-02-07,39.36648178100586
2023-02-08,39.014469146728516
2023-02-09,38.680294036865234
2023-02-10,40.195255279541016
2023-02-13,40.0927734375
2023-02-14,40.106136322021484
2023-02-15,39.424415588378906
2023-02-16,39.036766052246094
2023-02-17,37.64656066894531
2023-02-21,37.45942306518555
2023-02-22,37.209903717041016
2023-02-23,37.771324157714844
2023-02-24,37.72231674194336
2023-02-27,37.833717346191406
2023-02-28,37.29011535644531
2023-03-01,38.02530288696289
2023-03-02,38.35948944091797
2023-03-03,38.88081359863281
2023-03-06,38.89863204956055
2023-03-07,38.22136688232422
2023-03-08,37.829254150390625
2023-03-09,37.29456329345703
2023-03-10,36.81779861450195
2023-03-13,36.069244384765625
2023-03-14,36.425697326660156
2023-03-15,34.469627380371094
2023-03-16,34.843902587890625
2023-03-17,34.29585266113281
2023-03-20,34.98243713378906
2023-03-21,36.19355392456055
2023-03-22,35.42366027832031
2023-03-23,34.93291473388672
2023-03-24,35.06798553466797
2023-03-27,35.81535720825195
2023-03-28,36.36913299560547
2023-03-29,36.87338638305664
2023-03-30,37.035465240478516
2023-03-31,37.29209518432617
2023-04-03,38.98043441772461
2023-04-04,38.273582458496094
2023-04-05,38.84986877441406
2023-04-06,38.26007843017578
2023-04-10,38.56623077392578
2023-04-11,38.930908203125
2023-04-12,38.95792770385742
2023-04-13,39.20104217529297
2023-04-14,39.27307891845703
2023-04-17,38.809349060058594
2023-04-18,38.96241760253906
2023-04-19,38.82735824584961
2023-04-20,38.48518753051758
2023-04-21,38.26007843017578
2023-04-24,38.845367431640625
2023-04-25,38.11600875854492
2023-04-26,37.60725021362305
2023-04-27,37.74232864379883
2023-04-28,38.327613830566406
2023-05-01,37.8953971862793
2023-05-02,36.2475700378418
2023-05-03,35.563232421875
2023-05-04,35.16704177856445
2023-05-05,36.12150573730469
2023-05-08,36.12150573730469
2023-05-09,36.13501739501953
2023-05-10,35.725311279296875
2023-05-11,35.29759979248047
2023-05-12,35.35163116455078
2023-05-15,35.531715393066406
2023-05-16,34.65828323364258
2023-05-17,35.324615478515625
2023-05-18,35.58123779296875
2023-05-19,35.855873107910156
2023-05-22,35.70730209350586
2023-05-23,36.089996337890625
2023-05-24,36.2475700378418
2023-05-25,35.603755950927734
2023-05-26,35.46417999267578
2023-05-30,35.09950256347656
2023-05-31,34.48269271850586
2023-06-01,34.910404205322266
2023-06-02,35.972930908203125
2023-06-05,35.734317779541016
2023-06-06,36.022464752197266
2023-06-07,36.97694396972656
2023-06-08,36.81935501098633
2023-06-09,36.616764068603516
2023-06-12,36.26557922363281
2023-06-13,36.436668395996094
2023-06-14,36.06298065185547
2023-06-15,36.45918273925781
2023-06-16,36.4051513671875
2023-06-20,35.590335845947266
2023-06-21,35.87193298339844
2023-06-22,35.39049530029297
2023-06-23,35.13614273071289
2023-06-26,35.76746368408203
2023-06-27,35.849220275878906
2023-06-28,36.21257019042969
2023-06-29,36.630428314208984
2023-06-30,36.866607666015625
2023-07-03,36.952903747558594
2023-07-05,36.7485237121582
2023-07-06,35.92189025878906
2023-07-07,36.69401931762695
2023-07-10,36.98015213012695
2023-07-11,37.79315948486328
2023-07-12,38.142887115478516
2023-07-13,37.99753952026367
2023-07-14,36.99378204345703
2023-07-17,36.921112060546875
2023-07-18,37.29354476928711
2023-07-19,37.51155090332031
2023-07-20,37.95212173461914
2023-07-21,38.28822708129883
2023-07-24,38.90592956542969
2023-07-25,39.11030960083008
2023-07-26,39.12392807006836
2023-07-27,38.87411880493164
2023-07-28,38.992218017578125
2023-07-31,39.732547760009766
2023-08-01,39.546321868896484
2023-08-02,39.0285530090332
2023-08-03,39.4237060546875
2023-08-04,39.47819900512695
2023-08-07,39.523624420166016
2023-08-08,39.71892166137695
2023-08-09,40.21853256225586
2023-08-10,40.213993072509766
2023-08-11,40.831687927246094
2023-08-14,40.65909194946289
2023-08-15,39.814300537109375
2023-08-16,39.4691162109375
2023-08-17,39.94148254394531
2023-08-18,40.33662033081055
2023-08-21,40.082275390625
2023-08-22,39.7734260559082
2023-08-23,39.67349624633789
2023-08-24,39.4009895324707
2023-08-25,39.782508850097656
2023-08-28,40.05048370361328
2023-08-29,40.159488677978516
2023-08-30,40.35932922363281
2023-08-31,40.38657760620117
2023-09-01,41.21320724487305
2023-09-05,41.43122482299805
2023-09-06,41.44939422607422
2023-09-07,41.40850830078125
2023-09-08,41.808197021484375
2023-09-11,41.25862121582031
2023-09-12,42.23059844970703
2023-09-13,41.912662506103516
2023-09-14,42.40319061279297
2023-09-15,41.79002380371094
2023-09-18,42.144168853759766
2023-09-19,41.75067901611328
2023-09-20,41.36177062988281
2023-09-21,40.79441452026367
2023-09-22,40.86304473876953
2023-09-25,41.37549591064453
2023-09-26,41.13758087158203
2023-09-27,42.16246795654297
2023-09-28,42.20821762084961
2023-09-29,41.3571891784668
2023-10-02,40.53361892700195
2023-10-03,40.506168365478516
2023-10-04,39.23420333862305
2023-10-05,38.99170684814453
2023-10-06,39.22505187988281
2023-10-09,40.53361892700195
2023-10-10,40.58395004272461
2023-10-11,40.062347412109375
2023-10-12,40.10810852050781
2023-10-13,40.99115753173828
2023-10-16,41.26569366455078
2023-10-17,41.69577407836914
2023-10-18,42.075538635253906
2023-10-19,42.0023307800293
2023-10-20,41.29771423339844
2023-10-23,40.629703521728516
2023-10-24,40.05777359008789
2023-10-25,39.984561920166016
2023-10-26,39.673439025878906
2023-10-27,38.721744537353516
2023-10-30,38.849876403808594
2023-10-31,38.977989196777344
2023-11-01,38.886470794677734
2023-11-02,40.062347412109375
2023-11-03,39.65971755981445
2023-11-06,39.21132278442383
2023-11-07,38.342002868652344
2023-11-08,37.861576080322266
2023-11-09,37.747196197509766
2023-11-10,38.16355895996094
2023-11-13,38.43807601928711
2023-11-14,38.78123474121094
2023-11-15,38.708030700683594
2023-11-16,37.953086853027344
2023-11-17,38.74920654296875
2023-11-20,38.80411148071289
2023-11-21,38.71718215942383
2023-11-22,38.69887924194336
2023-11-24,38.85901641845703
2023-11-27,38.721744537353516
2023-11-28,38.73091125488281
2023-11-29,38.442657470703125
2023-11-30,38.69887924194336
2023-12-01,38.90019989013672
2023-12-04,38.721744537353516
2023-12-05,38.04458999633789
2023-12-06,37.47724533081055
2023-12-07,37.22101593017578
2023-12-08,37.623653411865234
2023-12-11,37.669410705566406
2023-12-12,37.15238571166992
2023-12-13,37.669410705566406
2023-12-14,38.77666473388672
2023-12-15,38.570770263671875
2023-12-18,38.885799407958984
2023-12-19,39.352359771728516
2023-12-20,38.9874267578125
2023-12-21,39.13987350463867
2023-12-22,39.25535202026367
2023-12-26,39.59257125854492
2023-12-27,39.41703796386719
2023-12-28,38.81651306152344
2023-12-29,38.72874450683594
2024-01-02,39.14448928833008
2024-01-03,39.781959533691406
2024-01-04,39.08443832397461
2024-01-05,39.11677551269531
2024-01-08,38.66407012939453
2024-01-09,38.045082092285156
2024-01-10,37.6709098815918
2024-01-11,37.767921447753906
2024-01-12,38.192901611328125
2024-01-16,37.28288269042969
2024-01-17,36.973392486572266
2024-01-18,36.91334533691406
2024-01-19,37.033443450927734
2024-01-22,37.172019958496094
2024-01-23,37.250545501708984
2024-01-24,37.781776428222656
2024-01-25,38.631736755371094
2024-01-26,38.91813659667969
2024-01-29,38.862709045410156
2024-01-30,39.264591217041016
2024-01-31,38.53011703491211
2024-02-01,38.525489807128906
2024-02-02,38.5809211730957
2024-02-05,38.48392105102539
2024-02-06,38.608646392822266
2024-02-07,38.68717956542969
2024-02-08,39.08443832397461
2024-02-09,38.48392105102539
2024-02-12,38.908905029296875
2024-02-13,38.51625061035156
2024-02-14,38.479305267333984
2024-02-15,39.55099105834961
2024-02-16,39.527889251708984
2024-02-20,39.16758728027344
2024-02-21,39.90206527709961
2024-02-22,39.97135543823242
2024-02-23,39.70804977416992
2024-02-26,39.84663391113281
2024-02-27,39.67571258544922
2024-02-28,39.59719467163086
2024-02-29,39.79119873046875
2024-03-01,40.25313186645508
2024-03-04,39.82353591918945
2024-03-05,40.119178771972656
2024-03-06,40.243900299072266
2024-03-07,40.58573913574219
2024-03-08,40.72892379760742
2024-03-11,41.149295806884766
2024-03-12,41.08462142944336
2024-03-13,41.740570068359375
2024-03-14,42.17017364501953
2024-03-15,42.29489517211914
2024-03-18,42.44111633300781
2024-03-19,42.9254150390625
2024-03-20,42.8648796081543
2024-03-21,43.12099075317383
2024-03-22,43.027854919433594
2024-03-25,43.42833709716797
2024-03-26,43.09305191040039
2024-03-27,43.493526458740234
2024-03-28,43.96385955810547
2024-04-01,44.28982162475586
2024-04-02,44.90916442871094
2024-04-03,45.21650695800781
2024-04-04,45.18856430053711
2024-04-05,45.67285919189453
2024-04-08,45.38414764404297
2024-04-09,45.39811325073242
2024-04-10,45.53781509399414
2024-04-11,45.505218505859375
2024-04-12,44.76480484008789
2024-04-15,44.345706939697266
2024-04-16,43.959197998046875
2024-04-17,43.833465576171875
2024-04-18,43.69841766357422
2024-04-19,44.224632263183594
2024-04-22,44.51334762573242
2024-04-23,44.760154724121094
2024-04-24,44.79274368286133
2024-04-25,44.99763870239258
2024-04-26,44.58319854736328
2024-04-29,44.88587951660156
2024-04-30,43.549407958984375
2024-05-01,42.85556411743164
2024-05-02,43.10236358642578
2024-05-03,43.107017517089844
2024-05-06,43.44696044921875
2024-05-07,43.405052185058594
2024-05-08,43.35382843017578
2024-05-09,43.9359130859375
2024-05-10,43.69377136230469
2024-05-13,43.57735061645508
2024-05-14,43.63323211669922
2024-05-15,43.73101806640625
2024-05-16,43.60995101928711
2024-05-17,44.219970703125
2024-05-20,43.93125915527344
2024-05-21,43.7170524597168
2024-05-22,42.878841400146484
2024-05-23,42.48767852783203
2024-05-24,42.5482177734375
2024-05-28,42.9859504699707
2024-05-29,42.22691345214844
2024-05-30,42.347984313964844
2024-05-31,43.4004020690918
2024-06-03,42.264163970947266
2024-06-04,41.85903549194336
2024-06-05,41.8543701171875
2024-06-06,42.073238372802734
2024-06-07,41.90559768676758
2024-06-10,42.22224426269531
2024-06-11,42.138423919677734
2024-06-12,41.686729431152344
2024-06-13,41.30488204956055
2024-06-14,40.99753952026367
2024-06-17,41.10464096069336
2024-06-18,41.27694320678711
2024-06-20,42.03598403930664
2024-06-21,41.79384231567383
2024-06-24,42.847660064697266
2024-06-25,42.94623947143555
2024-06-26,42.523765563964844
2024-06-27,42.62234115600586
2024-06-28,42.78663635253906
2024-07-01,42.81010055541992
2024-07-02,42.777244567871094
2024-07-03,42.96501159667969
2024-07-05,42.29375457763672
2024-07-08,42.035587310791016
2024-07-09,41.66474533081055
2024-07-10,41.94639205932617
2024-07-11,42.38294982910156
2024-07-12,42.49090576171875
2024-07-15,43.13399887084961
2024-07-16,43.32646179199219
2024-07-17,43.75830841064453
2024-07-18,43.838111877441406
2024-07-19,43.359317779541016
2024-07-22,43.087059020996094
2024-07-23,42.4017219543457
2024-07-24,42.406410217285156
2024-07-25,43.138694763183594
2024-07-26,43.27482223510742
2024-07-29,42.90399169921875
2024-07-30,43.5705451965332
2024-07-31,43.75361251831055
2024-08-01,42.594181060791016
2024-08-02,41.49576187133789
2024-08-05,40.58041763305664
2024-08-06,40.829200744628906
2024-08-07,40.99349594116211
2024-08-08,41.87598419189453
2024-08-09,41.96986770629883
2024-08-12,42.1764030456543
2024-08-13,41.76802444458008
2024-08-14,42.01211166381836
2024-08-15,42.514373779296875
2024-08-16,42.46744155883789
2024-08-19,42.75377655029297
2024-08-20,41.627197265625
2024-08-21,41.697608947753906
2024-08-22,41.80556869506836
2024-08-23,42.42988204956055
2024-08-26,42.81010055541992
2024-08-27,42.41110610961914
2024-08-28,42.13884353637695
2024-08-29,42.68806076049805
2024-08-30,42.847660064697266
2024-09-03,41.7821044921875
2024-09-04,41.20473098754883
2024-09-05,40.88552474975586
2024-09-06,40.373878479003906
2024-09-09,40.6649055480957
2024-09-10,39.96548843383789
2024-09-11,39.59465026855469
2024-09-12,39.95140075683594
2024-09-13,40.176719665527344
2024-09-16,40.63673782348633
2024-09-17,41.18594741821289
2024-09-18,41.2657585144043
2024-09-19,41.758628845214844
2024-09-20,41.66474533081055
2024-09-23,42.17921447753906
2024-09-24,42.0750846862793
2024-09-25,41.25157165527344
2024-09-26,40.4422492980957
2024-09-27,41.265769958496094
2024-09-30,41.554473876953125
2024-10-01,42.50104522705078
2024-10-02,42.936466217041016
2024-10-03,43.693721771240234
2024-10-04,44.100746154785156
2024-10-07,44.256935119628906
2024-10-08,43.10211944580078
2024-10-09,43.362422943115234
2024-10-10,43.655860900878906
2024-10-11,43.925628662109375
2024-10-14,43.906700134277344
2024-10-15,42.4915771484375
2024-10-16,42.69509506225586
2024-10-17,42.89860534667969
2024-10-18,42.75661849975586
2024-10-21,42.62882995605469
2024-10-22,42.72821807861328
2024-10-23,42.505775451660156
2024-10-24,42.50104522705078
2024-10-25,42.486839294433594
2024-10-28,42.217071533203125
2024-10-29,41.573402404785156
2024-10-30,41.668060302734375
2024-10-31,41.92836380004883
2024-11-01,41.663326263427734
2024-11-04,42.39219284057617
2024-11-05,42.6761589050293
2024-11-06,44.28059768676758
2024-11-07,44.07707977294922
2024-11-08,44.37052536010742
2024-11-11,44.621360778808594
2024-11-12,44.38472366333008
2024-11-13,44.73021697998047
2024-11-14,44.900604248046875
2024-11-15,44.8343391418457
2024-11-18,45.43068313598633
2024-11-19,45.1419792175293
2024-11-20,45.59633255004883
2024-11-21,45.965492248535156
2024-11-22,46.0364875793457
2024-11-25,45.127777099609375
2024-11-26,45.06625747680664
2024-11-27,45.018924713134766
2024-11-29,45.21295928955078
2024-12-02,44.73495101928711
2024-12-03,44.73021697998047
2024-12-04,43.651126861572266
2024-12-05,43.821510314941406
2024-12-06,43.078453063964844
2024-12-09,43.0074577331543
2024-12-10,42.714027404785156
2024-12-11,42.78501892089844
2024-12-12,42.43951416015625
2024-12-13,42.22653579711914
2024-12-16,41.298892974853516
2024-12-17,40.99126052856445
2024-12-18,39.7796516418457
2024-12-19,39.43415451049805
2024-12-20,39.82224655151367
2024-12-23,40.05610275268555
2024-12-24,40.39495849609375
2024-12-26,40.36154556274414
2024-12-27,40.35676956176758
2024-12-30,40.35199737548828
2024-12-31,40.88175964355469
2025-01-02,41.359012603759766
2025-01-03,41.74559020996094
2025-01-06,41.5546875
2025-01-07,41.969905853271484
2025-01-08,42.01285171508789
2025-01-10,42.184661865234375
2025-01-13,43.07236862182617
2025-01-14,43.535301208496094
2025-01-15,44.17959213256836
2025-01-16,44.49935531616211
2025-01-17,44.84298324584961
2025-01-21,44.613895416259766
2025-01-22,43.80256271362305
2025-01-23,44.00300979614258
2025-01-24,43.5782470703125
2025-01-27,43.1248664855957
2025-01-28,42.71442413330078
2025-01-29,42.809871673583984
2025-01-30,43.02941131591797
2025-01-31,41.826725006103516
2025-02-03,42.08921813964844
2025-02-04,42.972137451171875
2025-02-05,43.06282043457031
2025-02-06,42.270572662353516
2025-02-07,42.26580047607422
2025-02-10,43.19645309448242
2025-02-11,43.54484939575195
2025-02-12,42.49488830566406
2025-02-13,42.81464385986328
2025-02-14,42.98645782470703
2025-02-18,43.57347869873047
2025-02-19,43.9171028137207
2025-02-20,44.317996978759766
2025-02-21,43.39689636230469
2025-02-24,43.40644073486328
2025-02-25,42.78123474121094
2025-02-26,42.53783416748047
2025-02-27,42.76691818237305
2025-02-28,43.43030548095703
2025-03-03,41.91263198852539
2025-03-04,41.506961822509766
2025-03-05,40.90084457397461
2025-03-06,41.024932861328125
2025-03-07,41.726505279541016
2025-03-10,42.03671646118164
2025-03-11,41.702632904052734
2025-03-12,41.8935432434082
2025-03-13,41.60718536376953
2025-03-14,42.83850860595703
2025-03-17,43.52098083496094
2025-03-18,43.592567443847656
2025-03-19,44.30368423461914
2025-03-20,44.46595001220703
2025-03-21,44.155731201171875
2025-03-24,44.65883255004883
2025-03-25,44.84160614013672
2025-03-26,45.10614776611328
2025-03-27,44.66845703125
2025-03-28,44.456825256347656
2025-03-31,44.947425842285156
2025-04-01,45.21195983886719
2025-04-02,45.27448654174805
2025-04-03,41.72005844116211
2025-04-04,37.881858825683594
2025-04-07,37.63655471801758
2025-04-08,36.76598358154297
2025-04-09,39.61337661743164
2025-04-10,37.02571105957031
2025-04-11,37.94438171386719
2025-04-14,38.07905197143555
2025-04-15,38.021339416503906
2025-04-16,38.3339729309082
2025-04-17,39.19973373413086
2025-04-21,38.17524719238281
2025-04-22,39.146827697753906
2025-04-23,39.074684143066406
2025-04-24,39.699951171875
2025-04-25,39.627803802490234
2025-04-28,39.90677261352539
2025-04-29,39.79133605957031
2025-04-30,38.718753814697266
2025-05-01,38.8630485534668
2025-05-02,39.430606842041016
2025-05-05,38.718753814697266
2025-05-06,38.728370666503906
2025-05-07,38.742801666259766
2025-05-08,39.25264358520508
2025-05-09,39.64704513549805
2025-05-12,40.681148529052734
2025-05-13,41.253509521484375
2025-05-14,41.00340270996094
2025-05-15,41.17655563354492
2025-05-16,41.11402893066406
2025-05-19,40.580142974853516
2025-05-20,40.20497512817383
2025-05-21,39.46427917480469
2025-05-22,39.310359954833984
2025-05-23,39.4354133605957
2025-05-27,39.77690887451172
2025-05-28,39.271881103515625
2025-05-29,39.565277099609375
2025-05-30,39.21416091918945
2025-06-02,39.72881317138672
2025-06-03,40.20016860961914
2025-06-04,39.41617202758789
2025-06-05,39.37770080566406
2025-06-06,40.11840057373047
2025-06-09,40.19535446166992
2025-06-10,40.912017822265625
2025-06-11,41.503623962402344
2025-06-12,41.647911071777344
2025-06-13,42.37419128417969
2025-06-16,42.24913787841797
2025-06-17,42.64353942871094
2025-06-18,42.36457443237305
2025-06-20,42.797454833984375
2025-06-23,41.715171813964844
2025-06-24,41.17210006713867
2025-06-25,40.99269104003906
2025-06-26,41.57940673828125
2025-06-27,41.361209869384766
2025-06-30,41.12360763549805
2025-07-01,41.438785552978516
2025-07-02,42.15157699584961
2025-07-03,42.20006561279297
2025-07-07,41.79275894165039
2025-07-08,42.91770553588867
2025-07-09,42.699501037597656
2025-07-10,43.024383544921875
2025-07-11,43.21833419799805
2025-07-14,42.74314498901367
2025-07-15,42.12732696533203
2025-07-16,41.7636604309082
2025-07-17,42.02065658569336
2025-07-18,41.68122863769531
2025-07-21,41.24967956542969
2025-07-22,41.443634033203125
2025-07-23,42.09339141845703
2025-07-24,42.39402770996094
2025-07-25,42.234004974365234
2025-07-28,42.71405029296875
2025-07-29,43.13105392456055
2025-07-30,42.5152473449707
2025-07-31,42.287349700927734
2025-08-01,41.5018196105957
2025-08-04,41.409698486328125
2025-08-05,41.46303176879883
2025-08-06,41.0799674987793
2025-08-07,40.91995620727539
2025-08-08,41.18179702758789
2025-08-11,40.852073669433594
2025-08-12,41.05087661743164
2025-08-13,41.526065826416016
2025-08-14,41.48727798461914
2025-08-15,41.48727798461914
2025-08-18,41.239986419677734
2025-08-19,41.2545280456543
2025-08-20,41.59880447387695
2025-08-21,41.884883880615234
2025-08-22,42.7382926940918
2025-08-25,42.84981918334961
2025-08-26,42.78193664550781
2025-08-27,43.26197814941406
2025-08-28,43.59170150756836
2025-08-29,43.82929992675781
2025-09-02,43.892333984375
2025-09-03,42.90800857543945
2025-09-04,43.194091796875
2025-09-05,42.36008071899414
2025-09-08,42.26310729980469
2025-09-09,42.466758728027344
2025-09-10,43.20863723754883
2025-09-11,43.21833419799805
2025-09-12,42.96134567260742
2025-09-15,42.815879821777344
2025-09-16,43.533512115478516
2025-09-17,43.63534164428711
2025-09-18,43.49957275390625
2025-09-19,42.922550201416016
2025-09-22,42.87316131591797
2025-09-23,43.611595153808594
2025-09-24,44.17886734008789
2025-09-25,44.574981689453125
2025-09-26,44.98576736450195
2025-09-29,44.159305572509766
2025-09-30,43.68983840942383
2025-10-01,43.68983840942383
2025-10-02,43.24971389770508
2025-10-03,43.479557037353516
2025-10-06,43.69472885131836
2025-10-07,43.7631950378418
2025-10-08,43.5088996887207
2025-10-09,42.91717529296875
2025-10-10,41.67504119873047
2025-10-13,42.2423095703125
2025-10-14,42.2374267578125
2025-10-15,42.212974548339844
2025-10-16,41.704383850097656
2025-10-17,42.04669952392578
2025-10-20,42.49171829223633
2025-10-21,42.393917083740234
2025-10-22,42.936737060546875
2025-10-23,43.5088996887207
2025-10-24,43.06877517700195
2025-10-27,43.17146682739258
2025-10-28,42.721561431884766
2025-10-29,43.0394287109375
2025-10-30,42.785133361816406
2025-10-31,43.098114013671875
2025-11-03,43.10300064086914
2025-11-04,42.638427734375
2025-11-05,42.75090026855469
2025-11-06,43.16657257080078
2025-11-07,43.78764724731445
2025-11-10,44.18375778198242
2025-11-11,44.76081466674805
2025-11-12,44.134857177734375
2025-11-13,44.24733352661133
2025-11-14,45.00043487548828
2025-11-17,44.17886734008789
2025-11-18,44.530967712402344
2025-11-19,43.953914642333984
2025-11-20,43.45510482788086
2025-11-21,43.72895812988281
2025-11-24,43.60670471191406
2025-11-25,43.33285140991211
2025-11-26,43.66049575805664
2025-11-28,44.23265838623047
2025-12-01,44.65811538696289
2025-12-02,44.08106231689453
2025-12-03,44.90752410888672
2025-12-04,45.098243713378906
2025-12-05,44.91240692138672
2025-12-08,44.42338180541992
2025-12-09,44.697242736816406
2025-12-10,45.16670608520508
2025-12-11,44.951534271240234
2025-12-12,44.51140594482422
2025-12-15,44.198429107666016
2025-12-16,42.84870910644531
2025-12-17,43.79742431640625
2025-12-18,43.16168975830078
2025-12-19,43.16168975830078
2025-12-22,43.608524322509766
2025-12-23,43.89457702636719
2025-12-24,43.7663459777832
2025-12-26,43.59865951538086
2025-12-29,44.01294708251953
2025-12-30,44.34832000732422
2025-12-31,44.101722717285156
2026-01-02,45.02893829345703
2026-01-05,46.2520637512207
2026-01-06,45.019065856933594
2026-01-07,44.51601028442383
2026-01-08,45.91668701171875
2026-01-09,46.03505325317383
2026-01-12,45.70954895019531
2026-01-13,46.36056900024414
2026-01-14,47.40614700317383
2026-01-15,46.9622688293457
2026-01-16,47.04117965698242
2026-01-20,46.9524040222168
2026-01-21,48.08675765991211
2026-01-22,48.24458312988281
2026-01-23,48.52077102661133
2026-01-26,48.55036544799805
2026-01-27,48.994239807128906
2026-01-28,49.36907196044922
2026-01-29,49.82281494140625
2026-01-30,50.355464935302734
2026-02-02,49.36907196044922
2026-02-03,50.9670295715332
2026-02-04,52.11125183105469
2026-02-05,51.49968719482422
2026-02-06,52.52553939819336
2026-02-09,52.91023254394531
2026-02-10,52.85104751586914
2026-02-11,54.231998443603516
2026-02-12,53.245601654052734
2026-02-13,53.61056900024414
2026-02-17,53.018733978271484
2026-02-18,54.03472137451172
2026-02-19,54.42927932739258
2026-02-20,54.13336181640625
2026-02-23,54.399688720703125
2026-02-24,54.350364685058594
2026-02-25,54.123497009277344
2026-02-26,54.301048278808594
2026-02-27,55.159210205078125
2026-03-02,56.26397705078125
2026-03-03,55.75104904174805
2026-03-04,55.425537109375
2026-03-05,55.71159362792969
2026-03-06,55.80036926269531
2026-03-09,55.553768157958984
2026-03-10,54.843563079833984
2026-03-11,56.20478820800781
2026-03-12,56.727577209472656
2026-03-13,56.91499328613281
2026-03-16,57.11227798461914
2026-03-17,57.71397399902344
2026-03-18,57.63506317138672
2026-03-19,58.55241012573242
2026-03-20,58.503089904785156
2026-03-23,59.203041076660156
2026-03-24,60.40437698364258
2026-03-25,60.13631057739258
2026-03-26,61.07950973510742
2026-03-27,62.112064361572266
2026-03-30,61.516357421875
2026-03-31,60.82136917114258
2026-04-01,58.547767639160156
2026-04-02,58.82576370239258
2026-04-06,59.252685546875
2026-04-07,59.729248046875
2026-04-08,57.63435363769531
2026-04-09,56.91950988769531
2026-04-10,56.53230285644531
2026-04-13,56.70108413696289
2026-04-14,55.54939270019531
2026-04-15,55.360748291015625
2026-04-16,56.17488098144531
2026-04-17,54.62604904174805
2026-04-20,54.675689697265625
2026-04-21,55.46996307373047
2026-04-22,56.13516616821289
2026-04-23,56.57201385498047
2026-04-24,56.46280288696289
2026-04-27,56.363521575927734
2026-04-28,57.29678726196289
2026-04-29,58.607337951660156
2026-04-30,59.222900390625
2026-05-01,58.42862319946289
2026-05-04,58.964759826660156
2026-05-05,59.024330139160156
2026-05-06,56.59187316894531
2026-05-07,55.54939270019531
2026-05-08,55.30118179321289
2026-05-11,56.76065444946289
2026-05-12,57.15779113769531
2026-05-13,57.21736145019531
2026-05-14,57.654212951660156
2026-05-15,59.014400482177734
2026-05-18,60.146240234375
2026-05-19,60.851158142089844
2026-05-20,59.371822357177734
2026-05-21,58.70662307739258
2026-05-22,59.06404495239258
2026-05-26,57.43578338623047
2026-05-27,56.581947326660156
2026-05-28,56.542232513427734
2026-05-29,55.886959075927734
2026-06-01,56.88972473144531
2026-06-02,57.54499816894531
2026-06-03,58.28962707519531
2026-06-04,58.329341888427734
2026-06-05,57.25707244873047
2026-06-08,57.912349700927734
2026-06-09,56.97908020019531
2026-06-10,57.832923889160156
2026-06-11,56.71101379394531
2026-06-12,57.137935638427734
2026-06-15,55.15225601196289
2026-06-16,54.96361541748047
2026-06-17,54.2785530090332
2026-06-18,53.38500213623047
2026-06-22,54.060001373291016
2026-06-23,54.459999084472656
2026-06-24,53.56999969482422
2026-06-25,54.09000015258789
2026-06-26,53.84000015258789
2026-06-29,53.58000183105469
2026-06-30,53.11000061035156
2026-07-01,52.810001373291016
2026-07-02,53.220001220703125
2026-07-06,53.130001068115234
2026-07-07,54.63999938964844
2026-07-08,55.599998474121094
2026-07-09,54.81999969482422
2026-07-10,55.08000183105469
2026-07-13,56.7400016784668
2026-07-14,56.95000076293945
2026-07-15,56.5
2026-07-16,57.02000045776367
2026-07-17,57.68000030517578
2026-07-20,57.939998626708984
2026-07-21,58.5
2026-07-22,59.20000076293945
2026-07-23,59.380001068115234
2026-07-24,59.619998931884766
2026-07-27,58.36000061035156
2026-07-28,57.56999969482422
2026-07-29,58.650001525878906
2026-07-30,58.959999084472656
2026-07-31,59.54999923706055
2026-08-03,58.790000915527344
2026-08-04,58.52000045776367
2026-08-05,57.310001373291016
2026-08-06,58.15999984741211
2026-08-07,57.5
2026-08-10,60.18000030517578
2026-08-11,60.93000030517578
2026-08-12,61.029998779296875
2026-08-13,61.060001373291016
2026-08-14,61.90999984741211
2026-08-17,62.58000183105469
2026-08-18,63.68000030517578
2026-08-19,63.58000183105469
2026-08-20,63.75
2026-08-21,63.63999938964844
2026-08-24,63.11000061035156
2026-08-25,62.060001373291016
2026-08-26,62.43000030517578
2026-08-27,62.290000915527344
2026-08-28,62.68000030517578
2026-08-31,63.959999084472656
2026-09-01,64.7699966430664
2026-09-02,65.0999984741211
2026-09-03,64.62000274658203
2026-09-04,64.05999755859375
2026-09-08,64.7699966430664