1998-12-22,11.124488830566406
1998-12-23,11.288519859313965
1998-12-24,11.363078117370605
1998-12-28,11.213959693908691
1998-12-29,11.333257675170898
1998-12-30,11.288519859313965
1998-12-31,11.184133529663086
1999-01-04,11.184133529663086
1999-01-05,11.288519859313965
1999-01-06,11.646410942077637
1999-01-07,11.825357437133789
1999-01-08,11.899917602539062
1999-01-11,11.720966339111328
1999-01-12,11.392901420593262
1999-01-13,11.243785858154297
1999-01-14,10.960450172424316
1999-01-15,11.273608207702637
1999-01-19,11.213959693908691
1999-01-20,11.295980453491211
1999-01-21,11.094660758972168
1999-01-22,11.020101547241211
1999-01-25,11.109577178955078
1999-01-26,11.117022514343262
1999-01-27,10.975363731384277
1999-01-28,11.139400482177734
1999-01-29,11.377994537353516
1999-02-01,11.184133529663086
1999-02-02,11.064831733703613
1999-02-03,11.146855354309082
1999-02-04,10.88589096069336
1999-02-05,10.796418190002441
1999-02-08,10.766589164733887
1999-02-09,10.617466926574707
1999-02-10,10.706941604614258
1999-02-11,11.139400482177734
1999-02-12,10.975363731384277
1999-02-16,11.139400482177734
1999-02-17,11.184133529663086
1999-02-18,11.295980453491211
1999-02-19,11.333257675170898
1999-02-22,11.661322593688965
1999-02-23,11.810446739196777
1999-02-24,11.422730445861816
1999-02-25,11.348176002502441
1999-02-26,11.556941986083984
1999-03-01,11.60167407989502
1999-03-02,11.631499290466309
1999-03-03,11.519659042358398
1999-03-04,11.780621528625488
1999-03-05,12.078863143920898
1999-03-08,11.99685001373291
1999-03-09,12.093779563903809
1999-03-10,12.317464828491211
1999-03-11,12.377107620239258
1999-03-12,12.399471282958984
1999-03-15,12.436760902404785
1999-03-16,12.25780963897705
1999-03-17,12.153424263000488
1999-03-18,12.436760902404785
1999-03-19,12.200637817382812
1999-03-22,12.23054313659668
1999-03-23,11.811893463134766
1999-03-24,11.781986236572266
1999-03-25,12.05112361907959
1999-03-26,11.946460723876953
1999-03-29,12.215585708618164
1999-03-30,12.073551177978516
1999-03-31,11.931506156921387
1999-04-01,11.96141242980957
1999-04-05,12.200637817382812
1999-04-06,12.110926628112793
1999-04-07,12.43986988067627
1999-04-08,12.664142608642578
1999-04-09,12.634238243103027
1999-04-12,12.858515739440918
1999-04-13,12.843564987182617
1999-04-14,12.679098129272461
1999-04-15,12.559477806091309
1999-04-16,12.499672889709473
1999-04-19,12.499672889709473
1999-04-20,12.664142608642578
1999-04-21,12.858515739440918
1999-04-22,12.993072509765625
1999-04-23,12.948226928710938
1999-04-26,12.753850936889648
1999-04-27,12.978128433227539
1999-04-28,12.903373718261719
1999-04-29,12.948226928710938
1999-04-30,12.76880168914795
1999-05-03,12.91832447052002
1999-05-04,12.514622688293457
1999-05-05,12.589386940002441
1999-05-06,12.3800630569458
1999-05-07,12.619287490844727
1999-05-10,12.57442855834961
1999-05-11,12.723945617675781
1999-05-12,12.903373718261719
1999-05-13,13.022984504699707
1999-05-14,12.619287490844727
1999-05-17,12.3800630569458
1999-05-18,12.40996265411377
1999-05-19,12.499672889709473
1999-05-20,12.33520221710205
1999-05-21,12.305305480957031
1999-05-24,12.036169052124023
1999-05-25,11.722176551818848
1999-05-26,12.103449821472168
1999-05-27,11.811893463134766
1999-05-28,11.998798370361328
1999-06-01,11.82684326171875
1999-06-02,11.752079963684082
1999-06-03,11.744610786437988
1999-06-04,11.96141242980957
1999-06-07,12.185685157775879
1999-06-08,11.96888256072998
1999-06-09,11.938985824584961
1999-06-10,11.714705467224121
1999-06-11,11.737135887145996
1999-06-14,11.677326202392578
1999-06-15,11.737135887145996
1999-06-16,12.043649673461914
1999-06-17,12.275399208068848
1999-06-18,12.294466018676758
1999-06-21,12.369431495666504
1999-06-22,12.234492301940918
1999-06-23,12.114553451538086
1999-06-24,11.919634819030762
1999-06-25,11.949628829956055
1999-06-28,12.22700309753418
1999-06-29,12.26447582244873
1999-06-30,12.519370079040527
1999-07-01,12.65431022644043
1999-07-02,12.65431022644043
1999-07-06,12.759257316589355
1999-07-07,12.714284896850586
1999-07-08,12.669297218322754
1999-07-09,12.684289932250977
1999-07-12,12.579340934753418
1999-07-13,12.444401741027832
1999-07-14,12.474386215209961
1999-07-15,12.586841583251953
1999-07-16,12.65431022644043
1999-07-19,12.56435489654541
1999-07-20,12.4069185256958
1999-07-21,12.26447582244873
1999-07-22,12.279478073120117
1999-07-23,12.144535064697266
1999-07-26,12.189519882202148
1999-07-27,12.35444164276123
1999-07-28,12.204512596130371
1999-07-29,12.0245943069458
1999-07-30,11.754708290100098
1999-08-02,11.694734573364258
1999-08-03,11.54481029510498
1999-08-04,11.39487361907959
1999-08-05,11.43985652923584
1999-08-06,11.139986991882324
1999-08-09,11.169978141784668
1999-08-10,10.97506332397461
1999-08-11,11.184968948364258
1999-08-12,11.237442016601562
1999-08-13,11.604775428771973
1999-08-16,11.55980110168457
1999-08-17,11.979609489440918
1999-08-18,11.852173805236816
1999-08-19,11.694734573364258
1999-08-20,11.859662055969238
1999-08-23,12.174521446228027
1999-08-24,12.204512596130371
1999-08-25,12.107049942016602
1999-08-26,11.829678535461426
1999-08-27,11.634764671325684
1999-08-30,11.252440452575684
1999-08-31,11.237442016601562
1999-09-01,11.289920806884766
1999-09-02,11.072522163391113
1999-09-03,11.634764671325684
1999-09-07,11.319908142089844
1999-09-08,11.2449369430542
1999-09-09,11.110003471374512
1999-09-10,11.192464828491211
1999-09-13,11.087507247924805
1999-09-14,10.885104179382324
1999-09-15,10.83262825012207
1999-09-16,10.79514217376709
1999-09-17,11.026812553405762
1999-09-20,10.898944854736328
1999-09-21,10.725943565368652
1999-09-22,10.718423843383789
1999-09-23,10.63568115234375
1999-09-24,10.710902214050293
1999-09-27,10.530378341674805
1999-09-28,10.515337944030762
1999-09-29,10.440117835998535
1999-09-30,10.650725364685059
1999-10-01,10.470210075378418
1999-10-04,10.868854522705078
1999-10-05,10.913983345031738
1999-10-06,11.102023124694824
1999-10-07,10.996724128723145
1999-10-08,11.192291259765625
1999-10-11,11.071944236755371
1999-10-12,10.861331939697266
1999-10-13,10.537906646728516
1999-10-14,10.522858619689941
1999-10-15,10.048989295959473
1999-10-18,10.372421264648438
1999-10-19,10.59054946899414
1999-10-20,10.778592109680176
1999-10-21,10.831245422363281
1999-10-22,11.282552719116211
1999-10-25,11.184770584106445
1999-10-26,11.011772155761719
1999-10-27,11.553330421447754
1999-10-28,12.373198509216309
1999-10-29,12.305500030517578
1999-11-01,12.155065536499023
1999-11-02,12.140028953552246
1999-11-03,12.087372779846191
1999-11-04,12.2302885055542
1999-11-05,12.531149864196777
1999-11-08,12.463462829589844
1999-11-09,12.222761154174805
1999-11-10,12.034717559814453
1999-11-11,11.96703052520752
1999-11-12,12.486018180847168
1999-11-15,12.478500366210938
1999-11-16,12.816976547241211
1999-11-17,12.54619312286377
1999-11-18,12.508589744567871
1999-11-19,12.320541381835938
1999-11-22,12.275410652160645
1999-11-23,12.079851150512695
1999-11-24,11.936928749084473
1999-11-26,11.854202270507812
1999-11-29,11.568379402160645
1999-11-30,11.763936042785645
1999-12-01,11.673676490783691
1999-12-02,11.72633171081543
1999-12-03,12.004637718200684
1999-12-06,11.681195259094238
1999-12-07,11.658636093139648
1999-12-08,11.380327224731445
1999-12-09,11.545811653137207
1999-12-10,11.748896598815918
1999-12-13,11.613505363464355
1999-12-14,11.335205078125
1999-12-15,11.30511474609375
1999-12-16,11.056899070739746
1999-12-17,11.142777442932129
1999-12-20,11.052191734313965
1999-12-21,11.263567924499512
1999-12-22,11.263567924499512
1999-12-23,11.444750785827637
1999-12-27,11.35416030883789
1999-12-28,11.308869361877441
1999-12-29,11.422101020812988
1999-12-30,11.474952697753906
1999-12-31,11.482499122619629
2000-01-03,11.052191734313965
2000-01-04,10.569029808044434
2000-01-05,10.48598861694336
2000-01-06,10.946497917175293
2000-01-07,11.127674102783203
2000-01-10,10.931401252746582
2000-01-11,10.75022029876709
2000-01-12,10.961594581604004
2000-01-13,11.293764114379883
2000-01-14,11.557989120483398
2000-01-18,11.172975540161133
2000-01-19,11.135231971740723
2000-01-20,10.931401252746582
2000-01-21,10.795511245727539
2000-01-24,10.59922981262207
2000-01-25,10.712467193603516
2000-01-26,11.112585067749023
2000-01-27,11.233370780944824
2000-01-28,10.840804100036621
2000-01-31,11.142777442932129
2000-02-01,11.203174591064453
2000-02-02,11.089933395385742
2000-02-03,11.021987915039062
2000-02-04,10.908750534057617
2000-02-07,10.795511245727539
2000-02-08,10.916297912597656
2000-02-09,10.659624099731445
2000-02-10,10.365200996398926
2000-02-11,10.387848854064941
2000-02-14,10.478438377380371
2000-02-15,10.493535041809082
2000-02-16,10.274606704711914
2000-02-17,10.146269798278809
2000-02-18,9.783893585205078
2000-02-22,9.874496459960938
2000-02-23,9.836747169494629
2000-02-24,9.632920265197754
2000-02-25,9.572528839111328
2000-02-28,9.882048606872559
2000-02-29,9.949989318847656
2000-03-01,10.08587646484375
2000-03-02,10.025482177734375
2000-03-03,10.116072654724121
2000-03-06,10.01793384552002
2000-03-07,9.715962409973145
2000-03-08,9.602725982666016
2000-03-09,9.655561447143555
2000-03-10,9.685762405395508
2000-03-13,9.783893585205078
2000-03-14,9.7461576461792
2000-03-15,10.34255313873291
2000-03-16,11.233370780944824
2000-03-17,11.236705780029297
2000-03-20,11.02454662322998
2000-03-21,11.426129341125488
2000-03-22,11.524630546569824
2000-03-23,11.9262113571167
2000-03-24,12.062596321105957
2000-03-27,11.668596267700195
2000-03-28,11.759517669677734
2000-03-29,11.668596267700195
2000-03-30,11.691325187683105
2000-03-31,11.767093658447266
2000-04-03,12.335373878479004
2000-04-04,11.842864990234375
2000-04-05,11.751940727233887
2000-04-06,11.880754470825195
2000-04-07,11.638287544250488
2000-04-10,11.971673965454102
2000-04-11,12.123214721679688
2000-04-12,12.176252365112305
2000-04-13,11.85801887512207
2000-04-14,10.895740509033203
2000-04-17,10.986662864685059
2000-04-18,11.426129341125488
2000-04-19,11.274592399597168
2000-04-20,11.486745834350586
2000-04-24,11.759517669677734
2000-04-25,12.123214721679688
2000-04-26,11.880754470825195
2000-04-27,11.638287544250488
2000-04-28,11.880754470825195
2000-05-01,11.615553855895996
2000-05-02,11.501898765563965
2000-05-03,11.297320365905762
2000-05-04,11.123052597045898
2000-05-05,11.198822021484375
2000-05-08,11.418557167053223
2000-05-09,11.388245582580566
2000-05-10,11.085169792175293
2000-05-11,11.418557167053223
2000-05-12,11.54736328125
2000-05-15,12.062596321105957
2000-05-16,11.994409561157227
2000-05-17,11.789826393127441
2000-05-18,11.941367149353027
2000-05-19,11.72921371459961
2000-05-22,11.880754470825195
2000-05-23,11.956521034240723
2000-05-24,12.10806655883789
2000-05-25,11.804986000061035
2000-05-26,11.759517669677734
2000-05-30,12.001983642578125
2000-05-31,12.1459379196167
2000-06-01,12.547527313232422
2000-06-02,13.062767028808594
2000-06-05,12.76725959777832
2000-06-06,12.486909866333008
2000-06-07,12.668754577636719
2000-06-08,12.456602096557617
2000-06-09,12.2444429397583
2000-06-12,12.3505277633667
2000-06-13,12.335373878479004
2000-06-14,12.547527313232422
2000-06-15,12.252021789550781
2000-06-16,11.678500175476074
2000-06-19,11.98262882232666
2000-06-20,11.83056640625
2000-06-21,11.739324569702148
2000-06-22,11.731721878051758
2000-06-23,11.648091316223145
2000-06-26,11.83056640625
2000-06-27,11.944611549377441
2000-06-28,11.853375434875488
2000-06-29,11.8457670211792
2000-06-30,11.55685806274414
2000-07-03,11.769735336303711
2000-07-05,11.89899730682373
2000-07-06,11.990235328674316
2000-07-07,12.19552230834961
2000-07-10,12.225930213928223
2000-07-11,12.286755561828613
2000-07-12,12.461627960205078
2000-07-13,12.339978218078613
2000-07-14,12.545266151428223
2000-07-17,12.309564590454102
2000-07-18,12.332376480102539
2000-07-19,12.286755561828613
2000-07-20,12.598492622375488
2000-07-21,12.560469627380371
2000-07-24,12.636507987976074
2000-07-25,12.659319877624512
2000-07-26,12.598492622375488
2000-07-27,12.636507987976074
2000-07-28,12.362789154052734
2000-07-31,12.575676918029785
2000-08-01,12.659319877624512
2000-08-02,12.644102096557617
2000-08-03,12.978647232055664
2000-08-04,13.48046588897705
2000-08-07,13.518471717834473
2000-08-08,13.518471717834473
2000-08-09,13.427236557006836
2000-08-10,13.35119915008545
2000-08-11,13.556489944458008
2000-08-14,13.731362342834473
2000-08-15,13.48046588897705
2000-08-16,13.320788383483887
2000-08-17,13.4956636428833
2000-08-18,13.396821975708008
2000-08-21,13.503267288208008
2000-08-22,13.647727966308594
2000-08-23,13.472851753234863
2000-08-24,13.450040817260742
2000-08-25,13.267566680908203
2000-08-28,13.518471717834473
2000-08-29,13.381616592407227
2000-08-30,13.503267288208008
2000-08-31,13.85301399230957
2000-09-01,13.624917030334473
2000-09-05,13.792190551757812
2000-09-06,13.898629188537598
2000-09-07,13.78458309173584
2000-09-08,14.096315383911133
2000-09-11,14.377628326416016
2000-09-12,14.354825019836426
2000-09-13,14.263582229614258
2000-09-14,14.210362434387207
2000-09-15,13.978772163391113
2000-09-18,13.513572692871094
2000-09-19,13.80337142944336
2000-09-20,13.605096817016602
2000-09-21,13.452563285827637
2000-09-22,13.711859703063965
2000-09-25,13.933019638061523
2000-09-26,13.841501235961914
2000-09-27,13.849128723144531
2000-09-28,14.199925422668457
2000-09-29,14.1541748046875
2000-10-02,14.352452278137207
2000-10-03,14.337203025817871
2000-10-04,14.1541748046875
2000-10-05,14.29144287109375
2000-10-06,13.696599006652832
2000-10-09,13.48306941986084
2000-10-10,13.094131469726562
2000-10-11,13.117015838623047
2000-10-12,12.354405403137207
2000-10-13,12.994991302490234
2000-10-16,13.109386444091797
2000-10-17,12.750950813293457
2000-10-18,12.606064796447754
2000-10-19,13.20090389251709
2000-10-20,13.254283905029297
2000-10-23,13.033125877380371
2000-10-24,13.361047744750977
2000-10-25,13.437313079833984
2000-10-26,13.002618789672852
2000-10-27,13.429678916931152
2000-10-30,13.917766571044922
2000-10-31,14.032150268554688
2000-11-01,13.971144676208496
2000-11-02,14.039787292480469
2000-11-03,14.001649856567383
2000-11-06,14.192303657531738
2000-11-07,14.146546363830566
2000-11-08,13.894887924194336
2000-11-09,13.994030952453613
2000-11-10,13.841501235961914
2000-11-13,13.513572692871094
2000-11-14,13.589837074279785
2000-11-15,13.48306941986084
2000-11-16,13.437313079833984
2000-11-17,13.330546379089355
2000-11-20,12.933985710144043
2000-11-21,12.96449089050293
2000-11-22,12.651819229125977
2000-11-24,12.743334770202637
2000-11-27,12.918736457824707
2000-11-28,13.056002616882324
2000-11-29,13.376303672790527
2000-11-30,13.315300941467285
2000-12-01,13.239031791687012
2000-12-04,13.178027153015137
2000-12-05,13.727112770080566
2000-12-06,13.666097640991211
2000-12-07,13.696599006652832
2000-12-08,14.093162536621094
2000-12-11,14.20755386352539
2000-12-12,14.039787292480469
2000-12-13,14.047406196594238
2000-12-14,13.64322566986084
2000-12-15,13.586514472961426
2000-12-18,13.984545707702637
2000-12-19,13.831464767456055
2000-12-20,13.701330184936523
2000-12-21,14.022812843322754
2000-12-22,14.137633323669434
2000-12-26,14.390223503112793
2000-12-27,14.482080459594727
2000-12-28,14.627509117126465
2000-12-29,14.451462745666504
2001-01-02,14.045780181884766
2001-01-03,14.803555488586426
2001-01-04,14.54331111907959
2001-01-05,14.237130165100098
2001-01-08,14.091706275939941
2001-01-09,13.854423522949219
2001-01-10,14.084051132202148
2001-01-11,14.114665031433105
2001-01-12,13.846757888793945
2001-01-16,14.091706275939941
2001-01-17,14.114665031433105
2001-01-18,13.90800666809082
2001-01-19,13.808499336242676
2001-01-22,14.053431510925293
2001-01-23,14.191213607788086
2001-01-24,14.275416374206543
2001-01-25,14.405533790588379
2001-01-26,14.459115028381348
2001-01-29,14.471061706542969
2001-01-30,14.598423957824707
2001-01-31,14.417171478271484
2001-02-01,14.436769485473633
2001-02-02,14.475961685180664
2001-02-05,14.573931694030762
2001-02-06,14.289796829223633
2001-02-07,14.255514144897461
2001-02-08,14.216318130493164
2001-02-09,14.27510929107666
2001-02-12,14.475961685180664
2001-02-13,14.392674446105957
2001-02-14,14.226119041442871
2001-02-15,14.226119041442871
2001-02-16,14.231009483337402
2001-02-20,13.706838607788086
2001-02-21,13.300240516662598
2001-02-22,13.393324851989746
2001-02-23,13.329632759094238
2001-02-26,13.623566627502441
2001-02-27,13.770525932312012
2001-02-28,13.4472074508667
2001-03-01,13.46190357208252
2001-03-02,13.48149585723877
2001-03-05,13.412917137145996
2001-03-06,13.45210075378418
2001-03-07,13.73622989654541
2001-03-08,13.790114402770996
2001-03-09,13.471698760986328
2001-03-12,12.810367584228516
2001-03-13,13.153282165527344
2001-03-14,12.545825958251953
2001-03-15,12.923039436340332
2001-03-16,12.75444507598877
2001-03-19,12.901899337768555
2001-03-20,12.54310131072998
2001-03-21,12.179394721984863
2001-03-22,11.864836692810059
2001-03-23,12.366161346435547
2001-03-26,12.562762260437012
2001-03-27,12.916643142700195
2001-03-28,12.847830772399902
2001-03-29,12.818342208862305
2001-03-30,13.044438362121582
2001-04-02,13.103416442871094
2001-04-03,12.661059379577637
2001-04-04,12.351417541503906
2001-04-05,12.80360221862793
2001-04-06,12.518525123596191
2001-04-09,12.513615608215332
2001-04-10,12.87731647491455
2001-04-11,12.985456466674805
2001-04-12,13.083762168884277
2001-04-16,12.990373611450195
2001-04-17,13.098499298095703
2001-04-18,13.648984909057617
2001-04-19,13.722704887390137
2001-04-20,13.486784934997559
2001-04-23,13.319673538208008
2001-04-24,13.250861167907715
2001-04-25,13.393397331237793
2001-04-26,13.447464942932129
2001-04-27,13.737452507019043
2001-04-30,13.516276359558105
2001-05-01,13.629325866699219
2001-05-02,13.737452507019043
2001-05-03,13.742361068725586
2001-05-04,13.909479141235352
2001-05-07,13.821002960205078
2001-05-08,13.678466796875
2001-05-09,13.663725852966309
2001-05-10,13.668646812438965
2001-05-11,13.54084587097168
2001-05-14,13.65389633178711
2001-05-15,13.737452507019043
2001-05-16,14.10607624053955
2001-05-17,14.03235912322998
2001-05-18,13.953712463378906
2001-05-21,14.150313377380371
2001-05-22,14.292844772338867
2001-05-23,14.233864784240723
2001-05-24,14.287933349609375
2001-05-25,14.096253395080566
2001-05-29,14.10607624053955
2001-05-30,13.988115310668945
2001-05-31,14.110997200012207
2001-06-01,14.086420059204102
2001-06-04,14.19946002960205
2001-06-05,14.263354301452637
2001-06-06,14.155231475830078
2001-06-07,14.061840057373047
2001-06-08,13.978288650512695
2001-06-11,13.845571517944336
2001-06-12,13.88982105255127
2001-06-13,13.776769638061523
2001-06-14,13.535937309265137
2001-06-15,13.60549259185791
2001-06-18,13.640027046203613
2001-06-19,13.763355255126953
2001-06-20,13.8373441696167
2001-06-21,14.394791603088379
2001-06-22,14.207334518432617
2001-06-25,14.093873023986816
2001-06-26,13.916275978088379
2001-06-27,13.921216011047363
2001-06-28,14.103737831115723
2001-06-29,14.010008811950684
2001-07-02,14.182671546936035
2001-07-03,14.17280387878418
2001-07-05,14.08401107788086
2001-07-06,13.797882080078125
2001-07-09,13.842281341552734
2001-07-10,13.506824493408203
2001-07-11,13.482166290283203
2001-07-12,13.71895980834961
2001-07-13,13.88175106048584
2001-07-16,13.684417724609375
2001-07-17,13.965614318847656
2001-07-18,13.886685371398926
2001-07-19,13.79294490814209
2001-07-20,13.728816032409668
2001-07-23,13.65482234954834
2001-07-24,13.4772310256958
2001-07-25,13.580833435058594
2001-07-26,13.68935489654541
2001-07-27,13.768290519714355
2001-07-30,13.723892211914062
2001-07-31,13.876812934875488
2001-08-01,13.93601131439209
2001-08-02,13.916275978088379
2001-08-03,13.97547435760498
2001-08-06,13.773215293884277
2001-08-07,13.921216011047363
2001-08-08,13.640027046203613
2001-08-09,13.704154968261719
2001-08-10,13.714020729064941
2001-08-13,13.699225425720215
2001-08-14,13.704154968261719
2001-08-15,13.64988899230957
2001-08-16,13.610422134399414
2001-08-17,13.408169746398926
2001-08-20,13.541361808776855
2001-08-21,13.373637199401855
2001-08-22,13.432836532592773
2001-08-23,13.437766075134277
2001-08-24,13.472297668457031
2001-08-27,13.339105606079102
2001-08-28,13.126982688903809
2001-08-29,13.008587837219238
2001-08-30,12.919791221618652
2001-08-31,12.959259986877441
2001-09-04,12.904989242553711
2001-09-05,12.826066970825195
2001-09-06,12.53007984161377
2001-09-07,12.283426284790039
2001-09-10,12.308088302612305
2001-09-17,11.76545238494873
2001-09-18,11.617451667785645
2001-09-19,11.53359317779541
2001-09-20,11.025476455688477
2001-09-21,10.851552963256836
2001-09-24,11.416438102722168
2001-09-25,11.599769592285156
2001-09-26,11.713743209838867
2001-09-27,11.906983375549316
2001-09-28,12.22906494140625
2001-10-01,12.194374084472656
2001-10-02,12.362852096557617
2001-10-03,12.561054229736328
2001-10-04,12.461953163146973
2001-10-05,12.120047569274902
2001-10-08,11.847526550292969
2001-10-09,11.946624755859375
2001-10-10,12.134916305541992
2001-10-11,12.32815933227539
2001-10-12,12.134916305541992
2001-10-15,12.189422607421875
2001-10-16,12.387619972229004
2001-10-17,12.263745307922363
2001-10-18,12.248884201049805
2001-10-19,12.050683975219727
2001-10-22,12.343029975891113
2001-10-23,12.37275505065918
2001-10-24,12.32815933227539
2001-10-25,12.491676330566406
2001-10-26,12.635379791259766
2001-10-29,12.189422607421875
2001-10-30,12.164645195007324
2001-10-31,12.055639266967773
2001-11-01,12.253840446472168
2001-11-02,12.318252563476562
2001-11-05,12.58582878112793
2001-11-06,12.739429473876953
2001-11-07,12.788987159729004
2001-11-08,12.828622817993164
2001-11-09,12.744390487670898
2001-11-12,12.68492603302002
2001-11-13,13.026826858520508
2001-11-14,13.002050399780273
2001-11-15,12.922765731811523
2001-11-16,12.858355522155762
2001-11-19,13.1209716796875
2001-11-20,13.046645164489746
2001-11-21,12.932684898376465
2001-11-23,13.130885124206543
2001-11-26,13.20025634765625
2001-11-27,13.229985237121582
2001-11-28,12.833579063415527
2001-11-29,12.972317695617676
2001-11-30,12.838528633117676
2001-12-03,12.660147666931152
2001-12-04,12.833579063415527
2001-12-05,13.01196575164795
2001-12-06,13.180435180664062
2001-12-07,13.091239929199219
2001-12-10,12.88313102722168
2001-12-11,12.957452774047852
2001-12-12,12.907910346984863
2001-12-13,12.704750061035156
2001-12-14,12.635379791259766
2001-12-17,12.80880355834961
2001-12-18,12.927720069885254
2001-12-19,13.180435180664062
2001-12-20,13.12592887878418
2001-12-21,13.033855438232422
2001-12-24,13.023905754089355
2001-12-26,13.083625793457031
2001-12-27,13.073673248291016
2001-12-28,13.21302318572998
2001-12-31,13.088601112365723
2002-01-02,13.073673248291016
2002-01-03,13.163257598876953
2002-01-04,13.33743953704834
2002-01-07,13.302604675292969
2002-01-08,13.118467330932617
2002-01-09,13.188136100769043
2002-01-10,13.1383695602417
2002-01-11,13.063718795776367
2002-01-14,12.964190483093262
2002-01-15,13.247858047485352
2002-01-16,13.083625793457031
2002-01-17,13.208038330078125
2002-01-18,13.158278465270996
2002-01-22,13.113489151000977
2002-01-23,13.173209190368652
2002-01-24,13.188136100769043
2002-01-25,13.272735595703125
2002-01-28,13.1383695602417
2002-01-29,12.566054344177246
2002-01-30,12.725303649902344
2002-01-31,12.93930435180664
2002-02-01,12.780048370361328
2002-02-04,12.317216873168945
2002-02-05,12.317216873168945
2002-02-06,12.143034934997559
2002-02-07,12.257495880126953
2002-02-08,12.580985069274902
2002-02-11,12.690471649169922
2002-02-12,12.546142578125
2002-02-13,12.799958229064941
2002-02-14,12.77507209777832
2002-02-15,12.576005935668945
2002-02-19,12.23261547088623
2002-02-20,12.461544036865234
2002-02-21,12.317216873168945
2002-02-22,12.242569923400879
2002-02-25,12.556099891662598
2002-02-26,12.546142578125
2002-02-27,12.675538063049316
2002-02-28,12.715348243713379
2002-03-01,12.889535903930664
2002-03-04,13.327482223510742
2002-03-05,13.33743953704834
2002-03-06,13.561383247375488
2002-03-07,13.441946983337402
2002-03-08,13.501667976379395
2002-03-11,13.581283569335938
2002-03-12,13.586265563964844
2002-03-13,13.461853981018066
2002-03-14,13.496685981750488
2002-03-15,13.781296730041504
2002-03-18,13.751331329345703
2002-03-19,13.746350288391113
2002-03-20,13.531638145446777
2002-03-21,13.536632537841797
2002-03-22,13.531638145446777
2002-03-25,13.316925048828125
2002-03-26,13.48171329498291
2002-03-27,13.656468391418457
2002-03-28,13.556607246398926
2002-04-01,13.531638145446777
2002-04-02,13.581562995910645
2002-04-03,13.381848335266113
2002-04-04,13.50168514251709
2002-04-05,13.56658935546875
2002-04-08,13.606534004211426
2002-04-09,13.691426277160645
2002-04-10,13.741351127624512
2002-04-11,13.401819229125977
2002-04-12,13.571581840515137
2002-04-15,13.396821022033691
2002-04-16,13.671452522277832
2002-04-17,13.706399917602539
2002-04-18,13.706399917602539
2002-04-19,13.681436538696289
2002-04-22,13.496685981750488
2002-04-23,13.43177604675293
2002-04-24,13.346892356872559
2002-04-25,13.222058296203613
2002-04-26,13.17213249206543
2002-04-29,13.057283401489258
2002-04-30,13.212074279785156
2002-05-01,13.301952362060547
2002-05-02,13.43177604675293
2002-05-03,13.366874694824219
2002-05-06,13.057283401489258
2002-05-07,12.997365951538086
2002-05-08,13.381848335266113
2002-05-09,13.222058296203613
2002-05-10,13.052287101745605
2002-05-13,13.286969184875488
2002-05-14,13.49169635772705
2002-05-15,13.426786422729492
2002-05-16,13.58655834197998
2002-05-17,13.646482467651367
2002-05-20,13.4118070602417
2002-05-21,13.286969184875488
2002-05-22,13.311931610107422
2002-05-23,13.456745147705078
2002-05-24,13.366874694824219
2002-05-28,13.227049827575684
2002-05-29,13.222058296203613
2002-05-30,13.167135238647461
2002-05-31,13.17213249206543
2002-06-03,12.912483215332031
2002-06-04,12.827593803405762
2002-06-05,12.952421188354492
2002-06-06,12.672802925109863
2002-06-07,12.712745666503906
2002-06-10,12.78265380859375
2002-06-11,12.557957649230957
2002-06-12,12.627861022949219
2002-06-13,12.333271026611328
2002-06-14,12.448104858398438
2002-06-17,13.00735092163086
2002-06-18,13.03232192993164
2002-06-19,12.907482147216797
2002-06-20,12.647839546203613
2002-06-21,12.508414268493652
2002-06-24,12.543523788452148
2002-06-25,12.423148155212402
2002-06-26,12.187427520751953
2002-06-27,12.44823169708252
2002-06-28,12.608715057373047
2002-07-01,12.347916603088379
2002-07-02,12.177391052246094
2002-07-03,12.041982650756836
2002-07-05,12.503393173217773
2002-07-08,12.438196182250977
2002-07-09,12.112199783325195
2002-07-10,11.726009368896484
2002-07-11,11.886491775512695
2002-07-12,11.710963249206543
2002-07-15,11.710963249206543
2002-07-16,11.475242614746094
2002-07-17,11.405027389526367
2002-07-18,11.008804321289062
2002-07-19,10.77308177947998
2002-07-22,10.406952857971191
2002-07-23,9.815142631530762
2002-07-24,10.406952857971191
2002-07-25,10.331727027893066
2002-07-26,10.64770221710205
2002-07-29,11.359882354736328
2002-07-30,11.384960174560547
2002-07-31,11.560497283935547
2002-08-01,11.274621963500977
2002-08-02,10.988744735717773
2002-08-05,10.557421684265137
2002-08-06,10.903483390808105
2002-08-07,11.043915748596191
2002-08-08,11.620686531066895
2002-08-09,11.720991134643555
2002-08-12,11.590592384338379
2002-08-13,11.31474494934082
2002-08-14,11.766129493713379
2002-08-15,11.911579132080078
2002-08-16,11.826312065124512
2002-08-19,12.127241134643555
2002-08-20,11.961731910705566
2002-08-21,11.986809730529785
2002-08-22,12.127241134643555
2002-08-23,11.871454238891602
2002-08-26,12.04699420928955
2002-08-27,11.936654090881348
2002-08-28,11.741055488586426
2002-08-29,11.751086235046387
2002-08-30,11.77616024017334
2002-09-03,11.199390411376953
2002-09-04,11.410032272338867
2002-09-05,11.239510536193848
2002-09-06,11.410032272338867
2002-09-09,11.590592384338379
2002-09-10,11.520377159118652
2002-09-11,11.455172538757324
2002-09-12,11.134195327758789
2002-09-13,11.219457626342773
2002-09-16,11.194374084472656
2002-09-17,10.953640937805176
2002-09-18,10.863354682922363
2002-09-19,10.487203598022461
2002-09-20,10.437789916992188
2002-09-23,10.442831993103027
2002-09-24,10.241132736206055
2002-09-25,10.442831993103027
2002-09-26,10.745376586914062
2002-09-27,10.412576675415039
2002-09-30,10.422659873962402
2002-10-01,10.866390228271484
2002-10-02,10.43274974822998
2002-10-03,10.014228820800781
2002-10-04,9.736894607543945
2002-10-07,9.429306983947754
2002-10-08,9.79236125946045
2002-10-09,9.378887176513672
2002-10-10,9.873041152954102
2002-10-11,10.39240550994873
2002-10-14,10.468038558959961
2002-10-15,11.219359397888184
2002-10-16,11.017669677734375
2002-10-17,11.345420837402344
2002-10-18,11.335335731506348
2002-10-21,11.521904945373535
2002-10-22,11.416013717651367
2002-10-23,11.421062469482422
2002-10-24,11.21432113647461
2002-10-25,11.49669075012207
2002-10-28,11.46644115447998
2002-10-29,11.340380668640137
2002-10-30,11.46644115447998
2002-10-31,11.375680923461914
2002-11-01,11.537035942077637
2002-11-04,11.632840156555176
2002-11-05,11.67318058013916
2002-11-06,11.698390007019043
2002-11-07,11.274829864501953
2002-11-08,11.21432113647461
2002-11-11,11.093306541442871
2002-11-12,11.209271430969238
2002-11-13,11.153813362121582
2002-11-14,11.491649627685547
2002-11-15,11.597540855407715
2002-11-18,11.39584732055664
2002-11-19,11.400890350341797
2002-11-20,11.688308715820312
2002-11-21,11.965638160705566
2002-11-22,11.884961128234863
2002-11-25,11.864789962768555
2002-11-26,11.542078971862793
2002-11-27,11.900083541870117
2002-11-29,11.79924201965332
2002-12-02,11.79924201965332
2002-12-03,11.627798080444336
2002-12-04,11.627798080444336
2002-12-05,11.426098823547363
2002-12-06,11.516866683959961
2002-12-09,11.294994354248047
2002-12-10,11.46644115447998
2002-12-11,11.47652530670166
2002-12-12,11.426098823547363
2002-12-13,11.294994354248047
2002-12-16,11.617715835571289
2002-12-17,11.562243461608887
2002-12-18,11.345420837402344
2002-12-19,11.244571685791016
2002-12-20,11.489585876464844
2002-12-23,11.46422290802002
2002-12-24,11.362764358520508
2002-12-26,11.327259063720703
2002-12-27,11.119278907775879
2002-12-30,11.20044231414795
2002-12-31,11.159863471984863
2003-01-02,11.565668106079102
2003-01-03,11.555532455444336
2003-01-06,11.946125984191895
2003-01-07,11.814238548278809
2003-01-08,11.692492485046387
2003-01-09,11.925829887390137
2003-01-10,11.92076301574707
2003-01-13,11.956268310546875
2003-01-14,12.047576904296875
2003-01-15,11.870035171508789
2003-01-16,11.753365516662598
2003-01-17,11.717857360839844
2003-01-21,11.525094032287598
2003-01-22,11.342476844787598
2003-01-23,11.514945030212402
2003-01-24,11.073623657226562
2003-01-27,10.906227111816406
2003-01-28,11.0634765625
2003-01-29,11.083772659301758
2003-01-30,10.80477523803711
2003-01-31,11.017827033996582
2003-02-03,11.043187141418457
2003-02-04,10.779411315917969
2003-02-05,10.677957534790039
2003-02-06,10.551139831542969
2003-02-07,10.480125427246094
2003-02-10,10.551139831542969
2003-02-11,10.404035568237305
2003-02-12,10.272141456604004
2003-02-13,10.348235130310059
2003-02-14,10.581576347351074
2003-02-18,10.74897289276123
2003-02-19,10.723614692687988
2003-02-20,10.622157096862793
2003-02-21,10.779411315917969
2003-02-24,10.495344161987305
2003-02-25,10.596792221069336
2003-02-26,10.47504997253418
2003-02-27,10.627235412597656
2003-02-28,10.677957534790039
2003-03-03,10.561286926269531
2003-03-04,10.40910816192627
2003-03-05,10.5562162399292
2003-03-06,10.40910816192627
2003-03-07,10.500415802001953
2003-03-10,10.11996078491211
2003-03-11,9.952567100524902
2003-03-12,9.967784881591797
2003-03-13,10.393891334533691
2003-03-14,10.43954086303711
2003-03-17,10.759124755859375
2003-03-18,10.819993019104004
2003-03-19,10.97724437713623
2003-03-20,10.992464065551758
2003-03-21,11.271186828613281
2003-03-24,10.878838539123535
2003-03-25,10.960363388061523
2003-03-26,10.90941047668457
2003-03-27,10.843164443969727
2003-03-28,10.832979202270508
2003-03-31,10.578197479248047
2003-04-01,10.858451843261719
2003-04-02,11.143795013427734
2003-04-03,11.092839241027832
2003-04-04,11.204938888549805
2003-04-07,11.245705604553223
2003-04-08,11.245705604553223
2003-04-09,11.087749481201172
2003-04-10,11.179466247558594
2003-04-11,11.1743745803833
2003-04-14,11.398578643798828
2003-04-15,11.592196464538574
2003-04-16,11.434237480163574
2003-04-17,11.638056755065918
2003-04-21,11.597299575805664
2003-04-22,11.953972816467285
2003-04-23,12.040599822998047
2003-04-24,11.790924072265625
2003-04-25,11.663538932800293
2003-04-28,11.867359161376953
2003-04-29,11.882641792297363
2003-04-30,11.90811824798584
2003-05-01,11.90302562713623
2003-05-02,12.091557502746582
2003-05-05,12.040599822998047
2003-05-06,12.132317543029785
2003-05-07,12.055882453918457
2003-05-08,11.918315887451172
2003-05-09,11.99474048614502
2003-05-12,12.132317543029785
2003-05-13,12.09665298461914
2003-05-14,12.091557502746582
2003-05-15,12.213854789733887
2003-05-16,12.244421005249023
2003-05-19,11.913214683532715
2003-05-20,11.923405647277832
2003-05-21,11.94888687133789
2003-05-22,11.984552383422852
2003-05-23,12.030415534973145
2003-05-27,12.249516487121582
2003-05-28,12.397287368774414
2003-05-29,12.264799118041992
2003-05-30,12.514482498168945
2003-06-02,12.626585006713867
2003-06-03,12.69791316986084
2003-06-04,12.881354331970215
2003-06-05,12.962882995605469
2003-06-06,12.952692031860352
2003-06-09,12.682631492614746
2003-06-10,12.789634704589844
2003-06-11,12.98326301574707
2003-06-12,12.95779037475586
2003-06-13,12.911930084228516
2003-06-16,13.227849960327148
2003-06-17,13.222746849060059
2003-06-18,13.095369338989258
2003-06-19,12.784538269042969
2003-06-20,12.823443412780762
2003-06-23,12.623802185058594
2003-06-24,12.695469856262207
2003-06-25,12.613557815551758
2003-06-26,12.72105884552002
2003-06-27,12.613557815551758
2003-06-30,12.567489624023438
2003-07-01,12.715943336486816
2003-07-02,12.874637603759766
2003-07-03,12.813209533691406
2003-07-07,13.03332233428955
2003-07-08,13.120354652404785
2003-07-09,13.099886894226074
2003-07-10,12.910470008850098
2003-07-11,13.089649200439453
2003-07-14,13.335367202758789
2003-07-15,13.263692855834961
2003-07-16,13.197145462036133
2003-07-17,12.977020263671875
2003-07-18,13.135716438293457
2003-07-21,12.982139587402344
2003-07-22,13.110114097595215
2003-07-23,13.069161415100098
2003-07-24,13.012847900390625
2003-07-25,13.320002555847168
2003-07-28,13.268810272216797
2003-07-29,13.125475883483887
2003-07-30,13.130589485168457
2003-07-31,13.115241050720215
2003-08-01,12.859280586242676
2003-08-04,12.874637603759766
2003-08-05,12.664754867553711
2003-08-06,12.838801383972168
2003-08-07,12.900238037109375
2003-08-08,12.961658477783203
2003-08-11,12.936066627502441
2003-08-12,13.089649200439453
2003-08-13,12.992379188537598
2003-08-14,13.115241050720215
2003-08-15,13.105002403259277
2003-08-18,13.120354652404785
2003-08-19,13.105002403259277
2003-08-20,13.074286460876465
2003-08-21,13.074286460876465
2003-08-22,12.823443412780762
2003-08-25,12.869518280029297
2003-08-26,12.895112991333008
2003-08-27,12.843924522399902
2003-08-28,12.900238037109375
2003-08-29,12.961658477783203
2003-09-02,13.192034721374512
2003-09-03,13.217623710632324
2003-09-04,13.161307334899902
2003-09-05,13.099886894226074
2003-09-08,13.22785758972168
2003-09-09,13.161307334899902
2003-09-10,12.946308135986328
2003-09-11,13.002616882324219
2003-09-12,13.023089408874512
2003-09-15,13.023089408874512
2003-09-16,13.176664352416992
2003-09-17,13.197145462036133
2003-09-18,13.514527320861816
2003-09-19,13.49343204498291
2003-09-22,13.297872543334961
2003-09-23,13.390501022338867
2003-09-24,13.15893268585205
2003-09-25,13.097168922424316
2003-09-26,13.025126457214355
2003-09-29,13.164069175720215
2003-09-30,13.07658576965332
2003-10-01,13.405952453613281
2003-10-02,13.431679725646973
2003-10-03,13.534598350524902
2003-10-06,13.596356391906738
2003-10-07,13.678688049316406
2003-10-08,13.65810489654541
2003-10-09,13.694131851196289
2003-10-10,13.694131851196289
2003-10-13,13.91027545928955
2003-10-14,13.992616653442383
2003-10-15,13.956587791442871
2003-10-16,13.972025871276855
2003-10-17,13.848516464233398
2003-10-20,13.853663444519043
2003-10-21,13.848516464233398
2003-10-22,13.652962684631348
2003-10-23,13.745598793029785
2003-10-24,13.730155944824219
2003-10-27,13.730155944824219
2003-10-28,13.905131340026855
2003-10-29,13.925721168518066
2003-10-30,13.94629955291748
2003-10-31,13.982325553894043
2003-11-03,14.131558418273926
2003-11-04,14.059515953063965
2003-11-05,14.028634071350098
2003-11-06,14.095537185668945
2003-11-07,13.94629955291748
2003-11-10,13.961742401123047
2003-11-11,13.915425300598145
2003-11-12,14.023490905761719
2003-11-13,13.977181434631348
2003-11-14,13.797056198120117
2003-11-17,13.761031150817871
2003-11-18,13.601493835449219
2003-11-19,13.704423904418945
2003-11-20,13.586058616638184
2003-11-21,13.663257598876953
2003-11-24,13.791913986206055
2003-11-25,13.869111061096191
2003-11-26,13.951446533203125
2003-11-28,13.930869102478027
2003-12-01,14.0903902053833
2003-12-02,14.049219131469727
2003-12-03,14.023490905761719
2003-12-04,14.059515953063965
2003-12-05,13.94629955291748
2003-12-08,14.074956893920898
2003-12-09,13.951446533203125
2003-12-10,13.874253273010254
2003-12-11,14.033780097961426
2003-12-12,14.074956893920898
2003-12-15,14.038931846618652
2003-12-16,14.162440299987793
2003-12-17,14.110979080200195
2003-12-18,14.234487533569336
2003-12-19,14.27797794342041
2003-12-22,14.355633735656738
2003-12-23,14.376333236694336
2003-12-24,14.376333236694336
2003-12-26,14.371155738830566
2003-12-29,14.56788444519043
2003-12-30,14.598939895629883
2003-12-31,14.562705039978027
2004-01-02,14.541994094848633
2004-01-05,14.661070823669434
2004-01-06,14.655884742736816
2004-01-07,14.666236877441406
2004-01-08,14.718016624450684
2004-01-09,14.666236877441406
2004-01-12,14.72836685180664
2004-01-13,14.655884742736816
2004-01-14,14.769781112670898
2004-01-15,14.894035339355469
2004-01-16,14.9406156539917
2004-01-20,14.919915199279785
2004-01-21,15.142522811889648
2004-01-22,15.142522811889648
2004-01-23,15.070047378540039
2004-01-26,15.277125358581543
2004-01-27,15.173585891723633
2004-01-28,14.904375076293945
2004-01-29,15.028632164001465
2004-01-30,15.038978576660156
2004-02-02,15.126982688903809
2004-02-03,15.142522811889648
2004-02-04,15.01827335357666
2004-02-05,15.013096809387207
2004-02-06,15.266766548156738
2004-02-09,15.204646110534668
2004-02-10,15.251236915588379
2004-02-11,15.484199523925781
2004-02-12,15.458316802978516
2004-02-13,15.42724895477295
2004-02-17,15.541135787963867
2004-02-18,15.458316802978516
2004-02-19,15.453139305114746
2004-02-20,15.411726951599121
2004-02-23,15.411726951599121
2004-02-24,15.349597930908203
2004-02-25,15.416901588439941
2004-02-26,15.432432174682617
2004-02-27,15.46866226196289
2004-03-01,15.57738208770752
2004-03-02,15.499724388122559
2004-03-03,15.592916488647461
2004-03-04,15.6343355178833
2004-03-05,15.768928527832031
2004-03-08,15.6860990524292
2004-03-09,15.582565307617188
2004-03-10,15.334063529968262
2004-03-11,15.085569381713867
2004-03-12,15.308189392089844
2004-03-15,15.085569381713867
2004-03-16,15.225357055664062
2004-03-17,15.40137004852295
2004-03-18,15.406539916992188
2004-03-19,15.237010955810547
2004-03-22,15.039402961730957
2004-03-23,15.034200668334961
2004-03-24,14.919792175292969
2004-03-25,15.075799942016602
2004-03-26,15.065401077270508
2004-03-29,15.257816314697266
2004-03-30,15.361818313598633
2004-03-31,15.289020538330078
2004-04-01,15.450222969055176
2004-04-02,15.393025398254395
2004-04-05,15.43463134765625
2004-04-06,15.424226760864258
2004-04-07,15.382621765136719
2004-04-08,15.356619834899902
2004-04-12,15.450222969055176
2004-04-13,15.122611999511719
2004-04-14,14.940591812133789
2004-04-15,14.85218334197998
2004-04-16,15.013394355773926
2004-04-19,14.987398147583008
2004-04-20,14.711783409118652
2004-04-21,14.706575393676758
2004-04-22,14.96140193939209
2004-04-23,14.883389472961426
2004-04-26,14.85218334197998
2004-04-27,14.888595581054688
2004-04-28,14.675372123718262
2004-04-29,14.628573417663574
2004-04-30,14.623373031616211
2004-05-03,14.722172737121582
2004-05-04,14.768993377685547
2004-05-05,14.753392219543457
2004-05-06,14.592171669006348
2004-05-07,14.28013801574707
2004-05-10,14.160545349121094
2004-05-11,14.233343124389648
2004-05-12,14.394559860229492
2004-05-13,14.420563697814941
2004-05-14,14.430954933166504
2004-05-17,14.243744850158691
2004-05-18,14.358153343200684
2004-05-19,14.368559837341309
2004-05-20,14.420563697814941
2004-05-21,14.508966445922852
2004-05-24,14.529759407043457
2004-05-25,14.73777961730957
2004-05-26,14.826192855834961
2004-05-27,14.862584114074707
2004-05-28,14.872989654541016
2004-06-01,14.815792083740234
2004-06-02,14.888595581054688
2004-06-03,14.768993377685547
2004-06-04,14.89378547668457
2004-06-07,15.10700798034668
2004-06-08,15.08620548248291
2004-06-09,14.930196762084961
2004-06-10,15.003002166748047
2004-06-14,14.794984817504883
2004-06-15,14.85218334197998
2004-06-16,14.87818431854248
2004-06-17,14.888595581054688
2004-06-18,14.907402992248535
2004-06-21,14.860366821289062
2004-06-22,14.93354606628418
2004-06-23,14.970125198364258
2004-06-24,15.001498222351074
2004-06-25,14.949217796325684
2004-06-28,14.938763618469238
2004-06-29,14.876049995422363
2004-06-30,14.938763618469238
2004-07-01,14.834222793579102
2004-07-02,14.876049995422363
2004-07-06,14.771509170532227
2004-07-07,14.740138053894043
2004-07-08,14.630378723144531
2004-07-09,14.630378723144531
2004-07-12,14.698326110839844
2004-07-13,14.714011192321777
2004-07-14,14.646061897277832
2004-07-15,14.510150909423828
2004-07-16,14.51538372039795
2004-07-19,14.53628921508789
2004-07-20,14.609474182128906
2004-07-21,14.46311092376709
2004-07-22,14.478799819946289
2004-07-23,14.405617713928223
2004-07-26,14.410837173461914
2004-07-27,14.531063079833984
2004-07-28,14.578102111816406
2004-07-29,14.640838623046875
2004-07-30,14.619922637939453
2004-08-02,14.708772659301758
2004-08-03,14.619922637939453
2004-08-04,14.656512260437012
2004-08-05,14.416069030761719
2004-08-06,14.290620803833008
2004-08-09,14.27493667602539
2004-08-10,14.473559379577637
2004-08-11,14.51538372039795
2004-08-12,14.363801956176758
2004-08-13,14.379476547241211
2004-08-16,14.599014282226562
2004-08-17,14.682646751403809
2004-08-18,14.860366821289062
2004-08-19,14.797640800476074
2004-08-20,14.949217796325684
2004-08-23,14.896950721740723
2004-08-24,14.923088073730469
2004-08-25,15.053766250610352
2004-08-26,15.090349197387695
2004-08-27,15.106037139892578
2004-08-30,15.017172813415527
2004-08-31,15.095586776733398
2004-09-01,15.038084030151367
2004-09-02,15.205348014831543
2004-09-03,15.200119018554688
2004-09-07,15.383060455322266
2004-09-08,15.268081665039062
2004-09-09,15.2523832321167
2004-09-10,15.32557201385498
2004-09-13,15.283744812011719
2004-09-14,15.304661750793457
2004-09-15,15.247160911560059
2004-09-16,15.32557201385498
2004-09-17,15.361305236816406
2004-09-20,15.203646659851074
2004-09-21,15.329761505126953
2004-09-22,15.051239013671875
2004-09-23,14.898837089538574
2004-09-24,14.956649780273438
2004-09-27,14.883070945739746
2004-09-28,14.940878868103027
2004-09-29,14.993427276611328
2004-09-30,14.956649780273438
2004-10-01,15.208902359008789
2004-10-04,15.229921340942383
2004-10-05,15.145833969116211
2004-10-06,15.25620174407959
2004-10-07,15.214155197143555
2004-10-08,15.161603927612305
2004-10-11,15.203646659851074
2004-10-12,15.193129539489746
2004-10-13,15.093279838562012
2004-10-14,14.725414276123047
2004-10-15,14.746427536010742
2004-10-18,14.809494018554688
2004-10-19,14.562493324279785
2004-10-20,14.48891830444336
2004-10-21,14.478409767150879
2004-10-22,14.399580001831055
2004-10-25,14.39432430267334
2004-10-26,14.714892387390137
2004-10-27,14.935626983642578
2004-10-28,15.014447212219238
2004-10-29,15.03547477722168
2004-11-01,15.082769393920898
2004-11-02,15.145833969116211
2004-11-03,15.235177040100098
2004-11-04,15.492683410644531
2004-11-05,15.461148262023926
2004-11-08,15.440136909484863
2004-11-09,15.424365043640137
2004-11-10,15.466401100158691
2004-11-11,15.613556861877441
2004-11-12,15.676626205444336
2004-11-15,15.723920822143555
2004-11-16,15.592541694641113
2004-11-17,15.629318237304688
2004-11-18,15.592541694641113
2004-11-19,15.39283561706543
2004-11-22,15.48217487335205
2004-11-23,15.518967628479004
2004-11-24,15.582023620605469
2004-11-26,15.592541694641113
2004-11-29,15.518967628479004
2004-11-30,15.503192901611328
2004-12-01,15.807999610900879
2004-12-02,15.781728744506836
2004-12-03,15.776468276977539
2004-12-06,15.765970230102539
2004-12-07,15.6345853805542
2004-12-08,15.676626205444336
2004-12-09,15.76070785522461
2004-12-10,15.786980628967285
2004-12-13,15.892090797424316
2004-12-14,15.944642066955566
2004-12-15,16.028728485107422
2004-12-16,15.918366432189941
2004-12-17,15.869192123413086
2004-12-20,15.842752456665039
2004-12-21,16.048986434936523
2004-12-22,16.138874053955078
2004-12-23,16.170608520507812
2004-12-27,16.086000442504883
2004-12-28,16.160024642944336
2004-12-29,16.123016357421875
2004-12-30,16.1441593170166
2004-12-31,16.1441593170166
2005-01-03,16.086000442504883
2005-01-04,15.932642936706543
2005-01-05,15.906200408935547
2005-01-06,15.98552417755127
2005-01-07,15.900919914245605
2005-01-10,15.916790008544922
2005-01-11,15.84804630279541
2005-01-12,15.826887130737305
2005-01-13,15.673538208007812
2005-01-14,15.726412773132324
2005-01-18,15.974944114685059
2005-01-19,15.816307067871094
2005-01-20,15.69997501373291
2005-01-21,15.620654106140137
2005-01-24,15.625948905944824
2005-01-25,15.636516571044922
2005-01-26,15.710551261901855
2005-01-27,15.631234169006348
2005-01-28,15.610077857971191
2005-01-31,15.795153617858887
2005-02-01,15.964367866516113
2005-02-02,15.964367866516113
2005-02-03,15.890338897705078
2005-02-04,16.08070182800293
2005-02-07,16.096580505371094
2005-02-08,16.033119201660156
2005-02-09,15.990812301635742
2005-02-10,16.038408279418945
2005-02-11,16.165313720703125
2005-02-14,16.138874053955078
2005-02-15,16.175886154174805
2005-02-16,16.064847946166992
2005-02-17,15.922069549560547
2005-02-18,15.75285530090332
2005-02-22,15.520182609558105
2005-02-23,15.662958145141602
2005-02-24,15.684118270874023
2005-02-25,15.842752456665039
2005-02-28,15.689404487609863
2005-03-01,15.842752456665039
2005-03-02,15.795153617858887
2005-03-03,15.768726348876953
2005-03-04,15.969661712646484
2005-03-07,15.969661712646484
2005-03-08,15.943220138549805
2005-03-09,15.747570037841797
2005-03-10,15.8374662399292
2005-03-11,15.69997501373291
2005-03-14,15.784584045410156
2005-03-15,15.67881965637207
2005-03-16,15.520182609558105
2005-03-17,15.47787094116211
2005-03-18,15.400797843933105
2005-03-21,15.262575149536133
2005-03-22,14.980813026428223
2005-03-23,15.012718200683594
2005-03-24,14.938292503356934
2005-03-28,15.044610023498535
2005-03-29,14.991458892822266
2005-03-30,15.177519798278809
2005-03-31,15.092462539672852
2005-04-01,14.885133743286133
2005-04-04,14.991458892822266
2005-04-05,15.03398323059082
2005-04-06,15.134992599487305
2005-04-07,15.193466186523438
2005-04-08,15.055246353149414
2005-04-11,15.087143898010254
2005-04-12,15.294474601745605
2005-04-13,15.071192741394043
2005-04-14,14.901082992553711
2005-04-15,14.741597175598145
2005-04-18,14.863870620727539
2005-04-19,14.885133743286133
2005-04-20,14.699060440063477
2005-04-21,14.784130096435547
2005-04-22,14.74691104888916
2005-04-25,14.932982444763184
2005-04-26,14.847921371459961
2005-04-27,15.055246353149414
2005-04-28,14.890450477600098
2005-04-29,15.119041442871094
2005-05-02,15.156253814697266
2005-05-03,15.172205924987793
2005-05-04,15.464587211608887
2005-05-05,15.39547061920166
2005-05-06,15.283846855163574
2005-05-09,15.416743278503418
2005-05-10,15.21473217010498
2005-05-11,15.283846855163574
2005-05-12,15.140304565429688
2005-05-13,15.007412910461426
2005-05-16,15.273204803466797
2005-05-17,15.368894577026367
2005-05-18,15.549644470214844
2005-05-19,15.565594673156738
2005-05-20,15.549644470214844
2005-05-23,15.570918083190918
2005-05-24,15.517754554748535
2005-05-25,15.464587211608887
2005-05-26,15.565594673156738
2005-05-27,15.592174530029297
2005-05-31,15.565594673156738
2005-06-01,15.687862396240234
2005-06-02,15.645342826843262
2005-06-03,15.565594673156738
2005-06-06,15.602811813354492
2005-06-07,15.592174530029297
2005-06-08,15.602811813354492
2005-06-09,15.650654792785645
2005-06-10,15.602811813354492
2005-06-13,15.602811813354492
2005-06-14,15.645342826843262
2005-06-15,15.6825532913208
2005-06-16,15.762290954589844
2005-06-17,15.845183372497559
2005-06-20,15.807743072509766
2005-06-21,15.8665771484375
2005-06-22,15.845183372497559
2005-06-23,15.700787544250488
2005-06-24,15.674060821533203
2005-06-27,15.668707847595215
2005-06-28,15.786355972290039
2005-06-29,15.86122989654541
2005-06-30,15.75961685180664
2005-07-01,15.775662422180176
2005-07-05,15.904004096984863
2005-07-06,15.786355972290039
2005-07-07,15.818437576293945
2005-07-08,15.978878021240234
2005-07-11,16.04838752746582
2005-07-12,16.04838752746582
2005-07-13,16.11790657043457
2005-07-14,16.19812774658203
2005-07-15,16.24090576171875
2005-07-18,16.069786071777344
2005-07-19,16.06443214416504
2005-07-20,16.123258590698242
2005-07-21,16.03769302368164
2005-07-22,16.123258590698242
2005-07-25,16.059085845947266
2005-07-26,16.080486297607422
2005-07-27,16.101871490478516
2005-07-28,16.149999618530273
2005-07-29,16.005605697631836
2005-08-01,16.005605697631836
2005-08-02,16.123258590698242
2005-08-03,16.1446533203125
2005-08-04,16.032352447509766
2005-08-05,15.850531578063965
2005-08-08,15.786355972290039
2005-08-09,15.88796615600586
2005-08-10,15.871912956237793
2005-08-11,15.930744171142578
2005-08-12,15.88796615600586
2005-08-15,15.962831497192383
2005-08-16,15.855875968933105
2005-08-17,15.893316268920898
2005-08-18,15.882621765136719
2005-08-19,15.909358978271484
2005-08-22,15.952132225036621
2005-08-23,15.850531578063965
2005-08-24,15.668707847595215
2005-08-25,15.748917579650879
2005-08-26,15.583150863647461
2005-08-29,15.70613956451416
2005-08-30,15.567103385925293
2005-08-31,15.743576049804688
2005-09-01,15.781010627746582
2005-09-02,15.770308494567871
2005-09-06,15.962831497192383
2005-09-07,15.925394058227539
2005-09-08,15.834484100341797
2005-09-09,15.973526954650879
2005-09-12,16.02165412902832
2005-09-13,15.88796615600586
2005-09-14,15.871912956237793
2005-09-15,15.882621765136719
2005-09-16,16.109603881835938
2005-09-19,15.964362144470215
2005-09-20,15.878314971923828
2005-09-21,15.614749908447266
2005-09-22,15.733083724975586
2005-09-23,15.786881446838379
2005-09-26,15.700811386108398
2005-09-27,15.754600524902344
2005-09-28,15.62551212310791
2005-09-29,15.915960311889648
2005-09-30,15.878314971923828
2005-10-03,15.840659141540527
2005-10-04,15.641644477844238
2005-10-05,15.577089309692383
2005-10-06,15.620135307312012
2005-10-07,15.673917770385742
2005-10-10,15.507169723510742
2005-10-11,15.458762168884277
2005-10-12,15.388837814331055
2005-10-13,15.464139938354492
2005-10-14,15.636266708374023
2005-10-17,15.652402877807617
2005-10-18,15.528679847717285
2005-10-19,15.840659141540527
2005-10-20,15.700811386108398
2005-10-21,15.792247772216797
2005-10-24,16.104223251342773
2005-10-25,16.01277732849121
2005-10-26,16.1203556060791
2005-10-27,16.028915405273438
2005-10-28,16.303234100341797
2005-10-31,16.36240577697754
2005-11-01,16.303234100341797
2005-11-02,16.437711715698242
2005-11-03,16.448476791381836
2005-11-04,16.47536849975586
2005-11-07,16.615211486816406
2005-11-08,16.566795349121094
2005-11-09,16.609834671020508
2005-11-10,16.94331932067871
2005-11-11,17.002479553222656
2005-11-14,17.013246536254883
2005-11-15,16.857261657714844
2005-11-16,16.765825271606445
2005-11-17,16.964832305908203
2005-11-18,17.0509033203125
2005-11-21,17.131582260131836
2005-11-22,17.282184600830078
2005-11-23,17.41666030883789
2005-11-25,17.454307556152344
2005-11-28,17.373626708984375
2005-11-29,17.362871170043945
2005-11-30,17.142333984375
2005-12-01,17.233776092529297
2005-12-02,17.271427154541016
2005-12-05,17.23916244506836
2005-12-06,17.18536949157715
2005-12-07,17.045528411865234
2005-12-08,17.034757614135742
2005-12-09,17.158470153808594
2005-12-12,17.083168029785156
2005-12-13,17.30370330810547
2005-12-14,17.36824607849121
2005-12-15,17.271427154541016
2005-12-16,17.313650131225586
2005-12-19,17.162073135375977
2005-12-20,17.23786735534668
2005-12-21,17.286584854125977
2005-12-22,17.40569496154785
2005-12-23,17.42734718322754
2005-12-27,17.292003631591797
2005-12-28,17.254106521606445
2005-12-29,17.23786735534668
2005-12-30,17.145824432373047
2006-01-03,17.432758331298828
2006-01-04,17.41652488708496
2006-01-05,17.476076126098633
2006-01-06,17.578943252563477
2006-01-09,17.62765884399414
2006-01-10,17.643903732299805
2006-01-11,17.741361618041992
2006-01-12,17.616836547851562
2006-01-13,17.606006622314453
2006-01-17,17.421937942504883
2006-01-18,17.373212814331055
2006-01-19,17.319063186645508
2006-01-20,16.956340789794922
2006-01-23,16.999643325805664
2006-01-24,17.075437545776367
2006-01-25,17.10793113708496
2006-01-26,17.400279998779297
2006-01-27,17.41652488708496
2006-01-30,17.362384796142578
2006-01-31,17.297412872314453
2006-02-01,17.286584854125977
2006-02-02,17.16748046875
2006-02-03,17.097095489501953
2006-02-06,17.145824432373047
2006-02-07,17.032133102416992
2006-02-08,17.140417098999023
2006-02-09,17.18372344970703
2006-02-10,17.28117561340332
2006-02-13,17.216215133666992
2006-02-14,17.421937942504883
2006-02-15,17.524795532226562
2006-02-16,17.62765884399414
2006-02-17,17.557281494140625
2006-02-21,17.503143310546875
2006-02-22,17.833393096923828
2006-02-23,17.76842498779297
2006-02-24,17.806324005126953
2006-02-27,17.838809967041016
2006-02-28,17.665559768676758
2006-03-01,17.757598876953125
2006-03-02,17.649316787719727
2006-03-03,17.606006622314453
2006-03-06,17.55187225341797
2006-03-07,17.61142349243164
2006-03-08,17.622251510620117
2006-03-09,17.513973236083984
2006-03-10,17.670969009399414
2006-03-13,17.676389694213867
2006-03-14,17.882123947143555
2006-03-15,17.90377426147461
2006-03-16,17.96332359313965
2006-03-17,18.016124725341797
2006-03-20,18.027006149291992
2006-03-21,17.847394943237305
2006-03-22,17.988906860351562
2006-03-23,17.90182113647461
2006-03-24,17.896377563476562
2006-03-27,17.88549041748047
2006-03-28,17.738534927368164
2006-03-29,17.82017707824707
2006-03-30,17.71131706237793
2006-03-31,17.716760635375977
2006-04-03,17.743976593017578
2006-04-04,17.934484481811523
2006-04-05,17.967134475708008
2006-04-06,17.90182113647461
2006-04-07,17.733091354370117
2006-04-10,17.7657413482666
2006-04-11,17.61335563659668
2006-04-12,17.65144157409668
2006-04-13,17.678661346435547
2006-04-17,17.66233253479004
2006-04-18,17.988906860351562
2006-04-19,18.01067352294922
2006-04-20,18.048778533935547
2006-04-21,18.027006149291992
2006-04-24,18.03244972229004
2006-04-25,17.92359161376953
2006-04-26,18.027006149291992
2006-04-27,18.310041427612305
2006-04-28,18.484214782714844
2006-05-01,18.19573974609375
2006-05-02,18.310041427612305
2006-05-03,18.293712615966797
2006-05-04,18.33181381225586
2006-05-05,18.593076705932617
2006-05-08,18.51686668395996
2006-05-09,18.549522399902344
2006-05-10,18.56041717529297
2006-05-11,18.255617141723633
2006-05-12,18.070547103881836
2006-05-15,18.19573974609375
2006-05-16,18.173967361450195
2006-05-17,17.809289932250977
2006-05-18,17.65144157409668
2006-05-19,17.743976593017578
2006-05-22,17.70043182373047
2006-05-23,17.61335563659668
2006-05-24,17.624229431152344
2006-05-25,17.782072067260742
2006-05-26,17.929040908813477
2006-05-30,17.66233253479004
2006-05-31,17.787517547607422
2006-06-01,17.994356155395508
2006-06-02,18.097761154174805
2006-06-05,17.803855895996094
2006-06-06,17.760305404663086
2006-06-07,17.82017707824707
2006-06-08,17.852834701538086
2006-06-09,17.792959213256836
2006-06-12,17.59701156616211
2006-06-13,17.25411605834961
2006-06-14,17.150697708129883
2006-06-15,17.531694412231445
2006-06-16,17.420560836791992
2006-06-19,17.300127029418945
2006-06-20,17.349397659301758
2006-06-21,17.491729736328125
2006-06-22,17.426042556762695
2006-06-23,17.311073303222656
2006-06-26,17.464351654052734
2006-06-27,17.294647216796875
2006-06-28,17.387718200683594
2006-06-29,17.75452995300293
2006-06-30,17.705245971679688
2006-07-03,17.913286209106445
2006-07-05,17.743574142456055
2006-07-06,17.798315048217773
2006-07-07,17.710721969604492
2006-07-10,17.831178665161133
2006-07-11,17.836647033691406
2006-07-12,17.66145896911621
2006-07-13,17.38224220275879
2006-07-14,17.311073303222656
2006-07-17,17.34391975402832
2006-07-18,17.38224220275879
2006-07-19,17.842121124267578
2006-07-20,17.770952224731445
2006-07-21,17.672401428222656
2006-07-24,17.9023380279541
2006-07-25,17.946138381958008
2006-07-26,17.924240112304688
2006-07-27,17.820219039916992
2006-07-28,18.13774871826172
2006-07-31,18.110380172729492
2006-08-01,18.055635452270508
2006-08-02,18.08847999572754
2006-08-03,18.16513442993164
2006-08-04,18.20345115661621
2006-08-07,18.16513442993164
2006-08-08,18.033733367919922
2006-08-09,17.820219039916992
2006-08-10,17.907808303833008
2006-08-11,17.853069305419922
2006-08-14,17.87496566772461
2006-08-15,18.17608070373535
2006-08-16,18.274629592895508
2006-08-17,18.3348331451416
2006-08-18,18.362211227416992
2006-08-21,18.291046142578125
2006-08-22,18.28557014465332
2006-08-23,18.230815887451172
2006-08-24,18.291046142578125
2006-08-25,18.192502975463867
2006-08-28,18.323894500732422
2006-08-29,18.24724006652832
2006-08-30,18.301990509033203
2006-08-31,18.323894500732422
2006-09-01,18.35127067565918
2006-09-05,18.416963577270508
2006-09-06,18.35674476623535
2006-09-07,18.214401245117188
2006-09-08,18.318422317504883
2006-09-11,18.32937240600586
2006-09-12,18.564783096313477
2006-09-13,18.701644897460938
2006-09-14,18.745447158813477
2006-09-15,18.802703857421875
2006-09-18,18.78068733215332
2006-09-19,18.813718795776367
2006-09-20,18.94036293029785
2006-09-21,18.808202743530273
2006-09-22,18.841243743896484
2006-09-25,19.03395652770996
2006-09-26,19.138574600219727
2006-09-27,19.05046844482422
2006-09-28,19.116558074951172
2006-09-29,19.061492919921875
2006-10-02,19.017440795898438
2006-10-03,19.20463752746582
2006-10-04,19.435890197753906
2006-10-05,19.424882888793945
2006-10-06,19.358806610107422
2006-10-09,19.413862228393555
2006-10-10,19.413862228393555
2006-10-11,19.364307403564453
2006-10-12,19.468923568725586
2006-10-13,19.54050636291504
2006-10-16,19.435890197753906
2006-10-17,19.435890197753906
2006-10-18,19.49094581604004
2006-10-19,19.364307403564453
2006-10-20,19.34229278564453
2006-10-23,19.468923568725586
2006-10-24,19.463424682617188
2006-10-25,19.54600715637207
2006-10-26,19.68364906311035
2006-10-27,19.534996032714844
2006-10-30,19.54050636291504
2006-10-31,19.507471084594727
2006-11-01,19.386337280273438
2006-11-02,19.331281661987305
2006-11-03,19.331281661987305
2006-11-06,19.55702018737793
2006-11-07,19.601072311401367
2006-11-08,19.68364906311035
2006-11-09,19.551511764526367
2006-11-10,19.711183547973633
2006-11-13,19.689165115356445
2006-11-14,19.80478286743164
2006-11-15,19.77725601196289
2006-11-16,19.96996307373047
2006-11-17,19.82130241394043
2006-11-20,19.94794273376465
2006-11-21,19.91490364074707
2006-11-22,19.936931610107422
2006-11-24,19.83782196044922
2006-11-27,19.529491424560547
2006-11-28,19.56252670288086
2006-11-29,19.68364906311035
2006-11-30,19.64510726928711
2006-12-01,19.529491424560547
2006-12-04,19.80478286743164
2006-12-05,19.89838409423828
2006-12-06,19.925918579101562
2006-12-07,19.87636947631836
2006-12-08,19.936931610107422
2006-12-11,20.047046661376953
2006-12-12,20.063560485839844
2006-12-13,20.08559226989746
2006-12-14,20.256275177001953
2006-12-15,20.30675506591797
2006-12-18,20.40662956237793
2006-12-19,20.389984130859375
2006-12-20,20.456573486328125
2006-12-21,20.367780685424805
2006-12-22,20.267927169799805
2006-12-26,20.45101547241211
2006-12-27,20.595277786254883
2006-12-28,20.500951766967773
2006-12-29,20.384435653686523
2007-01-03,20.48430633544922
2007-01-04,20.41773223876953
2007-01-05,20.256824493408203
2007-01-08,20.345600128173828
2007-01-09,20.312305450439453
2007-01-10,20.378894805908203
2007-01-11,20.506498336791992
2007-01-12,20.528684616088867
2007-01-16,20.584184646606445
2007-01-17,20.528684616088867
2007-01-18,20.44546890258789
2007-01-19,20.506498336791992
2007-01-22,20.489850997924805
2007-01-23,20.478759765625
2007-01-24,20.689598083496094
2007-01-25,20.389984130859375
2007-01-26,20.428829193115234
2007-01-29,20.328956604003906
2007-01-30,20.40662956237793
2007-01-31,20.573076248168945
2007-02-01,20.706241607666016
2007-02-02,20.74508285522461
2007-02-05,20.739524841308594
2007-02-06,20.83384895324707
2007-02-07,20.91152000427246
2007-02-08,20.844945907592773
2007-02-09,20.623014450073242
2007-02-12,20.573076248168945
2007-02-13,20.722881317138672
2007-02-14,20.922618865966797
2007-02-15,20.955904006958008
2007-02-16,20.95036506652832
2007-02-20,21.06133460998535
2007-02-21,20.97256088256836
2007-02-22,20.88932991027832
2007-02-23,20.695138931274414
2007-02-26,20.54534149169922
2007-02-27,19.58548355102539
2007-02-28,19.94611167907715
2007-03-01,19.92392921447754
2007-03-02,19.696449279785156
2007-03-05,19.3857421875
2007-03-06,19.790769577026367
2007-03-07,19.674257278442383
2007-03-08,19.851802825927734
2007-03-09,19.901731491088867
2007-03-12,19.901731491088867
2007-03-13,19.308073043823242
2007-03-14,19.35245132446289
2007-03-15,19.58548355102539
2007-03-16,19.51193618774414
2007-03-19,19.640087127685547
2007-03-20,19.818374633789062
2007-03-21,20.269678115844727
2007-03-22,20.14710807800293
2007-03-23,20.169391632080078
2007-03-26,20.069091796875
2007-03-27,19.946521759033203
2007-03-28,19.695810317993164
2007-03-29,19.79608917236328
2007-03-30,19.8518123626709
2007-04-02,19.667936325073242
2007-04-03,19.9130916595459
2007-04-04,19.9130916595459
2007-04-05,19.92424201965332
2007-04-09,19.918664932250977
2007-04-10,20.007814407348633
2007-04-11,19.840662002563477
2007-04-12,19.807233810424805
2007-04-13,19.890806198120117
2007-04-16,20.375551223754883
2007-04-17,20.369964599609375
2007-04-18,20.603984832763672
2007-04-19,20.57611656188965
2007-04-20,20.68198585510254
2007-04-23,20.62626838684082
2007-04-24,20.564979553222656
2007-04-25,20.843564987182617
2007-04-26,20.81012535095215
2007-04-27,20.782272338867188
2007-04-30,20.620689392089844
2007-05-01,20.65969467163086
2007-05-02,20.74884796142578
2007-05-03,20.94384765625
2007-05-04,21.01627540588379
2007-05-07,21.04413604736328
2007-05-08,20.99956512451172
2007-05-09,21.11100196838379
2007-05-10,20.81012535095215
2007-05-11,21.03299331665039
2007-05-14,20.932714462280273
2007-05-15,20.88256072998047
2007-05-16,21.122148513793945
2007-05-17,21.01627540588379
2007-05-18,21.071996688842773
2007-05-21,21.094289779663086
2007-05-22,21.11100196838379
2007-05-23,21.094289779663086
2007-05-24,20.90484619140625
2007-05-25,20.94384765625
2007-05-29,21.03299331665039
2007-05-30,21.1778621673584
2007-05-31,21.116575241088867
2007-06-01,21.183433532714844
2007-06-04,21.155580520629883
2007-06-05,21.027427673339844
2007-06-06,20.849136352539062
2007-06-07,20.498117446899414
2007-06-08,20.73769187927246
2007-06-11,20.832420349121094
2007-06-12,20.548261642456055
2007-06-13,20.938278198242188
2007-06-14,20.90484619140625
2007-06-15,20.979917526245117
2007-06-18,20.974315643310547
2007-06-19,21.063947677612305
2007-06-20,20.6942081451416
2007-06-21,20.727825164794922
2007-06-22,20.464521408081055
2007-06-25,20.302061080932617
2007-06-26,20.11158561706543
2007-06-27,20.41411018371582
2007-06-28,20.3804931640625
2007-06-29,20.268451690673828
2007-07-02,20.44211196899414
2007-07-03,20.621381759643555
2007-07-05,20.447717666625977
2007-07-06,20.548559188842773
2007-07-09,20.464521408081055
2007-07-10,20.033157348632812
2007-07-11,20.10038948059082
2007-07-12,20.47012710571289
2007-07-13,20.548559188842773
2007-07-16,20.475736618041992
2007-07-17,20.542951583862305
2007-07-18,20.279651641845703
2007-07-19,20.212421417236328
2007-07-20,19.859498977661133
2007-07-23,19.848291397094727
2007-07-24,19.349702835083008
2007-07-25,19.4393367767334
2007-07-26,18.97995948791504
2007-07-27,18.683055877685547
2007-07-30,19.035987854003906
2007-07-31,18.430953979492188
2007-08-01,18.638229370117188
2007-08-02,18.761484146118164
2007-08-03,17.96037483215332
2007-08-06,18.879131317138672
2007-08-07,19.01357650756836
2007-08-08,19.467344284057617
2007-08-09,18.76708221435547
2007-08-10,18.683055877685547
2007-08-13,18.514989852905273
2007-08-14,18.1900691986084
2007-08-15,18.02760124206543
2007-08-16,18.571012496948242
2007-08-17,19.32729721069336
2007-08-20,19.06959342956543
2007-08-21,19.20404624938965
2007-08-22,19.254472732543945
2007-08-23,19.2824764251709
2007-08-24,19.349702835083008
2007-08-27,19.12562370300293
2007-08-28,18.554201126098633
2007-08-29,18.778284072875977
2007-08-30,18.660640716552734
2007-08-31,18.907135009765625
2007-09-04,19.052793502807617
2007-09-05,18.823104858398438
2007-09-06,18.683055877685547
2007-09-07,18.492572784423828
2007-09-10,18.430953979492188
2007-09-11,18.62142562866211
2007-09-12,18.660640716552734
2007-09-13,18.968753814697266
2007-09-14,19.035987854003906
2007-09-17,18.856718063354492
2007-09-18,19.568185806274414
2007-09-19,19.691431045532227
2007-09-20,19.450531005859375
2007-09-21,19.52672004699707
2007-09-24,19.255836486816406
2007-09-25,19.216327667236328
2007-09-26,19.22197914123535
2007-09-27,19.447715759277344
2007-09-28,19.36870574951172
2007-10-01,19.73554039001465
2007-10-02,19.96128273010254
2007-10-03,19.916139602661133
2007-10-04,20.034648895263672
2007-10-05,20.25474739074707
2007-10-08,19.978214263916016
2007-10-09,20.147523880004883
2007-10-10,20.034648895263672
2007-10-11,19.92742347717285
2007-10-12,20.057220458984375
2007-10-15,19.65088653564453
2007-10-16,19.28404998779297
2007-10-17,19.272768020629883
2007-10-18,19.03009796142578
2007-10-19,18.398012161254883
2007-10-22,18.62376594543457
2007-10-23,18.7253360748291
2007-10-24,18.584251403808594
2007-10-25,18.56731414794922
2007-10-26,19.018810272216797
2007-10-29,19.075239181518555
2007-10-30,18.78177833557129
2007-10-31,19.035741806030273
2007-11-01,18.059406280517578
2007-11-02,17.9691104888916
2007-11-05,17.647422790527344
2007-11-06,17.946531295776367
2007-11-07,16.964550018310547
2007-11-08,17.139493942260742
2007-11-09,17.009702682495117
2007-11-12,17.071773529052734
2007-11-13,17.8731632232666
2007-11-14,17.805442810058594
2007-11-15,17.35395050048828
2007-11-16,17.218509674072266
2007-11-19,16.7557430267334
2007-11-20,16.38890266418457
2007-11-21,16.13494873046875
2007-11-23,16.518714904785156
2007-11-26,15.965641021728516
2007-11-27,16.253454208374023
2007-11-28,17.224153518676758
2007-11-29,17.071773529052734
2007-11-30,17.495046615600586
2007-12-03,17.35395050048828
2007-12-04,17.03227424621582
2007-12-05,17.286230087280273
2007-12-06,17.844951629638672
2007-12-07,17.60791015625
2007-12-10,17.980388641357422
2007-12-11,17.071773529052734
2007-12-12,16.94198226928711
2007-12-13,16.93633270263672
2007-12-14,16.563858032226562
2007-12-17,16.38890266418457
2007-12-18,16.400192260742188
2007-12-19,16.496137619018555
2007-12-20,16.37761688232422
2007-12-21,16.680593490600586
2007-12-24,16.9824275970459
2007-12-26,16.86284065246582
2007-12-27,16.521135330200195
2007-12-28,16.48126220703125
2007-12-31,16.475576400756836
2008-01-02,16.150959014892578
2008-01-03,16.04845428466797
2008-01-04,15.592853546142578
2008-01-07,15.632719039916992
2008-01-08,15.063211441040039
2008-01-09,15.3479642868042
2008-01-10,15.60993480682373
2008-01-11,15.661188125610352
2008-01-14,15.87759780883789
2008-01-15,15.222674369812012
2008-01-16,15.478958129882812
2008-01-17,14.693046569824219
2008-01-18,14.522196769714355
2008-01-22,14.835419654846191
2008-01-23,15.888989448547363
2008-01-24,15.894681930541992
2008-01-25,15.478958129882812
2008-01-28,16.031362533569336
2008-01-29,16.276248931884766
2008-01-30,15.945943832397461
2008-01-31,16.59516716003418
2008-02-01,16.902698516845703
2008-02-04,16.41292381286621
2008-02-05,15.746613502502441
2008-02-06,15.564376831054688
2008-02-07,15.706758499145508
2008-02-08,15.444785118103027
2008-02-11,15.103086471557617
2008-02-12,15.518817901611328
2008-02-13,15.46186637878418
2008-02-14,15.040441513061523
2008-02-15,15.27962589263916
2008-02-19,15.256842613220215
2008-02-20,15.433385848999023
2008-02-21,15.1600341796875
2008-02-22,15.490340232849121
2008-02-25,15.490340232849121
2008-02-26,15.627018928527832
2008-02-27,15.69536304473877
2008-02-28,15.205591201782227
2008-02-29,14.71013069152832
2008-03-03,14.510808944702148
2008-03-04,14.431074142456055
2008-03-05,14.317171096801758
2008-03-06,13.821715354919434
2008-03-07,13.850192070007324
2008-03-10,13.457240104675293
2008-03-11,14.339956283569336
2008-03-12,14.100765228271484
2008-03-13,14.06659984588623
2008-03-14,13.667947769165039
2008-03-17,13.354727745056152
2008-03-18,14.476632118225098
2008-03-19,14.095069885253906
2008-03-20,15.11007022857666
2008-03-24,15.305257797241211
2008-03-25,15.25932788848877
2008-03-26,14.708202362060547
2008-03-27,14.478568077087402
2008-03-28,14.151334762573242
2008-03-31,14.277633666992188
2008-04-01,15.282296180725098
2008-04-02,15.2708101272583
2008-04-03,15.339692115783691
2008-04-04,15.133028030395508
2008-04-07,15.224885940551758
2008-04-08,15.052656173706055
2008-04-09,14.800049781799316
2008-04-10,14.708202362060547
2008-04-11,14.426901817321777
2008-04-14,14.088180541992188
2008-04-15,14.231706619262695
2008-04-16,14.616348266601562
2008-04-17,14.8689546585083
2008-04-18,15.196178436279297
2008-04-21,14.960798263549805
2008-04-22,14.75412654876709
2008-04-23,14.656532287597656
2008-04-24,15.184696197509766
2008-04-25,15.471746444702148
2008-04-28,15.511924743652344
2008-04-29,15.322482109069824
2008-04-30,15.276546478271484
2008-05-01,15.798968315124512
2008-05-02,15.908047676086426
2008-05-05,15.632489204406738
2008-05-06,15.798968315124512
2008-05-07,15.230620384216309
2008-05-08,14.920616149902344
2008-05-09,14.920616149902344
2008-05-12,15.098578453063965
2008-05-13,14.960798263549805
2008-05-14,15.064139366149902
2008-05-15,15.21340274810791
2008-05-16,15.150250434875488
2008-05-19,15.006728172302246
2008-05-20,14.656532287597656
2008-05-21,14.28337287902832
2008-05-22,14.363748550415039
2008-05-23,14.151334762573242
2008-05-27,14.225972175598145
2008-05-28,14.145591735839844
2008-05-29,14.398191452026367
2008-05-30,14.214487075805664
2008-06-02,14.002069473266602
2008-06-03,13.956146240234375
2008-06-04,13.870025634765625
2008-06-05,14.145591735839844
2008-06-06,13.393529891967773
2008-06-09,13.209820747375488
2008-06-10,13.250009536743164
2008-06-11,12.865374565124512
2008-06-12,13.215564727783203
2008-06-13,13.4222412109375
2008-06-16,13.548540115356445
2008-06-17,13.15241813659668
2008-06-18,12.934260368347168
2008-06-19,13.072047233581543
2008-06-20,12.846162796020508
2008-06-23,12.440738677978516
2008-06-24,12.58553409576416
2008-06-25,12.556577682495117
2008-06-26,12.104816436767578
2008-06-27,11.913689613342285
2008-06-30,11.73414421081543
2008-07-01,11.76889705657959
2008-07-02,11.589347839355469
2008-07-03,11.548807144165039
2008-07-07,11.166546821594238
2008-07-08,11.890521049499512
2008-07-09,11.21288013458252
2008-07-10,11.13180160522461
2008-07-11,10.81904411315918
2008-07-14,10.263031005859375
2008-07-15,9.94448471069336
2008-07-16,11.247629165649414
2008-07-17,11.73414421081543
2008-07-18,11.971607208251953
2008-07-21,12.017943382263184
2008-07-22,13.025712013244629
2008-07-23,13.008337020874023
2008-07-24,12.13377857208252
2008-07-25,12.087441444396973
2008-07-28,11.519843101501465
2008-07-29,12.452322959899902
2008-07-30,12.643454551696777
2008-07-31,12.527618408203125
2008-08-01,12.527618408203125
2008-08-04,12.423360824584961
2008-08-05,13.054665565490723
2008-08-06,12.92145824432373
2008-08-07,12.284361839294434
2008-08-08,12.70716381072998
2008-08-11,12.92145824432373
2008-08-12,12.266983985900879
2008-08-13,11.913689613342285
2008-08-14,12.284361839294434
2008-08-15,12.371240615844727
2008-08-18,11.896316528320312
2008-08-19,11.548807144165039
2008-08-20,11.78626823425293
2008-08-21,11.571972846984863
2008-08-22,12.012147903442383
2008-08-25,11.589347839355469
2008-08-26,11.68202018737793
2008-08-27,11.907896995544434
2008-08-28,12.388616561889648
2008-08-29,12.405984878540039
2008-09-02,12.579743385314941
2008-09-03,12.776664733886719
2008-09-04,12.151153564453125
2008-09-05,12.591326713562012
2008-09-08,13.135754585266113
2008-09-09,12.295948028564453
2008-09-10,12.145356178283691
2008-09-11,12.423360824584961
2008-09-12,12.249611854553223
2008-09-15,11.056504249572754
2008-09-16,11.884735107421875
2008-09-17,10.743745803833008
2008-09-18,11.589347839355469
2008-09-19,13.086258888244629
2008-09-22,12.016203880310059
2008-09-23,11.981118202209473
2008-09-24,11.846631050109863
2008-09-25,12.174079895019531
2008-09-26,12.507376670837402
2008-09-29,10.858438491821289
2008-09-30,11.630277633666992
2008-10-01,12.086372375488281
2008-10-02,11.484099388122559
2008-10-03,10.981230735778809
2008-10-06,10.408195495605469
2008-10-07,9.308903694152832
2008-10-08,8.934676170349121
2008-10-09,8.00495433807373
2008-10-10,8.829425811767578
2008-10-13,9.519402503967285
2008-10-14,10.133373260498047
2008-10-15,9.034080505371094
2008-10-16,9.23873519897461
2008-10-17,8.975606918334961
2008-10-20,9.41999340057373
2008-10-21,9.13348388671875
2008-10-22,8.56044864654541
2008-10-23,8.472738265991211
2008-10-24,7.923090934753418
2008-10-27,7.706741809844971
2008-10-28,8.917128562927246
2008-10-29,8.367485046386719
2008-10-30,8.6598539352417
2008-10-31,9.080857276916504
2008-11-03,9.13348388671875
2008-11-04,9.648048400878906
2008-11-05,8.765100479125977
2008-11-06,8.162833213806152
2008-11-07,8.314860343933105
2008-11-10,8.069272994995117
2008-11-11,7.788601398468018
2008-11-12,7.30912446975708
2008-11-13,7.841227054595947
2008-11-14,7.443613052368164
2008-11-17,6.969980239868164
2008-11-18,6.870575904846191
2008-11-19,6.151360511779785
2008-11-20,5.490615367889404
2008-11-21,5.660187244415283
2008-11-24,6.519741058349609
2008-11-25,6.899816036224365
2008-11-26,7.221416473388672
2008-11-28,7.402680397033691
2008-12-01,6.16890287399292
2008-12-02,6.671768665313721
2008-12-03,7.016757965087891
2008-12-04,6.9407453536987305
2008-12-05,7.490391254425049
2008-12-08,7.993256568908691
2008-12-09,7.671658992767334
2008-12-10,7.537167549133301
2008-12-11,6.9582839012146
2008-12-12,7.092774391174316
2008-12-15,6.800410270690918
2008-12-16,7.5605573654174805
2008-12-17,7.490391254425049
2008-12-18,7.274039268493652
2008-12-19,7.258015155792236
2008-12-22,7.002831935882568
2008-12-23,6.8366618156433105
2008-12-24,6.98502779006958
2008-12-26,6.990958213806152
2008-12-29,6.93161678314209
2008-12-30,7.198673248291016
2008-12-31,7.430120944976807
2009-01-02,7.513205051422119
2009-01-05,7.388580322265625
2009-01-06,7.507270812988281
2009-01-07,7.115586757659912
2009-01-08,7.085915565490723
2009-01-09,6.860401630401611
2009-01-12,6.498388290405273
2009-01-13,6.5874104499816895
2009-01-14,6.207592010498047
2009-01-15,5.922733783721924
2009-01-16,5.744694709777832
2009-01-20,4.795158863067627
2009-01-21,5.501378059387207
2009-01-22,5.16310453414917
2009-01-23,5.335208415985107
2009-01-26,5.240253925323486
2009-01-27,5.424225807189941
2009-01-28,6.118574142456055
2009-01-29,5.637872695922852
2009-01-30,5.483572006225586
2009-02-02,5.483572006225586
2009-02-03,5.38268518447876
2009-02-04,5.323337554931641
2009-02-05,5.406424045562744
2009-02-06,5.809975624084473
2009-02-09,5.875255107879639
2009-02-10,5.27586030960083
2009-02-11,5.531047821044922
2009-02-12,5.459833145141602
2009-02-13,5.2521233558654785
2009-02-17,4.72987699508667
2009-02-18,4.72987699508667
2009-02-19,4.480626106262207
2009-02-20,4.415342807769775
2009-02-23,4.261044025421143
2009-02-24,4.777355670928955
2009-02-25,4.747682094573975
2009-02-26,4.824831962585449
2009-02-27,4.51029634475708
2009-03-02,4.225436210632324
2009-03-03,4.142353534698486
2009-03-04,4.0889410972595215
2009-03-05,3.7031915187835693
2009-03-06,3.6675865650177
2009-03-09,3.7150604724884033
2009-03-10,4.266978740692139
2009-03-11,4.379735946655273
2009-03-12,4.830766677856445
2009-03-13,4.8604416847229
2009-03-16,4.7654852867126465
2009-03-17,5.07408332824707
2009-03-18,5.584461212158203
2009-03-19,5.139365196228027
2009-03-20,4.879221439361572
2009-03-23,5.682435035705566
2009-03-24,5.406702995300293
2009-03-25,5.586527347564697
2009-03-26,5.652461528778076
2009-03-27,5.478632926940918
2009-03-30,5.005097389221191
2009-03-31,5.280826091766357
2009-04-01,5.430680274963379
2009-04-02,5.580533027648926
2009-04-03,5.808310508728027
2009-04-06,5.652461528778076
2009-04-07,5.484626293182373
2009-04-08,5.514598846435547
2009-04-09,6.371755599975586
2009-04-13,6.641493797302246
2009-04-14,6.203922748565674
2009-04-15,6.503627300262451
2009-04-16,6.575558662414551
2009-04-17,6.6594767570495605
2009-04-20,5.916206359863281
2009-04-21,6.353774547576904
2009-04-22,6.125997066497803
2009-04-23,6.413717269897461
2009-04-24,6.557576656341553
2009-04-27,6.449681758880615
2009-04-28,6.25187349319458
2009-04-29,6.521609783172607
2009-04-30,6.431698799133301
2009-05-01,6.383748531341553
2009-05-04,7.03110933303833
2009-05-05,6.929211616516113
2009-05-06,7.480672836303711
2009-05-07,7.2648844718933105
2009-05-08,7.804354667663574
2009-05-11,7.348803520202637
2009-05-12,7.192955017089844
2009-05-13,6.827310085296631
2009-05-14,7.055090427398682
2009-05-15,6.911227703094482
2009-05-18,7.366784572601318
2009-05-19,7.216929912567139
2009-05-20,7.025118827819824
2009-05-21,7.037106990814209
2009-05-22,6.9891557693481445
2009-05-26,7.216929912567139
2009-05-27,7.001143455505371
2009-05-28,7.198948860168457
2009-05-29,7.330815315246582
2009-06-01,7.408740997314453
2009-06-02,7.288857460021973
2009-06-03,7.192955017089844
2009-06-04,7.45070219039917
2009-06-05,7.384765148162842
2009-06-08,7.438713550567627
2009-06-09,7.492661476135254
2009-06-10,7.378772258758545
2009-06-11,7.438713550567627
2009-06-12,7.486665725708008
2009-06-15,7.294853210449219
2009-06-16,7.1689772605896
2009-06-17,6.9591827392578125
2009-06-18,7.127017021179199
2009-06-19,7.254147052764893
2009-06-22,6.832394123077393
2009-06-23,6.910716533660889
2009-06-24,6.995070934295654
2009-06-25,7.145696640014648
2009-06-26,7.1818461418151855
2009-06-29,7.272220134735107
2009-06-30,7.199922561645508
2009-07-01,7.157744407653809
2009-07-02,6.910716533660889
2009-07-06,6.916746139526367
2009-07-07,6.808297157287598
2009-07-08,6.693817615509033
2009-07-09,6.778165340423584
2009-07-10,6.687792778015137
2009-07-13,7.115571022033691
2009-07-14,7.085449695587158
2009-07-15,7.386699676513672
2009-07-16,7.362600803375244
2009-07-17,7.314395427703857
2009-07-20,7.374647617340088
2009-07-21,7.308372974395752
2009-07-22,7.314395427703857
2009-07-23,7.525274276733398
2009-07-24,7.483100414276123
2009-07-27,7.6035990715026855
2009-07-28,7.585524082183838
2009-07-29,7.585524082183838
2009-07-30,7.760250091552734
2009-07-31,7.83857536315918
2009-08-03,8.037398338317871
2009-08-04,8.200077056884766
2009-08-05,8.483254432678223
2009-08-06,8.423004150390625
2009-08-07,8.645931243896484
2009-08-10,8.60977840423584
2009-08-11,8.290452003479004
2009-08-12,8.459156036376953
2009-08-13,8.633879661560059
2009-08-14,8.579654693603516
2009-08-17,8.218152046203613
2009-08-18,8.386856079101562
2009-08-19,8.380825996398926
2009-08-20,8.597731590270996
2009-08-21,8.766429901123047
2009-08-24,8.700156211853027
2009-08-25,8.808608055114746
2009-08-26,8.78450870513916
2009-08-27,8.87488079071045
2009-08-28,8.886932373046875
2009-08-31,8.856807708740234
2009-09-01,8.380825996398926
2009-09-02,8.308524131774902
2009-09-03,8.471205711364746
2009-09-04,8.567604064941406
2009-09-08,8.603754043579102
2009-09-09,8.736305236816406
2009-09-10,8.808608055114746
2009-09-11,8.754383087158203
2009-09-14,8.868857383728027
2009-09-15,8.886932373046875
2009-09-16,9.194210052490234
2009-09-17,9.164084434509277
2009-09-18,9.150182723999023
2009-09-21,9.065570831298828
2009-09-22,9.27105712890625
2009-09-23,9.083699226379395
2009-09-24,8.902390480041504
2009-09-25,8.817779541015625
2009-09-28,9.113916397094727
2009-09-29,9.071616172790527
2009-09-30,9.029305458068848
2009-10-01,8.630422592163086
2009-10-02,8.636466026306152
2009-10-05,8.908431053161621
2009-10-06,9.023266792297363
2009-10-07,9.119962692260742
2009-10-08,9.132048606872559
2009-10-09,9.21061897277832
2009-10-12,9.283143997192383
2009-10-13,9.192490577697754
2009-10-14,9.506763458251953
2009-10-15,9.422148704528809
2009-10-16,9.198532104492188
2009-10-19,9.240840911865234
2009-10-20,9.168313980102539
2009-10-21,8.99304485321045
2009-10-22,9.2589693069458
2009-10-23,9.126006126403809
2009-10-26,8.890303611755371
2009-10-27,8.823822975158691
2009-10-28,8.551855087280273
2009-10-29,8.908431053161621
2009-10-30,8.49141788482666
2009-11-02,8.563941955566406
2009-11-03,8.588114738464355
2009-11-04,8.467246055603027
2009-11-05,8.68481731414795
2009-11-06,8.64855670928955
2009-11-09,8.956782341003418
2009-11-10,8.926565170288086
2009-11-11,9.047438621520996
2009-11-12,8.878216743469238
2009-11-13,8.86008358001709
2009-11-16,8.956782341003418
2009-11-17,8.980957984924316
2009-11-18,9.053481101989746
2009-11-19,8.878216743469238
2009-11-20,8.823822975158691
2009-11-23,8.950740814208984
2009-11-24,8.884262084960938
2009-11-25,8.866129875183105
2009-11-27,8.630422592163086
2009-11-30,8.86008358001709
2009-12-01,8.866129875183105
2009-12-02,8.86008358001709
2009-12-03,8.6787748336792
2009-12-04,8.841954231262207
2009-12-07,8.696905136108398
2009-12-08,8.618337631225586
2009-12-09,8.64855670928955
2009-12-10,8.636466026306152
2009-12-11,8.696905136108398
2009-12-14,8.745257377624512
2009-12-15,8.606247901916504
2009-12-16,8.660640716552734
2009-12-17,8.49746322631836
2009-12-18,8.626070022583008
2009-12-21,8.753449440002441
2009-12-22,8.771652221679688
2009-12-23,8.73525333404541
2009-12-24,8.814115524291992
2009-12-28,8.783782958984375
2009-12-29,8.74738597869873
2009-12-30,8.753449440002441
2009-12-31,8.73525333404541
2010-01-04,8.911174774169922
2010-01-05,9.074960708618164
2010-01-06,9.093153953552246
2010-01-07,9.287277221679688
2010-01-08,9.232678413391113
2010-01-11,9.238744735717773
2010-01-12,9.105292320251465
2010-01-13,9.208415985107422
2010-01-14,9.250875473022461
2010-01-15,9.062826156616211
2010-01-19,9.178083419799805
2010-01-20,9.153818130493164
2010-01-21,8.892974853515625
2010-01-22,8.601794242858887
2010-01-25,8.650330543518066
2010-01-26,8.498677253723145
2010-01-27,8.704922676086426
2010-01-28,8.662458419799805
2010-01-29,8.601794242858887
2010-02-01,8.74738597869873
2010-02-02,8.832314491271973
2010-02-03,8.73525333404541
2010-02-04,8.359149932861328
2010-02-05,8.456212043762207
2010-02-08,8.286357879638672
2010-02-09,8.371280670166016
2010-02-10,8.438010215759277
2010-02-11,8.456212043762207
2010-02-12,8.4622802734375
2010-02-16,8.63819694519043
2010-02-17,8.668525695800781
2010-02-18,8.723121643066406
2010-02-19,8.771652221679688
2010-02-22,8.886910438537598
2010-02-23,8.723121643066406
2010-02-24,8.874775886535645
2010-02-25,8.850512504577637
2010-02-26,8.905104637145996
2010-03-01,8.92937183380127
2010-03-02,8.959702491760254
2010-03-03,8.965766906738281
2010-03-04,9.05675983428955
2010-03-05,9.232678413391113
2010-03-08,9.250875473022461
2010-03-09,9.281211853027344
2010-03-10,9.384333610534668
2010-03-11,9.463191032409668
2010-03-12,9.426794052124023
2010-03-15,9.426794052124023
2010-03-16,9.542054176330566
2010-03-17,9.657307624816895
2010-03-18,9.602716445922852
2010-03-19,9.539484977722168
2010-03-22,9.58812427520752
2010-03-23,9.667160987854004
2010-03-24,9.673245429992676
2010-03-25,9.715801239013672
2010-03-26,9.727961540222168
2010-03-29,9.74012279510498
2010-03-30,9.6793212890625
2010-03-31,9.697561264038086
2010-04-01,9.776598930358887
2010-04-05,9.873883247375488
2010-04-06,9.977242469787598
2010-04-07,9.94076156616211
2010-04-08,10.019804000854492
2010-04-09,10.056280136108398
2010-04-12,10.098838806152344
2010-04-13,10.104920387268066
2010-04-14,10.366360664367676
2010-04-15,10.323799133300781
2010-04-16,9.9468412399292
2010-04-19,10.044119834899902
2010-04-20,10.177881240844727
2010-04-21,10.11707878112793
2010-04-22,10.171796798706055
2010-04-23,10.202199935913086
2010-04-26,10.044119834899902
2010-04-27,9.703642845153809
2010-04-28,9.843482971191406
2010-04-29,10.068443298339844
2010-04-30,9.825246810913086
2010-05-03,10.013720512390137
2010-05-04,9.74012279510498
2010-05-05,9.685401916503906
2010-05-06,9.278043746948242
2010-05-07,9.1746826171875
2010-05-10,9.685401916503906
2010-05-11,9.648921012878418
2010-05-12,9.758362770080566
2010-05-13,9.582042694091797
2010-05-14,9.332761764526367
2010-05-17,9.338841438293457
2010-05-18,9.07132625579834
2010-05-19,9.083486557006836
2010-05-20,8.663963317871094
2010-05-21,8.967964172363281
2010-05-24,8.712604522705078
2010-05-25,8.791646003723145
2010-05-26,8.73084545135498
2010-05-27,9.126043319702148
2010-05-28,8.925408363342285
2010-06-01,8.736927032470703
2010-06-02,9.010527610778809
2010-06-03,8.961882591247559
2010-06-04,8.603164672851562
2010-06-07,8.432924270629883
2010-06-08,8.609249114990234
2010-06-09,8.518043518066406
2010-06-10,8.797719955444336
2010-06-11,8.822047233581543
2010-06-14,8.78557014465332
2010-06-15,8.992281913757324
2010-06-16,8.99836540222168
2010-06-17,8.986201286315918
2010-06-18,9.035558700561523
2010-06-21,9.023370742797852
2010-06-22,8.883234977722168
2010-06-23,8.840590476989746
2010-06-24,8.682172775268555
2010-06-25,8.919793128967285
2010-06-28,8.834495544433594
2010-06-29,8.517672538757324
2010-06-30,8.41409683227539
2010-07-01,8.334890365600586
2010-07-02,8.237408638000488
2010-07-06,8.286145210266113
2010-07-07,8.651713371276855
2010-07-08,8.718731880187988
2010-07-09,8.840590476989746
2010-07-12,8.852773666381836
2010-07-13,9.072113037109375
2010-07-14,9.005087852478027
2010-07-15,8.98681354522705
2010-07-16,8.609064102172852
2010-07-19,8.602971076965332
2010-07-20,8.694360733032227
2010-07-21,8.554227828979492
2010-07-22,8.804036140441895
2010-07-23,8.871052742004395
2010-07-26,8.992905616760254
2010-07-27,9.017278671264648
2010-07-28,8.938069343566895
2010-07-29,8.968535423278809
2010-07-30,8.962444305419922
2010-08-02,9.187875747680664
2010-08-03,9.084299087524414
2010-08-04,9.120857238769531
2010-08-05,9.084299087524414
2010-08-06,9.005087852478027
2010-08-09,9.053834915161133
2010-08-10,8.974627494812012
2010-08-11,8.657809257507324
2010-08-12,8.59687614440918
2010-08-13,8.572509765625
2010-08-16,8.548136711120605
2010-08-17,8.615157127380371
2010-08-18,8.651713371276855
2010-08-19,8.450650215148926
2010-08-20,8.426283836364746
2010-08-23,8.371445655822754
2010-08-24,8.231311798095703
2010-08-25,8.255681991577148
2010-08-26,8.188665390014648
2010-08-27,8.365352630615234
2010-08-30,8.188665390014648
2010-08-31,8.2617769241333
2010-09-01,8.578598976135254
2010-09-02,8.663897514343262
2010-09-03,8.8466796875
2010-09-07,8.645620346069336
2010-09-08,8.730916976928711
2010-09-09,8.840590476989746
2010-09-10,8.852773666381836
2010-09-13,9.041647911071777
2010-09-14,8.962444305419922
2010-09-15,8.992905616760254
2010-09-16,8.968535423278809
2010-09-17,8.921512603759766
2010-09-20,9.092494010925293
2010-09-21,9.007006645202637
2010-09-22,8.860452651977539
2010-09-23,8.689472198486328
2010-09-24,8.921512603759766
2010-09-27,8.823817253112793
2010-09-28,8.842133522033691
2010-09-29,8.77496337890625
2010-09-30,8.762749671936035
2010-10-01,8.85434627532959
2010-10-04,8.793278694152832
2010-10-05,8.994791984558105
2010-10-06,8.988688468933105
2010-10-07,8.952046394348145
2010-10-08,8.97647476196289
2010-10-11,8.964262962341309
2010-10-12,9.068070411682129
2010-10-13,9.074176788330078
2010-10-14,8.915410041809082
2010-10-15,8.762749671936035
2010-10-18,8.958151817321777
2010-10-19,8.83602237701416
2010-10-20,8.921512603759766
2010-10-21,8.921512603759766
2010-10-22,8.915410041809082
2010-10-25,8.884878158569336
2010-10-26,8.897089958190918
2010-10-27,8.903194427490234
2010-10-28,8.903194427490234
2010-10-29,8.890983581542969
2010-11-01,8.890983581542969
2010-11-02,8.915410041809082
2010-11-03,9.000899314880371
2010-11-04,9.300113677978516
2010-11-05,9.513839721679688
2010-11-08,9.440563201904297
2010-11-09,9.263473510742188
2010-11-10,9.367284774780273
2010-11-11,9.275688171386719
2010-11-12,9.123029708862305
2010-11-15,9.165775299072266
2010-11-16,9.013110160827637
2010-11-17,8.952046394348145
2010-11-18,9.074176788330078
2010-11-19,9.074176788330078
2010-11-22,8.939833641052246
2010-11-23,8.799388885498047
2010-11-24,8.933728218078613
2010-11-26,8.80549430847168
2010-11-29,8.87877368927002
2010-11-30,8.829919815063477
2010-12-01,9.007006645202637
2010-12-02,9.23905086517334
2010-12-03,9.269582748413086
2010-12-06,9.257368087768555
2010-12-07,9.269582748413086
2010-12-08,9.422245979309082
2010-12-09,9.538268089294434
2010-12-10,9.62375545501709
2010-12-13,9.61764907836914
2010-12-14,9.532158851623535
2010-12-15,9.452775955200195
2010-12-16,9.464988708496094
2010-12-17,9.51769733428955
2010-12-20,9.523822784423828
2010-12-21,9.68929386138916
2010-12-22,9.799612998962402
2010-12-23,9.726062774658203
2010-12-27,9.811867713928223
2010-12-28,9.811867713928223
2010-12-29,9.793482780456543
2010-12-30,9.762837409973145
2010-12-31,9.77509593963623
2011-01-03,9.989595413208008
2011-01-04,9.977333068847656
2011-01-05,10.093781471252441
2011-01-06,10.026368141174316
2011-01-07,9.940567016601562
2011-01-10,9.91605281829834
2011-01-11,9.952823638916016
2011-01-12,10.118298530578613
2011-01-13,10.087654113769531
2011-01-14,10.246996879577637
2011-01-18,10.185711860656738
2011-01-19,9.958951950073242
2011-01-20,10.007983207702637
2011-01-21,10.087654113769531
2011-01-24,10.075395584106445
2011-01-25,10.057010650634766
2011-01-26,10.050883293151855
2011-01-27,10.13668155670166
2011-01-28,9.958951950073242
2011-01-31,10.050883293151855
2011-02-01,10.25925064086914
2011-02-02,10.179584503173828
2011-02-03,10.185711860656738
2011-02-04,10.179584503173828
2011-02-07,10.326668739318848
2011-02-08,10.400211334228516
2011-02-09,10.326668739318848
2011-02-10,10.326668739318848
2011-02-11,10.467622756958008
2011-02-14,10.473752975463867
2011-02-15,10.461498260498047
2011-02-16,10.516651153564453
2011-02-17,10.50439739227295
2011-02-18,10.528914451599121
2011-02-22,10.204093933105469
2011-02-23,10.1611967086792
2011-02-24,10.13668155670166
2011-02-25,10.277639389038086
2011-02-28,10.326668739318848
2011-03-01,10.106035232543945
2011-03-02,10.044751167297363
2011-03-03,10.253124237060547
2011-03-04,10.124425888061523
2011-03-07,10.057010650634766
2011-03-08,10.277639389038086
2011-03-09,10.277639389038086
2011-03-10,10.069268226623535
2011-03-11,10.13668155670166
2011-03-14,10.044751167297363
2011-03-15,9.928312301635742
2011-03-16,9.744453430175781
2011-03-17,9.860896110534668
2011-03-18,9.997305870056152
2011-03-21,10.046463966369629
2011-03-22,9.991157531738281
2011-03-23,9.966582298278809
2011-03-24,10.01574420928955
2011-03-25,10.04031753540039
2011-03-28,10.009592056274414
2011-03-29,10.028030395507812
2011-03-30,10.107908248901367
2011-03-31,10.07104206085205
2011-04-01,10.15706729888916
2011-04-04,10.144776344299316
2011-04-05,10.138630867004395
2011-04-06,10.255382537841797
2011-04-07,10.206223487854004
2011-04-08,10.114054679870605
2011-04-11,10.114054679870605
2011-04-12,10.077188491821289
2011-04-13,10.003448486328125
2011-04-14,9.91127872467041
2011-04-15,9.917424201965332
2011-04-18,9.782246589660645
2011-04-19,9.812969207763672
2011-04-20,9.837547302246094
2011-04-21,9.892849922180176
2011-04-25,9.880560874938965
2011-04-26,9.942007064819336
2011-04-27,10.003448486328125
2011-04-28,10.083331108093262
2011-04-29,10.064897537231445
2011-05-02,10.021882057189941
2011-05-03,10.064897537231445
2011-05-04,9.978875160217285
2011-05-05,9.849834442138672
2011-05-06,9.898992538452148
2011-05-09,9.87441635131836
2011-05-10,9.966582298278809
2011-05-11,9.831401824951172
2011-05-12,9.831401824951172
2011-05-13,9.690074920654297
2011-05-16,9.677785873413086
2011-05-17,9.751523971557617
2011-05-18,9.794532775878906
2011-05-19,9.794532775878906
2011-05-20,9.659354209899902
2011-05-23,9.524171829223633
2011-05-24,9.511880874633789
2011-05-25,9.51802921295166
2011-05-26,9.567183494567871
2011-05-27,9.634772300720215
2011-05-31,9.733083724975586
2011-06-01,9.40742301940918
2011-06-02,9.413567543029785
2011-06-03,9.35212516784668
2011-06-06,9.17392635345459
2011-06-07,9.15549087524414
2011-06-08,9.069466590881348
2011-06-09,9.17392635345459
2011-06-10,9.112482070922852
2011-06-13,9.2046480178833
2011-06-14,9.253808975219727
2011-06-15,9.051032066345215
2011-06-16,9.100191116333008
2011-06-17,9.182209014892578
2011-06-20,9.176043510437012
2011-06-21,9.305538177490234
2011-06-22,9.250040054321289
2011-06-23,9.157541275024414
2011-06-24,9.102038383483887
2011-06-27,9.194543838500977
2011-06-28,9.237706184387207
2011-06-29,9.428874969482422
2011-06-30,9.465876579284668
2011-07-01,9.638541221618652
2011-07-05,9.55221176147461
2011-07-06,9.502875328063965
2011-07-07,9.65704345703125
2011-07-08,9.533712387084961
2011-07-11,9.27470874786377
2011-07-12,9.237706184387207
2011-07-13,9.243873596191406
2011-07-14,9.176043510437012
2011-07-15,9.157541275024414
2011-07-18,9.034205436706543
2011-07-19,9.145210266113281
2011-07-20,9.250040054321289
2011-07-21,9.472042083740234
2011-07-22,9.44737434387207
2011-07-25,9.379544258117676
2011-07-26,9.367210388183594
2011-07-27,9.145210266113281
2011-07-28,9.151375770568848
2011-07-29,9.12670612335205
2011-08-01,9.095874786376953
2011-08-02,8.84920883178711
2011-08-03,8.892374992370605
2011-08-04,8.442204475402832
2011-08-05,8.281866073608398
2011-08-08,7.498702049255371
2011-08-09,8.078372955322266
2011-08-10,7.517199993133545
2011-08-11,7.936532497406006
2011-08-12,7.881034851074219
2011-08-15,8.133867263793945
2011-08-16,7.973536014556885
2011-08-17,8.022869110107422
2011-08-18,7.634366035461426
2011-08-19,7.480202674865723
2011-08-22,7.387700080871582
2011-08-23,7.628205299377441
2011-08-24,7.831703186035156
2011-08-25,7.807034015655518
2011-08-26,7.874867916107178
2011-08-29,8.201705932617188
2011-08-30,8.14620304107666
2011-08-31,8.2510404586792
2011-09-01,8.066035270690918
2011-09-02,7.733032703399658
2011-09-06,7.597365379333496
2011-09-07,7.961201190948486
2011-09-08,7.7885355949401855
2011-09-09,7.541866779327393
2011-09-12,7.628205299377441
2011-09-13,7.677534580230713
2011-09-14,7.770036697387695
2011-09-15,7.967370510101318
2011-09-16,7.992131233215332
2011-09-19,7.7754597663879395
2011-09-20,7.750697135925293
2011-09-21,7.366873741149902
2011-09-22,7.156393527984619
2011-09-23,7.230681896209717
2011-09-26,7.552595138549805
2011-09-27,7.589741230010986
2011-09-28,7.373064041137695
2011-09-29,7.577358245849609
2011-09-30,7.311159610748291
2011-10-03,6.98305606842041
2011-10-04,7.261631965637207
2011-10-05,7.366873741149902
2011-10-06,7.595930099487305
2011-10-07,7.323540210723877
2011-10-10,7.701169013977051
2011-10-11,7.6949782371521
2011-10-12,7.8930816650390625
2011-10-13,7.707363605499268
2011-10-14,7.8002190589904785
2011-10-17,7.558787822723389
2011-10-18,7.917842864990234
2011-10-19,7.806410789489746
2011-10-20,7.924034118652344
2011-10-21,8.128327369689941
2011-10-24,8.307852745056152
2011-10-25,8.060227394104004
2011-10-26,8.20261287689209
2011-10-27,8.691675186157227
2011-10-28,8.697868347167969
2011-10-31,8.357378959655762
2011-11-01,7.961180210113525
2011-11-02,8.19642448425293
2011-11-03,8.33880615234375
2011-11-04,8.227377891540527
2011-11-07,8.270712852478027
2011-11-08,8.42547607421875
2011-11-09,7.967370510101318
2011-11-10,8.004510879516602
2011-11-11,8.19642448425293
2011-11-14,8.029274940490723
2011-11-15,8.06641960144043
2011-11-16,7.868314266204834
2011-11-17,7.713551044464111
2011-11-18,7.738317489624023
2011-11-21,7.546405792236328
2011-11-22,7.478306293487549
2011-11-23,7.274011611938477
2011-11-25,7.292588233947754
2011-11-28,7.509261131286621
2011-11-29,7.472116470336914
2011-11-30,7.930224895477295
2011-12-01,7.886888027191162
2011-12-02,7.992131233215332
2011-12-05,8.153088569641113
2011-12-06,8.159274101257324
2011-12-07,8.25832748413086
2011-12-08,7.936417579650879
2011-12-09,8.10975456237793
2011-12-12,7.917842864990234
2011-12-13,7.806410789489746
2011-12-14,7.7754597663879395
2011-12-15,7.781652450561523
2011-12-16,7.812803745269775
2011-12-19,7.638355255126953
2011-12-20,7.924947261810303
2011-12-21,7.968559265136719
2011-12-22,8.1367769241333
2011-12-23,8.192851066589355
2011-12-27,8.149239540100098
2011-12-28,8.018404006958008
2011-12-29,8.143007278442383
2011-12-30,8.099400520324707
2012-01-03,8.311224937438965
2012-01-04,8.28630256652832
2012-01-05,8.398449897766113
2012-01-06,8.348608016967773
2012-01-09,8.392215728759766
2012-01-10,8.54175090789795
2012-01-11,8.64143180847168
2012-01-12,8.67258071899414
2012-01-13,8.61027717590332
2012-01-17,8.54175090789795
2012-01-18,8.67258071899414
2012-01-19,8.75357437133789
2012-01-20,8.809647560119629
2012-01-23,8.840798377990723
2012-01-24,8.828338623046875
2012-01-25,8.84703254699707
2012-01-26,8.772265434265137
2012-01-27,8.803417205810547
2012-01-30,8.722427368164062
2012-01-31,8.759810447692871
2012-02-01,8.896873474121094
2012-02-02,8.940484046936035
2012-02-03,9.18346118927002
2012-02-06,9.139857292175293
2012-02-07,9.133625030517578
2012-02-08,9.202156066894531
2012-02-09,9.164772987365723
2012-02-10,9.077555656433105
2012-02-13,9.158548355102539
2012-02-14,9.071317672729492
2012-02-15,9.015250205993652
2012-02-16,9.158548355102539
2012-02-17,9.214619636535645
2012-02-21,9.20838737487793
2012-02-22,9.090010643005371
2012-02-23,9.171004295349121
2012-02-24,9.139857292175293
2012-02-27,9.20838737487793
2012-02-28,9.233309745788574
2012-02-29,9.195928573608398
2012-03-01,9.295614242553711
2012-03-02,9.264458656311035
2012-03-05,9.227080345153809
2012-03-06,9.002788543701172
2012-03-07,9.114934921264648
2012-03-08,9.202156066894531
2012-03-09,9.276923179626465
2012-03-12,9.252001762390137
2012-03-13,9.60712718963623
2012-03-14,9.619593620300293
2012-03-15,9.78780460357666
2012-03-16,9.825310707092285
2012-03-19,9.875308990478516
2012-03-20,9.925310134887695
2012-03-21,9.881560325622559
2012-03-22,9.750307083129883
2012-03-23,9.831559181213379
2012-03-26,9.987812995910645
2012-03-27,9.894062042236328
2012-03-28,9.919059753417969
2012-03-29,9.819056510925293
2012-03-30,9.875308990478516
2012-04-02,9.950312614440918
2012-04-03,9.894062042236328
2012-04-04,9.737805366516113
2012-04-05,9.712804794311523
2012-04-09,9.562800407409668
2012-04-10,9.356545448303223
2012-04-11,9.506546974182129
2012-04-12,9.681553840637207
2012-04-13,9.456546783447266
2012-04-16,9.525299072265625
2012-04-17,9.650307655334473
2012-04-18,9.587800025939941
2012-04-19,9.544048309326172
2012-04-20,9.494050025939941
2012-04-23,9.425298690795898
2012-04-24,9.531550407409668
2012-04-25,9.612799644470215
2012-04-26,9.69405460357666
2012-04-27,9.700302124023438
2012-04-30,9.644052505493164
2012-05-01,9.744054794311523
2012-05-02,9.669053077697754
2012-05-03,9.587800025939941
2012-05-04,9.43779468536377
2012-05-07,9.494050025939941
2012-05-08,9.431548118591309
2012-05-09,9.325292587280273
2012-05-10,9.362793922424316
2012-05-11,9.25654125213623
2012-05-14,9.069036483764648
2012-05-15,9.01903247833252
2012-05-16,8.88778018951416
2012-05-17,8.706526756286621
2012-05-18,8.606517791748047
2012-05-21,8.687771797180176
2012-05-22,8.756524085998535
2012-05-23,8.787776947021484
2012-05-24,8.794027328491211
2012-05-25,8.762768745422363
2012-05-29,8.88778018951416
2012-05-30,8.681522369384766
2012-05-31,8.756524085998535
2012-06-01,8.43151569366455
2012-06-04,8.350266456604004
2012-06-05,8.48776626586914
2012-06-06,8.737772941589355
2012-06-07,8.731526374816895
2012-06-08,8.837775230407715
2012-06-11,8.675270080566406
2012-06-12,8.806528091430664
2012-06-13,8.775275230407715
2012-06-14,8.881525993347168
2012-06-15,9.005880355834961
2012-06-18,8.955635070800781
2012-06-19,9.10636043548584
2012-06-20,9.125204086303711
2012-06-21,8.924236297607422
2012-06-22,9.005880355834961
2012-06-25,8.817471504211426
2012-06-26,8.861434936523438
2012-06-27,8.968194961547852
2012-06-28,8.96191692352295
2012-06-29,9.194286346435547
2012-07-02,9.250808715820312
2012-07-03,9.30104923248291
2012-07-05,9.162885665893555
2012-07-06,9.0875244140625
2012-07-09,9.074963569641113
2012-07-10,9.005880355834961
2012-07-11,9.081245422363281
2012-07-12,8.987034797668457
2012-07-13,9.238247871398926
2012-07-16,9.219406127929688
2012-07-17,9.269647598266602
2012-07-18,9.225687026977539
2012-07-19,9.169168472290039
2012-07-20,9.030998229980469
2012-07-23,8.955635070800781
2012-07-24,8.930514335632324
2012-07-25,8.96191692352295
2012-07-26,9.100077629089355
2012-07-27,9.269647598266602
2012-07-30,9.250808715820312
2012-07-31,9.206844329833984
2012-08-01,9.162885665893555
2012-08-02,9.093802452087402
2012-08-03,9.307332038879395
2012-08-06,9.345011711120605
2012-08-07,9.382694244384766
2012-08-08,9.382694244384766
2012-08-09,9.376413345336914
2012-08-10,9.382694244384766
2012-08-13,9.3889741897583
2012-08-14,9.376413345336914
2012-08-15,9.407812118530273
2012-08-16,9.470616340637207
2012-08-17,9.502018928527832
2012-08-20,9.527134895324707
2012-08-21,9.558540344238281
2012-08-22,9.545977592468262
2012-08-23,9.45177936553955
2012-08-24,9.502018928527832
2012-08-27,9.495737075805664
2012-08-28,9.483180046081543
2012-08-29,9.502018928527832
2012-08-30,9.45177936553955
2012-08-31,9.520861625671387
2012-09-04,9.520861625671387
2012-09-05,9.520861625671387
2012-09-06,9.746947288513184
2012-09-07,9.847433090209961
2012-09-10,9.765787124633789
2012-09-11,9.847433090209961
2012-09-12,9.885112762451172
2012-09-13,10.142603874206543
2012-09-14,10.224247932434082
2012-09-17,10.130043029785156
2012-09-18,10.079800605773926
2012-09-19,10.073522567749023
2012-09-20,10.017001152038574
2012-09-21,9.982940673828125
2012-09-24,9.989251136779785
2012-09-25,9.837896347045898
2012-09-26,9.774836540222168
2012-09-27,9.86312198638916
2012-09-28,9.831592559814453
2012-10-01,9.875736236572266
2012-10-02,9.894655227661133
2012-10-03,9.982940673828125
2012-10-04,10.134293556213379
2012-10-05,10.127991676330566
2012-10-08,10.121683120727539
2012-10-09,10.058623313903809
2012-10-10,10.052316665649414
2012-10-11,10.109068870544434
2012-10-12,9.970330238342285
2012-10-15,10.083843231201172
2012-10-16,10.146906852722168
2012-10-17,10.279341697692871
2012-10-18,10.29826545715332
2012-10-19,10.159521102905273
2012-10-22,10.159521102905273
2012-10-23,9.989251136779785
2012-10-24,9.989251136779785
2012-10-25,10.014472961425781
2012-10-26,9.964025497436523
2012-10-31,10.027091979980469
2012-11-01,10.153213500976562
2012-11-02,10.0901517868042
2012-11-05,10.071235656738281
2012-11-06,10.184746742248535
2012-11-07,9.844206809997559
2012-11-08,9.762224197387695
2012-11-09,9.774836540222168
2012-11-12,9.793753623962402
2012-11-13,9.724384307861328
2012-11-14,9.554110527038574
2012-11-15,9.57303237915039
2012-11-16,9.63609504699707
2012-11-19,9.81898021697998
2012-11-20,9.869429588317871
2012-11-21,9.869429588317871
2012-11-23,9.989251136779785
2012-11-26,9.951408386230469
2012-11-27,9.86312198638916
2012-11-28,9.900959968566895
2012-11-29,9.951408386230469
2012-11-30,9.938798904418945
2012-12-03,9.900959968566895
2012-12-04,9.875736236572266
2012-12-05,9.99555778503418
2012-12-06,10.027091979980469
2012-12-07,10.109068870544434
2012-12-10,10.083843231201172
2012-12-11,10.134293556213379
2012-12-12,10.178442001342773
2012-12-13,10.127991676330566
2012-12-14,10.0901517868042
2012-12-17,10.29826545715332
2012-12-18,10.44961166381836
2012-12-19,10.386550903320312
2012-12-20,10.531596183776855
2012-12-21,10.407217979431152
2012-12-24,10.388176918029785
2012-12-26,10.388176918029785
2012-12-27,10.350106239318848
2012-12-28,10.267611503601074
2012-12-31,10.400871276855469
2013-01-02,10.705472946166992
2013-01-03,10.692781448364258
2013-01-04,10.819697380065918
2013-01-07,10.794313430786133
2013-01-08,10.762590408325195
2013-01-09,10.749893188476562
2013-01-10,10.883157730102539
2013-01-11,10.857769966125488
2013-01-14,10.826045036315918
2013-01-15,10.870466232299805
2013-01-16,10.876810073852539
2013-01-17,10.870466232299805
2013-01-18,10.883157730102539
2013-01-22,10.984689712524414
2013-01-23,10.978343963623047
2013-01-24,11.035457611083984
2013-01-25,11.086223602294922
2013-01-28,11.041801452636719
2013-01-29,11.086223602294922
2013-01-30,11.035457611083984
2013-01-31,11.029112815856934
2013-02-01,11.175067901611328
2013-02-04,11.04814624786377
2013-02-05,11.156028747558594
2013-02-06,11.175067901611328
2013-02-07,11.143335342407227
2013-02-08,11.168719291687012
2013-02-11,11.219488143920898
2013-02-12,11.308330535888672
2013-02-13,11.282944679260254
2013-02-14,11.32102108001709
2013-02-15,11.270254135131836
2013-02-19,11.378133773803711
2013-02-20,11.206794738769531
2013-02-21,11.11795425415039
2013-02-22,11.257562637329102
2013-02-25,10.952960014343262
2013-02-26,11.0100736618042
2013-02-27,11.181413650512695
2013-02-28,11.162378311157227
2013-03-01,11.194103240966797
2013-03-04,11.28929615020752
2013-03-05,11.384479522705078
2013-03-06,11.460628509521484
2013-03-07,11.54312515258789
2013-03-08,11.574854850769043
2013-03-11,11.663700103759766
2013-03-12,11.600237846374512
2013-03-13,11.631969451904297
2013-03-14,11.708117485046387
2013-03-15,11.747594833374023
2013-03-18,11.632983207702637
2013-03-19,11.56931209564209
2013-03-20,11.645719528198242
2013-03-21,11.50563907623291
2013-03-22,11.575682640075684
2013-03-25,11.543844223022461
2013-03-26,11.62025260925293
2013-03-27,11.562947273254395
2013-03-28,11.5947847366333
2013-04-01,11.537473678588867
2013-04-02,11.607513427734375
2013-04-03,11.416496276855469
2013-04-04,11.518376350402832
2013-04-05,11.480173110961914
2013-04-08,11.5947847366333
2013-04-09,11.626618385314941
2013-04-10,11.78580379486084
2013-04-11,11.811270713806152
2013-04-12,11.760329246520996
2013-04-15,11.512007713317871
2013-04-16,11.69029426574707
2013-04-17,11.473801612854004
2013-04-18,11.352826118469238
2013-04-19,11.512007713317871
2013-04-22,11.524740219116211
2013-04-23,11.73486042022705
2013-04-24,11.804903030395508
2013-04-25,11.874939918518066
2013-04-26,11.824004173278809
2013-04-29,11.874939918518066
2013-04-30,11.906779289245605
2013-05-01,11.773066520690918
2013-05-02,11.874939918518066
2013-05-03,12.002289772033691
2013-05-06,12.129629135131836
2013-05-07,12.193306922912598
2013-05-08,12.295183181762695
2013-05-09,12.206040382385254
2013-05-10,12.256978988647461
2013-05-13,12.295183181762695
2013-05-14,12.505297660827637
2013-05-15,12.619912147521973
2013-05-16,12.537137031555176
2013-05-17,12.702685356140137
2013-05-20,12.728155136108398
2013-05-21,12.759988784790039
2013-05-22,12.626277923583984
2013-05-23,12.5498685836792
2013-05-24,12.562607765197754
2013-05-28,12.68995189666748
2013-05-29,12.68995189666748
2013-05-30,12.842771530151367
2013-05-31,12.632648468017578
2013-06-03,12.645380020141602
2013-06-04,12.530769348144531
2013-06-05,12.327017784118652
2013-06-06,12.498931884765625
2013-06-07,12.715420722961426
2013-06-10,12.72178840637207
2013-06-11,12.511667251586914
2013-06-12,12.377954483032227
2013-06-13,12.613542556762695
2013-06-14,12.447994232177734
2013-06-17,12.568975448608398
2013-06-18,12.651744842529297
2013-06-19,12.479833602905273
2013-06-20,12.21240520477295
2013-06-21,12.223274230957031
2013-06-24,12.005916595458984
2013-06-25,12.229669570922852
2013-06-26,12.351133346557617
2013-06-27,12.510954856872559
2013-06-28,12.434240341186523
2013-07-01,12.472599029541016
2013-07-02,12.48538589477539
2013-07-03,12.447027206420898
2013-07-05,12.670781135559082
2013-07-08,12.766674995422363
2013-07-09,12.875349998474121
2013-07-10,12.798637390136719
2013-07-11,12.9201078414917
2013-07-12,13.009602546691895
2013-07-15,13.067144393920898
2013-07-16,13.016000747680664
2013-07-17,13.073532104492188
2013-07-18,13.246142387390137
2013-07-19,13.252538681030273
2013-07-22,13.342034339904785
2013-07-23,13.29089069366455
2013-07-24,13.195002555847168
2013-07-25,13.207786560058594
2013-07-26,13.195002555847168
2013-07-29,13.099105834960938
2013-07-30,13.092706680297852
2013-07-31,13.099105834960938
2013-08-01,13.310072898864746
2013-08-02,13.303678512573242
2013-08-05,13.278101921081543
2013-08-06,13.156638145446777
2013-08-07,13.067144393920898
2013-08-08,13.099105834960938
2013-08-09,13.05435562133789
2013-08-12,13.003213882446289
2013-08-13,13.067144393920898
2013-08-14,13.016000747680664
2013-08-15,12.824211120605469
2013-08-16,12.798637390136719
2013-08-19,12.632420539855957
2013-08-20,12.753887176513672
2013-08-21,12.664389610290527
2013-08-22,12.811423301696777
2013-08-23,12.824211120605469
2013-08-26,12.741101264953613
2013-08-27,12.434240341186523
2013-08-28,12.45341968536377
2013-08-29,12.48538589477539
2013-08-30,12.427845001220703
2013-09-03,12.530136108398438
2013-09-04,12.626030921936035
2013-09-05,12.657994270324707
2013-09-06,12.657994270324707
2013-09-09,12.805030822753906
2013-09-10,12.958459854125977
2013-09-11,12.971246719360352
2013-09-12,12.875349998474121
2013-09-13,12.91370964050293
2013-09-16,13.05435562133789
2013-09-17,13.118288040161133
2013-09-18,13.233358383178711
2013-09-19,13.182209014892578
2013-09-20,13.112256050109863
2013-09-23,12.926127433776855
2013-09-24,12.842694282531738
2013-09-25,12.913296699523926
2013-09-26,12.913296699523926
2013-09-27,12.868365287780762
2013-09-30,12.778512001037598
2013-10-01,12.868365287780762
2013-10-02,12.86194896697998
2013-10-03,12.765676498413086
2013-10-04,12.868365287780762
2013-10-07,12.72075080871582
2013-10-08,12.560295104980469
2013-10-09,12.605222702026367
2013-10-10,12.964637756347656
2013-10-11,13.035237312316895
2013-10-14,13.099421501159668
2013-10-15,13.003148078918457
2013-10-16,13.279128074645996
2013-10-17,13.394651412963867
2013-10-18,13.420331001281738
2013-10-21,13.394651412963867
2013-10-22,13.420331001281738
2013-10-23,13.311214447021484
2013-10-24,13.33046817779541
2013-10-25,13.388238906860352
2013-10-28,13.356144905090332
2013-10-29,13.394651412963867
2013-10-30,13.343307495117188
2013-10-31,13.202109336853027
2013-11-01,13.234197616577148
2013-11-04,13.240617752075195
2013-11-05,13.170022010803223
2013-11-06,13.234197616577148
2013-11-07,13.086583137512207
2013-11-08,13.388238906860352
2013-11-11,13.394651412963867
2013-11-12,13.266290664672852
2013-11-13,13.381816864013672
2013-11-14,13.49734115600586
2013-11-15,13.56152629852295
2013-11-18,13.555103302001953
2013-11-19,13.574361801147461
2013-11-20,13.53585433959961
2013-11-21,13.728402137756348
2013-11-22,13.79257869720459
2013-11-25,13.811829566955566
2013-11-26,13.798995971679688
2013-11-27,13.837507247924805
2013-11-29,13.786160469055176
2013-12-02,13.779745101928711
2013-12-03,13.638542175292969
2013-12-04,13.670638084411621
2013-12-05,13.54227352142334
2013-12-06,13.728402137756348
2013-12-09,13.786160469055176
2013-12-10,13.734813690185547
2013-12-11,13.548686981201172
2013-12-12,13.548686981201172
2013-12-13,13.56152629852295
2013-12-16,13.644963264465332
2013-12-17,13.555103302001953
2013-12-18,13.869599342346191
2013-12-19,13.850343704223633
2013-12-20,13.934818267822266
2013-12-23,13.999296188354492
2013-12-24,14.025089263916016
2013-12-26,14.057337760925293
2013-12-27,14.050884246826172
2013-12-30,14.025089263916016
2013-12-31,14.096020698547363
2014-01-02,14.018643379211426
2014-01-03,14.115367889404297
2014-01-06,14.12826156616211
2014-01-07,14.134713172912598
2014-01-08,14.179856300354004
2014-01-09,14.231435775756836
2014-01-10,14.205644607543945
2014-01-13,13.992851257324219
2014-01-14,14.108922004699707
2014-01-15,14.27657699584961
2014-01-16,14.186297416687012
2014-01-17,14.141157150268555
2014-01-21,14.154056549072266
2014-01-22,14.160502433776855
2014-01-23,13.928366661071777
2014-01-24,13.61240005493164
2014-01-27,13.528572082519531
2014-01-28,13.709125518798828
2014-01-29,13.547917366027832
2014-01-30,13.741362571716309
2014-01-31,13.580155372619629
2014-02-03,13.238395690917969
2014-02-04,13.367363929748535
2014-02-05,13.354467391967773
2014-02-06,13.560809135437012
2014-02-07,13.72846508026123
2014-02-10,13.741362571716309
2014-02-11,13.88322639465332
2014-02-12,13.88322639465332
2014-02-13,13.934818267822266
2014-02-14,13.9541597366333
2014-02-18,13.979950904846191
2014-02-19,13.78650188446045
2014-02-20,13.825194358825684
2014-02-21,13.850987434387207
2014-02-24,13.9541597366333
2014-02-25,13.870330810546875
2014-02-26,13.850987434387207
2014-02-27,13.921916007995605
2014-02-28,13.992851257324219
2014-03-03,13.88322639465332
2014-03-04,14.16695499420166
2014-03-05,14.315268516540527
2014-03-06,14.360401153564453
2014-03-07,14.42488956451416
2014-03-10,14.43133544921875
2014-03-11,14.334611892700195
2014-03-12,14.308815002441406
2014-03-13,14.147610664367676
2014-03-14,14.057337760925293
2014-03-17,14.205644607543945
2014-03-18,14.27657699584961
2014-03-19,14.270133018493652
2014-03-20,14.495816230773926
2014-03-21,14.497758865356445
2014-03-24,14.491288185119629
2014-03-25,14.47834587097168
2014-03-26,14.329483032226562
2014-03-27,14.251815795898438
2014-03-28,14.310062408447266
2014-03-31,14.458928108215332
2014-04-01,14.484817504882812
2014-04-02,14.517173767089844
2014-04-03,14.491288185119629
2014-04-04,14.348898887634277
2014-04-07,14.128838539123535
2014-04-08,14.148256301879883
2014-04-09,14.271232604980469
2014-04-10,13.941149711608887
2014-04-11,13.772871017456055
2014-04-14,13.88290023803711
2014-04-15,14.012348175048828
2014-04-16,14.1223726272583
2014-04-17,14.148256301879883
2014-04-21,14.135318756103516
2014-04-22,14.232404708862305
2014-04-23,14.264762878417969
2014-04-24,14.25829029083252
2014-04-25,14.141793251037598
2014-04-28,14.057646751403809
2014-04-29,14.193563461303711
2014-04-30,14.212979316711426
2014-05-01,14.238869667053223
2014-05-02,14.232404708862305
2014-05-05,14.17414665222168
2014-05-06,13.9735107421875
2014-05-07,14.161208152770996
2014-05-08,14.20003890991211
2014-05-09,14.193563461303711
2014-05-12,14.335954666137695
2014-05-13,14.323018074035645
2014-05-14,14.219452857971191
2014-05-15,14.057646751403809
2014-05-16,14.077065467834473
2014-05-19,14.148256301879883
2014-05-20,14.064122200012207
2014-05-21,14.15473461151123
2014-05-22,14.219452857971191
2014-05-23,14.264762878417969
2014-05-27,14.387734413146973
2014-05-28,14.361841201782227
2014-05-29,14.394208908081055
2014-05-30,14.426563262939453
2014-06-02,14.465401649475098
2014-06-03,14.484817504882812
2014-06-04,14.523652076721191
2014-06-05,14.659565925598145
2014-06-06,14.756648063659668
2014-06-09,14.821370124816895
2014-06-10,14.814903259277344
2014-06-11,14.717815399169922
2014-06-12,14.627206802368164
2014-06-13,14.633676528930664
2014-06-16,14.562485694885254
2014-06-17,14.711345672607422
2014-06-18,14.795479774475098
2014-06-19,14.7760648727417
2014-06-20,14.834542274475098
2014-06-23,14.867033958435059
2014-06-24,14.769569396972656
2014-06-25,14.782567024230957
2014-06-26,14.730574607849121
2014-06-27,14.789057731628418
2014-06-30,14.776066780090332
2014-07-01,14.867033958435059
2014-07-02,14.854039192199707
2014-07-03,14.971000671386719
2014-07-07,14.90601921081543
2014-07-08,14.776066780090332
2014-07-09,14.815052032470703
2014-07-10,14.717586517333984
2014-07-11,14.743577003479004
2014-07-14,14.834542274475098
2014-07-15,14.938512802124023
2014-07-16,14.912514686584473
2014-07-17,14.717586517333984
2014-07-18,14.886528968811035
2014-07-21,14.847542762756348
2014-07-22,14.893027305603027
2014-07-23,14.925515174865723
2014-07-24,14.958003044128418
2014-07-25,14.873537063598633
2014-07-28,14.88002872467041
2014-07-29,14.802055358886719
2014-07-30,14.867033958435059
2014-07-31,14.56163501739502
2014-08-01,14.438176155090332
2014-08-04,14.555136680603027
2014-08-05,14.40569019317627
2014-08-06,14.464164733886719
2014-08-07,14.399188041687012
2014-08-08,14.542145729064941
2014-08-11,14.555136680603027
2014-08-12,14.587631225585938
2014-08-13,14.652605056762695
2014-08-14,14.743577003479004
2014-08-15,14.672101974487305
2014-08-18,14.834542274475098
2014-08-19,14.86053466796875
2014-08-20,14.89952564239502
2014-08-21,15.074962615966797
2014-08-22,15.022984504699707
2014-08-25,15.152939796447754
2014-08-26,15.185432434082031
2014-08-27,15.152939796447754
2014-08-28,15.107454299926758
2014-08-29,15.17893123626709
2014-09-02,15.237411499023438
2014-09-03,15.211418151855469
2014-09-04,15.224411964416504
2014-09-05,15.243904113769531
2014-09-08,15.250409126281738
2014-09-09,15.094457626342773
2014-09-10,15.172433853149414
2014-09-11,15.211418151855469
2014-09-12,15.198424339294434
2014-09-15,15.191929817199707
2014-09-16,15.256901741027832
2014-09-17,15.321882247924805
2014-09-18,15.471329689025879
2014-09-19,15.43088150024414
2014-09-22,15.326483726501465
2014-09-23,15.222089767456055
2014-09-24,15.30690860748291
2014-09-25,15.052451133728027
2014-09-26,15.195988655090332
2014-09-29,15.143796920776367
2014-09-30,15.11769962310791
2014-10-01,14.935009002685547
2014-10-02,14.974152565002441
2014-10-03,15.189465522766113
2014-10-06,15.143796920776367
2014-10-07,14.889328956604004
2014-10-08,15.169896125793457
2014-10-09,14.850183486938477
2014-10-10,14.732745170593262
2014-10-13,14.602248191833496
2014-10-14,14.660965919494629
2014-10-15,14.380407333374023
2014-10-16,14.380407333374023
2014-10-17,14.563100814819336
2014-10-20,14.647918701171875
2014-10-21,14.921952247619629
2014-10-22,14.784932136535645
2014-10-23,14.928482055664062
2014-10-24,15.072021484375
2014-10-27,15.091596603393555
2014-10-28,15.25471305847168
2014-10-29,15.293863296508789
2014-10-30,15.378673553466797
2014-10-31,15.554849624633789
2014-11-03,15.61357307434082
2014-11-04,15.620100975036621
2014-11-05,15.724493026733398
2014-11-06,15.750589370727539
2014-11-07,15.757115364074707
2014-11-10,15.841936111450195
2014-11-11,15.789734840393066
2014-11-12,15.757115364074707
2014-11-13,15.750589370727539
2014-11-14,15.698395729064941
2014-11-17,15.698395729064941
2014-11-18,15.750589370727539
2014-11-19,15.717966079711914
2014-11-20,15.717966079711914
2014-11-21,15.796257019042969
2014-11-24,15.900654792785645
2014-11-25,15.887609481811523
2014-11-26,15.907186508178711
2014-11-28,15.920233726501465
2014-12-01,15.809314727783203
2014-12-02,15.959378242492676
2014-12-03,16.031160354614258
2014-12-04,16.05072784423828
2014-12-05,16.19426727294922
2014-12-08,16.27256965637207
2014-12-09,16.233417510986328
2014-12-10,16.02463150024414
2014-12-11,16.063772201538086
2014-12-12,15.750589370727539
2014-12-15,15.607047080993652
2014-12-16,15.456976890563965
2014-12-17,15.809314727783203
2014-12-18,16.174692153930664
2014-12-19,16.1851863861084
2014-12-22,16.296676635742188
2014-12-23,16.38848876953125
2014-12-24,16.362255096435547
2014-12-26,16.362255096435547
2014-12-29,16.421281814575195
2014-12-30,16.401601791381836
2014-12-31,16.21797752380371
2015-01-02,16.21797752380371
2015-01-05,15.876956939697266
2015-01-06,15.634313583374023
2015-01-07,15.79826831817627
2015-01-08,16.034353256225586
2015-01-09,15.817934036254883
2015-01-12,15.68678092956543
2015-01-13,15.634313583374023
2015-01-14,15.411346435546875
2015-01-15,15.221158027648926
2015-01-16,15.404784202575684
2015-01-20,15.339208602905273
2015-01-21,15.37855339050293
2015-01-22,15.758920669555664
2015-01-23,15.588408470153809
2015-01-26,15.667109489440918
2015-01-27,15.496597290039062
2015-01-28,15.21460247039795
2015-01-29,15.339208602905273
2015-01-30,15.08999252319336
2015-02-02,15.33264446258545
2015-02-03,15.588408470153809
2015-02-04,15.549057006835938
2015-02-05,15.706456184387207
2015-02-06,15.83105754852295
2015-02-09,15.752360343933105
2015-02-10,15.876956939697266
2015-02-11,15.876956939697266
2015-02-12,16.034353256225586
2015-02-13,16.021238327026367
2015-02-17,16.073701858520508
2015-02-18,15.975327491760254
2015-02-19,15.909751892089844
2015-02-20,16.027801513671875
2015-02-23,15.98845100402832
2015-02-24,16.067140579223633
2015-02-25,16.067140579223633
2015-02-26,16.027801513671875
2015-02-27,15.968770980834961
2015-03-02,16.08681297302246
2015-03-03,16.040904998779297
2015-03-04,15.942540168762207
2015-03-05,16.008121490478516
2015-03-06,15.890073776245117
2015-03-09,15.962224006652832
2015-03-10,15.621201515197754
2015-03-11,15.719569206237793
2015-03-12,16.06058692932129
2015-03-13,15.949104309082031
2015-03-16,16.145845413208008
2015-03-17,16.106494903564453
2015-03-18,16.198301315307617
2015-03-19,16.047470092773438
2015-03-20,16.26535415649414
2015-03-23,16.173200607299805
2015-03-24,16.041545867919922
2015-03-25,15.784823417663574
2015-03-26,15.771660804748535
2015-03-27,15.751920700073242
2015-03-30,15.982300758361816
2015-03-31,15.870396614074707
2015-04-01,15.85723876953125
2015-04-02,15.936220169067383
2015-04-06,15.962552070617676
2015-04-07,15.876977920532227
2015-04-08,15.936220169067383
2015-04-09,15.962552070617676
2015-04-10,15.955974578857422
2015-04-13,16.01521873474121
2015-04-14,16.01521873474121
2015-04-15,16.0744571685791
2015-04-16,16.100780487060547
2015-04-17,15.883561134338379
2015-04-20,15.94939136505127
2015-04-21,15.870396614074707
2015-04-22,15.982300758361816
2015-04-23,16.00864028930664
2015-04-24,15.982300758361816
2015-04-27,15.923059463500977
2015-04-28,16.01521873474121
2015-04-29,16.00864028930664
2015-04-30,15.883561134338379
2015-05-01,16.021806716918945
2015-05-04,16.179779052734375
2015-05-05,16.03495979309082
2015-05-06,15.955974578857422
2015-05-07,16.067874908447266
2015-05-08,16.298261642456055
2015-05-11,16.2390193939209
2015-05-12,16.179779052734375
2015-05-13,16.18636703491211
2015-05-14,16.331172943115234
2015-05-15,16.258764266967773
2015-05-18,16.350927352905273
2015-05-19,16.443078994750977
2015-05-20,16.396989822387695
2015-05-21,16.35750961303711
2015-05-22,16.364089965820312
2015-05-26,16.179779052734375
2015-05-27,16.35750961303711
2015-05-28,16.337757110595703
2015-05-29,16.192951202392578
2015-06-01,16.20611000061035
2015-06-02,16.232437133789062
2015-06-03,16.370668411254883
2015-06-04,16.22585678100586
2015-06-05,16.318010330200195
2015-06-08,16.219276428222656
2015-06-09,16.258764266967773
2015-06-10,16.489152908325195
2015-06-11,16.55497932434082
2015-06-12,16.48257827758789
2015-06-15,16.41016387939453
2015-06-16,16.502321243286133
2015-06-17,16.48257827758789
2015-06-18,16.633970260620117
2015-06-19,16.35629653930664
2015-06-22,16.607528686523438
2015-06-23,16.640583038330078
2015-06-24,16.501745223999023
2015-06-25,16.402578353881836
2015-06-26,16.45546531677246
2015-06-29,16.05879020690918
2015-06-30,16.11829376220703
2015-07-01,16.36290740966797
2015-07-02,16.290185928344727
2015-07-06,16.22407341003418
2015-07-07,16.257131576538086
2015-07-08,15.97283935546875
2015-07-09,16.09845542907715
2015-07-10,16.290185928344727
2015-07-13,16.488523483276367
2015-07-14,16.52819061279297
2015-07-15,16.667028427124023
2015-07-16,16.83230972290039
2015-07-17,16.786033630371094
2015-07-20,16.80586814880371
2015-07-21,16.786033630371094
2015-07-22,16.911649703979492
2015-07-23,16.766199111938477
2015-07-24,16.607528686523438
2015-07-27,16.488523483276367
2015-07-28,16.55463409423828
2015-07-29,16.719919204711914
2015-07-30,16.719919204711914
2015-07-31,16.667028427124023
2015-08-03,16.647193908691406
2015-08-04,16.62074851989746
2015-08-05,16.686859130859375
2015-08-06,16.627357482910156
2015-08-07,16.660415649414062
2015-08-10,16.81907844543457
2015-08-11,16.667028427124023
2015-08-12,16.514965057373047
2015-08-13,16.574466705322266
2015-08-14,16.693466186523438
2015-08-17,16.726531982421875
2015-08-18,16.713306427001953
2015-08-19,16.561246871948242
2015-08-20,16.210851669311523
2015-08-21,15.629056930541992
2015-08-24,14.961319923400879
2015-08-25,14.762985229492188
2015-08-26,15.318330764770508
2015-08-27,15.69516658782959
2015-08-28,15.622446060180664
2015-08-31,15.490218162536621
2015-09-01,14.987765312194824
2015-09-02,15.192713737487793
2015-09-03,15.27866268157959
2015-09-04,14.97453784942627
2015-09-08,15.357994079589844
2015-09-09,15.146429061889648
2015-09-10,15.219161033630371
2015-09-11,15.285273551940918
2015-09-14,15.252213478088379
2015-09-15,15.470390319824219
2015-09-16,15.569554328918457
2015-09-17,15.351388931274414
2015-09-18,15.054410934448242
2015-09-21,15.227147102355957
2015-09-22,15.0344820022583
2015-09-23,15.04112720489502
2015-09-24,14.934830665588379
2015-09-25,15.154067993164062
2015-09-28,14.801950454711914
2015-09-29,14.828529357910156
2015-09-30,15.054410934448242
2015-10-01,15.06105899810791
2015-10-02,15.080987930297852
2015-10-05,15.399882316589355
2015-10-06,15.326803207397461
2015-10-07,15.446388244628906
2015-10-08,15.539398193359375
2015-10-09,15.439740180969238
2015-10-12,15.45302677154541
2015-10-13,15.333441734313965
2015-10-14,15.207213401794434
2015-10-15,15.552684783935547
2015-10-16,15.645696640014648
2015-10-19,15.632405281066895
2015-10-20,15.725418090820312
2015-10-21,15.612478256225586
2015-10-22,15.864931106567383
2015-10-23,16.037675857543945
2015-10-26,15.971230506896973
2015-10-27,15.878213882446289
2015-10-28,16.25025749206543
2015-10-29,16.23033332824707
2015-10-30,15.99780559539795
2015-11-02,16.21704864501953
2015-11-03,16.243616104125977
2015-11-04,16.197114944458008
2015-11-05,16.2635498046875
2015-11-06,16.429637908935547
2015-11-09,16.25025749206543
2015-11-10,16.323345184326172
2015-11-11,16.27019691467285
2015-11-12,16.02437973022461
2015-11-13,15.891505241394043
2015-11-16,16.08417320251465
2015-11-17,16.05095100402832
2015-11-18,16.33662223815918
2015-11-19,16.36320686340332
2015-11-20,16.389780044555664
2015-11-23,16.323345184326172
2015-11-24,16.276840209960938
2015-11-25,16.29012680053711
2015-11-27,16.329988479614258
2015-11-30,16.316699981689453
2015-12-01,16.496078491210938
2015-12-02,16.303415298461914
2015-12-03,16.037675857543945
2015-12-04,16.462862014770508
2015-12-07,16.31005859375
2015-12-08,16.104103088378906
2015-12-09,15.918088912963867
2015-12-10,15.931374549865723
2015-12-11,15.579261779785156
2015-12-14,15.612478256225586
2015-12-15,15.977874755859375
2015-12-16,16.236976623535156
2015-12-17,16.00444984436035
2015-12-18,15.576594352722168
2015-12-21,15.730354309082031
2015-12-22,15.877427101135254
2015-12-23,16.064619064331055
2015-12-24,16.051246643066406
2015-12-28,16.037878036499023
2015-12-29,16.20500946044922
2015-12-30,16.09136199951172
2015-12-31,15.930917739868164
2016-01-04,15.623391151428223
2016-01-05,15.683554649353027
2016-01-06,15.442892074584961
2016-01-07,15.008352279663086
2016-01-08,14.774364471435547
2016-01-11,14.794426918029785
2016-01-12,14.908075332641602
2016-01-13,14.5203275680542
2016-01-14,14.64735221862793
2016-01-15,14.319766998291016
2016-01-19,14.31308650970459
2016-01-20,14.032305717468262
2016-01-21,13.972140312194824
2016-01-22,14.226178169250488
2016-01-25,13.938712120056152
2016-01-26,14.172697067260742
2016-01-27,14.11921215057373
2016-01-28,14.125900268554688
2016-01-29,14.5203275680542
2016-02-01,14.460160255432129
2016-02-02,14.059048652648926
2016-02-03,14.072416305541992
2016-02-04,14.1927490234375
2016-02-05,14.005563735961914
2016-02-08,13.65124225616455
2016-02-09,13.63118839263916
2016-02-10,13.55765438079834
2016-02-11,13.143169403076172
2016-02-12,13.698042869567871
2016-02-16,13.918655395507812
2016-02-17,14.105843544006348
2016-02-18,14.02562141418457
2016-02-19,14.02562141418457
2016-02-22,14.246230125427246
2016-02-23,13.992195129394531
2016-02-24,13.958767890930176
2016-02-25,14.152642250061035
2016-02-26,14.252923011779785
2016-02-29,14.09915828704834
2016-03-01,14.573806762695312
2016-03-02,14.734256744384766
2016-03-03,14.834537506103516
2016-03-04,14.894694328308105
2016-03-07,14.888016700744629
2016-03-08,14.64735221862793
2016-03-09,14.667404174804688
2016-03-10,14.65403938293457
2016-03-11,15.035094261169434
2016-03-14,14.98829460144043
2016-03-15,14.981608390808105
2016-03-16,14.9481840133667
2016-03-17,15.128684043884277
2016-03-18,15.262984275817871
2016-03-21,15.236120223999023
2016-03-22,15.18912124633789
2016-03-23,15.074966430664062
2016-03-24,14.980956077575684
2016-03-28,15.027963638305664
2016-03-29,15.05482006072998
2016-03-30,15.142111778259277
2016-03-31,15.108538627624512
2016-04-01,15.242836952209473
2016-04-04,15.168974876403809
2016-04-05,14.954099655151367
2016-04-06,15.034677505493164
2016-04-07,14.75265121459961
2016-04-08,14.80637264251709
2016-04-11,14.866802215576172
2016-04-12,15.05482006072998
2016-04-13,15.397282600402832
2016-04-14,15.430852890014648
2016-04-15,15.377132415771484
2016-04-18,15.491291999816895
2016-04-19,15.686020851135254
2016-04-20,15.806889533996582
2016-04-21,15.665874481201172
2016-04-22,15.813605308532715
2016-04-25,15.780028343200684
2016-04-26,15.88075065612793
2016-04-27,15.907613754272461
2016-04-28,15.739737510681152
2016-04-29,15.652445793151855
2016-05-02,15.793463706970215
2016-05-03,15.592007637023926
2016-05-04,15.471146583557129
2016-05-05,15.464426040649414
2016-05-06,15.531576156616211
2016-05-09,15.491291999816895
2016-05-10,15.712879180908203
2016-05-11,15.545004844665527
2016-05-12,15.551718711853027
2016-05-13,15.363704681396484
2016-05-16,15.444283485412598
2016-05-17,15.356987953186035
2016-05-18,15.625584602355957
2016-05-19,15.47785472869873
2016-05-20,15.585298538208008
2016-05-23,15.571864128112793
2016-05-24,15.806889533996582
2016-05-25,15.97475814819336
2016-05-26,15.88075065612793
2016-05-27,15.988188743591309
2016-05-31,15.94789981842041
2016-06-01,15.981477737426758
2016-06-02,16.01505470275879
2016-06-03,15.786747932434082
2016-06-06,15.88075065612793
2016-06-07,15.847173690795898
2016-06-08,15.860608100891113
2016-06-09,15.746454238891602
2016-06-10,15.551718711853027
2016-06-13,15.444283485412598
2016-06-14,15.215974807739258
2016-06-15,15.236120223999023
2016-06-16,15.276409149169922
2016-06-17,15.26358413696289
2016-06-20,15.351349830627441
2016-06-21,15.439104080200195
2016-06-22,15.425603866577148
2016-06-23,15.749640464782715
2016-06-24,14.905792236328125
2016-06-27,14.480489730834961
2016-06-28,14.851785659790039
2016-06-29,15.189323425292969
2016-06-30,15.432353973388672
2016-07-01,15.351349830627441
2016-07-05,15.121819496154785
2016-07-06,15.162327766418457
2016-07-07,15.182573318481445
2016-07-08,15.472857475280762
2016-07-11,15.560622215270996
2016-07-12,15.756389617919922
2016-07-13,15.756389617919922
2016-07-14,15.904909133911133
2016-07-15,15.877907752990723
2016-07-18,15.93190860748291
2016-07-19,15.93867301940918
2016-07-20,15.96567153930664
2016-07-21,15.884661674499512
2016-07-22,15.985922813415527
2016-07-25,15.952166557312012
2016-07-26,15.96567153930664
2016-07-27,15.9589204788208
2016-07-28,15.992674827575684
2016-07-29,15.96567153930664
2016-08-01,15.925162315368652
2016-08-02,15.79014778137207
2016-08-03,15.952166557312012
2016-08-04,15.911666870117188
2016-08-05,16.215450286865234
2016-08-08,16.235706329345703
2016-08-09,16.249202728271484
2016-08-10,16.120933532714844
2016-08-11,16.154693603515625
2016-08-12,16.10743522644043
2016-08-15,16.215450286865234
2016-08-16,16.17494773864746
2016-08-17,16.228946685791016
2016-08-18,16.215450286865234
2016-08-19,16.208698272705078
2016-08-22,16.208698272705078
2016-08-23,16.228946685791016
2016-08-24,16.222206115722656
2016-08-25,16.25595474243164
2016-08-26,16.27621078491211
2016-08-29,16.417970657348633
2016-08-30,16.566490173339844
2016-08-31,16.579998016357422
2016-09-01,16.51248550415039
2016-09-02,16.586742401123047
2016-09-06,16.559741973876953
2016-09-07,16.552989959716797
2016-09-08,16.53948974609375
2016-09-09,16.228946685791016
2016-09-12,16.411222457885742
2016-09-13,16.120933532714844
2016-09-14,16.08043098449707
2016-09-15,16.17494773864746
2016-09-16,16.021644592285156
2016-09-19,16.12380599975586
2016-09-20,16.132156372070312
2016-09-21,16.232358932495117
2016-09-22,16.265750885009766
2016-09-23,16.182252883911133
2016-09-26,15.9234037399292
2016-09-27,16.04865837097168
2016-09-28,16.12380599975586
2016-09-29,15.898360252380371
2016-09-30,16.115459442138672
2016-10-03,16.040306091308594
2016-10-04,16.10710906982422
2016-10-05,16.365957260131836
2016-10-06,16.391008377075195
2016-10-07,16.382659912109375
2016-10-10,16.46615982055664
2016-10-11,16.315855026245117
2016-10-12,16.299158096313477
2016-10-13,16.14051055908203
2016-10-14,16.215656280517578
2016-10-17,16.14051055908203
2016-10-18,16.27410316467285
2016-10-19,16.41605567932129
2016-10-20,16.41605567932129
2016-10-21,16.40770721435547
2016-10-24,16.457809448242188
2016-10-25,16.44110679626465
2016-10-26,16.541303634643555
2016-10-27,16.58305549621582
2016-10-28,16.507904052734375
2016-10-31,16.482860565185547
2016-11-01,16.41605567932129
2016-11-02,16.307506561279297
2016-11-03,16.324207305908203
2016-11-04,16.27410316467285
2016-11-07,16.68325424194336
2016-11-08,16.691608428955078
2016-11-09,17.401357650756836
2016-11-10,18.044300079345703
2016-11-11,18.094404220581055
2016-11-14,18.53695297241211
2016-11-15,18.520254135131836
2016-11-16,18.253055572509766
2016-11-17,18.50354766845703
2016-11-18,18.50354766845703
2016-11-21,18.570354461669922
2016-11-22,18.578697204589844
2016-11-23,18.687252044677734
2016-11-25,18.712297439575195
2016-11-28,18.495203018188477
2016-11-29,18.545297622680664
2016-11-30,18.795801162719727
2016-12-01,19.12144660949707
2016-12-02,18.91269874572754
2016-12-05,19.138153076171875
2016-12-06,19.305147171020508
2016-12-07,19.60574722290039
2016-12-08,19.78944969177246
2016-12-09,19.83119773864746
2016-12-12,19.63914680480957
2016-12-13,19.689247131347656
2016-12-14,19.597394943237305
2016-12-15,19.76439666748047
2016-12-16,19.594118118286133
2016-12-19,19.602510452270508
2016-12-20,19.84576416015625
2016-12-21,19.795434951782227
2016-12-22,19.745107650756836
2016-12-23,19.778656005859375
2016-12-27,19.803823471069336
2016-12-28,19.602510452270508
2016-12-29,19.459917068481445
2016-12-30,19.50185775756836
2017-01-03,19.71993637084961
2017-01-04,19.879308700561523
2017-01-05,19.677997589111328
2017-01-06,19.745107650756836
2017-01-09,19.61089515686035
2017-01-10,19.652835845947266
2017-01-11,19.778656005859375
2017-01-12,19.61089515686035
2017-01-13,19.71993637084961
2017-01-17,19.250219345092773
2017-01-18,19.409595489501953
2017-01-19,19.325712203979492
2017-01-20,19.4179744720459
2017-01-23,19.292163848876953
2017-01-24,19.535417556762695
2017-01-25,19.862531661987305
2017-01-26,19.912860870361328
2017-01-27,19.83737564086914
2017-01-30,19.677997589111328
2017-01-31,19.55217933654785
2017-02-01,19.57734489440918
2017-02-02,19.50185775756836
2017-02-03,19.896085739135742
2017-02-06,19.803823471069336
2017-02-07,19.75349235534668
2017-02-08,19.61928367614746
2017-02-09,19.8877010345459
2017-02-10,19.9464168548584
2017-02-13,20.17288589477539
2017-02-14,20.407747268676758
2017-02-15,20.567119598388672
2017-02-16,20.51679039001465
2017-02-17,20.52518081665039
2017-02-21,20.625835418701172
2017-02-22,20.642610549926758
2017-02-23,20.642610549926758
2017-02-24,20.48324203491211
2017-02-27,20.592283248901367
2017-02-28,20.583898544311523
2017-03-01,21.171045303344727
2017-03-02,20.843914031982422
2017-03-03,20.9445743560791
2017-03-06,20.785202026367188
2017-03-07,20.726490020751953
2017-03-08,20.73487663269043
2017-03-09,20.810367584228516
2017-03-10,20.79358673095703
2017-03-13,20.843914031982422
2017-03-14,20.785202026367188
2017-03-15,20.751657485961914
2017-03-16,20.785202026367188
2017-03-17,20.58149528503418
2017-03-20,20.41313934326172
2017-03-21,19.840723037719727
2017-03-22,19.798643112182617
2017-03-23,19.840723037719727
2017-03-24,19.81547737121582
2017-03-27,19.739715576171875
2017-03-28,20.009078979492188
2017-03-29,19.8828125
2017-03-30,20.14377212524414
2017-03-31,19.975414276123047
2017-04-03,19.933320999145508
2017-04-04,19.908071517944336
2017-04-05,19.75655174255371
2017-04-06,19.8828125
2017-04-07,19.798643112182617
2017-04-10,19.748132705688477
2017-04-11,19.689205169677734
2017-04-12,19.529268264770508
2017-04-13,19.276735305786133
2017-04-17,19.613447189331055
2017-04-18,19.428258895874023
2017-04-19,19.36933135986328
2017-04-20,19.6976261138916
2017-04-21,19.495595932006836
2017-04-24,19.933320999145508
2017-04-25,20.110097885131836
2017-04-26,20.09326171875
2017-04-27,20.000669479370117
2017-04-28,19.807056427001953
2017-05-01,19.933320999145508
2017-05-02,19.908071517944336
2017-05-03,20.068008422851562
2017-05-04,20.101680755615234
2017-05-05,20.068008422851562
2017-05-08,20.051172256469727
2017-05-09,19.975414276123047
2017-05-10,20.042753219604492
2017-05-11,19.91649055480957
2017-05-12,19.832311630249023
2017-05-15,19.983827590942383
2017-05-16,20.042753219604492
2017-05-17,19.41142463684082
2017-05-18,19.487180709838867
2017-05-19,19.655540466308594
2017-05-22,19.70604133605957
2017-05-23,19.857566833496094
2017-05-24,19.84914779663086
2017-05-25,19.8828125
2017-05-26,19.87440299987793
2017-05-30,19.739715576171875
2017-05-31,19.571365356445312
2017-06-01,19.81547737121582
2017-06-02,19.739715576171875
2017-06-05,19.773386001586914
2017-06-06,19.689205169677734
2017-06-07,19.840723037719727
2017-06-08,20.068008422851562
2017-06-09,20.446809768676758
2017-06-12,20.48889923095703
2017-06-13,20.598323822021484
2017-06-14,20.63199806213379
2017-06-15,20.547822952270508
2017-06-16,20.525005340576172
2017-06-19,20.73626136779785
2017-06-20,20.558805465698242
2017-06-21,20.389806747436523
2017-06-22,20.2630615234375
2017-06-23,20.187007904052734
2017-06-26,20.296859741210938
2017-06-27,20.39826202392578
2017-06-28,20.719358444213867
2017-06-29,20.863004684448242
2017-06-30,20.84610939025879
2017-07-03,21.150304794311523
2017-07-05,21.18410873413086
2017-07-06,21.023555755615234
2017-07-07,21.167211532592773
2017-07-10,21.141864776611328
2017-07-11,20.95595359802246
2017-07-12,21.023555755615234
2017-07-13,21.150304794311523
2017-07-14,21.057361602783203
2017-07-17,20.989757537841797
2017-07-18,20.95595359802246
2017-07-19,20.964405059814453
2017-07-20,20.95595359802246
2017-07-21,20.95595359802246
2017-07-24,21.048908233642578
2017-07-25,21.31085205078125
2017-07-26,21.167211532592773
2017-07-27,21.048908233642578
2017-07-28,21.048908233642578
2017-07-31,21.201007843017578
2017-08-01,21.353111267089844
2017-08-02,21.386905670166016
2017-08-03,21.31085205078125
2017-08-04,21.45450210571289
2017-08-07,21.420705795288086
2017-08-08,21.361557006835938
2017-08-09,21.361557006835938
2017-08-10,20.981307983398438
2017-08-11,20.896808624267578
2017-08-14,21.18410873413086
2017-08-15,21.201007843017578
2017-08-16,21.15876007080078
2017-08-17,20.79541015625
2017-08-18,20.80385971069336
2017-08-21,20.744707107543945
2017-08-22,20.972858428955078
2017-08-23,20.905254364013672
2017-08-24,20.905254364013672
2017-08-25,20.964405059814453
2017-08-28,20.829208374023438
2017-08-29,20.76160430908203
2017-08-30,20.84610939025879
2017-08-31,20.871456146240234
2017-09-01,20.930612564086914
2017-09-05,20.482763290405273
2017-09-06,20.533456802368164
2017-09-07,20.178558349609375
2017-09-08,20.364459991455078
2017-09-11,20.719358444213867
2017-09-12,20.964405059814453
2017-09-13,20.998207092285156
2017-09-14,20.95595359802246
2017-09-15,21.01790428161621
2017-09-18,21.26397132873535
2017-09-19,21.425193786621094
2017-09-20,21.55246925354004
2017-09-21,21.603378295898438
2017-09-22,21.577922821044922
2017-09-25,21.55246925354004
2017-09-26,21.54397964477539
2017-09-27,21.80702018737793
2017-09-28,21.84096908569336
2017-09-29,21.942792892456055
2017-10-02,22.12946319580078
2017-10-03,22.20583152770996
2017-10-04,22.104007720947266
2017-10-05,22.333110809326172
2017-10-06,22.358562469482422
2017-10-09,22.27370834350586
2017-10-10,22.375532150268555
2017-10-11,22.333110809326172
2017-10-12,22.163410186767578
2017-10-13,22.17188835144043
2017-10-16,22.316133499145508
2017-10-17,22.20583152770996
2017-10-18,22.324628829956055
2017-10-19,22.341590881347656
2017-10-20,22.604637145996094
2017-10-23,22.587669372558594
2017-10-24,22.74888801574707
2017-10-25,22.61311912536621
2017-10-26,22.740400314331055
2017-10-27,22.723430633544922
2017-10-30,22.63009262084961
2017-10-31,22.570697784423828
2017-11-01,22.604637145996094
2017-11-02,22.81675910949707
2017-11-03,22.723430633544922
2017-11-06,22.697973251342773
2017-11-07,22.384021759033203
2017-11-08,22.27370834350586
2017-11-09,22.197345733642578
2017-11-10,22.12946319580078
2017-11-13,22.163410186767578
2017-11-14,22.154924392700195
2017-11-15,22.214319229125977
2017-11-16,22.222803115844727
2017-11-17,22.197345733642578
2017-11-20,22.299171447753906
2017-11-21,22.367055892944336
2017-11-22,22.256744384765625
2017-11-24,22.248258590698242
2017-11-27,22.23128890991211
2017-11-28,22.808279037475586
2017-11-29,23.198598861694336
2017-11-30,23.351335525512695
2017-12-01,23.402244567871094
2017-12-04,23.758625030517578
2017-12-05,23.63134765625
2017-12-06,23.54649543762207
2017-12-07,23.622865676879883
2017-12-08,23.767114639282227
2017-12-11,23.707714080810547
2017-12-12,23.945302963256836
2017-12-13,23.64832305908203
2017-12-14,23.495580673217773
2017-12-15,23.706989288330078
2017-12-18,23.92011070251465
2017-12-19,23.817813873291016
2017-12-20,23.77519416809082
2017-12-21,23.97978401184082
2017-12-22,23.911584854125977
2017-12-26,23.8433895111084
2017-12-27,23.86896514892578
2017-12-28,23.96273422241211
2017-12-29,23.792245864868164
2018-01-02,23.80076026916504
2018-01-03,23.928632736206055
2018-01-04,24.15027618408203
2018-01-05,24.21847152709961
2018-01-08,24.18437385559082
2018-01-09,24.371915817260742
2018-01-10,24.576509475708008
2018-01-11,24.695858001708984
2018-01-12,24.917490005493164
2018-01-16,24.849294662475586
2018-01-17,25.036842346191406
2018-01-18,25.002742767333984
2018-01-19,25.181751251220703
2018-01-22,25.38634490966797
2018-01-23,25.41192054748535
2018-01-24,25.582414627075195
2018-01-25,25.531267166137695
2018-01-26,25.718809127807617
2018-01-29,25.61651611328125
2018-01-30,25.2840518951416
2018-01-31,25.35225486755371
2018-02-01,25.59093475341797
2018-02-02,25.028308868408203
2018-02-05,23.76666831970215
2018-02-06,24.201425552368164
2018-02-07,24.21847152709961
2018-02-08,23.152894973754883
2018-02-09,23.596174240112305
2018-02-12,23.928632736206055
2018-02-13,24.030933380126953
2018-02-14,24.602081298828125
2018-02-15,24.738479614257812
2018-02-16,24.704376220703125
2018-02-20,24.627656936645508
2018-02-21,24.661752700805664
2018-02-22,24.457162857055664
2018-02-23,24.823720932006836
2018-02-26,25.19879913330078
2018-02-27,24.960119247436523
2018-02-28,24.610605239868164
2018-03-01,24.18437385559082
2018-03-02,24.24404525756836
2018-03-05,24.585031509399414
2018-03-06,24.687326431274414
2018-03-07,24.64470672607422
2018-03-08,24.721426010131836
2018-03-09,25.318147659301758
2018-03-12,25.2329044342041
2018-03-13,24.951587677001953
2018-03-14,24.67027473449707
2018-03-15,24.67880630493164
2018-03-16,24.700191497802734
2018-03-19,24.520526885986328
2018-03-20,24.580408096313477
2018-03-21,24.571861267089844
2018-03-22,23.66495704650879
2018-03-23,22.94628143310547
2018-03-26,23.690624237060547
2018-03-27,23.228614807128906
2018-03-28,23.271398544311523
2018-03-29,23.587949752807617
2018-04-02,23.066059112548828
2018-04-03,23.382625579833984
2018-04-04,23.6307315826416
2018-04-05,23.81896209716797
2018-04-06,23.24573516845703
2018-04-09,23.374065399169922
2018-04-10,23.724849700927734
2018-04-11,23.44251251220703
2018-04-12,23.853179931640625
2018-04-13,23.493844985961914
2018-04-16,23.596513748168945
2018-04-17,23.596513748168945
2018-04-18,23.485292434692383
2018-04-19,23.844629287719727
2018-04-20,23.853179931640625
2018-04-23,23.8275146484375
2018-04-24,23.673511505126953
2018-04-25,23.656394958496094
2018-04-26,23.66495704650879
2018-04-27,23.699182510375977
2018-04-30,23.485292434692383
2018-05-01,23.493844985961914
2018-05-02,23.228614807128906
2018-05-03,23.03183937072754
2018-05-04,23.331289291381836
2018-05-07,23.485292434692383
2018-05-08,23.647850036621094
2018-05-09,23.99862289428711
2018-05-10,24.195411682128906
2018-05-11,24.178298950195312
2018-05-14,24.16118812561035
2018-05-15,24.118410110473633
2018-05-16,24.16118812561035
2018-05-17,24.109851837158203
2018-05-18,23.913066864013672
2018-05-21,24.084182739257812
2018-05-22,24.246746063232422
2018-05-23,24.092737197875977
2018-05-24,23.904516220092773
2018-05-25,23.8275146484375
2018-05-29,23.03183937072754
2018-05-30,23.451065063476562
2018-05-31,23.254287719726562
2018-06-01,23.510957717895508
2018-06-04,23.587949752807617
2018-06-05,23.485292434692383
2018-06-06,23.913066864013672
2018-06-07,23.990074157714844
2018-06-08,24.024295806884766
2018-06-11,23.97295570373535
2018-06-12,23.913066864013672
2018-06-13,23.8275146484375
2018-06-14,23.605064392089844
2018-06-15,23.604209899902344
2018-06-18,23.56124496459961
2018-06-19,23.501094818115234
2018-06-20,23.440948486328125
2018-06-21,23.37220573425293
2018-06-22,23.260494232177734
2018-06-25,23.011308670043945
2018-06-26,22.933977127075195
2018-06-27,22.650419235229492
2018-06-28,22.84804916381836
2018-06-29,22.84804916381836
2018-07-02,22.959754943847656
2018-07-03,22.753528594970703
2018-07-05,22.805084228515625
2018-07-06,22.916791915893555
2018-07-09,23.440948486328125
2018-07-10,23.35502052307129
2018-07-11,23.24331283569336
2018-07-12,23.28627586364746
2018-07-13,23.183170318603516
2018-07-16,23.595613479614258
2018-07-17,23.62139892578125
2018-07-18,23.999473571777344
2018-07-19,23.638582229614258
2018-07-20,23.68154525756836
2018-07-23,24.008068084716797
2018-07-24,24.076805114746094
2018-07-25,24.12837028503418
2018-07-26,24.119770050048828
2018-07-27,24.171327590942383
2018-07-30,24.18851661682129
2018-07-31,24.01665496826172
2018-08-01,24.01665496826172
2018-08-02,24.025251388549805
2018-08-03,24.16273307800293
2018-08-06,24.291627883911133
2018-08-07,24.403329849243164
2018-08-08,24.463478088378906
2018-08-09,24.31740379333496
2018-08-10,24.033845901489258
2018-08-13,23.80184555053711
2018-08-14,24.025251388549805
2018-08-15,23.836214065551758
2018-08-16,24.154146194458008
2018-08-17,24.20570182800293
2018-08-20,24.28303337097168
2018-08-21,24.377552032470703
2018-08-22,24.291627883911133
2018-08-23,24.179914474487305
2018-08-24,24.265850067138672
2018-08-27,24.592376708984375
2018-08-28,24.56659507751465
2018-08-29,24.558000564575195
2018-08-30,24.368961334228516
2018-08-31,24.343183517456055
2018-09-04,24.463478088378906
2018-09-05,24.48066520690918
2018-09-06,24.368961334228516
2018-09-07,24.343183517456055
2018-09-10,24.31740379333496
2018-09-11,24.343183517456055
2018-09-12,24.119770050048828
2018-09-13,24.085407257080078
2018-09-14,24.25725555419922
2018-09-17,24.154146194458008
2018-09-18,24.274438858032227
2018-09-19,24.686891555786133
2018-09-20,24.901708602905273
2018-09-21,24.805044174194336
2018-09-24,24.528858184814453
2018-09-25,24.433917999267578
2018-09-26,24.14046859741211
2018-09-27,24.054162979125977
2018-09-28,23.80386734008789
2018-10-01,23.898805618286133
2018-10-02,23.898805618286133
2018-10-03,24.12320327758789
2018-10-04,24.287189483642578
2018-10-05,24.166357040405273
2018-10-08,24.33034896850586
2018-10-09,24.23540496826172
2018-10-10,23.484525680541992
2018-10-11,22.785425186157227
2018-10-12,22.81132698059082
2018-10-15,22.707754135131836
2018-10-16,23.087501525878906
2018-10-17,23.320537567138672
2018-10-18,22.93215560913086
2018-10-19,23.018463134765625
2018-10-22,22.526506423950195
2018-10-23,22.34525489807129
2018-10-24,21.784242630004883
2018-10-25,22.120851516723633
2018-10-26,21.801515579223633
2018-10-29,21.991390228271484
2018-10-30,22.371145248413086
2018-10-31,22.68185043334961
2018-11-01,22.785425186157227
2018-11-02,22.76816749572754
2018-11-05,23.13066291809082
2018-11-06,23.251495361328125
2018-11-07,23.553571701049805
2018-11-08,23.622623443603516
2018-11-09,23.406848907470703
2018-11-12,22.940784454345703
2018-11-13,23.070241928100586
2018-11-14,22.759532928466797
2018-11-15,23.09613609313965
2018-11-16,23.122026443481445
2018-11-19,23.1133975982666
2018-11-20,22.604177474975586
2018-11-21,22.621442794799805
2018-11-23,22.440196990966797
2018-11-26,22.897628784179688
2018-11-27,22.91489028930664
2018-11-28,23.355058670043945
2018-11-29,23.156551361083984
2018-11-30,23.277385711669922
2018-12-03,23.42410659790039
2018-12-04,22.40567398071289
2018-12-06,22.094959259033203
2018-12-07,21.67204475402832
2018-12-10,21.369962692260742
2018-12-11,21.162832260131836
2018-12-12,21.283658981323242
2018-12-13,21.12830352783203
2018-12-14,20.92116355895996
2018-12-17,20.714027404785156
2018-12-18,20.63634490966797
2018-12-19,20.377431869506836
2018-12-20,20.19617462158203
2018-12-21,19.79233741760254
2018-12-24,19.375473022460938
2018-12-26,20.252622604370117
2018-12-27,20.495792388916016
2018-12-28,20.487110137939453
2018-12-31,20.686857223510742
2019-01-02,20.860549926757812
2019-01-03,20.391578674316406
2019-01-04,21.068979263305664
2019-01-07,21.095035552978516
2019-01-08,21.112409591674805
2019-01-09,21.216615676879883
2019-01-10,21.225305557250977
2019-01-11,21.27741241455078
2019-01-14,21.425050735473633
2019-01-15,21.616113662719727
2019-01-16,22.076398849487305
2019-01-17,22.19798469543457
2019-01-18,22.580116271972656
2019-01-22,22.319568634033203
2019-01-23,22.345623016357422
2019-01-24,22.397733688354492
2019-01-25,22.580116271972656
2019-01-28,22.510631561279297
2019-01-29,22.432472229003906
2019-01-30,22.5627384185791
2019-01-31,22.528003692626953
2019-02-01,22.62353515625
2019-02-04,22.719070434570312
2019-02-05,22.65827178955078
2019-02-06,22.63222312927246
2019-02-07,22.40641975402832
2019-02-08,22.293516159057617
2019-02-11,22.362993240356445
2019-02-12,22.693012237548828
2019-02-13,22.753807067871094
2019-02-14,22.475894927978516
2019-02-15,22.95355987548828
2019-02-19,22.988290786743164
2019-02-20,23.13593101501465
2019-02-21,23.01434326171875
2019-02-22,22.979604721069336
2019-02-25,23.07514190673828
2019-02-26,23.005661010742188
2019-02-27,23.09250831604004
2019-02-28,23.031713485717773
2019-03-01,23.179357528686523
2019-03-04,23.031713485717773
2019-03-05,22.944869995117188
2019-03-06,22.797225952148438
2019-03-07,22.5627384185791
2019-03-08,22.55405616760254
2019-03-11,22.788545608520508
2019-03-12,22.84065055847168
2019-03-13,22.996973037719727
2019-03-14,23.08382225036621
2019-03-15,23.24530601501465
2019-03-18,23.480989456176758
2019-03-19,23.297685623168945
2019-03-20,22.817584991455078
2019-03-21,22.747760772705078
2019-03-22,22.119266510009766
2019-03-25,22.023250579833984
2019-03-26,22.285120010375977
2019-03-27,22.189096450805664
2019-03-28,22.38113784790039
2019-03-29,22.442241668701172
2019-04-01,22.99216651916504
2019-04-02,22.97470474243164
2019-04-03,23.044536590576172
2019-04-04,23.184202194213867
2019-04-05,23.219120025634766
2019-04-08,23.24530601501465
2019-04-09,23.053272247314453
2019-04-10,23.123106002807617
2019-04-11,23.262765884399414
2019-04-12,23.690486907958984
2019-04-15,23.542097091674805
2019-04-16,23.873796463012695
2019-04-17,23.93489646911621
2019-04-18,23.865066528320312
2019-04-22,23.795238494873047
2019-04-23,23.943618774414062
2019-04-24,23.917442321777344
2019-04-25,23.961090087890625
2019-04-26,24.17931365966797
2019-04-29,24.423725128173828
2019-04-30,24.458637237548828
2019-05-01,24.257875442504883
2019-05-02,24.284061431884766
2019-05-03,24.502281188964844
2019-05-06,24.33643341064453
2019-05-07,23.93489646911621
2019-05-08,23.882526397705078
2019-05-09,23.83014678955078
2019-05-10,23.987276077270508
2019-05-13,23.288957595825195
2019-05-14,23.47226333618164
2019-05-15,23.38496971130371
2019-05-16,23.620655059814453
2019-05-17,23.463531494140625
2019-05-20,23.489723205566406
2019-05-21,23.734132766723633
2019-05-22,23.594467163085938
2019-05-23,23.262765884399414
2019-05-24,23.446075439453125
2019-05-28,23.17547607421875
2019-05-29,23.13182830810547
2019-05-30,23.053272247314453
2019-05-31,22.70411491394043
2019-06-03,22.852500915527344
2019-06-04,23.47226333618164
2019-06-05,23.620655059814453
2019-06-06,23.70794677734375
2019-06-07,23.673036575317383
2019-06-10,23.873796463012695
2019-06-11,23.882526397705078
2019-06-12,23.646839141845703
2019-06-13,23.725406646728516
2019-06-14,23.777774810791016
2019-06-17,23.559555053710938
2019-06-18,23.873796463012695
2019-06-19,23.83014678955078
2019-06-20,23.93489646911621
2019-06-21,23.881383895874023
2019-06-24,23.78487205505371
2019-06-25,23.705913543701172
2019-06-26,23.66204833984375
2019-06-27,23.872604370117188
2019-06-28,24.21477699279785
2019-07-01,24.504301071166992
2019-07-02,24.442886352539062
2019-07-03,24.635900497436523
2019-07-05,24.706087112426758
2019-07-08,24.5832576751709
2019-07-09,24.627124786376953
2019-07-10,24.53939437866211
2019-07-11,24.67976188659668
2019-07-12,24.84646224975586
2019-07-15,24.706087112426758
2019-07-16,24.64467430114746
2019-07-17,24.434104919433594
2019-07-18,24.618356704711914
2019-07-19,24.513072967529297
2019-07-22,24.565710067749023
2019-07-23,24.820148468017578
2019-07-24,25.074575424194336
2019-07-25,24.899105072021484
2019-07-26,25.171085357666016
2019-07-29,24.978059768676758
2019-07-30,24.907878875732422
2019-07-31,24.785049438476562
2019-08-01,24.22355079650879
2019-08-02,24.21477699279785
2019-08-05,23.407617568969727
2019-08-06,23.78487205505371
2019-08-07,23.469024658203125
2019-08-08,23.916479110717773
2019-08-09,23.8375186920166
2019-08-12,23.38129425048828
2019-08-13,23.670820236206055
2019-08-14,22.79347038269043
2019-08-15,22.907529830932617
2019-08-16,23.311111450195312
2019-08-19,23.547988891601562
2019-08-20,23.23214340209961
2019-08-21,23.337425231933594
2019-08-22,23.495349884033203
2019-08-23,22.89875602722168
2019-08-26,23.11808967590332
2019-08-27,22.97771453857422
2019-08-28,23.188283920288086
2019-08-29,23.539220809936523
2019-08-30,23.618183135986328
2019-09-03,23.37252426147461
2019-09-04,23.600627899169922
2019-09-05,24.083175659179688
2019-09-06,24.07439613342285
2019-09-09,24.442886352539062
2019-09-10,24.530620574951172
2019-09-11,24.670995712280273
2019-09-12,24.802597045898438
2019-09-13,24.995616912841797
2019-09-16,24.907878875732422
2019-09-17,24.93419647216797
2019-09-18,25.021930694580078
2019-09-19,24.907878875732422
2019-09-20,24.761499404907227
2019-09-23,24.805583953857422
2019-09-24,24.5674991607666
2019-09-25,24.770315170288086
2019-09-26,24.655675888061523
2019-09-27,24.752674102783203
2019-09-30,24.690946578979492
2019-10-01,24.170673370361328
2019-10-02,23.676860809326172
2019-10-03,23.773860931396484
2019-10-04,24.214767456054688
2019-10-07,24.09131622314453
2019-10-08,23.615129470825195
2019-10-09,23.835586547851562
2019-10-10,24.08249282836914
2019-10-11,24.382312774658203
2019-10-14,24.417587280273438
2019-10-15,24.770315170288086
2019-10-16,24.70858383178711
2019-10-17,24.726226806640625
2019-10-18,24.78795623779297
2019-10-21,25.131855010986328
2019-10-22,25.06131362915039
2019-10-23,25.167129516601562
2019-10-24,25.131855010986328
2019-10-25,25.25531768798828
2019-10-28,25.387592315673828
2019-10-29,25.449317932128906
2019-10-30,25.431676864624023
2019-10-31,25.308225631713867
2019-11-01,25.6785888671875
2019-11-04,25.8990421295166
2019-11-05,25.996042251586914
2019-11-06,26.128314971923828
2019-11-07,26.32232093811035
2019-11-08,26.31349754333496
2019-11-11,26.242950439453125
2019-11-12,26.278228759765625
2019-11-13,26.110673904418945
2019-11-14,26.16358757019043
2019-11-15,26.23413848876953
2019-11-18,26.28704261779785
2019-11-19,26.33995246887207
2019-11-20,26.216501235961914
2019-11-21,26.190046310424805
2019-11-22,26.384048461914062
2019-11-25,26.55158805847168
2019-11-26,26.525142669677734
2019-11-27,26.630956649780273
2019-11-29,26.58686065673828
2019-12-02,26.4193172454834
2019-12-03,26.048952102661133
2019-12-04,26.295862197875977
2019-12-05,26.4193172454834
2019-12-06,26.772052764892578
2019-12-09,26.710317611694336
2019-12-10,26.719139099121094
2019-12-11,26.657405853271484
2019-12-12,27.17768096923828
2019-12-13,27.08068084716797
2019-12-16,27.17768096923828
2019-12-17,27.283498764038086
2019-12-18,27.168865203857422
2019-12-19,27.160043716430664
2019-12-20,27.19195556640625
2019-12-23,27.129913330078125
2019-12-24,27.19195556640625
2019-12-26,27.342626571655273
2019-12-27,27.27172088623047
2019-12-30,27.19195556640625
2019-12-31,27.280588150024414
2020-01-02,27.54647445678711
2020-01-03,27.253995895385742
2020-01-06,27.236268997192383
2020-01-07,27.05901336669922
2020-01-08,27.236268997192383
2020-01-09,27.404664993286133
2020-01-10,27.200815200805664
2020-01-13,27.38694190979004
2020-01-14,27.333765029907227
2020-01-15,27.183088302612305
2020-01-16,27.422393798828125
2020-01-17,27.502161026000977
2020-01-21,27.27172088623047
2020-01-22,27.35149383544922
2020-01-23,27.280588150024414
2020-01-24,26.934921264648438
2020-01-27,26.51835823059082
2020-01-28,26.828571319580078
2020-01-29,26.78424835205078
2020-01-30,27.121049880981445
2020-01-31,26.553810119628906
2020-02-03,26.73993682861328
2020-02-04,26.996965408325195
2020-02-05,27.537614822387695
2020-02-06,27.502161026000977
2020-02-07,27.404664993286133
2020-02-10,27.484439849853516
2020-02-11,27.581928253173828
2020-02-12,27.599655151367188
2020-02-13,27.590787887573242
2020-02-14,27.626243591308594
2020-02-18,27.38694190979004
2020-02-19,27.590787887573242
2020-02-20,27.537614822387695
2020-02-21,27.27172088623047
2020-02-24,26.385412216186523
2020-02-25,25.4902400970459
2020-02-26,25.30411148071289
2020-02-27,24.222820281982422
2020-02-28,23.56695556640625
2020-03-02,24.772327423095703
2020-03-03,23.841705322265625
2020-03-04,24.630521774291992
2020-03-05,23.44286346435547
2020-03-06,22.645185470581055
2020-03-09,20.216703414916992
2020-03-10,21.404359817504883
2020-03-11,20.2432918548584
2020-03-12,18.054109573364258
2020-03-13,20.429418563842773
2020-03-16,17.62868309020996
2020-03-17,18.585895538330078
2020-03-18,17.008268356323242
2020-03-19,17.380517959594727
2020-03-20,16.760095596313477
2020-03-23,15.784936904907227
2020-03-24,17.74240493774414
2020-03-25,18.22507667541504
2020-03-26,19.369171142578125
2020-03-27,18.779247283935547
2020-03-30,19.136777877807617
2020-03-31,18.609424591064453
2020-04-01,17.474266052246094
2020-04-02,17.9122371673584
2020-04-03,17.55470848083496
2020-04-06,18.815004348754883
2020-04-07,19.00270652770996
2020-04-08,19.833965301513672
2020-04-09,20.897613525390625
2020-04-13,20.137866973876953
2020-04-14,20.22724723815918
2020-04-15,19.351299285888672
2020-04-16,19.011642456054688
2020-04-17,20.012723922729492
2020-04-20,19.66413688659668
2020-04-21,19.029516220092773
2020-04-22,19.235103607177734
2020-04-23,19.1546573638916
2020-04-24,19.431739807128906
2020-04-27,20.093175888061523
2020-04-28,20.30768394470215
2020-04-29,20.897613525390625
2020-04-30,20.370254516601562
2020-05-01,19.717763900756836
2020-05-04,19.538997650146484
2020-05-05,19.47643280029297
2020-05-06,19.056331634521484
2020-05-07,19.50324821472168
2020-05-08,19.923343658447266
2020-05-11,19.538997650146484
2020-05-12,19.029516220092773
2020-05-13,18.46640968322754
2020-05-14,18.940141677856445
2020-05-15,18.815004348754883
2020-05-18,19.780330657958984
2020-05-19,19.297666549682617
2020-05-20,19.726701736450195
2020-05-21,19.66413688659668
2020-05-22,19.592626571655273
2020-05-26,20.611587524414062
2020-05-27,21.505413055419922
2020-05-28,21.165760040283203
2020-05-29,20.92442512512207
2020-06-01,21.165760040283203
2020-06-02,21.33558464050293
2020-06-03,22.13109016418457
2020-06-04,22.613752365112305
2020-06-05,23.453948974609375
2020-06-08,23.900859832763672
2020-06-09,23.39138412475586
2020-06-10,22.51543617248535
2020-06-11,20.674156188964844
2020-06-12,21.29983139038086
2020-06-15,21.594789505004883
2020-06-16,21.934446334838867
2020-06-17,21.603731155395508
2020-06-18,21.576915740966797
2020-06-19,21.43390464782715
2020-06-22,21.327756881713867
2020-06-23,21.426708221435547
2020-06-24,20.671106338500977
2020-06-25,21.219820022583008
2020-06-26,20.311294555664062
2020-06-29,20.536182403564453
2020-06-30,20.815034866333008
2020-07-01,20.635128021240234
2020-07-02,20.662111282348633
2020-07-06,21.057903289794922
2020-07-07,20.626131057739258
2020-07-08,20.842018127441406
2020-07-09,20.401248931884766
2020-07-10,21.102882385253906
2020-07-13,21.19283103942871
2020-07-14,21.3007755279541
2020-07-15,21.723556518554688
2020-07-16,21.723556518554688
2020-07-17,21.543649673461914
2020-07-20,21.444700241088867
2020-07-21,21.867477416992188
2020-07-22,21.867477416992188
2020-07-23,21.88547134399414
2020-07-24,21.831497192382812
2020-07-27,21.651594161987305
2020-07-28,21.597620010375977
2020-07-29,22.00240135192871
2020-07-30,21.60661506652832
2020-07-31,21.615612030029297
2020-08-03,21.678577423095703
2020-08-04,21.588621139526367
2020-08-05,21.88547134399414
2020-08-06,21.8764705657959
2020-08-07,22.344228744506836
2020-08-10,22.506145477294922
2020-08-11,22.767004013061523
2020-08-12,22.70403480529785
2020-08-13,22.56011199951172
2020-08-14,22.650062561035156
2020-08-17,22.272262573242188
2020-08-18,22.12834358215332
2020-08-19,22.119342803955078
2020-08-20,21.91245460510254
2020-08-21,21.867477416992188
2020-08-24,22.389205932617188
2020-08-25,22.45216941833496
2020-08-26,22.344228744506836
2020-08-27,22.72203254699707
2020-08-28,22.811983108520508
2020-08-31,22.54212188720703
2020-09-01,22.605093002319336
2020-09-02,22.928918838500977
2020-09-03,22.578105926513672
2020-09-04,22.749019622802734
2020-09-08,22.16431999206543
2020-09-09,22.389205932617188
2020-09-10,22.07436752319336
2020-09-11,22.2272891998291
2020-09-14,22.533124923706055
2020-09-15,22.2272891998291
2020-09-16,22.47915267944336
2020-09-17,22.245281219482422
2020-09-18,22.200305938720703
2020-09-21,21.64405059814453
2020-09-22,21.46315574645996
2020-09-23,20.983787536621094
2020-09-24,21.029010772705078
2020-09-25,21.246084213256836
2020-09-28,21.752582550048828
2020-09-29,21.48124885559082
2020-09-30,21.770679473876953
2020-10-01,21.80685806274414
2020-10-02,21.97870635986328
2020-10-05,22.340496063232422
2020-10-06,22.1143741607666
2020-10-07,22.485214233398438
2020-10-08,22.792734146118164
2020-10-09,22.819866180419922
2020-10-12,23.073118209838867
2020-10-13,22.629932403564453
2020-10-14,22.41285514831543
2020-10-15,22.584705352783203
2020-10-16,22.60279083251953
2020-10-19,22.259092330932617
2020-10-20,22.439987182617188
2020-10-21,22.322412490844727
2020-10-22,22.76559829711914
2020-10-23,22.837961196899414
2020-10-26,22.322412490844727
2020-10-27,21.915395736694336
2020-10-28,21.3546199798584
2020-10-29,21.517431259155273
2020-10-30,21.58073616027832
2020-11-02,21.98775291442871
2020-11-03,22.476167678833008
2020-11-04,22.213869094848633
2020-11-05,22.75655174255371
2020-11-06,22.575658798217773
2020-11-09,24.429828643798828
2020-11-10,24.55645751953125
2020-11-11,24.45696449279785
2020-11-12,24.049949645996094
2020-11-13,24.447917938232422
2020-11-16,24.990602493286133
2020-11-17,24.954423904418945
2020-11-18,24.71925926208496
2020-11-19,24.8006649017334
2020-11-20,24.583589553833008
2020-11-23,25.04487419128418
2020-11-24,25.92221450805664
2020-11-25,25.831768035888672
2020-11-27,25.750364303588867
2020-11-30,25.216724395751953
2020-12-01,25.60564422607422
2020-12-02,25.886035919189453
2020-12-03,25.89508056640625
2020-12-04,26.211639404296875
2020-12-07,26.030746459960938
2020-12-08,26.02170181274414
2020-12-09,25.958393096923828
2020-12-10,26.003616333007812
2020-12-11,25.741315841674805
2020-12-14,25.44283676147461
2020-12-15,25.87698745727539
2020-12-16,25.92221450805664
2020-12-17,25.994571685791016
2020-12-18,25.768449783325195
2020-12-21,26.115814208984375
2020-12-22,25.861202239990234
2020-12-23,26.288583755493164
2020-12-24,26.32495880126953
2020-12-28,26.4522647857666
2020-12-29,26.361330032348633
2020-12-30,26.479543685913086
2020-12-31,26.80689811706543
2021-01-04,26.44316864013672
2021-01-05,26.561378479003906
2021-01-06,27.734413146972656
2021-01-07,28.13451385498047
2021-01-08,28.11632537841797
2021-01-11,28.207260131835938
2021-01-12,28.498247146606445
2021-01-13,28.480056762695312
2021-01-14,28.607358932495117
2021-01-15,28.13451385498047
2021-01-19,28.207260131835938
2021-01-20,28.089048385620117
2021-01-21,27.788972854614258
2021-01-22,27.588918685913086
2021-01-25,27.38887596130371
2021-01-26,27.17062759399414
2021-01-27,26.370426177978516
2021-01-28,26.861461639404297
2021-01-29,26.32495880126953
2021-02-01,26.670499801635742
2021-02-02,27.316120147705078
2021-02-03,27.470703125
2021-02-04,28.0799560546875
2021-02-05,28.089048385620117
2021-02-08,28.452781677246094
2021-02-09,28.46186637878418
2021-02-10,28.46186637878418
2021-02-11,28.37093734741211
2021-02-12,28.661922454833984
2021-02-16,29.152956008911133
2021-02-17,29.29844856262207
2021-02-18,29.12567901611328
2021-02-19,29.471227645874023
2021-02-22,29.744022369384766
2021-02-23,29.925888061523438
2021-02-24,30.507856369018555
2021-02-25,29.95316505432129
2021-02-26,29.380294799804688
2021-03-01,30.298702239990234
2021-03-02,30.189594268798828
2021-03-03,30.426010131835938
2021-03-04,30.08046531677246
2021-03-05,30.65334701538086
2021-03-08,31.044349670410156
2021-03-09,30.762468338012695
2021-03-10,31.389894485473633
2021-03-11,31.298961639404297
2021-03-12,31.617231369018555
2021-03-15,31.43536376953125
2021-03-16,31.108001708984375
2021-03-17,31.31715202331543
2021-03-18,31.4808349609375
2021-03-19,31.11710548400879
2021-03-22,30.716136932373047
2021-03-23,30.286865234375
2021-03-24,30.39646339416504
2021-03-25,30.907943725585938
2021-03-26,31.39202880859375
2021-03-29,31.11802101135254
2021-03-30,31.337221145629883
2021-03-31,31.09974479675293
2021-04-01,31.48336410522461
2021-04-05,31.729961395263672
2021-04-06,31.666034698486328
2021-04-07,31.821290969848633
2021-04-08,31.8304443359375
2021-04-09,32.10444641113281
2021-04-12,32.24144744873047
2021-04-13,31.94002342224121
2021-04-14,32.131832122802734
2021-04-15,32.10444641113281
2021-04-16,32.332786560058594
2021-04-19,32.24144744873047
2021-04-20,31.63862419128418
2021-04-21,32.07703399658203
2021-04-22,31.720821380615234
2021-04-23,32.314510345458984
2021-04-26,32.442378997802734
2021-04-27,32.698116302490234
2021-04-28,32.82599639892578
2021-04-29,33.41054153442383
2021-04-30,33.118263244628906
2021-05-03,33.28266525268555
2021-05-04,33.54752731323242
2021-05-05,33.8215446472168
2021-05-06,34.32390213012695
2021-05-07,34.50655746459961
2021-05-10,34.47916030883789
2021-05-11,33.867210388183594
2021-05-12,33.5201416015625
2021-05-13,34.059024810791016
2021-05-14,34.59790802001953
2021-05-17,34.661827087402344
2021-05-18,34.17775344848633
2021-05-19,33.967681884765625
2021-05-20,33.98594665527344
2021-05-21,34.32390213012695
2021-05-24,34.48830032348633
2021-05-25,34.14122009277344
2021-05-26,34.24169921875
2021-05-27,34.63443374633789
2021-05-28,34.6983642578125
2021-06-01,34.90843963623047
2021-06-02,34.96323776245117
2021-06-03,35.04544448852539
2021-06-04,35.13678741455078
2021-06-07,34.90843963623047
2021-06-08,34.81710433959961
2021-06-09,34.48830032348633
2021-06-10,34.0864143371582
2021-06-11,34.30562210083008
2021-06-14,33.94941329956055
2021-06-15,34.01334762573242
2021-06-16,33.97682189941406
2021-06-17,32.97212219238281
2021-06-18,32.1775016784668
2021-06-21,32.92852020263672
2021-06-22,32.983524322509766
2021-06-23,33.04771423339844
2021-06-24,33.460357666015625
2021-06-25,33.86381912231445
2021-06-28,33.61623764038086
2021-06-29,33.49702835083008
2021-06-30,33.64374923706055
2021-07-01,33.90967559814453
2021-07-02,33.872989654541016
2021-07-06,33.34114456176758
2021-07-07,33.386993408203125
2021-07-08,32.71760940551758
2021-07-09,33.66209030151367
2021-07-12,33.992191314697266
2021-07-13,33.62541198730469
2021-07-14,33.46952438354492
2021-07-15,33.57956314086914
2021-07-16,33.121070861816406
2021-07-19,32.19493103027344
2021-07-20,32.99269104003906
2021-07-21,33.56121826171875
2021-07-22,33.19444274902344
2021-07-23,33.249446868896484
2021-07-26,33.44200897216797
2021-07-27,33.4328498840332
2021-07-28,33.386993408203125
2021-07-29,33.75379180908203
2021-07-30,33.48787307739258
2021-08-02,33.49702835083008
2021-08-03,33.872989654541016
2021-08-04,33.58872985839844
2021-08-05,34.02888107299805
2021-08-06,34.71660614013672
2021-08-09,34.80830383300781
2021-08-10,35.17509841918945
2021-08-11,35.57856750488281
2021-08-12,35.64274597167969
2021-08-13,35.37681579589844
2021-08-16,35.285125732421875
2021-08-17,35.03754806518555
2021-08-18,34.6065788269043
2021-08-19,34.34981155395508
2021-08-20,34.56071472167969
2021-08-23,34.84497833251953
2021-08-24,35.05588150024414
2021-08-25,35.46852111816406
2021-08-26,35.2943115234375
2021-08-27,35.76194763183594
2021-08-30,35.25762176513672
2021-08-31,35.21177673339844
2021-09-01,35.01003646850586
2021-09-02,35.12924575805664
2021-09-03,34.9091682434082
2021-09-07,34.69826889038086
2021-09-08,34.61573791503906
2021-09-09,34.71660614013672
2021-09-10,34.459861755371094
2021-09-13,34.854148864746094
2021-09-14,34.386497497558594
2021-09-15,34.71660614013672
2021-09-16,34.61573791503906
2021-09-17,34.459861755371094
2021-09-20,33.66047286987305
2021-09-21,33.61442565917969
2021-09-22,34.17620086669922
2021-09-23,35.01426315307617
2021-09-24,35.198455810546875
2021-09-27,35.677337646484375
2021-09-28,35.08793640136719
2021-09-29,35.115570068359375
2021-09-30,34.562992095947266
2021-10-01,35.13399124145508
2021-10-04,34.830078125
2021-10-05,35.511573791503906
2021-10-06,35.54840087890625
2021-10-07,35.760223388671875
2021-10-08,35.935203552246094
2021-10-11,35.576026916503906
2021-10-12,35.46552276611328
2021-10-13,35.262916564941406
2021-10-14,35.85231018066406
2021-10-15,36.38645935058594
2021-10-18,36.39568328857422
2021-10-19,36.75484085083008
2021-10-20,37.0495491027832
2021-10-21,36.89298629760742
2021-10-22,37.408714294433594
2021-10-25,37.3626594543457
2021-10-26,37.390296936035156
2021-10-27,36.77325439453125
2021-10-28,37.224517822265625
2021-10-29,37.077178955078125
2021-11-01,37.09559631347656
2021-11-02,37.187686920166016
2021-11-03,37.325828552246094
2021-11-04,36.83773422241211
2021-11-05,36.85614776611328
2021-11-08,37.05875778198242
2021-11-09,36.85614776611328
2021-11-10,36.79167938232422
2021-11-11,36.89298629760742
2021-11-12,36.97587585449219
2021-11-15,36.97587585449219
2021-11-16,36.93902587890625
2021-11-17,36.515403747558594
2021-11-18,36.33121109008789
2021-11-19,35.935203552246094
2021-11-22,36.44171905517578
2021-11-23,37.0126953125
2021-11-24,36.92981719970703
2021-11-26,35.70497131347656
2021-11-29,35.81548309326172
2021-11-30,34.95901107788086
2021-12-01,34.572208404541016
2021-12-02,35.60366439819336
2021-12-03,35.02347183227539
2021-12-06,35.557621002197266
2021-12-07,36.19306945800781
2021-12-08,35.999664306640625
2021-12-09,35.925994873046875
2021-12-10,35.96282958984375
2021-12-13,35.576026916503906
2021-12-14,35.78785705566406
2021-12-15,35.889156341552734
2021-12-16,36.34041213989258
2021-12-17,35.53920364379883
2021-12-20,34.84889221191406
2021-12-21,35.57067108154297
2021-12-22,35.73722839355469
2021-12-23,35.92229461669922
2021-12-27,36.29243850708008
2021-12-28,36.310951232910156
2021-12-29,36.26467514038086
2021-12-30,36.19990921020508
2021-12-31,36.13512420654297
2022-01-03,36.57929229736328
2022-01-04,37.54166793823242
2022-01-05,37.10674285888672
2022-01-06,37.6527099609375
2022-01-07,38.096885681152344
2022-01-10,37.96733093261719
2022-01-11,38.30045700073242
2022-01-12,38.32821273803711
2022-01-13,38.1801643371582
2022-01-14,37.782257080078125
2022-01-18,36.940189361572266
2022-01-19,36.3202018737793
2022-01-20,36.08885192871094
2022-01-21,35.34857177734375
2022-01-24,35.45037078857422
2022-01-25,35.598426818847656
2022-01-26,35.69096374511719
2022-01-27,35.36708450317383
2022-01-28,35.829769134521484
2022-01-31,36.14438247680664
2022-02-01,36.644081115722656
2022-02-02,36.8939208984375
2022-02-03,36.48676681518555
2022-02-04,37.10674285888672
2022-02-07,37.21780014038086
2022-02-08,37.735992431640625
2022-02-09,37.97658920288086
2022-02-10,37.64345932006836
2022-02-11,37.115997314453125
2022-02-14,36.6995964050293
2022-02-15,37.19928741455078
2022-02-16,37.22705078125
2022-02-17,36.30168914794922
2022-02-18,36.29243850708008
2022-02-22,36.107364654541016
2022-02-23,35.47812271118164
2022-02-24,35.052459716796875
2022-02-25,36.181392669677734
2022-02-28,35.644691467285156
2022-03-01,34.3306884765625
2022-03-02,35.21903610229492
2022-03-03,35.10798263549805
2022-03-04,34.45096969604492
2022-03-07,33.19249725341797
2022-03-08,32.998165130615234
2022-03-09,34.21038818359375
2022-03-10,33.92353057861328
2022-03-11,33.68294143676758
2022-03-14,34.10859680175781
2022-03-15,34.589786529541016
2022-03-16,35.56140899658203
2022-03-17,36.00556564331055
2022-03-18,36.08885192871094
2022-03-21,36.053558349609375
2022-03-22,36.638816833496094
2022-03-23,35.96065902709961
2022-03-24,36.24863815307617
2022-03-25,36.713134765625
2022-03-28,36.6109504699707
2022-03-29,36.694557189941406
2022-03-30,36.434444427490234
2022-03-31,35.59836196899414
2022-04-01,35.505455017089844
2022-04-04,35.347530364990234
2022-04-05,35.12458419799805
2022-04-06,34.8830451965332
2022-04-07,34.84587860107422
2022-04-08,35.19889450073242
2022-04-11,35.04097366333008
2022-04-12,34.660099029541016
2022-04-13,34.660099029541016
2022-04-14,34.269927978515625
2022-04-18,34.474308013916016
2022-04-19,34.94807815551758
2022-04-20,35.189598083496094
2022-04-21,34.63222122192383
2022-04-22,33.60105895996094
2022-04-25,33.65679168701172
2022-04-26,32.81142807006836
2022-04-27,32.78356170654297
2022-04-28,33.20160675048828
2022-04-29,32.058956146240234
2022-05-02,32.06824493408203
2022-05-03,32.486289978027344
2022-05-04,33.48029327392578
2022-05-05,32.50486755371094
2022-05-06,32.27262496948242
2022-05-09,31.501575469970703
2022-05-10,31.222888946533203
2022-05-11,30.93489646911621
2022-05-12,30.702653884887695
2022-05-13,31.148561477661133
2022-05-16,30.888450622558594
2022-05-17,31.715238571166992
2022-05-18,30.842010498046875
2022-05-19,30.637632369995117
2022-05-20,30.58188819885254
2022-05-23,31.575899124145508
2022-05-24,31.510860443115234
2022-05-25,31.761695861816406
2022-05-26,32.49559020996094
2022-05-27,33.04366683959961
2022-05-31,32.950782775878906
2022-06-01,32.42125701904297
2022-06-02,32.867164611816406
2022-06-03,32.393394470214844
2022-06-06,32.486289978027344
2022-06-07,32.73711013793945
2022-06-08,32.16115188598633
2022-06-09,31.35294532775879
2022-06-10,30.219587326049805
2022-06-13,29.318483352661133
2022-06-14,29.067657470703125
2022-06-15,29.392799377441406
2022-06-16,28.64961814880371
2022-06-17,28.733224868774414
2022-06-21,29.30666160583496
2022-06-22,29.24128532409668
2022-06-23,29.129213333129883
2022-06-24,30.20323371887207
2022-06-27,30.10049819946289
2022-06-28,29.80164337158203
2022-06-29,29.63353729248047
2022-06-30,29.372034072875977
2022-07-01,29.773624420166016
2022-07-05,29.67089080810547
2022-07-06,29.596176147460938
2022-07-07,30.025785446166992
2022-07-08,29.960411071777344
2022-07-11,29.71759033203125
2022-07-12,29.53080177307129
2022-07-13,29.269304275512695
2022-07-14,28.708948135375977
2022-07-15,29.68023109436035
2022-07-18,29.568157196044922
2022-07-19,30.45539093017578
2022-07-20,30.56746482849121
2022-07-21,30.763587951660156
2022-07-22,30.58614730834961
2022-07-25,30.78226661682129
2022-07-26,30.3526611328125
2022-07-27,30.819622039794922
2022-07-28,31.043773651123047
2022-07-29,31.482715606689453
2022-08-01,31.221210479736328
2022-08-02,30.87565803527832
2022-08-03,31.342622756958008
2022-08-04,31.239892959594727
2022-08-05,31.464031219482422
2022-08-08,31.445354461669922
2022-08-09,31.6041202545166
2022-08-10,32.313907623291016
2022-08-11,32.696815490722656
2022-08-12,33.210479736328125
2022-08-15,33.201141357421875
2022-08-16,33.443965911865234
2022-08-17,33.275856018066406
2022-08-18,33.31321334838867
2022-08-19,32.65011978149414
2022-08-22,31.931005477905273
2022-08-23,31.800249099731445
2022-08-24,31.968353271484375
2022-08-25,32.46333694458008
2022-08-26,31.49205207824707
2022-08-29,31.267908096313477
2022-08-30,31.099796295166016
2022-08-31,30.866317749023438
2022-09-01,30.95970916748047
2022-09-02,30.71688461303711
2022-09-06,30.642173767089844
2022-09-07,31.24922752380371
2022-09-08,31.800249099731445
2022-09-09,32.08976364135742
2022-09-12,32.35127258300781
2022-09-13,31.146499633789062
2022-09-14,31.053104400634766
2022-09-15,31.155841827392578
2022-09-16,30.87565803527832
2022-09-19,31.225849151611328
2022-09-20,30.765819549560547
2022-09-21,30.127403259277344
2022-09-22,29.620426177978516
2022-09-23,29.15100860595703
2022-09-26,28.69097328186035
2022-09-27,28.56892967224121
2022-09-28,29.132232666015625
2022-09-29,28.766084671020508
2022-09-30,28.503210067749023
2022-10-03,29.27305793762207
2022-10-04,30.362112045288086
2022-10-05,30.127403259277344
2022-10-06,29.70492172241211
2022-10-07,29.000797271728516
2022-10-10,28.869356155395508
2022-10-11,28.503210067749023
2022-10-12,28.43749237060547
2022-10-13,29.611040115356445
2022-10-14,29.11345863342285
2022-10-17,29.845754623413086
2022-10-18,30.32455825805664
2022-10-19,29.826974868774414
2022-10-20,29.34816551208496
2022-10-21,30.22128677368164
2022-10-24,30.624982833862305
2022-10-25,30.99113655090332
2022-10-26,31.066240310668945
2022-10-27,31.319732666015625
2022-10-28,32.09897232055664
2022-10-31,31.901811599731445
2022-11-01,31.986303329467773
2022-11-02,31.58260726928711
2022-11-03,31.263397216796875
2022-11-04,31.836101531982422
2022-11-07,32.15530014038086
2022-11-08,32.34306716918945
2022-11-09,31.798545837402344
2022-11-10,33.403961181640625
2022-11-11,33.67622375488281
2022-11-14,33.19741439819336
2022-11-15,33.272518157958984
2022-11-16,33.1129150390625
2022-11-17,32.934539794921875
2022-11-18,33.20679473876953
2022-11-21,33.31007766723633
2022-11-22,33.64805603027344
2022-11-23,33.78887939453125
2022-11-25,33.90153884887695
2022-11-28,33.319461822509766
2022-11-29,33.51661682128906
2022-11-30,34.08931350708008
2022-12-01,33.892154693603516
2022-12-02,33.73255157470703
2022-12-05,32.89698791503906
2022-12-06,32.6059455871582
2022-12-07,32.47450637817383
2022-12-08,32.50267791748047
2022-12-09,32.41817092895508
2022-12-12,32.850040435791016
2022-12-13,32.934539794921875
2022-12-14,32.521446228027344
2022-12-15,31.88303565979004
2022-12-16,31.63893699645996
2022-12-19,31.553913116455078
2022-12-20,31.686172485351562
2022-12-21,32.177433013916016
2022-12-22,31.894010543823242
2022-12-23,32.07351303100586
2022-12-27,32.064064025878906
2022-12-28,31.950698852539062
2022-12-29,32.39472198486328
2022-12-30,32.3096923828125
2023-01-03,32.42305374145508
2023-01-04,32.94266128540039
2023-01-05,32.69702911376953
2023-01-06,33.424476623535156
2023-01-09,33.301658630371094
2023-01-10,33.4906005859375
2023-01-11,33.80236053466797
2023-01-12,33.86848449707031
2023-01-13,34.123573303222656
2023-01-17,33.89683151245117
2023-01-18,33.26386642456055
2023-01-19,32.87652587890625
2023-01-20,33.39612579345703
2023-01-23,33.78346252441406
2023-01-24,33.80236053466797
2023-01-25,34.06688690185547
2023-01-26,34.24638366699219
2023-01-27,34.24638366699219
2023-01-30,34.076332092285156
2023-01-31,34.53924560546875
2023-02-01,34.53924560546875
2023-02-02,34.633724212646484
2023-02-03,34.56759262084961
2023-02-06,34.55815124511719
2023-02-07,34.95492935180664
2023-02-08,34.74708938598633
2023-02-09,34.35974884033203
2023-02-10,34.473114013671875
2023-02-13,34.86989974975586
2023-02-14,34.68096160888672
2023-02-15,34.718746185302734
2023-02-16,34.36920166015625
2023-02-17,34.37864303588867
2023-02-21,33.67010498046875
2023-02-22,33.63230895996094
2023-02-23,33.66066360473633
2023-02-24,33.688995361328125
2023-02-27,33.67955017089844
2023-02-28,33.74567794799805
2023-03-01,33.63230895996094
2023-03-02,33.471710205078125
2023-03-03,34.00075912475586
2023-03-06,34.02909469604492
2023-03-07,33.15049743652344
2023-03-08,33.027687072753906
2023-03-09,31.686172485351562
2023-03-10,31.10988998413086
2023-03-13,29.881742477416992
2023-03-14,30.486370086669922
2023-03-15,29.67390251159668
2023-03-16,30.240737915039062
2023-03-17,29.267669677734375
2023-03-20,29.593320846557617
2023-03-21,30.34335708618164
2023-03-22,29.640790939331055
2023-03-23,29.441415786743164
2023-03-24,29.422426223754883
2023-03-27,29.830673217773438
2023-03-28,29.821176528930664
2023-03-29,30.257915496826172
2023-03-30,30.191450119018555
2023-03-31,30.52374839782715
2023-04-03,30.58071517944336
2023-04-04,30.295886993408203
2023-04-05,30.257915496826172
2023-04-06,30.371843338012695
2023-04-10,30.43830108642578
2023-04-11,30.70413589477539
2023-04-12,30.637680053710938
2023-04-13,30.91301155090332
2023-04-14,31.216825485229492
2023-04-17,31.57760238647461
2023-04-18,31.67254066467285
2023-04-19,31.748485565185547
2023-04-20,31.653549194335938
2023-04-21,31.539627075195312
2023-04-24,31.463666915893555
2023-04-25,30.922502517700195
2023-04-26,30.62818145751953
2023-04-27,31.12188148498535
2023-04-28,31.49215316772461
2023-05-01,31.40670394897461
2023-05-02,30.694644927978516
2023-05-03,30.34335708618164
2023-05-04,29.9540958404541
2023-05-05,30.694644927978516
2023-05-08,30.74211883544922
2023-05-09,30.62818145751953
2023-05-10,30.457292556762695
2023-05-11,30.40981674194336
2023-05-12,30.286392211914062
2023-05-15,30.533241271972656
2023-05-16,30.248414993286133
2023-05-17,30.85604476928711
2023-05-18,31.08390235900879
2023-05-19,30.95098114013672
2023-05-22,31.007949829101562
2023-05-23,30.647167205810547
2023-05-24,30.248414993286133
2023-05-25,30.238922119140625
2023-05-26,30.48577117919922
2023-05-30,30.476280212402344
2023-05-31,30.153478622436523
2023-06-01,30.476280212402344
2023-06-02,31.140867233276367
2023-06-05,30.97947120666504
2023-06-06,31.368730545043945
2023-06-07,31.49215316772461
2023-06-08,31.463666915893555
2023-06-09,31.47316551208496
2023-06-12,31.463666915893555
2023-06-13,31.653549194335938
2023-06-14,31.53012466430664
2023-06-15,31.9478702545166
2023-06-16,31.881412506103516
2023-06-20,31.642995834350586
2023-06-21,31.60484504699707
2023-06-22,31.356895446777344
2023-06-23,31.22337532043457
2023-06-26,31.1566162109375
2023-06-27,31.404573440551758
2023-06-28,31.328279495239258
2023-06-29,31.871875762939453
2023-06-30,32.148441314697266
2023-07-03,32.32965087890625
2023-07-05,32.26288986206055
2023-07-06,31.9863224029541
2023-07-07,32.034000396728516
2023-07-10,32.17705535888672
2023-07-11,32.55852508544922
2023-07-12,32.76833724975586
2023-07-13,32.88277053833008
2023-07-14,32.663429260253906
2023-07-17,32.97814178466797
2023-07-18,33.350074768066406
2023-07-19,33.493125915527344
2023-07-20,33.741085052490234
2023-07-21,33.62664031982422
2023-07-24,33.950889587402344
2023-07-25,33.73154067993164
2023-07-26,33.93182373046875
2023-07-27,33.50266647338867
2023-07-28,33.569419860839844
2023-07-31,33.69340133666992
2023-08-01,33.69340133666992
2023-08-02,33.407291412353516
2023-08-03,33.42637252807617
2023-08-04,33.29286193847656
2023-08-07,33.76016616821289
2023-08-08,33.45499038696289
2023-08-09,33.2070198059082
2023-08-10,33.23563766479492
2023-08-11,33.302391052246094
2023-08-14,33.23563766479492
2023-08-15,32.62527847290039
2023-08-16,32.57758712768555
2023-08-17,32.41547393798828
2023-08-18,32.40593719482422
2023-08-21,32.3677864074707
2023-08-22,32.06261444091797
2023-08-23,32.37732696533203
2023-08-24,32.26288986206055
2023-08-25,32.41547393798828
2023-08-28,32.596675872802734
2023-08-29,32.892311096191406
2023-08-30,32.911376953125
2023-08-31,32.78740692138672
2023-09-01,33.08304214477539
2023-09-05,32.749263763427734
2023-09-06,32.73018264770508
2023-09-07,32.64435577392578
2023-09-08,32.71111297607422
2023-09-11,32.86369705200195
2023-09-12,33.08304214477539
2023-09-13,33.08304214477539
2023-09-14,33.38822555541992
2023-09-15,33.21656036376953
2023-09-18,33.307559967041016
2023-09-19,33.26925277709961
2023-09-20,33.03934097290039
2023-09-21,32.49332046508789
2023-09-22,32.2442512512207
2023-09-25,32.32088851928711
2023-09-26,31.889816284179688
2023-09-27,31.8419189453125
2023-09-28,32.07182693481445
2023-09-29,31.77486228942871
2023-10-02,31.506637573242188
2023-10-03,31.008506774902344
2023-10-04,31.238418579101562
2023-10-05,31.382104873657227
2023-10-06,31.65032958984375
2023-10-09,31.669485092163086
2023-10-10,31.899389266967773
2023-10-11,31.947290420532227
2023-10-12,31.746122360229492
2023-10-13,31.813175201416016
2023-10-16,32.148460388183594
2023-10-17,32.30172348022461
2023-10-18,31.746122360229492
2023-10-19,31.324630737304688
2023-10-20,30.84566307067871
2023-10-23,30.65407371520996
2023-10-24,30.864822387695312
2023-10-25,30.74987030029297
2023-10-26,30.682811737060547
2023-10-27,30.12720489501953
2023-10-30,30.66364860534668
2023-10-31,30.998931884765625
2023-11-01,31.200096130371094
2023-11-02,31.937707901000977
2023-11-03,32.35920333862305
2023-11-06,32.2634162902832
2023-11-07,32.21551513671875
2023-11-08,32.25383377075195
2023-11-09,32.119720458984375
2023-11-10,32.48373794555664
2023-11-13,32.43583679199219
2023-11-14,33.04892349243164
2023-11-15,33.230926513671875
2023-11-16,33.36503982543945
2023-11-17,33.5374755859375
2023-11-20,33.67158508300781
2023-11-21,33.65242385864258
2023-11-22,33.786529541015625
2023-11-24,33.89191436767578
2023-11-27,33.776954650878906
2023-11-28,33.767372131347656
2023-11-29,34.00685501098633
2023-11-30,34.39004135131836
2023-12-01,34.648677825927734
2023-12-04,34.6103630065918
2023-12-05,34.43793487548828
2023-12-06,34.2655029296875
2023-12-07,34.42835235595703
2023-12-08,34.6103630065918
2023-12-11,34.821109771728516
2023-12-12,35.0701789855957
2023-12-13,35.63536071777344
2023-12-14,35.98979949951172
2023-12-15,35.77904510498047
2023-12-18,35.8984260559082
2023-12-19,36.16797637939453
2023-12-20,35.522979736328125
2023-12-21,35.86954116821289
2023-12-22,35.946563720703125
2023-12-26,36.09095764160156
2023-12-27,36.20648193359375
2023-12-28,36.3123779296875
2023-12-29,36.19685363769531
2024-01-02,36.35087585449219
2024-01-03,36.04281997680664
2024-01-04,36.187232971191406
2024-01-05,36.34125900268555
2024-01-08,36.572296142578125
2024-01-09,36.34125900268555
2024-01-10,36.39902114868164
2024-01-11,36.26424026489258
2024-01-12,36.19685363769531
2024-01-16,35.946563720703125
2024-01-17,35.87916946411133
2024-01-18,35.93693542480469
2024-01-19,36.5145378112793
2024-01-22,36.68782424926758
2024-01-23,36.74558639526367
2024-01-24,36.889991760253906
2024-01-25,37.07289505004883
2024-01-26,37.20766830444336
2024-01-29,37.30393981933594
2024-01-30,37.775657653808594
2024-01-31,37.31356430053711
2024-02-01,37.3713264465332
2024-02-02,37.52535629272461
2024-02-05,37.30393981933594
2024-02-06,37.38095474243164
2024-02-07,37.66013717651367
2024-02-08,37.51572799682617
2024-02-09,37.62163162231445
2024-02-12,37.79490661621094
2024-02-13,37.28468704223633
2024-02-14,37.64087677001953
2024-02-15,38.28587341308594
2024-02-16,38.15110397338867
2024-02-20,38.045204162597656
2024-02-21,38.160728454589844
2024-02-22,38.603553771972656
2024-02-23,38.79609680175781
2024-02-26,38.603553771972656
2024-02-27,38.70945358276367
2024-02-28,38.85386276245117
2024-02-29,38.834598541259766
2024-03-01,38.786476135253906
2024-03-04,38.88274002075195
2024-03-05,38.892372131347656
2024-03-06,39.09452819824219
2024-03-07,39.03676223754883
2024-03-08,39.104156494140625
2024-03-11,39.171539306640625
2024-03-12,39.33519744873047
2024-03-13,39.62400817871094
2024-03-14,39.30631637573242
2024-03-15,39.2678108215332
2024-03-18,39.49296188354492
2024-03-19,39.68621826171875
2024-03-20,40.15970993041992
2024-03-21,40.488258361816406
2024-03-22,40.02442932128906
2024-03-25,39.86982345581055
2024-03-26,40.00510787963867
2024-03-27,40.478599548339844
2024-03-28,40.700843811035156
2024-04-01,40.478599548339844
2024-04-02,40.26600646972656
2024-04-03,40.246681213378906
2024-04-04,39.792518615722656
2024-04-05,40.16937255859375
2024-04-08,40.34330749511719
2024-04-09,40.11139678955078
2024-04-10,39.512290954589844
2024-04-11,39.232051849365234
2024-04-12,38.71025085449219
2024-04-15,38.51698684692383
2024-04-16,38.25608825683594
2024-04-17,38.352718353271484
2024-04-18,38.487998962402344
2024-04-19,39.019474029541016
2024-04-22,39.49296188354492
2024-04-23,39.744205474853516
2024-04-24,39.73453903198242
2024-04-25,39.502628326416016
2024-04-26,39.444644927978516
2024-04-29,39.38666534423828
2024-04-30,39.00014877319336
2024-05-01,39.00014877319336
2024-05-02,39.09677505493164
2024-05-03,39.183738708496094
2024-05-06,39.68621826171875
2024-05-07,39.821502685546875
2024-05-08,39.96644592285156
2024-05-09,40.26600646972656
2024-05-10,40.420616149902344
2024-05-13,40.25634765625
2024-05-14,40.45926284790039
2024-05-15,40.75882339477539
2024-05-16,40.75882339477539
2024-05-17,41.05837631225586
2024-05-20,40.4979248046875
2024-05-21,40.75882339477539
2024-05-22,40.52690887451172
2024-05-23,39.96644592285156
2024-05-24,40.208030700683594
2024-05-28,39.76353073120117
2024-05-29,39.444644927978516
2024-05-30,39.65723419189453
2024-05-31,40.23702621459961
2024-06-03,39.985782623291016
2024-06-04,39.802181243896484
2024-06-05,39.91814041137695
2024-06-06,39.898807525634766
2024-06-07,40.08241271972656
2024-06-10,39.927799224853516
2024-06-11,39.473628997802734
2024-06-12,39.43498229980469
2024-06-13,39.40599060058594
2024-06-14,39.28037643432617
2024-06-17,39.62824249267578
2024-06-18,39.87948226928711
2024-06-20,40.092071533203125
2024-06-21,39.93745803833008
2024-06-24,40.34782791137695
2024-06-25,40.04708480834961
2024-06-26,39.79484939575195
2024-06-27,39.7463493347168
2024-06-28,39.882164001464844
2024-07-01,39.96947479248047
2024-07-02,40.43514633178711
2024-07-03,40.30902099609375
2024-07-05,40.299320220947266
2024-07-08,40.192604064941406
2024-07-09,40.503047943115234
2024-07-10,40.65827178955078
2024-07-11,40.97841262817383
2024-07-12,41.114234924316406
2024-07-15,41.71571350097656
2024-07-16,42.19108200073242
2024-07-17,42.51122283935547
2024-07-18,41.9970588684082
2024-07-19,41.570194244384766
2024-07-22,41.80302810668945
2024-07-23,41.88064193725586
2024-07-24,41.308258056640625
2024-07-25,41.46348190307617
2024-07-26,42.11347198486328
2024-07-29,42.05526351928711
2024-07-30,42.54032516479492
2024-07-31,42.433616638183594
2024-08-01,41.832130432128906
2024-08-02,40.80378723144531
2024-08-05,39.62022399902344
2024-08-06,40.26051712036133
2024-08-07,40.30902099609375
2024-08-08,40.959014892578125
2024-08-09,41.13364028930664
2024-08-12,40.92021179199219
2024-08-13,41.2597541809082
2024-08-14,41.764217376708984
2024-08-15,42.152278900146484
2024-08-16,42.46271514892578
2024-08-19,42.69554901123047
2024-08-20,42.55972671508789
2024-08-21,42.4918212890625
2024-08-22,42.73435592651367
2024-08-23,43.10300827026367
2024-08-26,43.238826751708984
2024-08-27,43.461952209472656
2024-08-28,43.56866455078125
2024-08-29,43.95672607421875
2024-08-30,44.37388229370117
2024-09-03,44.04403305053711
2024-09-04,44.09254455566406
2024-09-05,43.60747528076172
2024-09-06,42.967185974121094
2024-09-09,43.60747528076172
2024-09-10,43.16121292114258
2024-09-11,42.95748519897461
2024-09-12,43.05450439453125
2024-09-13,43.18061447143555
2024-09-16,43.74329376220703
2024-09-17,43.97612762451172
2024-09-18,43.84030532836914
2024-09-19,44.32537078857422
2024-09-20,44.296260833740234
2024-09-23,44.24271774291992
2024-09-24,43.87273406982422
2024-09-25,43.609840393066406
2024-09-26,43.83378219604492
2024-09-27,43.96035385131836
2024-09-30,44.125877380371094
2024-10-01,43.892208099365234
2024-10-02,43.94089126586914
2024-10-03,43.70720672607422
2024-10-04,44.44718551635742
2024-10-07,43.90194320678711
2024-10-08,44.155086517333984
2024-10-09,44.564022064208984
2024-10-10,44.427711486816406
2024-10-11,45.284523010253906
2024-10-14,45.5668830871582
2024-10-15,45.66424560546875
2024-10-16,46.22896957397461
2024-10-17,46.35554122924805
2024-10-18,46.36527633666992
2024-10-21,45.995296478271484
2024-10-22,45.90766525268555
2024-10-23,45.868717193603516
2024-10-24,45.90766525268555
2024-10-25,45.40135955810547
2024-10-28,45.96607971191406
2024-10-29,45.683719635009766
2024-10-30,45.88819122314453
2024-10-31,45.255313873291016
2024-11-01,45.41109848022461
2024-11-04,45.06058120727539
2024-11-05,45.4792594909668
2024-11-06,48.24442672729492
2024-11-07,47.46550750732422
2024-11-08,47.89390563964844
2024-11-11,48.57546615600586
2024-11-12,48.429420471191406
2024-11-13,48.4586296081543
2024-11-14,48.332054138183594
2024-11-15,48.555992126464844
2024-11-18,48.70204544067383
2024-11-19,48.3807373046875
2024-11-20,48.23468780517578
2024-11-21,48.84809112548828
2024-11-22,49.393333435058594
2024-11-25,49.71464157104492
2024-11-26,49.812007904052734
2024-11-27,49.909366607666016
2024-11-29,49.98726272583008
2024-12-02,49.490699768066406
2024-12-03,49.12071228027344
2024-12-04,48.93571472167969
2024-12-05,49.081764221191406
2024-12-06,49.07202911376953
2024-12-09,48.40020751953125
2024-12-10,48.39047622680664
2024-12-11,48.48783874511719
2024-12-12,48.27363586425781
2024-12-13,48.23468780517578
2024-12-16,48.147064208984375
2024-12-17,47.806278228759766
2024-12-18,46.37501525878906
2024-12-19,46.54053497314453
2024-12-20,47.2318229675293
2024-12-23,47.34524917602539
2024-12-24,47.90259552001953
2024-12-26,48.019935607910156
2024-12-27,47.667930603027344
2024-12-30,47.20835494995117
2024-12-31,47.25725173950195
2025-01-02,47.13991165161133
2025-01-03,47.51148223876953
2025-01-06,47.36480712890625
2025-01-07,47.25725173950195
2025-01-08,47.41370391845703
2025-01-10,46.26966857910156
2025-01-13,46.60211944580078
2025-01-14,47.17902374267578
2025-01-15,48.3817253112793
2025-01-16,48.704402923583984
2025-01-17,49.115074157714844
2025-01-21,49.525760650634766
2025-01-22,49.291080474853516
2025-01-23,49.574642181396484
2025-01-24,49.721317291259766
2025-01-27,50.268882751464844
2025-01-28,50.180885314941406
2025-01-29,50.14176940917969
2025-01-30,50.62089538574219
2025-01-31,50.327552795410156
2025-02-03,50.122215270996094
2025-02-04,50.00487518310547
2025-02-05,50.53289031982422
2025-02-06,50.953346252441406
2025-02-07,50.66978073120117
2025-02-10,50.268882751464844
2025-02-11,50.395999908447266
2025-02-12,50.21998977661133
2025-02-13,50.55245590209961
2025-02-14,50.65022659301758
2025-02-18,51.01200866699219
2025-02-19,51.03157043457031
2025-02-20,50.249324798583984
2025-02-21,49.623538970947266
2025-02-24,49.83864974975586
2025-02-25,49.8288688659668
2025-02-26,49.721317291259766
2025-02-27,49.99510192871094
2025-02-28,51.021793365478516
2025-03-03,50.5915641784668
2025-03-04,48.81195831298828
2025-03-05,49.09552001953125
2025-03-06,48.28394317626953
2025-03-07,48.02971649169922
2025-03-10,46.95412826538086
2025-03-11,46.55323028564453
2025-03-12,46.62167739868164
2025-03-13,46.36744689941406
2025-03-14,47.443031311035156
2025-03-17,48.00038146972656
2025-03-18,47.94171142578125
2025-03-19,48.469730377197266
2025-03-20,48.538169860839844
2025-03-21,48.362159729003906
2025-03-24,49.2149658203125
2025-03-25,49.489742279052734
2025-03-26,49.3425407409668
2025-03-27,49.24440383911133
2025-03-28,48.29248809814453
2025-03-31,48.881309509277344
2025-04-01,48.822425842285156
2025-04-02,49.22477722167969
2025-04-03,46.80083084106445
2025-04-04,43.37590026855469
2025-04-07,43.26795196533203
2025-04-08,43.10111999511719
2025-04-09,46.349403381347656
2025-04-10,45.054019927978516
2025-04-11,45.79984664916992
2025-04-14,46.27090072631836
2025-04-15,46.38866424560547
2025-04-16,45.66245651245117
2025-04-17,45.78022003173828
2025-04-21,44.798866271972656
2025-04-22,46.28071212768555
2025-04-23,46.83027267456055
2025-04-24,47.35038757324219
2025-04-25,47.12467575073242
2025-04-28,47.271881103515625
2025-04-29,47.76255798339844
2025-04-30,47.85088348388672
2025-05-01,47.84107208251953
2025-05-02,48.83223342895508
2025-05-05,48.5181999206543
2025-05-06,48.24342346191406
2025-05-07,48.528018951416016
2025-05-08,48.93037033081055
2025-05-09,48.93037033081055
2025-05-12,49.921539306640625
2025-05-13,50.127628326416016
2025-05-14,49.990234375
2025-05-15,50.32389450073242
2025-05-16,50.628116607666016
2025-05-19,50.65755081176758
2025-05-20,50.38277816772461
2025-05-21,49.352352142333984
2025-05-22,49.29347229003906
2025-05-23,49.11682891845703
2025-05-27,49.98042678833008
2025-05-28,49.646759033203125
2025-05-29,49.90191650390625
2025-05-30,50.00986099243164
2025-06-02,50.02949142456055
2025-06-03,50.127628326416016
2025-06-04,49.84303283691406
2025-06-05,49.70564651489258
2025-06-06,50.32389450073242
2025-06-09,50.04911804199219
2025-06-10,50.108001708984375
2025-06-11,50.04911804199219
2025-06-12,50.04911804199219
2025-06-13,49.028507232666016
2025-06-16,49.5878791809082
2025-06-17,49.303287506103516
2025-06-18,49.28366470336914
2025-06-20,49.421051025390625
2025-06-23,50.04338836669922
2025-06-24,50.791778564453125
2025-06-25,50.6243782043457
2025-06-26,50.99856948852539
2025-06-27,51.146270751953125
2025-06-30,51.5697021484375
2025-07-01,51.85527420043945
2025-07-02,51.81588363647461
2025-07-03,52.377174377441406
2025-07-07,51.87497329711914
2025-07-08,51.41215133666992
2025-07-09,51.599246978759766
2025-07-10,51.904510498046875
2025-07-11,51.362911224365234
2025-07-14,51.746952056884766
2025-07-15,50.86071014404297
2025-07-16,51.215206146240234
2025-07-17,51.70756530761719
2025-07-18,51.73711013793945
2025-07-21,51.58939743041992
2025-07-22,51.87497329711914
2025-07-23,52.288543701171875
2025-07-24,52.25900650024414
2025-07-25,52.62335205078125
2025-07-28,52.25900650024414
2025-07-29,51.993133544921875
2025-07-30,51.89466094970703
2025-07-31,51.5697021484375
2025-08-01,50.614532470703125
2025-08-04,51.11673355102539
2025-08-05,50.90994644165039
2025-08-06,51.156124114990234
2025-08-07,50.584983825683594
2025-08-08,51.057655334472656
2025-08-11,51.037960052490234
2025-08-12,51.658329010009766
2025-08-13,51.9537467956543
2025-08-14,52.19992446899414
2025-08-15,51.658329010009766
2025-08-18,51.697715759277344
2025-08-19,51.79618835449219
2025-08-20,52.06206130981445
2025-08-21,51.89466094970703
2025-08-22,52.751365661621094
2025-08-25,52.44610595703125
2025-08-26,52.84983825683594
2025-08-27,52.958152770996094
2025-08-28,53.02708435058594
2025-08-29,53.16495132446289
2025-09-02,52.77106475830078
2025-09-03,52.682437896728516
2025-09-04,53.233882904052734
2025-09-05,52.25900650024414
2025-09-08,52.298397064208984
2025-09-09,52.52488327026367
2025-09-10,52.347633361816406
2025-09-11,53.20433807373047
2025-09-12,52.977848052978516
2025-09-15,52.859683990478516
2025-09-16,52.74152374267578
2025-09-17,53.25357437133789
2025-09-18,53.30281066894531
2025-09-19,53.42097473144531
2025-09-22,53.3498420715332
2025-09-23,53.11273193359375
2025-09-24,52.964542388916016
2025-09-25,52.82622528076172
2025-09-26,53.21152877807617
2025-09-29,53.47827911376953
2025-09-30,53.22140884399414
2025-10-01,52.747188568115234
2025-10-02,52.70766830444336
2025-10-03,53.07321548461914
2025-10-06,53.0534553527832
2025-10-07,53.122615814208984
2025-10-08,52.86574172973633
2025-10-09,52.67803192138672
2025-10-10,51.53199768066406
2025-10-13,52.02597427368164
2025-10-14,52.59899139404297
2025-10-15,52.59899139404297
2025-10-16,51.136810302734375
2025-10-17,51.551753997802734
2025-10-20,52.15441131591797
2025-10-21,52.09513473510742
2025-10-22,51.79874801635742
2025-10-23,51.90742492675781
2025-10-24,52.470558166503906
2025-10-27,52.68790817260742
2025-10-28,52.35200500488281
2025-10-29,51.46283721923828
2025-10-30,51.60115432739258
2025-10-31,51.739463806152344
2025-11-03,51.522117614746094
2025-11-04,51.78886413574219
2025-11-05,51.966697692871094
2025-11-06,51.778987884521484
2025-11-07,52.14453125
2025-11-10,52.332244873046875
2025-11-11,52.56935501098633
2025-11-12,53.0238151550293
2025-11-13,52.342124938964844
2025-11-14,51.81850814819336
2025-11-17,50.83054733276367
2025-11-18,50.75150680541992
2025-11-19,50.9392204284668
2025-11-20,50.4946403503418
2025-11-21,51.04789733886719
2025-11-24,51.26524353027344
2025-11-25,51.90742492675781
2025-11-26,52.31248474121094
2025-11-28,52.68790817260742
2025-12-01,52.253204345703125
2025-12-02,52.20381164550781
2025-12-03,52.9052619934082
2025-12-04,53.01393508911133
2025-12-05,53.033695220947266
2025-12-08,52.83610153198242
2025-12-09,52.638511657714844
2025-12-10,53.24116897583008
2025-12-11,54.20936584472656
2025-12-12,54.28841018676758
2025-12-15,54.32792282104492
2025-12-16,53.98213577270508
2025-12-17,53.972259521484375
2025-12-18,53.88334274291992
2025-12-19,54.17972946166992
2025-12-22,54.844970703125
2025-12-23,54.95402526855469
2025-12-24,55.25144958496094
2025-12-26,55.142391204833984
2025-12-29,54.844970703125
2025-12-30,54.70616912841797
2025-12-31,54.29969024658203
2026-01-02,54.458316802978516
2026-01-05,55.648014068603516
2026-01-06,55.91569900512695
2026-01-07,55.13248062133789
2026-01-08,55.41999053955078
2026-01-09,55.25144958496094
2026-01-12,54.81522750854492
2026-01-13,53.76432800292969
2026-01-14,53.68501663208008
2026-01-15,53.90312576293945
2026-01-16,53.9725227355957
2026-01-20,52.7431755065918
2026-01-21,53.000938415527344
2026-01-22,53.34793472290039
2026-01-23,52.614288330078125
2026-01-26,52.95137023925781
2026-01-27,52.544891357421875
2026-01-28,52.534976959228516
2026-01-29,53.09016799926758
2026-01-30,52.981109619140625
2026-02-02,53.566043853759766
2026-02-03,53.070335388183594
2026-02-04,53.496646881103516
2026-02-05,52.832401275634766
2026-02-06,53.794071197509766
2026-02-09,53.4768180847168
2026-02-10,53.09016799926758
2026-02-11,52.28712463378906
2026-02-12,51.24613952636719
2026-02-13,51.206485748291016
2026-02-17,51.75175857543945
2026-02-18,52.13841247558594
2026-02-19,51.70219039916992
2026-02-20,52.03927230834961
2026-02-23,50.29438018798828
2026-02-24,50.542236328125
2026-02-25,51.42459487915039
2026-02-26,52.0491828918457
2026-02-27,50.988372802734375
2026-03-02,50.85948944091797
2026-03-03,50.770263671875
2026-03-04,51.057769775390625
2026-03-05,50.79008865356445
2026-03-06,50.13575744628906
2026-03-09,49.89781951904297
2026-03-10,49.63013458251953
2026-03-11,49.213741302490234
2026-03-12,48.41069793701172
2026-03-13,48.470184326171875
2026-03-16,48.87665939331055
2026-03-17,49.13443374633789
2026-03-18,48.54949951171875
2026-03-19,48.56932830810547
2026-03-20,48.65855407714844
2026-03-23,49.0980110168457
2026-03-24,49.107975006103516
2026-03-25,49.16776657104492
2026-03-26,48.87877655029297
2026-03-27,47.64310836791992
2026-03-30,48.19118881225586
2026-03-31,49.197662353515625
2026-04-01,49.267417907714844
2026-04-02,49.35710144042969
2026-04-06,49.70588302612305
2026-04-07,49.70588302612305
2026-04-08,51.02127456665039
2026-04-09,51.150821685791016
2026-04-10,50.5927734375
2026-04-13,51.47966766357422
2026-04-14,51.599246978759766
2026-04-15,51.987884521484375
2026-04-16,51.84837341308594
2026-04-17,52.246978759765625
2026-04-20,52.44628143310547
2026-04-21,52.117431640625
2026-04-22,52.027748107910156
2026-04-23,51.619178771972656
2026-04-24,51.24050521850586
2026-04-27,51.629146575927734
2026-04-28,51.669002532958984
2026-04-29,51.7387580871582
2026-04-30,51.948028564453125
2026-05-01,51.7387580871582
2026-05-04,51.39994812011719
2026-05-05,51.409912109375
2026-05-06,51.65903854370117
2026-05-07,51.370052337646484
2026-05-08,51.061134338378906
2026-05-11,51.0013427734375
2026-05-12,51.39994812011719
2026-05-13,50.812007904052734
2026-05-14,51.1109619140625
2026-05-15,50.92162322998047
2026-05-18,51.559391021728516
2026-05-19,50.92162322998047
2026-05-20,51.47966766357422
2026-05-21,51.54942321777344
2026-05-22,51.758689880371094
2026-05-26,51.669002532958984
2026-05-27,51.24050521850586
2026-05-28,51.09103012084961
2026-05-29,51.39994812011719
2026-06-01,51.25047302246094
2026-06-02,51.280364990234375
2026-06-03,50.69242477416992
2026-06-04,52.007816314697266
2026-06-05,52.117431640625
2026-06-08,51.7885856628418
2026-06-09,52.27687454223633
2026-06-10,52.04767608642578
2026-06-11,52.436317443847656
2026-06-12,53.153804779052734
2026-06-15,53.3730354309082
2026-06-16,54.1602783203125
2026-06-17,53.861324310302734
2026-06-18,53.382999420166016
2026-06-22,53.70000076293945
2026-06-23,53.880001068115234
2026-06-24,53.720001220703125
2026-06-25,53.45000076293945
2026-06-26,53.56999969482422
2026-06-29,53.720001220703125
2026-06-30,53.61000061035156
2026-07-01,54.779998779296875
2026-07-02,55.619998931884766
2026-07-06,56.13999938964844
2026-07-07,56.04999923706055
2026-07-08,54.970001220703125
2026-07-09,55.540000915527344
2026-07-10,55.709999084472656
2026-07-13,56.06999969482422
2026-07-14,56.18000030517578
2026-07-15,56.560001373291016
2026-07-16,56.75
2026-07-17,56.2599983215332
2026-07-20,56.040000915527344
2026-07-21,56.11000061035156
2026-07-22,56.04999923706055
2026-07-23,55.83000183105469
2026-07-24,56.310001373291016
2026-07-27,56.880001068115234
2026-07-28,57.599998474121094
2026-07-29,56.68000030517578
2026-07-30,57.0
2026-07-31,56.939998626708984
2026-08-03,57.380001068115234
2026-08-04,57.880001068115234
2026-08-05,58.0
2026-08-06,57.810001373291016
2026-08-07,57.599998474121094
2026-08-10,57.810001373291016
2026-08-11,57.79999923706055
2026-08-12,57.91999816894531
2026-08-13,58.2599983215332
2026-08-14,58.15999984741211
2026-08-17,57.58000183105469
2026-08-18,57.84000015258789
2026-08-19,57.47999954223633
2026-08-20,56.95000076293945
2026-08-21,57.47999954223633
2026-08-24,58.220001220703125
2026-08-25,58.310001373291016
2026-08-26,58.2599983215332
2026-08-27,57.880001068115234
2026-08-28,58.099998474121094
2026-08-31,57.709999084472656
2026-09-01,57.20000076293945
2026-09-02,57.65999984741211
2026-09-03,58.560001373291016
2026-09-04,58.099998474121094
2026-09-08,57.29999923706055