1998-12-22,11.909102439880371
1998-12-23,12.19362735748291
1998-12-24,12.147167205810547
1998-12-28,12.18200969696045
1998-12-29,12.21684741973877
1998-12-30,12.170395851135254
1998-12-31,12.123946189880371
1999-01-04,12.26330280303955
1999-01-05,12.576851844787598
1999-01-06,12.948465347290039
1999-01-07,12.907819747924805
1999-01-08,12.960083961486816
1999-01-11,13.087821006774902
1999-01-12,12.733633041381836
1999-01-13,12.727818489074707
1999-01-14,12.553629875183105
1999-01-15,12.925240516662598
1999-01-19,13.372340202331543
1999-01-20,13.494280815124512
1999-01-21,13.145888328552246
1999-01-22,12.91362476348877
1999-01-25,13.140079498291016
1999-01-26,13.668474197387695
1999-01-27,13.37814998626709
1999-01-28,13.848468780517578
1999-01-29,14.051692962646484
1999-02-01,14.063309669494629
1999-02-02,13.825244903564453
1999-02-03,13.923948287963867
1999-02-04,13.447822570800781
1999-02-05,13.122662544250488
1999-02-08,13.343305587768555
1999-02-09,12.820721626281738
1999-02-10,12.91362476348877
1999-02-11,13.459440231323242
1999-02-12,12.925240516662598
1999-02-16,12.867180824279785
1999-02-17,12.576851844787598
1999-02-18,12.646526336669922
1999-02-19,12.762654304504395
1999-02-22,13.21556568145752
1999-02-23,13.38976001739502
1999-02-24,13.018144607543945
1999-02-25,13.052980422973633
1999-02-26,12.658143043518066
1999-03-01,12.600082397460938
1999-03-02,12.26330280303955
1999-03-03,12.472333908081055
1999-03-04,12.600082397460938
1999-03-05,12.890403747558594
1999-03-08,13.2620210647583
1999-03-09,13.122662544250488
1999-03-10,13.122662544250488
1999-03-11,13.099443435668945
1999-03-12,12.983304977416992
1999-03-15,13.192336082458496
1999-03-16,13.418794631958008
1999-03-17,13.331694602966309
1999-03-18,13.517504692077637
1999-03-19,13.192336082458496
1999-03-22,13.192336082458496
1999-03-23,12.809112548828125
1999-03-24,13.058785438537598
1999-03-25,13.366538047790527
1999-03-26,13.296855926513672
1999-03-29,13.796213150024414
1999-03-30,13.772985458374023
1999-03-31,13.598795890808105
1999-04-01,13.813634872436523
1999-04-05,14.289767265319824
1999-04-06,14.411700248718262
1999-04-07,14.376866340637207
1999-04-08,14.516221046447754
1999-04-09,14.49299144744873
1999-04-12,14.272347450256348
1999-04-13,14.051692962646484
1999-04-14,13.703314781188965
1999-04-15,13.819438934326172
1999-04-16,13.447822570800781
1999-04-19,12.797496795654297
1999-04-20,13.122662544250488
1999-04-21,13.471051216125488
1999-04-22,14.09234619140625
1999-04-23,14.121381759643555
1999-04-26,14.48138427734375
1999-04-27,14.121381759643555
1999-04-28,13.935567855834961
1999-04-29,13.790413856506348
1999-04-30,13.680086135864258
1999-05-03,13.796213150024414
1999-05-04,13.587174415588379
1999-05-05,13.865894317626953
1999-05-06,13.517504692077637
1999-05-07,13.749760627746582
1999-05-10,13.865894317626953
1999-05-11,14.07492733001709
1999-05-12,14.353628158569336
1999-05-13,14.312986373901367
1999-05-14,13.935567855834961
1999-05-17,14.132994651794434
1999-05-18,14.26073169708252
1999-05-19,14.307184219360352
1999-05-20,14.121381759643555
1999-05-21,13.958796501159668
1999-05-24,13.656853675842285
1999-05-25,13.372340202331543
1999-05-26,13.651054382324219
1999-05-27,13.552342414855957
1999-05-28,13.726532936096191
1999-06-01,13.418794631958008
1999-06-02,13.563958168029785
1999-06-03,13.471051216125488
1999-06-04,13.871697425842285
1999-06-07,14.121381759643555
1999-06-08,13.796213150024414
1999-06-09,14.005247116088867
1999-06-10,13.796213150024414
1999-06-11,13.6104097366333
1999-06-14,13.54653263092041
1999-06-15,13.668474197387695
1999-06-16,14.231698989868164
1999-06-17,14.38847827911377
1999-06-18,14.516221046447754
1999-06-21,14.882024765014648
1999-06-22,14.568476676940918
1999-06-23,14.67879867553711
1999-06-24,14.376866340637207
1999-06-25,14.394275665283203
1999-06-28,14.632347106933594
1999-06-29,14.818158149719238
1999-06-30,15.044614791870117
1999-07-01,15.21298599243164
1999-07-02,15.410419464111328
1999-07-06,15.323325157165527
1999-07-07,15.503321647644043
1999-07-08,15.71235179901123
1999-07-09,15.880741119384766
1999-07-12,15.903969764709473
1999-07-13,15.834291458129883
1999-07-14,16.031715393066406
1999-07-15,16.147829055786133
1999-07-16,16.293004989624023
1999-07-19,16.095584869384766
1999-07-20,15.42782974243164
1999-07-21,15.561389923095703
1999-07-22,15.079455375671387
1999-07-23,15.12009048461914
1999-07-26,14.777512550354004
1999-07-27,15.143316268920898
1999-07-28,15.282668113708496
1999-07-29,15.027188301086426
1999-07-30,14.87040901184082
1999-08-02,14.841378211975098
1999-08-03,14.783316612243652
1999-08-04,14.603316307067871
1999-08-05,14.719447135925293
1999-08-06,14.725255012512207
1999-08-09,14.556857109069824
1999-08-10,14.312986373901367
1999-08-11,14.771702766418457
1999-08-12,14.585892677307129
1999-08-13,15.0504150390625
1999-08-16,15.096867561340332
1999-08-17,15.166540145874023
1999-08-18,14.992351531982422
1999-08-19,14.841378211975098
1999-08-20,14.88782787322998
1999-08-23,15.23041820526123
1999-08-24,15.468481063842773
1999-08-25,15.793643951416016
1999-08-26,15.602034568786621
1999-08-27,15.514930725097656
1999-08-30,15.259455680847168
1999-08-31,15.392993927001953
1999-09-01,15.474285125732422
1999-09-02,15.416227340698242
1999-09-03,15.979453086853027
1999-09-07,15.98526382446289
1999-09-08,15.8749418258667
1999-09-09,16.0142879486084
1999-09-10,16.188486099243164
1999-09-13,15.96783447265625
1999-09-14,16.14203643798828
1999-09-15,15.805255889892578
1999-09-16,15.735589027404785
1999-09-17,16.04913330078125
1999-09-20,16.118806838989258
1999-09-21,15.787837028503418
1999-09-22,15.816868782043457
1999-09-23,15.236223220825195
1999-09-24,15.271066665649414
1999-09-27,15.42782974243164
1999-09-28,15.497509002685547
1999-09-29,15.21298599243164
1999-09-30,15.329126358032227
1999-10-01,15.236223220825195
1999-10-04,15.607844352722168
1999-10-05,15.700749397277832
1999-10-06,15.89235782623291
1999-10-07,15.811065673828125
1999-10-08,15.799448013305664
1999-10-11,15.956223487854004
1999-10-12,15.671708106994629
1999-10-13,15.259455680847168
1999-10-14,15.172353744506836
1999-10-15,14.812349319458008
1999-10-18,14.67879867553711
1999-10-19,14.44654655456543
1999-10-20,15.027188301086426
1999-10-21,14.783316612243652
1999-10-22,14.818158149719238
1999-10-25,14.858799934387207
1999-10-26,14.864611625671387
1999-10-27,14.847186088562012
1999-10-28,15.23041820526123
1999-10-29,15.793643951416016
1999-11-01,15.770416259765625
1999-11-02,15.700749397277832
1999-11-03,15.932990074157715
1999-11-04,16.054933547973633
1999-11-05,16.2291316986084
1999-11-08,16.391708374023438
1999-11-09,16.21170997619629
1999-11-10,16.49622917175293
1999-11-11,16.722681045532227
1999-11-12,16.81558609008789
1999-11-15,16.740108489990234
1999-11-16,17.09429359436035
1999-11-17,16.931718826293945
1999-11-18,17.506567001342773
1999-11-19,17.669139862060547
1999-11-22,17.779460906982422
1999-11-23,17.622690200805664
1999-11-24,17.895591735839844
1999-11-26,18.034950256347656
1999-11-29,17.8781795501709
1999-11-30,17.343969345092773
1999-12-01,17.512365341186523
1999-12-02,17.930429458618164
1999-12-03,18.441404342651367
1999-12-06,18.56914520263672
1999-12-07,18.61559295654297
1999-12-08,18.41817855834961
1999-12-09,18.371723175048828
1999-12-10,18.464630126953125
1999-12-13,18.586576461791992
1999-12-14,18.23236083984375
1999-12-15,18.603986740112305
1999-12-16,18.952383041381836
1999-12-17,19.161785125732422
1999-12-20,19.34759521484375
1999-12-21,19.71921157836914
1999-12-22,19.71921157836914
1999-12-23,19.8237361907959
1999-12-27,19.974714279174805
1999-12-28,19.788902282714844
1999-12-29,20.10826301574707
1999-12-30,20.090837478637695
1999-12-31,20.02115821838379
2000-01-03,20.601829528808594
2000-01-04,19.5566349029541
2000-01-05,19.266305923461914
2000-01-06,18.627580642700195
2000-01-07,18.95275115966797
2000-01-10,19.67276954650879
2000-01-11,19.115331649780273
2000-01-12,19.03403663635254
2000-01-13,19.208240509033203
2000-01-14,19.649538040161133
2000-01-18,19.754056930541992
2000-01-19,19.788902282714844
2000-01-20,19.905031204223633
2000-01-21,19.928260803222656
2000-01-24,19.27791404724121
2000-01-25,19.690183639526367
2000-01-26,19.045650482177734
2000-01-27,18.85983657836914
2000-01-28,18.1862735748291
2000-01-31,18.7901554107666
2000-02-01,19.185014724731445
2000-02-02,19.32436752319336
2000-02-03,19.88180160522461
2000-02-04,20.11406707763672
2000-02-07,20.346324920654297
2000-02-08,20.532129287719727
2000-02-09,20.276647567749023
2000-02-10,20.75860023498535
2000-02-11,20.20697021484375
2000-02-14,20.218582153320312
2000-02-15,20.276647567749023
2000-02-16,20.17213249206543
2000-02-17,20.62505340576172
2000-02-18,19.928260803222656
2000-02-22,19.88180160522461
2000-02-23,20.485687255859375
2000-02-24,20.741172790527344
2000-02-25,20.54375457763672
2000-02-28,20.299880981445312
2000-02-29,20.764406204223633
2000-03-01,20.97343635559082
2000-03-02,21.182476043701172
2000-03-03,21.768945693969727
2000-03-06,21.73410415649414
2000-03-07,21.136032104492188
2000-03-08,21.50765037536621
2000-03-09,22.157989501953125
2000-03-10,22.204435348510742
2000-03-13,21.87928009033203
2000-03-14,21.379913330078125
2000-03-15,21.008283615112305
2000-03-16,21.739917755126953
2000-03-17,22.250896453857422
2000-03-20,22.157989501953125
2000-03-21,22.738645553588867
2000-03-22,23.13349723815918
2000-03-23,23.574798583984375
2000-03-24,23.77803611755371
2000-03-27,23.969648361206055
2000-03-28,23.388986587524414
2000-03-29,22.703805923461914
2000-03-30,22.08831214904785
2000-03-31,22.506389617919922
2000-04-03,21.554100036621094
2000-04-04,21.345069885253906
2000-04-05,21.48442268371582
2000-04-06,21.763145446777344
2000-04-07,22.506389617919922
2000-04-10,21.693466186523438
2000-04-11,21.15925407409668
2000-04-12,19.788902282714844
2000-04-13,19.41146469116211
2000-04-14,18.395313262939453
2000-04-17,19.394054412841797
2000-04-18,20.497299194335938
2000-04-19,19.8237361907959
2000-04-20,19.649538040161133
2000-04-24,19.045650482177734
2000-04-25,20.148902893066406
2000-04-26,19.765670776367188
2000-04-27,20.381174087524414
2000-04-28,20.439226150512695
2000-05-01,20.729562759399414
2000-05-02,20.346324920654297
2000-05-03,19.463722229003906
2000-05-04,19.32436752319336
2000-05-05,19.852766036987305
2000-05-08,19.15016746520996
2000-05-09,18.79597282409668
2000-05-10,17.884336471557617
2000-05-11,18.389507293701172
2000-05-12,18.627580642700195
2000-05-15,18.97597312927246
2000-05-16,19.545011520385742
2000-05-17,19.266305923461914
2000-05-18,18.778560638427734
2000-05-19,18.046918869018555
2000-05-22,17.965625762939453
2000-05-23,17.094627380371094
2000-05-24,17.768213272094727
2000-05-25,17.477876663208008
2000-05-26,17.53592872619629
2000-05-30,18.674034118652344
2000-05-31,18.31402587890625
2000-06-01,19.138547897338867
2000-06-02,20.009546279907227
2000-06-05,20.067609786987305
2000-06-06,19.788902282714844
2000-06-07,20.160518646240234
2000-06-08,20.067609786987305
2000-06-09,20.11406707763672
2000-06-12,19.695993423461914
2000-06-13,20.11406707763672
2000-06-14,19.74243927001953
2000-06-15,20.137292861938477
2000-06-16,20.20697021484375
2000-06-19,20.845706939697266
2000-06-20,20.90376853942871
2000-06-21,21.089580535888672
2000-06-22,20.439226150512695
2000-06-23,20.003746032714844
2000-06-26,20.137292861938477
2000-06-27,19.93986701965332
2000-06-28,20.137292861938477
2000-06-29,19.74243927001953
2000-06-30,20.137292861938477
2000-07-03,20.276647567749023
2000-07-05,19.626314163208008
2000-07-06,19.928260803222656
2000-07-07,20.253419876098633
2000-07-10,20.032779693603516
2000-07-11,19.870187759399414
2000-07-12,20.381174087524414
2000-07-13,20.77602195739746
2000-07-14,21.15925407409668
2000-07-17,21.333459854125977
2000-07-18,20.90376853942871
2000-07-19,20.439226150512695
2000-07-20,20.868928909301758
2000-07-21,20.4160099029541
2000-07-24,19.916637420654297
2000-07-25,20.253419876098633
2000-07-26,19.986324310302734
2000-07-27,19.40566062927246
2000-07-28,18.685646057128906
2000-07-31,19.068885803222656
2000-08-01,18.848228454589844
2000-08-02,18.766939163208008
2000-08-03,19.12693977355957
2000-08-04,19.12693977355957
2000-08-07,19.52178955078125
2000-08-08,19.5566349029541
2000-08-09,19.626314163208008
2000-08-10,19.208240509033203
2000-08-11,19.27791404724121
2000-08-14,19.67276954650879
2000-08-15,19.71921157836914
2000-08-16,19.74243927001953
2000-08-17,20.11406707763672
2000-08-18,20.137292861938477
2000-08-21,20.230201721191406
2000-08-22,20.230201721191406
2000-08-23,20.427627563476562
2000-08-24,20.619247436523438
2000-08-25,20.549562454223633
2000-08-28,20.717958450317383
2000-08-29,20.741172790527344
2000-08-30,20.601829528808594
2000-08-31,21.008283615112305
2000-09-01,21.019887924194336
2000-09-05,20.54375457763672
2000-09-06,20.02115821838379
2000-09-07,20.346324920654297
2000-09-08,19.695993423461914
2000-09-11,19.185014724731445
2000-09-12,18.906295776367188
2000-09-13,19.09210205078125
2000-09-14,19.19662094116211
2000-09-15,18.865642547607422
2000-09-18,18.441768646240234
2000-09-19,19.161785125732422
2000-09-20,19.231464385986328
2000-09-21,18.836610794067383
2000-09-22,18.302410125732422
2000-09-25,17.91917610168457
2000-09-26,17.54174041748047
2000-09-27,17.4198055267334
2000-09-28,18.023685455322266
2000-09-29,17.233985900878906
2000-10-02,17.106245040893555
2000-10-03,16.653329849243164
2000-10-04,17.100446701049805
2000-10-05,16.85655975341797
2000-10-06,16.5081729888916
2000-10-09,16.41525650024414
2000-10-10,15.933304786682129
2000-10-11,15.422332763671875
2000-10-12,14.888123512268066
2000-10-13,16.142356872558594
2000-10-16,15.886861801147461
2000-10-17,15.468786239624023
2000-10-18,15.22490406036377
2000-10-19,16.577850341796875
2000-10-20,16.827526092529297
2000-10-23,16.72301483154297
2000-10-24,16.397846221923828
2000-10-25,15.24233627319336
2000-10-26,15.608145713806152
2000-10-27,15.741693496704102
2000-10-30,15.526850700378418
2000-10-31,16.24686622619629
2000-11-01,15.933304786682129
2000-11-02,16.345582962036133
2000-11-03,16.467529296875
2000-11-06,16.2120304107666
2000-11-07,16.328163146972656
2000-11-08,15.468786239624023
2000-11-09,15.24233627319336
2000-11-10,14.400367736816406
2000-11-13,14.353913307189941
2000-11-14,15.132004737854004
2000-11-15,15.236523628234863
2000-11-16,14.748767852783203
2000-11-17,14.864895820617676
2000-11-20,14.261012077331543
2000-11-21,14.330694198608398
2000-11-22,13.808096885681152
2000-11-24,14.353913307189941
2000-11-27,14.272624015808105
2000-11-28,13.697770118713379
2000-11-29,13.633898735046387
2000-11-30,12.913877487182617
2000-12-01,13.08227252960205
2000-12-04,13.00678539276123
2000-12-05,14.237789154052734
2000-12-06,13.842945098876953
2000-12-07,13.384209632873535
2000-12-08,14.005524635314941
2000-12-11,14.533920288085938
2000-12-12,14.237789154052734
2000-12-13,13.633898735046387
2000-12-14,13.42486572265625
2000-12-15,12.890656471252441
2000-12-18,12.635167121887207
2000-12-19,12.263537406921387
2000-12-20,11.346099853515625
2000-12-21,11.380941390991211
2000-12-22,12.164833068847656
2000-12-26,11.961599349975586
2000-12-27,12.077729225158691
2000-12-28,12.019665718078613
2000-12-29,11.636428833007812
2001-01-02,10.962869644165039
2001-01-03,12.728067398071289
2001-01-04,12.855817794799805
2001-01-05,12.077729225158691
2001-01-08,12.042887687683105
2001-01-09,12.309995651245117
2001-01-10,12.681617736816406
2001-01-11,13.21582317352295
2001-01-12,13.01839542388916
2001-01-16,12.867432594299316
2001-01-17,13.262277603149414
2001-01-18,13.95906925201416
2001-01-19,14.150686264038086
2001-01-22,13.88939380645752
2001-01-23,14.121658325195312
2001-01-24,14.295857429504395
2001-01-25,13.796486854553223
2001-01-26,13.88939380645752
2001-01-29,14.181111335754395
2001-01-30,14.214563369750977
2001-01-31,13.86152458190918
2001-02-01,13.854085922241211
2001-02-02,13.24462604522705
2001-02-05,13.162869453430176
2001-02-06,13.240917205810547
2001-02-07,12.899016380310059
2001-02-08,12.709488868713379
2001-02-09,12.122330665588379
2001-02-12,12.2263765335083
2001-02-13,12.018270492553711
2001-02-14,12.300704002380371
2001-02-15,12.672330856323242
2001-02-16,11.888203620910645
2001-02-20,11.24901294708252
2001-02-21,10.962869644165039
2001-02-22,10.981447219848633
2001-02-23,10.899686813354492
2001-02-26,11.07435131072998
2001-02-27,10.65070629119873
2001-02-28,10.409147262573242
2001-03-01,10.702725410461426
2001-03-02,10.331103324890137
2001-03-05,10.55408000946045
2001-03-06,11.000025749206543
2001-03-07,11.014891624450684
2001-03-08,10.795633316040039
2001-03-09,10.089550971984863
2001-03-12,9.550699234008789
2001-03-13,10.026372909545898
2001-03-14,9.78110122680664
2001-03-15,9.665902137756348
2001-03-16,9.454076766967773
2001-03-19,9.747655868530273
2001-03-20,9.279410362243652
2001-03-21,9.324009895324707
2001-03-22,9.751371383666992
2001-03-23,9.959480285644531
2001-03-26,9.82941722869873
2001-03-27,10.145291328430176
2001-03-28,9.394615173339844
2001-03-29,9.271979331970215
2001-03-30,9.216241836547852
2001-04-02,8.993263244628906
2001-04-03,8.39123249053955
2001-04-04,8.231435775756836
2001-04-05,9.101035118103027
2001-04-06,8.677384376525879
2001-04-09,8.699681282043457
2001-04-10,9.283129692077637
2001-04-11,9.621309280395508
2001-04-12,9.862858772277832
2001-04-16,9.625019073486328
2001-04-17,9.725361824035645
2001-04-18,10.609820365905762
2001-04-19,11.278739929199219
2001-04-20,11.148675918579102
2001-04-23,10.531780242919922
2001-04-24,10.368268013000488
2001-04-25,10.550361633300781
2001-04-26,10.401715278625488
2001-04-27,10.542929649353027
2001-04-30,10.706441879272461
2001-05-01,10.962869644165039
2001-05-02,11.18211841583252
2001-05-03,10.825360298156738
2001-05-04,10.981447219848633
2001-05-07,10.970294952392578
2001-05-08,11.018604278564453
2001-05-09,10.866243362426758
2001-05-10,10.706441879272461
2001-05-11,10.591238021850586
2001-05-14,10.44259262084961
2001-05-15,10.424013137817383
2001-05-16,10.847658157348633
2001-05-17,10.910836219787598
2001-05-18,10.959142684936523
2001-05-21,11.44597339630127
2001-05-22,11.423673629760742
2001-05-23,11.144957542419434
2001-05-24,11.23043441772461
2001-05-25,11.018604278564453
2001-05-29,10.606107711791992
2001-05-30,10.175019264221191
2001-05-31,10.267929077148438
2001-06-01,10.44259262084961
2001-06-04,10.420295715332031
2001-06-05,10.832792282104492
2001-06-06,10.728742599487305
2001-06-07,11.033470153808594
2001-06-08,10.788200378417969
2001-06-11,10.609820365905762
2001-06-12,10.52806282043457
2001-06-13,10.290227890014648
2001-06-14,9.92232608795166
2001-06-15,9.82941722869873
2001-06-18,9.584145545959473
2001-06-19,9.621309280395508
2001-06-20,9.721641540527344
2001-06-21,9.903738975524902
2001-06-22,9.810832023620605
2001-06-25,9.95205020904541
2001-06-26,10.007794380187988
2001-06-27,10.030089378356934
2001-06-28,10.227051734924316
2001-06-29,10.468603134155273
2001-07-02,10.46117115020752
2001-07-03,10.424013137817383
2001-07-05,10.089550971984863
2001-07-06,9.625019073486328
2001-07-09,9.747655868530273
2001-07-10,9.450359344482422
2001-07-11,9.49867057800293
2001-07-12,10.130424499511719
2001-07-13,10.16015911102295
2001-07-16,9.914883613586426
2001-07-17,10.033804893493652
2001-07-18,9.651037216186523
2001-07-19,9.82941722869873
2001-07-20,9.773676872253418
2001-07-23,9.535831451416016
2001-07-24,9.409480094909668
2001-07-25,9.610159873962402
2001-07-26,9.792250633239746
2001-07-27,9.777384757995605
2001-07-30,9.747655868530273
2001-07-31,9.743941307067871
2001-08-01,10.004082679748535
2001-08-02,10.14157485961914
2001-08-03,9.9966459274292
2001-08-06,9.874003410339355
2001-08-07,9.818265914916992
2001-08-08,9.502386093139648
2001-08-09,9.506107330322266
2001-08-10,9.491236686706543
2001-08-13,9.528397560119629
2001-08-14,9.405765533447266
2001-08-15,9.193938255310059
2001-08-16,9.242253303527832
2001-08-17,8.967249870300293
2001-08-20,9.026712417602539
2001-08-21,8.762856483459473
2001-08-22,8.85204792022705
2001-08-23,8.844618797302246
2001-08-24,9.275701522827148
2001-08-27,9.253397941589355
2001-08-28,8.996980667114258
2001-08-29,8.826033592224121
2001-08-30,8.484139442443848
2001-08-31,8.5547513961792
2001-09-04,8.368937492370605
2001-09-05,8.298331260681152
2001-09-06,7.904409408569336
2001-09-07,7.811506271362305
2001-09-10,7.978733539581299
2001-09-17,7.46960973739624
2001-09-18,7.402717590332031
2001-09-19,7.3358259201049805
2001-09-20,7.016233444213867
2001-09-21,6.815554618835449
2001-09-24,7.198328971862793
2001-09-25,7.265218257904053
2001-09-26,7.019949436187744
2001-09-27,6.964206218719482
2001-09-28,7.153733730316162
2001-10-01,7.060829162597656
2001-10-02,7.053397178649902
2001-10-03,7.52535343170166
2001-10-04,7.685150146484375
2001-10-05,7.6814374923706055
2001-10-08,7.733463287353516
2001-10-09,7.555085182189941
2001-10-10,7.789206027984619
2001-10-11,8.164548873901367
2001-10-12,8.145960807800293
2001-10-15,8.090222358703613
2001-10-16,8.17569637298584
2001-10-17,7.804072856903076
2001-10-18,7.785490036010742
2001-10-19,7.88954496383667
2001-10-22,8.075357437133789
2001-10-23,8.082789421081543
2001-10-24,8.183123588562012
2001-10-25,8.380087852478027
2001-10-26,8.39123249053955
2001-10-29,7.989879608154297
2001-10-30,7.826368808746338
2001-10-31,7.934140205383301
2001-11-01,8.209142684936523
2001-11-02,8.220291137695312
2001-11-05,8.472993850708008
2001-11-06,8.770288467407227
2001-11-07,8.733129501342773
2001-11-08,8.777725219726562
2001-11-09,8.744280815124512
2001-11-12,8.811165809631348
2001-11-13,9.123334884643555
2001-11-14,9.171646118164062
2001-11-15,9.115899085998535
2001-11-16,9.086169242858887
2001-11-19,9.275701522827148
2001-11-20,9.015562057495117
2001-11-21,8.926369667053223
2001-11-23,9.063872337341309
2001-11-26,9.219955444335938
2001-11-27,9.190221786499023
2001-11-28,8.900357246398926
2001-11-29,9.138202667236328
2001-11-30,9.119616508483887
2001-12-03,8.989547729492188
2001-12-04,9.271979331970215
2001-12-05,9.717926025390625
2001-12-06,9.691916465759277
2001-12-07,9.513533592224121
2001-12-10,9.305424690246582
2001-12-11,9.37231731414795
2001-12-12,9.409480094909668
2001-12-13,9.075020790100098
2001-12-14,9.112187385559082
2001-12-17,9.286847114562988
2001-12-18,9.324009895324707
2001-12-19,9.190221786499023
2001-12-20,8.874343872070312
2001-12-21,8.993263244628906
2001-12-24,8.959819793701172
2001-12-26,9.03042221069336
2001-12-27,9.1084623336792
2001-12-28,9.127046585083008
2001-12-31,8.918941497802734
2002-01-02,9.141912460327148
2002-01-03,9.543269157409668
2002-01-04,9.602724075317383
2002-01-07,9.49867057800293
2002-01-08,9.569273948669434
2002-01-09,9.494954109191895
2002-01-10,9.416913986206055
2002-01-11,9.327725410461426
2002-01-14,9.182788848876953
2002-01-15,9.242253303527832
2002-01-16,9.015562057495117
2002-01-17,9.238533020019531
2002-01-18,8.930091857910156
2002-01-22,8.610492706298828
2002-01-23,8.740564346313477
2002-01-24,8.87062931060791
2002-01-25,8.837183952331543
2002-01-28,8.900357246398926
2002-01-29,8.584484100341797
2002-01-30,8.695968627929688
2002-01-31,8.822319984436035
2002-02-01,8.658802032470703
2002-02-04,8.413533210754395
2002-02-05,8.283465385437012
2002-02-06,8.235156059265137
2002-02-07,8.112518310546875
2002-02-08,8.268603324890137
2002-02-11,8.454411506652832
2002-02-12,8.316909790039062
2002-02-13,8.450693130493164
2002-02-14,8.361507415771484
2002-02-15,8.11994743347168
2002-02-19,7.833804130554199
2002-02-20,7.930421352386475
2002-02-21,7.5625176429748535
2002-02-22,7.61082649230957
2002-02-25,7.86724853515625
2002-02-26,7.818934917449951
2002-02-27,7.763195991516113
2002-02-28,7.674003601074219
2002-03-01,8.060493469238281
2002-03-04,8.354074478149414
2002-03-05,8.380087852478027
2002-03-06,8.461846351623535
2002-03-07,8.432113647460938
2002-03-08,8.655083656311035
2002-03-11,8.681102752685547
2002-03-12,8.495293617248535
2002-03-13,8.272318840026855
2002-03-14,8.17569637298584
2002-03-15,8.235156059265137
2002-03-18,8.2611665725708
2002-03-19,8.294611930847168
2002-03-20,8.041909217834473
2002-03-21,8.201708793640137
2002-03-22,8.082789421081543
2002-03-25,7.900689601898193
2002-03-26,7.960151195526123
2002-03-27,7.956439018249512
2002-03-28,8.053060531616211
2002-04-01,8.142251014709473
2002-04-02,7.904409408569336
2002-04-03,7.781774044036865
2002-04-04,7.815221309661865
2002-04-05,7.692584991455078
2002-04-08,7.655422210693359
2002-04-09,7.462179183959961
2002-04-10,7.484475135803223
2002-04-11,7.23548698425293
2002-04-12,7.358122825622559
2002-04-15,7.376708507537842
2002-04-16,7.7111663818359375
2002-04-17,7.7408976554870605
2002-04-18,7.6591410636901855
2002-04-19,7.636845588684082
2002-04-22,7.4473161697387695
2002-04-23,7.294950008392334
2002-04-24,7.183462142944336
2002-04-25,7.231772422790527
2002-04-26,6.986505031585693
2002-04-29,6.941905975341797
2002-04-30,7.079411029815674
2002-05-01,7.019949436187744
2002-05-02,6.841568946838379
2002-05-03,6.678055286407471
2002-05-06,6.488526821136475
2002-05-07,6.488526821136475
2002-05-08,7.161164283752441
2002-05-09,6.9270429611206055
2002-05-10,6.689204692840576
2002-05-13,6.953053951263428
2002-05-14,7.287516117095947
2002-05-15,7.265218257904053
2002-05-16,7.372988224029541
2002-05-17,7.410155296325684
2002-05-20,7.216907501220703
2002-05-21,7.038527965545654
2002-05-22,7.124000549316406
2002-05-23,7.179742813110352
2002-05-24,7.023664474487305
2002-05-28,6.960489749908447
2002-05-29,6.83042049407959
2002-05-30,6.863865852355957
2002-05-31,6.78582763671875
2002-06-03,6.585150241851807
2002-06-04,6.678055286407471
2002-06-05,6.75981330871582
2002-06-06,6.596299648284912
2002-06-07,6.4513678550720215
2002-06-10,6.39190673828125
2002-06-11,6.2506914138793945
2002-06-12,6.377041339874268
2002-06-13,6.269270896911621
2002-06-14,6.25812292098999
2002-06-17,6.469950199127197
2002-06-18,6.3993377685546875
2002-06-19,6.146634578704834
2002-06-20,6.00541877746582
2002-06-21,5.834473609924316
2002-06-24,5.934810638427734
2002-06-25,5.73042106628418
2002-06-26,5.734132766723633
2002-06-27,5.886499881744385
2002-06-28,5.879068851470947
2002-07-01,5.630082607269287
2002-07-02,5.462850093841553
2002-07-03,5.663527488708496
2002-07-05,5.968255043029785
2002-07-08,5.7898783683776855
2002-07-09,5.704404830932617
2002-07-10,5.55203914642334
2002-07-11,5.756429672241211
2002-07-12,5.73042106628418
2002-07-15,5.841906547546387
2002-07-16,5.775012493133545
2002-07-17,5.815892219543457
2002-07-18,5.693257808685303
2002-07-19,5.514878749847412
2002-07-22,5.225013256072998
2002-07-23,4.964874744415283
2002-07-24,5.221296310424805
2002-07-25,4.909132957458496
2002-07-26,4.976025104522705
2002-07-29,5.269608020782471
2002-07-30,5.351362705230713
2002-07-31,5.32163143157959
2002-08-01,5.087509632110596
2002-08-02,4.979740142822266
2002-08-05,4.7641987800598145
2002-08-06,4.964874744415283
2002-08-07,5.0540642738342285
2002-08-08,5.239874362945557
2002-08-09,5.221296310424805
2002-08-12,5.172985076904297
2002-08-13,5.0540642738342285
2002-08-14,5.369943618774414
2002-08-15,5.444270133972168
2002-08-16,5.574337959289551
2002-08-19,5.778728008270264
2002-08-20,5.615217208862305
2002-08-21,5.7898783683776855
2002-08-22,5.856769561767578
2002-08-23,5.644944190979004
2002-08-26,5.682107925415039
2002-08-27,5.49258279800415
2002-08-28,5.340214252471924
2002-08-29,5.414539813995361
2002-08-30,5.277040004730225
2002-09-03,5.016902446746826
2002-09-04,5.172985076904297
2002-09-05,4.9983229637146
2002-09-06,5.165551662445068
2002-09-09,5.221296310424805
2002-09-10,5.310484886169434
2002-09-11,5.340214252471924
2002-09-12,5.143255233764648
2002-09-13,5.165551662445068
2002-09-16,5.080079555511475
2002-09-17,5.016902446746826
2002-09-18,4.964874744415283
2002-09-19,4.741901874542236
2002-09-20,4.767915725708008
2002-09-23,4.619266510009766
2002-09-24,4.5449419021606445
2002-09-25,4.719604969024658
2002-09-26,4.663862705230713
2002-09-27,4.548659324645996
2002-09-30,4.396294116973877
2002-10-01,4.634132385253906
2002-10-02,4.530076026916504
2002-10-03,4.518929958343506
2002-10-04,4.422309398651123
2002-10-07,4.344266414642334
2002-10-08,4.344266414642334
2002-10-09,4.3033881187438965
2002-10-10,4.530076026916504
2002-10-11,4.81622838973999
2002-10-14,4.823657989501953
2002-10-15,5.128390789031982
2002-10-16,4.849673271179199
2002-10-17,5.0540642738342285
2002-10-18,5.120956897735596
2002-10-21,5.225013256072998
2002-10-22,5.202713966369629
2002-10-23,5.343931198120117
2002-10-24,5.258459091186523
2002-10-25,5.3996734619140625
2002-10-28,5.388525009155273
2002-10-29,5.2993364334106445
2002-10-30,5.4814348220825195
2002-10-31,5.485147476196289
2002-11-01,5.648662090301514
2002-11-04,5.867916107177734
2002-11-05,5.830755710601807
2002-11-06,5.923662185668945
2002-11-07,5.689540863037109
2002-11-08,5.648662090301514
2002-11-11,5.451700210571289
2002-11-12,5.604066371917725
2002-11-13,5.630082607269287
2002-11-14,5.856769561767578
2002-11-15,5.867916107177734
2002-11-18,5.801025390625
2002-11-19,5.708121299743652
2002-11-20,5.945960521697998
2002-11-21,6.254405975341797
2002-11-22,6.232110023498535
2002-11-25,6.325016498565674
2002-11-26,6.142919540405273
2002-11-27,6.39190673828125
2002-11-29,6.3547444343566895
2002-12-02,6.373325824737549
2002-12-03,6.1503520011901855
2002-12-04,6.05744743347168
2002-12-05,5.923662185668945
2002-12-06,5.979405403137207
2002-12-09,5.696974754333496
2002-12-10,5.7898783683776855
2002-12-11,5.834473609924316
2002-12-12,5.808459758758545
2002-12-13,5.67839241027832
2002-12-16,5.871635913848877
2002-12-17,5.841906547546387
2002-12-18,5.682107925415039
2002-12-19,5.659811496734619
2002-12-20,5.719803333282471
2002-12-23,5.790600299835205
2002-12-24,5.730981349945068
2002-12-26,5.701171398162842
2002-12-27,5.600562572479248
2002-12-30,5.544669151306152
2002-12-31,5.514859676361084
2003-01-02,5.812960147857666
2003-01-03,5.835315704345703
2003-01-06,6.092429161071777
2003-01-07,6.155775547027588
2003-01-08,5.954555511474609
2003-01-09,6.129688262939453
2003-01-10,6.163227558135986
2003-01-13,6.129688262939453
2003-01-14,6.215394973754883
2003-01-15,6.092429161071777
2003-01-16,5.962012767791748
2003-01-17,5.671361446380615
2003-01-21,5.634096622467041
2003-01-22,5.596837520599365
2003-01-23,5.693719863891602
2003-01-24,5.470143795013428
2003-01-27,5.410522937774658
2003-01-28,5.485049247741699
2003-01-29,5.563302993774414
2003-01-30,5.391892433166504
2003-01-31,5.384439468383789
2003-02-03,5.432879447937012
2003-02-04,5.339726448059082
2003-02-05,5.321090221405029
2003-02-06,5.29128360748291
2003-02-07,5.231662273406982
2003-02-10,5.287557125091553
2003-02-11,5.26892614364624
2003-02-12,5.198126316070557
2003-02-13,5.213031768798828
2003-02-14,5.376986503601074
2003-02-18,5.552122116088867
2003-02-19,5.514859676361084
2003-02-20,5.42915678024292
2003-02-21,5.496230602264404
2003-02-24,5.403071403503418
2003-02-25,5.417975425720215
2003-02-26,5.276378631591797
2003-02-27,5.328546047210693
2003-02-28,5.410522937774658
2003-03-03,5.317367076873779
2003-03-04,5.257745742797852
2003-03-05,5.3099141120910645
2003-03-06,5.2428436279296875
2003-03-07,5.216756820678711
2003-03-10,5.108696460723877
2003-03-11,5.082612991333008
2003-03-12,5.149685859680176
2003-03-13,5.425428867340088
2003-03-14,5.444060802459717
2003-03-17,5.693719863891602
2003-03-18,5.719803333282471
2003-03-19,5.708624362945557
2003-03-20,5.701171398162842
2003-03-21,5.786873817443848
2003-03-24,5.552122116088867
2003-03-25,5.630373001098633
2003-03-26,5.611740589141846
2003-03-27,5.54839563369751
2003-03-28,5.477595329284668
2003-03-31,5.328546047210693
2003-04-01,5.391892433166504
2003-04-02,5.622920036315918
2003-04-03,5.6080169677734375
2003-04-04,5.544669151306152
2003-04-07,5.559575080871582
2003-04-08,5.5036797523498535
2003-04-09,5.384439468383789
2003-04-10,5.417975425720215
2003-04-11,5.369534969329834
2003-04-14,5.4999542236328125
2003-04-15,5.511133193969727
2003-04-16,5.552122116088867
2003-04-17,5.667636394500732
2003-04-21,5.645279884338379
2003-04-22,5.768240928649902
2003-04-23,5.8651275634765625
2003-04-24,5.812960147857666
2003-04-25,5.704900741577148
2003-04-28,5.824138641357422
2003-04-29,5.883755683898926
2003-04-30,5.816685676574707
2003-05-01,5.872580051422119
2003-05-02,5.995545387268066
2003-05-05,5.980640888214111
2003-05-06,6.08870267868042
2003-05-07,6.014173984527588
2003-05-08,5.917294502258301
2003-05-09,6.081249713897705
2003-05-12,6.174407958984375
2003-05-13,6.163227558135986
2003-05-14,6.140870094299316
2003-05-15,6.204214572906494
2003-05-16,6.148320198059082
2003-05-19,5.924747467041016
2003-05-20,5.935925483703613
2003-05-21,5.943376541137695
2003-05-22,6.0067243576049805
2003-05-23,6.014173984527588
2003-05-27,6.170680522918701
2003-05-28,6.211669445037842
2003-05-29,6.226572036743164
2003-05-30,6.31600284576416
2003-06-02,6.282466411590576
2003-06-03,6.338363170623779
2003-06-04,6.472506523132324
2003-06-05,6.472506523132324
2003-06-06,6.40916109085083
2003-06-09,6.31600284576416
2003-06-10,6.405434608459473
2003-06-11,6.446423053741455
2003-06-12,6.476232528686523
2003-06-13,6.334636211395264
2003-06-16,6.491137504577637
2003-06-17,6.520946979522705
2003-06-18,6.584295749664307
2003-06-19,6.535853862762451
2003-06-20,6.528398036956787
2003-06-23,6.397984504699707
2003-06-24,6.371898651123047
2003-06-25,6.308553695678711
2003-06-26,6.427792549133301
2003-06-27,6.379350662231445
2003-06-30,6.360720157623291
2003-07-01,6.4501471519470215
2003-07-02,6.584295749664307
2003-07-03,6.506041049957275
2003-07-07,6.729617595672607
2003-07-08,6.781788349151611
2003-07-09,6.7743353843688965
2003-07-10,6.617830753326416
2003-07-11,6.710988521575928
2003-07-14,6.740796089172363
2003-07-15,6.7519755363464355
2003-07-16,6.729617595672607
2003-07-17,6.524672985076904
2003-07-18,6.53957986831665
2003-07-21,6.394254207611084
2003-07-22,6.532124996185303
2003-07-23,6.569389343261719
2003-07-24,6.476232528686523
2003-07-25,6.6141037940979
2003-07-28,6.625283241271973
2003-07-29,6.5619378089904785
2003-07-30,6.513495922088623
2003-07-31,6.558208465576172
2003-08-01,6.524672985076904
2003-08-04,6.580568313598633
2003-08-05,6.416612148284912
2003-08-06,6.356991291046143
2003-08-07,6.338363170623779
2003-08-08,6.330909729003906
2003-08-11,6.360720157623291
2003-08-12,6.457601070404053
2003-08-13,6.446423053741455
2003-08-14,6.502313613891602
2003-08-15,6.472506523132324
2003-08-18,6.6625447273254395
2003-08-19,6.7519755363464355
2003-08-20,6.714714527130127
2003-08-21,6.778059482574463
2003-08-22,6.766878604888916
2003-08-25,6.725889205932617
2003-08-26,6.763153553009033
2003-08-27,6.807869911193848
2003-08-28,6.84885835647583
2003-08-29,6.871217727661133
2003-09-02,7.020266532897949
2003-09-03,7.094791889190674
2003-09-04,7.161865234375
2003-09-05,7.124602317810059
2003-09-08,7.25501823425293
2003-09-09,7.176770210266113
2003-09-10,6.964372158050537
2003-09-11,7.046351432800293
2003-09-12,7.053801536560059
2003-09-15,7.012812614440918
2003-09-16,7.191673278808594
2003-09-17,7.180495738983154
2003-09-18,7.28110408782959
2003-09-19,7.2885565757751465
2003-09-22,7.1506853103637695
2003-09-23,7.191673278808594
2003-09-24,6.945741653442383
2003-09-25,6.893576145172119
2003-09-26,6.8563127517700195
2003-09-29,6.968098163604736
2003-09-30,6.81159782409668
2003-10-01,6.960644245147705
2003-10-02,6.945741653442383
2003-10-03,7.158137798309326
2003-10-06,7.195399761199951
2003-10-07,7.243842601776123
2003-10-08,7.191673278808594
2003-10-09,7.221484184265137
2003-10-10,7.28110408782959
2003-10-13,7.303463459014893
2003-10-14,7.284830093383789
2003-10-15,7.3295464515686035
2003-10-16,7.355626106262207
2003-10-17,7.23638916015625
2003-10-20,7.322093963623047
2003-10-21,7.363080978393555
2003-10-22,7.25501823425293
2003-10-23,7.199123382568359
2003-10-24,7.091063976287842
2003-10-27,7.1283278465271
2003-10-28,7.299736499786377
2003-10-29,7.310916423797607
2003-10-30,7.303463459014893
2003-10-31,7.310916423797607
2003-11-03,7.482323169708252
2003-11-04,7.418978214263916
2003-11-05,7.441333293914795
2003-11-06,7.500950813293457
2003-11-07,7.4711432456970215
2003-11-10,7.374261379241943
2003-11-11,7.355626106262207
2003-11-12,7.512134075164795
2003-11-13,7.448785305023193
2003-11-14,7.348177433013916
2003-11-17,7.247567176818848
2003-11-18,7.158137798309326
2003-11-19,7.23638916015625
2003-11-20,7.124602317810059
2003-11-21,7.184221267700195
2003-11-24,7.36680793762207
2003-11-25,7.359356880187988
2003-11-26,7.3891682624816895
2003-11-28,7.415249347686768
2003-12-01,7.489773273468018
2003-12-02,7.456239223480225
2003-12-03,7.4301581382751465
2003-12-04,7.523314952850342
2003-12-05,7.3891682624816895
2003-12-08,7.407800674438477
2003-12-09,7.247567176818848
2003-12-10,7.2885565757751465
2003-12-11,7.4264302253723145
2003-12-12,7.433880805969238
2003-12-15,7.340725421905518
2003-12-16,7.377988338470459
2003-12-17,7.36680793762207
2003-12-18,7.489773273468018
2003-12-19,7.4638848304748535
2003-12-22,7.4751386642456055
2003-12-23,7.535181522369385
2003-12-24,7.520169734954834
2003-12-26,7.535181522369385
2003-12-29,7.6702752113342285
2003-12-30,7.6590166091918945
2003-12-31,7.647757530212402
2004-01-02,7.685286998748779
2004-01-05,7.8729143142700195
2004-01-06,7.944211959838867
2004-01-07,7.981740474700928
2004-01-08,8.1393461227417
2004-01-09,8.030519485473633
2004-01-12,8.154356002807617
2004-01-13,8.038029670715332
2004-01-14,8.13559341430664
2004-01-15,8.169366836547852
2004-01-16,8.274442672729492
2004-01-20,8.29320240020752
2004-01-21,8.229409217834473
2004-01-22,8.150603294372559
2004-01-23,8.124332427978516
2004-01-26,8.274442672729492
2004-01-27,8.146851539611816
2004-01-28,8.011758804321289
2004-01-29,7.9704813957214355
2004-01-30,7.9742326736450195
2004-02-02,7.9742326736450195
2004-02-03,7.9854912757873535
2004-02-04,7.790358066558838
2004-02-05,7.80161190032959
2004-02-06,7.966730117797852
2004-02-09,7.906684875488281
2004-02-10,7.9704813957214355
2004-02-11,8.034273147583008
2004-02-12,7.959222793579102
2004-02-13,7.910440444946289
2004-02-17,8.026768684387207
2004-02-18,7.989243030548096
2004-02-19,7.869158744812012
2004-02-20,7.831635475158691
2004-02-23,7.7265625
2004-02-24,7.734065532684326
2004-02-25,7.794106483459473
2004-02-26,7.812873840332031
2004-02-27,7.771597385406494
2004-03-01,7.865405559539795
2004-03-02,7.835387229919434
2004-03-03,7.797862529754639
2004-03-04,7.865405559539795
2004-03-05,7.805368900299072
2004-03-08,7.636497974395752
2004-03-09,7.636497974395752
2004-03-10,7.501405715942383
2004-03-11,7.418850898742676
2004-03-12,7.565201282501221
2004-03-15,7.422604560852051
2004-03-16,7.467633247375488
2004-03-17,7.561452388763428
2004-03-18,7.512662410736084
2004-03-19,7.411346912384033
2004-03-22,7.291264057159424
2004-03-23,7.280003547668457
2004-03-24,7.317530632019043
2004-03-25,7.550192356109619
2004-03-26,7.5051589012146
2004-03-29,7.602724552154541
2004-03-30,7.613985538482666
2004-03-31,7.565201282501221
2004-04-01,7.644010543823242
2004-04-02,7.835387229919434
2004-04-05,7.902932167053223
2004-04-06,7.820374488830566
2004-04-07,7.771597385406494
2004-04-08,7.786604881286621
2004-04-12,7.805368900299072
2004-04-13,7.707798004150391
2004-04-14,7.700292587280273
2004-04-15,7.610233306884766
2004-04-16,7.53893518447876
2004-04-19,7.625244140625
2004-04-20,7.4601311683654785
2004-04-21,7.57270622253418
2004-04-22,7.689038276672363
2004-04-23,7.790358066558838
2004-04-26,7.696543216705322
2004-04-27,7.6740264892578125
2004-04-28,7.5426836013793945
2004-04-29,7.430110931396484
2004-04-30,7.276254653930664
2004-05-03,7.317530632019043
2004-05-04,7.388828277587891
2004-05-05,7.426356315612793
2004-05-06,7.392581462860107
2004-05-07,7.3550567626953125
2004-05-10,7.32503604888916
2004-05-11,7.422604560852051
2004-05-12,7.400086879730225
2004-05-13,7.400086879730225
2004-05-14,7.298765659332275
2004-05-17,7.219967842102051
2004-05-18,7.291264057159424
2004-05-19,7.32503604888916
2004-05-20,7.321284294128418
2004-05-21,7.343801021575928
2004-05-24,7.3550567626953125
2004-05-25,7.493903160095215
2004-05-26,7.478894233703613
2004-05-27,7.523924827575684
2004-05-28,7.561452388763428
2004-06-01,7.508912086486816
2004-06-02,7.508912086486816
2004-06-03,7.411346912384033
2004-06-04,7.482644557952881
2004-06-07,7.655265808105469
2004-06-08,7.696543216705322
2004-06-09,7.610233306884766
2004-06-10,7.651515007019043
2004-06-14,7.546441078186035
2004-06-15,7.6590166091918945
2004-06-16,7.625244140625
2004-06-17,7.53893518447876
2004-06-18,7.553944110870361
2004-06-21,7.520169734954834
2004-06-22,7.598971843719482
2004-06-23,7.704049110412598
2004-06-24,7.666518211364746
2004-06-25,7.696543216705322
2004-06-28,7.636497974395752
2004-06-29,7.715302467346191
2004-06-30,7.76784086227417
2004-07-01,7.625244140625
2004-07-02,7.5426836013793945
2004-07-06,7.3813252449035645
2004-07-07,7.430110931396484
2004-07-08,7.306270599365234
2004-07-09,7.36631441116333
2004-07-12,7.3550567626953125
2004-07-13,7.321284294128418
2004-07-14,7.204955577850342
2004-07-15,7.167428493499756
2004-07-16,7.09237813949585
2004-07-19,7.114889144897461
2004-07-20,7.231222152709961
2004-07-21,7.122396469116211
2004-07-22,7.197450637817383
2004-07-23,7.073614597320557
2004-07-26,7.114889144897461
2004-07-27,7.182439804077148
2004-07-28,7.178683280944824
2004-07-29,7.280003547668457
2004-07-30,7.295013427734375
2004-08-02,7.313777446746826
2004-08-03,7.1936936378479
2004-08-04,7.204955577850342
2004-08-05,7.096128940582275
2004-08-06,6.88223123550415
2004-08-09,6.9272637367248535
2004-08-10,7.047346115112305
2004-08-11,6.870973110198975
2004-08-12,6.735879421234131
2004-08-13,6.773403644561768
2004-08-16,6.8334527015686035
2004-08-17,6.878482341766357
2004-08-18,6.991055965423584
2004-08-19,6.968540668487549
2004-08-20,7.002315044403076
2004-08-23,7.036088466644287
2004-08-24,6.998561382293701
2004-08-25,7.077367305755615
2004-08-26,7.039841175079346
2004-08-27,7.069859504699707
2004-08-30,6.998561382293701
2004-08-31,6.972293376922607
2004-09-01,7.0248284339904785
2004-09-02,7.107386112213135
2004-09-03,6.953530788421631
2004-09-07,6.983552932739258
2004-09-08,6.991055965423584
2004-09-09,7.096128940582275
2004-09-10,7.216211795806885
2004-09-13,7.249986171722412
2004-09-14,7.280003547668457
2004-09-15,7.163671970367432
2004-09-16,7.178683280944824
2004-09-17,7.2274675369262695
2004-09-20,7.253735542297363
2004-09-21,7.280003547668457
2004-09-22,7.159919738769531
2004-09-23,7.178683280944824
2004-09-24,7.118649959564209
2004-09-27,7.054848670959473
2004-09-28,7.073614597320557
2004-09-29,7.14866828918457
2004-09-30,7.17493200302124
2004-10-01,7.3550567626953125
2004-10-04,7.41510009765625
2004-10-05,7.467633247375488
2004-10-06,7.516417026519775
2004-10-07,7.437615394592285
2004-10-08,7.3325395584106445
2004-10-11,7.3550567626953125
2004-10-12,7.336291313171387
2004-10-13,7.310023307800293
2004-10-14,7.253735542297363
2004-10-15,7.298765659332275
2004-10-18,7.373821258544922
2004-10-19,7.373821258544922
2004-10-20,7.385076999664307
2004-10-21,7.448871612548828
2004-10-22,7.287511348724365
2004-10-25,7.276254653930664
2004-10-26,7.291264057159424
2004-10-27,7.467633247375488
2004-10-28,7.486399173736572
2004-10-29,7.490150451660156
2004-11-01,7.550192356109619
2004-11-02,7.561452388763428
2004-11-03,7.602724552154541
2004-11-04,7.689038276672363
2004-11-05,7.756579399108887
2004-11-08,7.76784086227417
2004-11-09,7.764090538024902
2004-11-10,7.696543216705322
2004-11-11,7.794106483459473
2004-11-12,7.902932167053223
2004-11-15,7.9479594230651855
2004-11-16,7.8879265785217285
2004-11-17,7.977984428405762
2004-11-18,8.00800609588623
2004-11-19,7.884171485900879
2004-11-22,7.89542818069458
2004-11-23,7.861651420593262
2004-11-24,7.925449848175049
2004-11-26,7.914193630218506
2004-11-29,7.917943477630615
2004-11-30,7.8729143142700195
2004-12-01,8.034273147583008
2004-12-02,8.05678939819336
2004-12-03,8.113076210021973
2004-12-06,8.146851539611816
2004-12-07,8.038029670715332
2004-12-08,8.030519485473633
2004-12-09,8.026768684387207
2004-12-10,7.9854912757873535
2004-12-13,8.079305648803711
2004-12-14,8.094316482543945
2004-12-15,8.094316482543945
2004-12-16,8.060544967651367
2004-12-17,8.021502494812012
2004-12-20,7.975578308105469
2004-12-21,8.063602447509766
2004-12-22,8.078914642333984
2004-12-23,8.098045349121094
2004-12-27,8.048296928405762
2004-12-28,8.090392112731934
2004-12-29,8.090392112731934
2004-12-30,8.094218254089355
2004-12-31,8.078914642333984
2005-01-03,8.010028839111328
2005-01-04,7.860768795013428
2005-01-05,7.833981513977051
2005-01-06,7.811019420623779
2005-01-07,7.826324939727783
2005-01-10,7.826324939727783
2005-01-11,7.749781131744385
2005-01-12,7.7918806076049805
2005-01-13,7.7153425216674805
2005-01-14,7.738304615020752
2005-01-18,7.8225016593933105
2005-01-19,7.657934188842773
2005-01-20,7.604358196258545
2005-01-21,7.550776481628418
2005-01-24,7.489545822143555
2005-01-25,7.501026630401611
2005-01-26,7.577569961547852
2005-01-27,7.569914817810059
2005-01-28,7.569914817810059
2005-01-31,7.623491287231445
2005-02-01,7.66941499710083
2005-02-02,7.673244953155518
2005-02-03,7.623491287231445
2005-02-04,7.753611087799072
2005-02-07,7.730648994445801
2005-02-08,7.768921852111816
2005-02-09,7.634973526000977
2005-02-10,7.6502790451049805
2005-02-11,7.722996234893799
2005-02-14,7.738304615020752
2005-02-15,7.776574611663818
2005-02-16,7.749781131744385
2005-02-17,7.623491287231445
2005-02-18,7.608185768127441
2005-02-22,7.566087245941162
2005-02-23,7.543122291564941
2005-02-24,7.608185768127441
2005-02-25,7.657934188842773
2005-02-28,7.634973526000977
2005-03-01,7.726823329925537
2005-03-02,7.7076873779296875
2005-03-03,7.6502790451049805
2005-03-04,7.700033664703369
2005-03-07,7.757439613342285
2005-03-08,7.692376613616943
2005-03-09,7.677071571350098
2005-03-10,7.711520195007324
2005-03-11,7.612014293670654
2005-03-14,7.642628192901611
2005-03-15,7.566087245941162
2005-03-16,7.489545822143555
2005-03-17,7.485721111297607
2005-03-18,7.443617820739746
2005-03-21,7.443617820739746
2005-03-22,7.378559112548828
2005-03-23,7.409180641174316
2005-03-24,7.41300106048584
2005-03-28,7.420660495758057
2005-03-29,7.363255500793457
2005-03-30,7.474236965179443
2005-03-31,7.485721111297607
2005-04-01,7.420660495758057
2005-04-04,7.447446346282959
2005-04-05,7.46275520324707
2005-04-06,7.4512715339660645
2005-04-07,7.550776481628418
2005-04-08,7.497201919555664
2005-04-11,7.455099582672119
2005-04-12,7.501026630401611
2005-04-13,7.393870830535889
2005-04-14,7.290542125701904
2005-04-15,7.068567752838135
2005-04-18,7.076223850250244
2005-04-19,7.164244651794434
2005-04-20,7.09918212890625
2005-04-21,7.290542125701904
2005-04-22,7.202515602111816
2005-04-25,7.2522687911987305
2005-04-26,7.202515602111816
2005-04-27,7.229302406311035
2005-04-28,7.156589984893799
2005-04-29,7.221651554107666
2005-05-02,7.213996887207031
2005-05-03,7.263747692108154
2005-05-04,7.313500881195068
2005-05-05,7.302016735076904
2005-05-06,7.32115364074707
2005-05-09,7.35176944732666
2005-05-10,7.275230407714844
2005-05-11,7.309674263000488
2005-05-12,7.31732702255249
2005-05-13,7.409180641174316
2005-05-16,7.478062152862549
2005-05-17,7.50485372543335
2005-05-18,7.612014293670654
2005-05-19,7.654106140136719
2005-05-20,7.665588855743408
2005-05-23,7.692376613616943
2005-05-24,7.730648994445801
2005-05-25,7.6962080001831055
2005-05-26,7.784229755401611
2005-05-27,7.772749900817871
2005-05-31,7.722996234893799
2005-06-01,7.799536228179932
2005-06-02,7.833981513977051
2005-06-03,7.749781131744385
2005-06-06,7.738304615020752
2005-06-07,7.7076873779296875
2005-06-08,7.722996234893799
2005-06-09,7.761266708374023
2005-06-10,7.7191667556762695
2005-06-13,7.749781131744385
2005-06-14,7.703861713409424
2005-06-15,7.749781131744385
2005-06-16,7.76509428024292
2005-06-17,7.768921852111816
2005-06-20,7.757439613342285
2005-06-21,7.7918806076049805
2005-06-22,7.807192802429199
2005-06-23,7.745959281921387
2005-06-24,7.6502790451049805
2005-06-27,7.589052200317383
2005-06-28,7.684726238250732
2005-06-29,7.6962080001831055
2005-06-30,7.623491287231445
2005-07-01,7.642628192901611
2005-07-05,7.692376613616943
2005-07-06,7.673244953155518
2005-07-07,7.688553810119629
2005-07-08,7.826324939727783
2005-07-11,7.906691551208496
2005-07-12,7.948789596557617
2005-07-13,7.983236789703369
2005-07-14,8.05212116241455
2005-07-15,8.048296928405762
2005-07-18,8.002372741699219
2005-07-19,8.121006965637207
2005-07-20,8.094218254089355
2005-07-21,8.040643692016602
2005-07-22,8.021502494812012
2005-07-25,7.9794087409973145
2005-07-26,8.040643692016602
2005-07-27,8.094218254089355
2005-07-28,8.098045349121094
2005-07-29,8.055949211120605
2005-08-01,8.059776306152344
2005-08-02,8.140145301818848
2005-08-03,8.193724632263184
2005-08-04,8.117182731628418
2005-08-05,8.098045349121094
2005-08-08,8.032986640930176
2005-08-09,8.094218254089355
2005-08-10,8.002372741699219
2005-08-11,8.063602447509766
2005-08-12,7.956443786621094
2005-08-15,7.998543739318848
2005-08-16,7.9220051765441895
2005-08-17,7.990891456604004
2005-08-18,7.937310218811035
2005-08-19,7.9449663162231445
2005-08-22,7.9602766036987305
2005-08-23,7.956443786621094
2005-08-24,7.906691551208496
2005-08-25,7.910519599914551
2005-08-26,7.883731842041016
2005-08-29,7.937310218811035
2005-08-30,7.937310218811035
2005-08-31,7.9794087409973145
2005-09-01,7.9602766036987305
2005-09-02,7.937310218811035
2005-09-06,8.029159545898438
2005-09-07,8.029159545898438
2005-09-08,8.048296928405762
2005-09-09,8.055949211120605
2005-09-12,8.07508373260498
2005-09-13,8.082741737365723
2005-09-14,7.998543739318848
2005-09-15,7.9794087409973145
2005-09-16,8.029159545898438
2005-09-19,7.96409797668457
2005-09-20,7.933483600616455
2005-09-21,7.837810039520264
2005-09-22,7.868419647216797
2005-09-23,7.872247695922852
2005-09-26,7.860768795013428
2005-09-27,7.833981513977051
2005-09-28,7.883731842041016
2005-09-29,7.9449663162231445
2005-09-30,7.998543739318848
2005-10-03,7.987061977386475
2005-10-04,7.9143452644348145
2005-10-05,7.80336856842041
2005-10-06,7.7153425216674805
2005-10-07,7.734476089477539
2005-10-10,7.680899143218994
2005-10-11,7.623491287231445
2005-10-12,7.573740482330322
2005-10-13,7.627323150634766
2005-10-14,7.657934188842773
2005-10-17,7.6502790451049805
2005-10-18,7.634973526000977
2005-10-19,7.730648994445801
2005-10-20,7.673244953155518
2005-10-21,7.7191667556762695
2005-10-24,7.818669319152832
2005-10-25,7.76509428024292
2005-10-26,7.745959281921387
2005-10-27,7.661760330200195
2005-10-28,7.734476089477539
2005-10-31,7.814845561981201
2005-11-01,7.799536228179932
2005-11-02,7.887556552886963
2005-11-03,7.9602766036987305
2005-11-04,7.994716644287109
2005-11-07,8.010028839111328
2005-11-08,8.01385498046875
2005-11-09,8.006196022033691
2005-11-10,8.07508373260498
2005-11-11,8.094218254089355
2005-11-14,8.101874351501465
2005-11-15,8.07508373260498
2005-11-16,8.105696678161621
2005-11-17,8.201375007629395
2005-11-18,8.247304916381836
2005-11-21,8.243476867675781
2005-11-22,8.297054290771484
2005-11-23,8.342976570129395
2005-11-25,8.36594009399414
2005-11-28,8.3353271484375
2005-11-29,8.3353271484375
2005-11-30,8.308533668518066
2005-12-01,8.434828758239746
2005-12-02,8.427175521850586
2005-12-05,8.385072708129883
2005-12-06,8.39655590057373
2005-12-07,8.381250381469727
2005-12-08,8.320015907287598
2005-12-09,8.350634574890137
2005-12-12,8.3735933303833
2005-12-13,8.346805572509766
2005-12-14,8.358288764953613
2005-12-15,8.323847770690918
2005-12-16,8.31151008605957
2005-12-19,8.211328506469727
2005-12-20,8.180500984191895
2005-12-21,8.188210487365723
2005-12-22,8.226740837097168
2005-12-23,8.242155075073242
2005-12-27,8.1727933883667
2005-12-28,8.153529167175293
2005-12-29,8.107292175292969
2005-12-30,8.05334186553955
2006-01-03,8.211328506469727
2006-01-04,8.307659149169922
2006-01-05,8.346193313598633
2006-01-06,8.477204322814941
2006-01-09,8.504175186157227
2006-01-10,8.496468544006348
2006-01-11,8.577388763427734
2006-01-12,8.531148910522461
2006-01-13,8.52729606628418
2006-01-17,8.442523956298828
2006-01-18,8.342339515686035
2006-01-19,8.415545463562012
2006-01-20,8.195919036865234
2006-01-23,8.165090560913086
2006-01-24,8.192063331604004
2006-01-25,8.219030380249023
2006-01-26,8.27297592163086
2006-01-27,8.365458488464355
2006-01-30,8.392434120178223
2006-01-31,8.323070526123047
2006-02-01,8.373164176940918
2006-02-02,8.257567405700684
2006-02-03,8.1997709274292
2006-02-06,8.176651000976562
2006-02-07,8.153529167175293
2006-02-08,8.31151008605957
2006-02-09,8.27297592163086
2006-02-10,8.338485717773438
2006-02-13,8.261419296264648
2006-02-14,8.373164176940918
2006-02-15,8.419404983520508
2006-02-16,8.496468544006348
2006-02-17,8.450228691101074
2006-02-21,8.357754707336426
2006-02-22,8.400139808654785
2006-02-23,8.357754707336426
2006-02-24,8.361603736877441
2006-02-27,8.438672065734863
2006-02-28,8.342339515686035
2006-03-01,8.50802993774414
2006-03-02,8.52729606628418
2006-03-03,8.477204322814941
2006-03-06,8.442523956298828
2006-03-07,8.388578414916992
2006-03-08,8.380868911743164
2006-03-09,8.33078384399414
2006-03-10,8.36931037902832
2006-03-13,8.400139808654785
2006-03-14,8.496468544006348
2006-03-15,8.546563148498535
2006-03-16,8.4926176071167
2006-03-17,8.5195894241333
2006-03-20,8.535000801086426
2006-03-21,8.500323295593262
2006-03-22,8.504175186157227
2006-03-23,8.48491382598877
2006-03-24,8.511881828308105
2006-03-27,8.523445129394531
2006-03-28,8.427111625671387
2006-03-29,8.554265975952148
2006-03-30,8.5812406539917
2006-03-31,8.531148910522461
2006-04-03,8.5812406539917
2006-04-04,8.612070083618164
2006-04-05,8.685277938842773
2006-04-06,8.677574157714844
2006-04-07,8.577388763427734
2006-04-10,8.565825462341309
2006-04-11,8.488764762878418
2006-04-12,8.504175186157227
2006-04-13,8.515731811523438
2006-04-17,8.42325496673584
2006-04-18,8.59280014038086
2006-04-19,8.58509635925293
2006-04-20,8.59280014038086
2006-04-21,8.500323295593262
2006-04-24,8.488764762878418
2006-04-25,8.48491382598877
2006-04-26,8.515731811523438
2006-04-27,8.600513458251953
2006-04-28,8.419404983520508
2006-05-01,8.350044250488281
2006-05-02,8.388578414916992
2006-05-03,8.36931037902832
2006-05-04,8.400139808654785
2006-05-05,8.44637393951416
2006-05-08,8.457938194274902
2006-05-09,8.42325496673584
2006-05-10,8.334632873535156
2006-05-11,8.161240577697754
2006-05-12,8.084171295166016
2006-05-15,8.091880798339844
2006-05-16,8.014811515808105
2006-05-17,7.906920909881592
2006-05-18,7.879947185516357
2006-05-19,7.937746047973633
2006-05-22,7.868386745452881
2006-05-23,7.810586452484131
2006-05-24,7.887650489807129
2006-05-25,7.960864543914795
2006-05-26,7.999395370483398
2006-05-30,7.8414106369018555
2006-05-31,7.872239112854004
2006-06-01,8.007101058959961
2006-06-02,7.980129241943359
2006-06-05,7.860679626464844
2006-06-06,7.860679626464844
2006-06-07,7.752788066864014
2006-06-08,7.714259147644043
2006-06-09,7.68342399597168
2006-06-12,7.540859699249268
2006-06-13,7.548564910888672
2006-06-14,7.598655700683594
2006-06-15,7.791320323944092
2006-06-16,7.779763698577881
2006-06-19,7.745082855224609
2006-06-20,7.7335205078125
2006-06-21,7.833707809448242
2006-06-22,7.741227626800537
2006-06-23,7.71811056137085
2006-06-26,7.7335205078125
2006-06-27,7.629481315612793
2006-06-28,7.6795759201049805
2006-06-29,7.876094341278076
2006-06-30,7.833707809448242
2006-07-03,7.891506671905518
2006-07-05,7.7682013511657715
2006-07-06,7.775909423828125
2006-07-07,7.6988396644592285
2006-07-10,7.610215663909912
2006-07-11,7.641041278839111
2006-07-12,7.502322196960449
2006-07-13,7.379016399383545
2006-07-14,7.35975456237793
2006-07-17,7.382869720458984
2006-07-18,7.398287296295166
2006-07-19,7.506179332733154
2006-07-20,7.398287296295166
2006-07-21,7.321220397949219
2006-07-24,7.432964324951172
2006-07-25,7.513881683349609
2006-07-26,7.5331525802612305
2006-07-27,7.510032653808594
2006-07-28,7.641041278839111
2006-07-31,7.629481315612793
2006-08-01,7.521592617034912
2006-08-02,7.614070415496826
2006-08-03,7.63718843460083
2006-08-04,7.614070415496826
2006-08-07,7.587095737457275
2006-08-08,7.560126304626465
2006-08-09,7.606360912322998
2006-08-10,7.63718843460083
2006-08-11,7.5948028564453125
2006-08-14,7.660309791564941
2006-08-15,7.837559700012207
2006-08-16,7.960864543914795
2006-08-17,7.995546340942383
2006-08-18,8.026371002197266
2006-08-21,7.972419261932373
2006-08-22,7.9762749671936035
2006-08-23,7.937746047973633
2006-08-24,7.968572616577148
2006-08-25,7.991691589355469
2006-08-28,8.06490421295166
2006-08-29,8.138116836547852
2006-08-30,8.195919036865234
2006-08-31,8.165090560913086
2006-09-01,8.1997709274292
2006-09-05,8.242155075073242
2006-09-06,8.107292175292969
2006-09-07,8.061055183410645
2006-09-08,8.126556396484375
2006-09-11,8.195919036865234
2006-09-12,8.338485717773438
2006-09-13,8.338485717773438
2006-09-14,8.357754707336426
2006-09-15,8.378604888916016
2006-09-18,8.374743461608887
2006-09-19,8.336130142211914
2006-09-20,8.471271514892578
2006-09-21,8.390185356140137
2006-09-22,8.339990615844727
2006-09-25,8.490571022033691
2006-09-26,8.544632911682129
2006-09-27,8.478994369506836
2006-09-28,8.521465301513672
2006-09-29,8.494433403015137
2006-10-02,8.432658195495605
2006-10-03,8.478994369506836
2006-10-04,8.610268592834473
2006-10-05,8.606404304504395
2006-10-06,8.610268592834473
2006-10-09,8.633435249328613
2006-10-10,8.641161918640137
2006-10-11,8.637299537658691
2006-10-12,8.764714241027832
2006-10-13,8.807185173034668
2006-10-16,8.80332088470459
2006-10-17,8.729964256286621
2006-10-18,8.706793785095215
2006-10-19,8.7338228225708
2006-10-20,8.787879943847656
2006-10-23,8.841935157775879
2006-10-24,8.780159950256348
2006-10-25,8.857376098632812
2006-10-26,8.90371036529541
2006-10-27,8.787879943847656
2006-10-30,8.818768501281738
2006-10-31,8.830352783203125
2006-11-01,8.79173755645752
2006-11-02,8.737679481506348
2006-11-03,8.737679481506348
2006-11-06,8.841935157775879
2006-11-07,8.888269424438477
2006-11-08,8.895991325378418
2006-11-09,8.892132759094238
2006-11-10,8.915294647216797
2006-11-13,8.99251937866211
2006-11-14,9.058156967163086
2006-11-15,9.077463150024414
2006-11-16,9.112214088439941
2006-11-17,9.12765884399414
2006-11-20,9.12765884399414
2006-11-21,9.123796463012695
2006-11-22,9.19329833984375
2006-11-24,9.173994064331055
2006-11-27,8.957767486572266
2006-11-28,9.00410270690918
2006-11-29,9.062017440795898
2006-11-30,9.08132266998291
2006-12-01,9.00410270690918
2006-12-04,9.119935989379883
2006-12-05,9.123796463012695
2006-12-06,9.065877914428711
2006-12-07,9.031126976013184
2006-12-08,9.031126976013184
2006-12-11,9.085184097290039
2006-12-12,9.054296493530273
2006-12-13,9.069741249084473
2006-12-14,9.146958351135254
2006-12-15,9.14890193939209
2006-12-18,9.113957405090332
2006-12-19,9.055705070495605
2006-12-20,9.059589385986328
2006-12-21,9.016874313354492
2006-12-22,8.946974754333496
2006-12-26,8.997456550598145
2006-12-27,9.063475608825684
2006-12-28,9.059589385986328
2006-12-29,9.032407760620117
2007-01-03,9.059589385986328
2007-01-04,9.199387550354004
2007-01-05,9.125604629516602
2007-01-08,9.152786254882812
2007-01-09,9.164438247680664
2007-01-10,9.211034774780273
2007-01-11,9.30423641204834
2007-01-12,9.327536582946777
2007-01-16,9.308119773864746
2007-01-17,9.187734603881836
2007-01-18,9.082892417907715
2007-01-19,9.079008102416992
2007-01-22,9.01298999786377
2007-01-23,9.01298999786377
2007-01-24,9.176084518432617
2007-01-25,9.063475608825684
2007-01-26,9.067357063293457
2007-01-29,9.106189727783203
2007-01-30,9.160555839538574
2007-01-31,9.214920043945312
2007-02-01,9.176084518432617
2007-02-02,9.222688674926758
2007-02-05,9.199387550354004
2007-02-06,9.187734603881836
2007-02-07,9.230452537536621
2007-02-08,9.242097854614258
2007-02-09,9.14113998413086
2007-02-12,9.102306365966797
2007-02-13,9.137250900268555
2007-02-14,9.265399932861328
2007-02-15,9.3003511428833
2007-02-16,9.280930519104004
2007-02-20,9.28481674194336
2007-02-21,9.269288063049316
2007-02-22,9.31976318359375
2007-02-23,9.31200122833252
2007-02-26,9.288703918457031
2007-02-27,8.93144416809082
2007-02-28,8.966395378112793
2007-03-01,8.958626747131348
2007-03-02,8.791644096374512
2007-03-05,8.811062812805176
2007-03-06,8.946974754333496
2007-03-07,8.83436393737793
2007-03-08,8.908143997192383
2007-03-09,8.93144416809082
2007-03-12,8.985807418823242
2007-03-13,8.842129707336426
2007-03-14,8.923673629760742
2007-03-15,8.92756175994873
2007-03-16,8.91202449798584
2007-03-19,8.970276832580566
2007-03-20,9.028524398803711
2007-03-21,9.211034774780273
2007-03-22,9.176084518432617
2007-03-23,9.152786254882812
2007-03-26,9.164438247680664
2007-03-27,9.168318748474121
2007-03-28,9.063475608825684
2007-03-29,9.075122833251953
2007-03-30,9.055705070495605
2007-04-02,9.102306365966797
2007-04-03,9.176084518432617
2007-04-04,9.230452537536621
2007-04-05,9.265399932861328
2007-04-09,9.265399932861328
2007-04-10,9.2576322555542
2007-04-11,9.172202110290527
2007-04-12,9.269288063049316
2007-04-13,9.277050018310547
2007-04-16,9.354714393615723
2007-04-17,9.374131202697754
2007-04-18,9.350831985473633
2007-04-19,9.354714393615723
2007-04-20,9.409085273742676
2007-04-23,9.389663696289062
2007-04-24,9.440144538879395
2007-04-25,9.510042190551758
2007-04-26,9.564407348632812
2007-04-27,9.556646347045898
2007-04-30,9.482860565185547
2007-05-01,9.529461860656738
2007-05-02,9.57994556427002
2007-05-03,9.673137664794922
2007-05-04,9.711970329284668
2007-05-07,9.700323104858398
2007-05-08,9.739153861999512
2007-05-09,9.727503776550293
2007-05-10,9.677024841308594
2007-05-11,9.781875610351562
2007-05-14,9.735272407531738
2007-05-15,9.71973991394043
2007-05-16,9.805176734924316
2007-05-17,9.777984619140625
2007-05-18,9.828472137451172
2007-05-21,9.871184349060059
2007-05-22,9.859530448913574
2007-05-23,9.8245849609375
2007-05-24,9.700323104858398
2007-05-25,9.781875610351562
2007-05-29,9.840120315551758
2007-05-30,9.913900375366211
2007-05-31,9.960502624511719
2007-06-01,9.960502624511719
2007-06-04,9.995452880859375
2007-06-05,9.960502624511719
2007-06-06,9.844003677368164
2007-06-07,9.704205513000488
2007-06-08,9.840120315551758
2007-06-11,9.859530448913574
2007-06-12,9.74303913116455
2007-06-13,9.867301940917969
2007-06-14,9.960502624511719
2007-06-15,10.018013954162598
2007-06-18,10.04521369934082
2007-06-19,10.041326522827148
2007-06-20,9.983040809631348
2007-06-21,10.033557891845703
2007-06-22,9.920862197875977
2007-06-25,9.885886192321777
2007-06-26,9.850916862487793
2007-06-27,9.948066711425781
2007-06-28,9.983040809631348
2007-06-29,9.948066711425781
2007-07-02,10.033557891845703
2007-07-03,10.103501319885254
2007-07-05,10.142364501953125
2007-07-06,10.161791801452637
2007-07-09,10.220084190368652
2007-07-10,10.103501319885254
2007-07-11,10.161791801452637
2007-07-12,10.332776069641113
2007-07-13,10.35608959197998
2007-07-16,10.38718032836914
2007-07-17,10.422148704528809
2007-07-18,10.367752075195312
2007-07-19,10.453240394592285
2007-07-20,10.414382934570312
2007-07-23,10.429922103881836
2007-07-24,10.325002670288086
2007-07-25,10.336662292480469
2007-07-26,10.18122673034668
2007-07-27,9.963607788085938
2007-07-30,9.998579025268555
2007-07-31,9.928634643554688
2007-08-01,10.025784492492676
2007-08-02,10.04521369934082
2007-08-03,9.850916862487793
2007-08-06,10.006357192993164
2007-08-07,10.025784492492676
2007-08-08,10.18122673034668
2007-08-09,9.948066711425781
2007-08-10,9.808173179626465
2007-08-13,9.94417953491211
2007-08-14,9.742110252380371
2007-08-15,9.617756843566895
2007-08-16,9.555582046508789
2007-08-17,9.648846626281738
2007-08-20,9.683820724487305
2007-08-21,9.71490478515625
2007-08-22,9.843146324157715
2007-08-23,9.870345115661621
2007-08-24,10.01024055480957
2007-08-27,9.955836296081543
2007-08-28,9.777085304260254
2007-08-29,10.01024055480957
2007-08-30,10.052986145019531
2007-08-31,10.119048118591309
2007-09-04,10.274484634399414
2007-09-05,10.165680885314941
2007-09-06,10.216196060180664
2007-09-07,10.006357192993164
2007-09-10,9.986923217773438
2007-09-11,10.130705833435059
2007-09-12,10.103501319885254
2007-09-13,10.103501319885254
2007-09-14,10.052986145019531
2007-09-17,10.049099922180176
2007-09-18,10.247285842895508
2007-09-19,10.286144256591797
2007-09-20,10.325002670288086
2007-09-21,10.404046058654785
2007-09-24,10.37679386138916
2007-09-25,10.481917381286621
2007-09-26,10.548116683959961
2007-09-27,10.540323257446289
2007-09-28,10.501389503479004
2007-10-01,10.614307403564453
2007-10-02,10.653243064880371
2007-10-03,10.528644561767578
2007-10-04,10.555899620056152
2007-10-05,10.668822288513184
2007-10-08,10.688288688659668
2007-10-09,10.766164779663086
2007-10-10,10.80120849609375
2007-10-11,10.684398651123047
2007-10-12,10.78952407836914
2007-10-15,10.711651802062988
2007-10-16,10.711651802062988
2007-10-17,10.80120849609375
2007-10-18,10.828459739685059
2007-10-19,10.571477890014648
2007-10-22,10.637665748596191
2007-10-23,10.75448226928711
2007-10-24,10.645458221435547
2007-10-25,10.735017776489258
2007-10-26,10.879081726074219
2007-10-29,10.910234451293945
2007-10-30,10.929701805114746
2007-10-31,11.058194160461426
2007-11-01,10.93748664855957
2007-11-02,10.96084976196289
2007-11-05,10.945272445678711
2007-11-06,11.003681182861328
2007-11-07,10.707759857177734
2007-11-08,10.326170921325684
2007-11-09,10.112020492553711
2007-11-12,9.94848346710205
2007-11-13,10.287237167358398
2007-11-14,10.228826522827148
2007-11-15,10.104232788085938
2007-11-16,10.248296737670898
2007-11-19,10.045822143554688
2007-11-20,10.131488800048828
2007-11-21,9.940688133239746
2007-11-23,10.038034439086914
2007-11-26,9.827775001525879
2007-11-27,9.936800003051758
2007-11-28,10.228826522827148
2007-11-29,10.279447555541992
2007-11-30,10.224935531616211
2007-12-03,10.162632942199707
2007-12-04,10.123697280883789
2007-12-05,10.357321739196777
2007-12-06,10.462453842163086
2007-12-07,10.47413158416748
2007-12-10,10.52475643157959
2007-12-11,10.361213684082031
2007-12-12,10.540323257446289
2007-12-13,10.485810279846191
2007-12-14,10.419621467590332
2007-12-17,10.22104263305664
2007-12-18,10.22104263305664
2007-12-19,10.287237167358398
2007-12-20,10.435194969177246
2007-12-21,10.569368362426758
2007-12-24,10.647599220275879
2007-12-26,10.70627498626709
2007-12-27,10.557631492614746
2007-12-28,10.506782531738281
2007-12-31,10.428545951843262
2008-01-02,10.217314720153809
2008-01-03,10.23296070098877
2008-01-04,9.833971977233887
2008-01-07,9.747913360595703
2008-01-08,9.48974323272705
2008-01-09,9.622742652893066
2008-01-10,9.638387680053711
2008-01-11,9.497566223144531
2008-01-14,9.689236640930176
2008-01-15,9.485830307006836
2008-01-16,9.2785062789917
2008-01-17,9.196365356445312
2008-01-18,9.03598690032959
2008-01-22,8.86778450012207
2008-01-23,8.946014404296875
2008-01-24,9.075103759765625
2008-01-25,8.934283256530762
2008-01-28,8.973397254943848
2008-01-29,9.051636695861816
2008-01-30,8.981222152709961
2008-01-31,9.0946626663208
2008-02-01,9.251128196716309
2008-02-04,9.05945873260498
2008-02-05,8.83258056640625
2008-02-06,8.734786033630371
2008-02-07,8.78955078125
2008-02-08,8.723052024841309
2008-02-11,8.875604629516602
2008-02-12,8.89516830444336
2008-02-13,9.098575592041016
2008-02-14,8.918633460998535
2008-02-15,8.88734245300293
2008-02-19,8.80519962310791
2008-02-20,8.820843696594238
2008-02-21,8.80519962310791
2008-02-22,8.797377586364746
2008-02-25,8.848225593566895
2008-02-26,8.949931144714355
2008-02-27,8.95775032043457
2008-02-28,8.844316482543945
2008-02-29,8.664379119873047
2008-03-03,8.6604642868042
2008-03-04,8.672201156616211
2008-03-05,8.734786033630371
2008-03-06,8.61352825164795
2008-03-07,8.61352825164795
2008-03-10,8.519644737243652
2008-03-11,8.820843696594238
2008-03-12,8.730878829956055
2008-03-13,8.695669174194336
2008-03-14,8.586146354675293
2008-03-17,8.547024726867676
2008-03-18,8.930370330810547
2008-03-19,8.664379119873047
2008-03-20,8.760629653930664
2008-03-24,9.069738388061523
2008-03-25,9.07756519317627
2008-03-26,8.9014892578125
2008-03-27,8.831061363220215
2008-03-28,8.776283264160156
2008-03-31,8.764542579650879
2008-04-01,9.018871307373047
2008-04-02,9.128427505493164
2008-04-03,9.12451457977295
2008-04-04,9.093213081359863
2008-04-07,9.10103988647461
2008-04-08,9.046263694763184
2008-04-09,9.007134437561035
2008-04-10,9.081475257873535
2008-04-11,8.838883399963379
2008-04-14,8.803672790527344
2008-04-15,8.803672790527344
2008-04-16,9.163640022277832
2008-04-17,9.159730911254883
2008-04-18,9.320154190063477
2008-04-21,9.378841400146484
2008-04-22,9.331892013549805
2008-04-23,9.390581130981445
2008-04-24,9.504053115844727
2008-04-25,9.390581130981445
2008-04-28,9.390581130981445
2008-04-29,9.480576515197754
2008-04-30,9.312324523925781
2008-05-01,9.703603744506836
2008-05-02,9.699688911437988
2008-05-05,9.656645774841309
2008-05-06,9.774035453796387
2008-05-07,9.601865768432617
2008-05-08,9.617524147033691
2008-05-09,9.58621883392334
2008-05-12,9.742727279663086
2008-05-13,9.742727279663086
2008-05-14,9.76229476928711
2008-05-15,9.950105667114258
2008-05-16,9.926629066467285
2008-05-19,9.977494239807129
2008-05-20,9.820985794067383
2008-05-21,9.562740325927734
2008-05-22,9.597959518432617
2008-05-23,9.578392028808594
2008-05-27,9.734903335571289
2008-05-28,9.789681434631348
2008-05-29,9.860113143920898
2008-05-30,9.918802261352539
2008-06-02,9.777944564819336
2008-06-03,9.723165512084961
2008-06-04,9.742727279663086
2008-06-05,9.942276954650879
2008-06-06,9.6722993850708
2008-06-09,9.652737617492676
2008-06-10,9.609694480895996
2008-06-11,9.363190650939941
2008-06-12,9.468835830688477
2008-06-13,9.570570945739746
2008-06-16,9.594046592712402
2008-06-17,9.554922103881836
2008-06-18,9.453187942504883
2008-06-19,9.48840045928955
2008-06-20,9.319280624389648
2008-06-23,9.232958793640137
2008-06-24,9.22118091583252
2008-06-25,9.299660682678223
2008-06-26,9.123085975646973
2008-06-27,9.00144100189209
2008-06-30,8.989672660827637
2008-07-01,8.926886558532715
2008-07-02,8.809170722961426
2008-07-03,8.769936561584473
2008-07-07,8.868033409118652
2008-07-08,8.958281517028809
2008-07-09,8.691454887390137
2008-07-10,8.801323890686035
2008-07-11,8.718920707702637
2008-07-14,8.652215957641602
2008-07-15,8.632599830627441
2008-07-16,8.758164405822754
2008-07-17,8.848410606384277
2008-07-18,8.946507453918457
2008-07-21,8.769936561584473
2008-07-22,8.722846984863281
2008-07-23,8.879805564880371
2008-07-24,8.652215957641602
2008-07-25,8.773859977722168
2008-07-28,8.589432716369629
2008-07-29,8.762086868286133
2008-07-30,8.820943832397461
2008-07-31,8.769936561584473
2008-08-01,8.671836853027344
2008-08-04,8.714999198913574
2008-08-05,8.879805564880371
2008-08-06,9.005369186401367
2008-08-07,8.989672660827637
2008-08-08,9.162324905395508
2008-08-11,9.22118091583252
2008-08-12,9.240802764892578
2008-08-13,9.205486297607422
2008-08-14,9.276121139526367
2008-08-15,9.311433792114258
2008-08-18,9.19371509552002
2008-08-19,9.032835006713867
2008-08-20,9.052456855773926
2008-08-21,9.017138481140137
2008-08-22,9.142701148986816
2008-08-25,9.024988174438477
2008-08-26,8.989672660827637
2008-08-27,9.07599925994873
2008-08-28,9.13093090057373
2008-08-29,8.926886558532715
2008-09-02,8.875877380371094
2008-09-03,8.758164405822754
2008-09-04,8.44425106048584
2008-09-05,8.44425106048584
2008-09-08,8.546270370483398
2008-09-09,8.397164344787598
2008-09-10,8.357918739318848
2008-09-11,8.495261192321777
2008-09-12,8.534499168395996
2008-09-15,8.122489929199219
2008-09-16,8.275518417358398
2008-09-17,7.816420555114746
2008-09-18,8.1499605178833
2008-09-19,8.209407806396484
2008-09-22,7.996790885925293
2008-09-23,7.992854595184326
2008-09-24,8.01253890991211
2008-09-25,8.150350570678711
2008-09-26,8.189725875854492
2008-09-29,7.480996131896973
2008-09-30,7.815670967102051
2008-10-01,7.744801044464111
2008-10-02,7.441624164581299
2008-10-03,7.335315704345703
2008-10-06,6.929765224456787
2008-10-07,6.575403690338135
2008-10-08,6.5163421630859375
2008-10-09,6.299787521362305
2008-10-10,6.26041316986084
2008-10-13,6.992764472961426
2008-10-14,6.756521701812744
2008-10-15,6.248601913452148
2008-10-16,6.575403690338135
2008-10-17,6.512406826019287
2008-10-20,6.772272109985352
2008-10-21,6.417908191680908
2008-10-22,6.083230972290039
2008-10-23,6.221038818359375
2008-10-24,5.9296746253967285
2008-10-27,5.807613849639893
2008-10-28,6.614777088165283
2008-10-29,6.358850479125977
2008-10-30,6.595090389251709
2008-10-31,6.555715084075928
2008-11-03,6.555715084075928
2008-11-04,6.831334590911865
2008-11-05,6.417908191680908
2008-11-06,6.063547134399414
2008-11-07,6.236789226531982
2008-11-10,6.169855117797852
2008-11-11,6.035984992980957
2008-11-12,5.7524943351745605
2008-11-13,6.110794544219971
2008-11-14,5.831241130828857
2008-11-17,5.665872573852539
2008-11-18,5.744619846343994
2008-11-19,5.4256911277771
2008-11-20,5.193386554718018
2008-11-21,5.469001770019531
2008-11-24,5.736744403839111
2008-11-25,5.815491676330566
2008-11-26,5.996610164642334
2008-11-28,6.004484176635742
2008-12-01,5.571375846862793
2008-12-02,5.768241882324219
2008-12-03,5.933610916137695
2008-12-04,5.693430423736572
2008-12-05,5.9178619384765625
2008-12-08,6.193478107452393
2008-12-09,6.154105186462402
2008-12-10,6.102917671203613
2008-12-11,5.972985744476318
2008-12-12,6.043859958648682
2008-12-15,5.976922988891602
2008-12-16,6.287976264953613
2008-12-17,6.165916919708252
2008-12-18,5.992671489715576
2008-12-19,6.044528007507324
2008-12-22,5.96140193939209
2008-12-23,5.878274440765381
2008-12-24,5.917858600616455
2008-12-26,5.909940242767334
2008-12-29,5.913900852203369
2008-12-30,6.024734973907471
2008-12-31,6.099946975708008
2009-01-02,6.329535961151123
2009-01-05,6.309743404388428
2009-01-06,6.456204891204834
2009-01-07,6.250368595123291
2009-01-08,6.293909549713135
2009-01-09,6.1553635597229
2009-01-12,6.044528007507324
2009-01-13,6.016820430755615
2009-01-14,5.834730625152588
2009-01-15,5.874314308166504
2009-01-16,5.913900852203369
2009-01-20,5.672438144683838
2009-01-21,5.945570468902588
2009-01-22,5.810978889465332
2009-01-23,5.894107818603516
2009-01-26,5.965357780456543
2009-01-27,6.000985145568848
2009-01-28,6.171196937561035
2009-01-29,5.989109039306641
2009-01-30,5.810978889465332
2009-02-02,5.9020233154296875
2009-02-03,6.020776271820068
2009-02-04,6.016820430755615
2009-02-05,6.111820220947266
2009-02-06,6.321619033813477
2009-02-09,6.337451934814453
2009-02-10,6.080153465270996
2009-02-11,6.092031955718994
2009-02-12,6.1197381019592285
2009-02-13,6.092031955718994
2009-02-17,5.838688373565674
2009-02-18,5.842648029327393
2009-02-19,5.700143337249756
2009-02-20,5.755561828613281
2009-02-23,5.490347862243652
2009-02-24,5.636809825897217
2009-02-25,5.688268661499023
2009-02-26,5.6288933753967285
2009-02-27,5.589308738708496
2009-03-02,5.454721927642822
2009-03-03,5.403263092041016
2009-03-04,5.5457658767700195
2009-03-05,5.375552654266357
2009-03-06,5.403263092041016
2009-03-09,5.2330474853515625
2009-03-10,5.533889293670654
2009-03-11,5.656601905822754
2009-03-12,5.818896293640137
2009-03-13,5.818896293640137
2009-03-16,5.76743745803833
2009-03-17,5.977235317230225
2009-03-18,6.060359954833984
2009-03-19,6.076197147369385
2009-03-20,5.983498573303223
2009-03-23,6.337575435638428
2009-03-24,6.234137058258057
2009-03-25,6.2699432373046875
2009-03-26,6.43305778503418
2009-03-27,6.293813705444336
2009-03-30,6.098873138427734
2009-03-31,6.214245796203613
2009-04-01,6.389294624328613
2009-04-02,6.556387901306152
2009-04-03,6.647891521453857
2009-04-06,6.580258846282959
2009-04-07,6.397253036499023
2009-04-08,6.492732048034668
2009-04-09,6.655846118927002
2009-04-13,6.655846118927002
2009-04-14,6.584235191345215
2009-04-15,6.564345359802246
2009-04-16,6.759283065795898
2009-04-17,6.747350215911865
2009-04-20,6.5325164794921875
2009-04-21,6.6439127922058105
2009-04-22,6.675738334655762
2009-04-23,6.707564830780029
2009-04-24,6.803049087524414
2009-04-27,6.771219730377197
2009-04-28,6.767241954803467
2009-04-29,6.842833042144775
2009-04-30,6.862724781036377
2009-05-01,6.954227447509766
2009-05-04,7.0815348625183105
2009-05-05,7.037773132324219
2009-05-06,7.077556610107422
2009-05-07,6.80702543258667
2009-05-08,6.799067497253418
2009-05-11,6.818959712982178
2009-05-12,6.7831573486328125
2009-05-13,6.612086296081543
2009-05-14,6.6836957931518555
2009-05-15,6.6836957931518555
2009-05-18,6.866702079772949
2009-05-19,6.9064860343933105
2009-05-20,6.834875106811523
2009-05-21,6.715521335601807
2009-05-22,6.739394664764404
2009-05-26,6.914444923400879
2009-05-27,6.846809387207031
2009-05-28,6.946268558502197
2009-05-29,7.021859169006348
2009-06-01,7.220777988433838
2009-06-02,7.204864978790283
2009-06-03,7.125296115875244
2009-06-04,7.224754333496094
2009-06-05,7.296364784240723
2009-06-08,7.252607345581055
2009-06-09,7.284431457519531
2009-06-10,7.304322242736816
2009-06-11,7.3321733474731445
2009-06-12,7.312279224395752
2009-06-15,7.236689567565918
2009-06-16,7.145186901092529
2009-06-17,7.18497371673584
2009-06-18,7.153146743774414
2009-06-19,7.2414679527282715
2009-06-22,7.06162691116333
2009-06-23,7.065622806549072
2009-06-24,7.165534496307373
2009-06-25,7.26943826675415
2009-06-26,7.257450103759766
2009-06-29,7.333379745483398
2009-06-30,7.277430534362793
2009-07-01,7.3094048500061035
2009-07-02,7.125568389892578
2009-07-06,7.105589389801025
2009-07-07,6.929746150970459
2009-07-08,6.933745384216309
2009-07-09,6.977702617645264
2009-07-10,7.005678653717041
2009-07-13,7.137557506561279
2009-07-14,7.14555025100708
2009-07-15,7.413308620452881
2009-07-16,7.521212100982666
2009-07-17,7.5931477546691895
2009-07-20,7.661087512969971
2009-07-21,7.70504903793335
2009-07-22,7.7490081787109375
2009-07-23,7.90087366104126
2009-07-24,7.852912425994873
2009-07-27,7.852912425994873
2009-07-28,7.86890172958374
2009-07-29,7.86090612411499
2009-07-30,7.90087366104126
2009-07-31,7.872893333435059
2009-08-03,7.980798721313477
2009-08-04,7.956818103790283
2009-08-05,7.884881019592285
2009-08-06,7.828934669494629
2009-08-07,7.9088664054870605
2009-08-10,7.872893333435059
2009-08-11,7.7609944343566895
2009-08-12,7.91685676574707
2009-08-13,7.952825546264648
2009-08-14,7.876893043518066
2009-08-17,7.689065933227539
2009-08-18,7.804953575134277
2009-08-19,7.8249406814575195
2009-08-20,7.912856578826904
2009-08-21,8.028753280639648
2009-08-24,8.004775047302246
2009-08-25,8.024760246276855
2009-08-26,8.060726165771484
2009-08-27,8.076711654663086
2009-08-28,8.104686737060547
2009-08-31,8.000786781311035
2009-09-01,7.836931228637695
2009-09-02,7.852912425994873
2009-09-03,7.888879776000977
2009-09-04,8.028753280639648
2009-09-08,8.088703155517578
2009-09-09,8.148648262023926
2009-09-10,8.260542869567871
2009-09-11,8.268539428710938
2009-09-14,8.240565299987793
2009-09-15,8.296514511108398
2009-09-16,8.360456466674805
2009-09-17,8.328489303588867
2009-09-18,8.379430770874023
2009-09-21,8.343326568603516
2009-09-22,8.38744831085205
2009-09-23,8.38744831085205
2009-09-24,8.307222366333008
2009-09-25,8.255078315734863
2009-09-28,8.391461372375488
2009-09-29,8.347336769104004
2009-09-30,8.371408462524414
2009-10-01,8.122711181640625
2009-10-02,8.122711181640625
2009-10-05,8.190898895263672
2009-10-06,8.339314460754395
2009-10-07,8.323271751403809
2009-10-08,8.375417709350586
2009-10-09,8.431574821472168
2009-10-12,8.435585975646973
2009-10-13,8.46767520904541
2009-10-14,8.56795597076416
2009-10-15,8.551909446716309
2009-10-16,8.471681594848633
2009-10-19,8.563944816589355
2009-10-20,8.535863876342773
2009-10-21,8.539876937866211
2009-10-22,8.579987525939941
2009-10-23,8.55591869354248
2009-10-26,8.499765396118164
2009-10-27,8.455643653869629
2009-10-28,8.331292152404785
2009-10-29,8.491744995117188
2009-10-30,8.267112731933594
2009-11-02,8.315250396728516
2009-11-03,8.283157348632812
2009-11-04,8.331292152404785
2009-11-05,8.51179313659668
2009-11-06,8.52383041381836
2009-11-09,8.720377922058105
2009-11-10,8.716368675231934
2009-11-11,8.76851749420166
2009-11-12,8.704337120056152
2009-11-13,8.784564971923828
2009-11-16,8.880830764770508
2009-11-17,8.920943260192871
2009-11-18,8.872806549072266
2009-11-19,8.74444580078125
2009-11-20,8.700325012207031
2009-11-23,8.852751731872559
2009-11-24,8.83670711517334
2009-11-25,8.852751731872559
2009-11-27,8.708345413208008
2009-11-30,8.724397659301758
2009-12-01,8.864787101745605
2009-12-02,8.852751731872559
2009-12-03,8.85676383972168
2009-12-04,8.912919044494629
2009-12-07,8.896875381469727
2009-12-08,8.81665325164795
2009-12-09,8.900887489318848
2009-12-10,8.940997123718262
2009-12-11,8.920943260192871
2009-12-14,8.993144989013672
2009-12-15,8.936986923217773
2009-12-16,8.965067863464355
2009-12-17,8.85676383972168
2009-12-18,8.989206314086914
2009-12-21,9.069718360900879
2009-12-22,9.142179489135742
2009-12-23,9.178409576416016
2009-12-24,9.262947082519531
2009-12-28,9.29112720489502
2009-12-29,9.279051780700684
2009-12-30,9.31125259399414
2009-12-31,9.230743408203125
2010-01-04,9.367616653442383
2010-01-05,9.355537414550781
2010-01-06,9.250872611999512
2010-01-07,9.214639663696289
2010-01-08,9.275023460388184
2010-01-11,9.23879337310791
2010-01-12,9.138154029846191
2010-01-13,9.226716041564941
2010-01-14,9.250872611999512
2010-01-15,9.122055053710938
2010-01-19,9.279051780700684
2010-01-20,9.130101203918457
2010-01-21,9.033486366271973
2010-01-22,8.719484329223633
2010-01-25,8.791950225830078
2010-01-26,8.767792701721191
2010-01-27,8.840256690979004
2010-01-28,8.586641311645508
2010-01-29,8.437692642211914
2010-02-01,8.534308433532715
2010-02-02,8.618849754333496
2010-02-03,8.63897705078125
2010-02-04,8.397439956665039
2010-02-05,8.481980323791504
2010-02-08,8.445747375488281
2010-02-09,8.518208503723145
2010-02-10,8.494056701660156
2010-02-11,8.582618713378906
2010-02-12,8.598719596862793
2010-02-16,8.727540016174316
2010-02-17,8.751692771911621
2010-02-18,8.808049201965332
2010-02-19,8.78389835357666
2010-02-22,8.767792701721191
2010-02-23,8.659101486206055
2010-02-24,8.743642807006836
2010-02-25,8.719484329223633
2010-02-26,8.731565475463867
2010-03-01,8.844280242919922
2010-03-02,8.832205772399902
2010-03-03,8.836235046386719
2010-03-04,8.87246036529541
2010-03-05,8.981157302856445
2010-03-08,9.029458045959473
2010-03-09,9.069718360900879
2010-03-10,9.130101203918457
2010-03-11,9.16633415222168
2010-03-12,9.158280372619629
2010-03-15,9.150230407714844
2010-03-16,9.218663215637207
2010-03-17,9.246843338012695
2010-03-18,9.258922576904297
2010-03-19,9.203592300415039
2010-03-22,9.272248268127441
2010-03-23,9.361092567443848
2010-03-24,9.316669464111328
2010-03-25,9.332825660705566
2010-03-26,9.28840160369873
2010-03-29,9.316669464111328
2010-03-30,9.357053756713867
2010-03-31,9.328786849975586
2010-04-01,9.312629699707031
2010-04-05,9.421669960021973
2010-04-06,9.4297456741333
2010-04-07,9.393403053283691
2010-04-08,9.409549713134766
2010-04-09,9.482245445251465
2010-04-12,9.502439498901367
2010-04-13,9.530707359313965
2010-04-14,9.668013572692871
2010-04-15,9.712434768676758
2010-04-16,9.583203315734863
2010-04-19,9.603401184082031
2010-04-20,9.65589714050293
2010-04-21,9.676087379455566
2010-04-22,9.700318336486816
2010-04-23,9.724552154541016
2010-04-26,9.712434768676758
2010-04-27,9.52263069152832
2010-04-28,9.550896644592285
2010-04-29,9.647820472717285
2010-04-30,9.445901870727539
2010-05-03,9.575129508972168
2010-05-04,9.300517082214355
2010-05-05,9.260132789611816
2010-05-06,8.981478691101074
2010-05-07,8.783595085144043
2010-05-10,9.187440872192383
2010-05-11,9.12686538696289
2010-05-12,9.365131378173828
2010-05-13,9.227823257446289
2010-05-14,9.050128936767578
2010-05-17,9.094561576843262
2010-05-18,8.957247734069824
2010-05-19,8.888596534729004
2010-05-20,8.605905532836914
2010-05-21,8.67052173614502
2010-05-24,8.63013744354248
2010-05-25,8.605905532836914
2010-05-26,8.521101951599121
2010-05-27,8.811867713928223
2010-05-28,8.739174842834473
2010-06-01,8.654364585876465
2010-06-02,8.848212242126465
2010-06-03,8.937056541442871
2010-06-04,8.650328636169434
2010-06-07,8.525135040283203
2010-06-08,8.541288375854492
2010-06-09,8.496865272521973
2010-06-10,8.702828407287598
2010-06-11,8.779557228088379
2010-06-14,8.763406753540039
2010-06-15,8.993596076965332
2010-06-16,9.017827033996582
2010-06-17,9.050128936767578
2010-06-18,9.049728393554688
2010-06-21,8.984883308410645
2010-06-22,8.907885551452637
2010-06-23,8.891672134399414
2010-06-24,8.713354110717773
2010-06-25,8.705243110656738
2010-06-28,8.721458435058594
2010-06-29,8.39724063873291
2010-06-30,8.26755142211914
2010-07-01,8.235133171081543
2010-07-02,8.222972869873047
2010-07-06,8.304022789001465
2010-07-07,8.571504592895508
2010-07-08,8.62419319152832
2010-07-09,8.668776512145996
2010-07-12,8.709301948547363
2010-07-13,8.834929466247559
2010-07-14,8.887621879577637
2010-07-15,8.915990829467773
2010-07-16,8.660667419433594
2010-07-19,8.745774269104004
2010-07-20,8.802511215209961
2010-07-21,8.697138786315918
2010-07-22,8.93220043182373
2010-07-23,8.992989540100098
2010-07-26,9.049728393554688
2010-07-27,9.074042320251465
2010-07-28,9.001096725463867
2010-07-29,8.920042037963867
2010-07-30,8.883564949035645
2010-08-02,9.06999397277832
2010-08-03,9.021361351013184
2010-08-04,9.09430980682373
2010-08-05,9.053775787353516
2010-08-06,9.029463768005371
2010-08-09,9.090253829956055
2010-08-10,8.99704360961914
2010-08-11,8.782246589660645
2010-08-12,8.660667419433594
2010-08-13,8.620140075683594
2010-08-16,8.636351585388184
2010-08-17,8.729568481445312
2010-08-18,8.778192520141602
2010-08-19,8.672826766967773
2010-08-20,8.65256404876709
2010-08-23,8.575560569763184
2010-08-24,8.458033561706543
2010-08-25,8.510717391967773
2010-08-26,8.425606727600098
2010-08-27,8.526925086975098
2010-08-30,8.413454055786133
2010-08-31,8.38508415222168
2010-09-01,8.599873542785645
2010-09-02,8.676877975463867
2010-09-03,8.806558609008789
2010-09-07,8.733616828918457
2010-09-08,8.782246589660645
2010-09-09,8.806558609008789
2010-09-10,8.810616493225098
2010-09-13,8.968673706054688
2010-09-14,9.005146980285645
2010-09-15,9.061887741088867
2010-09-16,9.11457347869873
2010-09-17,9.163789749145508
2010-09-20,9.298009872436523
2010-09-21,9.28174114227295
2010-09-22,9.237001419067383
2010-09-23,9.224799156188965
2010-09-24,9.403759956359863
2010-09-27,9.407827377319336
2010-09-28,9.42003345489502
2010-09-29,9.399696350097656
2010-09-30,9.363086700439453
2010-10-01,9.367154121398926
2010-10-04,9.289873123168945
2010-10-05,9.472908020019531
2010-10-06,9.428165435791016
2010-10-07,9.428165435791016
2010-10-08,9.481042861938477
2010-10-11,9.497313499450684
2010-10-12,9.554255485534668
2010-10-13,9.631535530090332
2010-10-14,9.635601997375488
2010-10-15,9.798299789428711
2010-10-18,9.863377571105957
2010-10-19,9.68847942352295
2010-10-20,9.769824981689453
2010-10-21,9.777958869934082
2010-10-22,9.806431770324707
2010-10-25,9.8349027633667
2010-10-26,9.859308242797852
2010-10-27,9.887778282165527
2010-10-28,9.887778282165527
2010-10-29,9.904047012329102
2010-11-01,9.91218090057373
2010-11-02,10.009801864624023
2010-11-03,10.066746711730957
2010-11-04,10.21723461151123
2010-11-05,10.209100723266602
2010-11-08,10.21723461151123
2010-11-09,10.188762664794922
2010-11-10,10.1968994140625
2010-11-11,10.042338371276855
2010-11-12,9.899981498718262
2010-11-15,9.871508598327637
2010-11-16,9.692544937133789
2010-11-17,9.696611404418945
2010-11-18,9.859308242797852
2010-11-19,9.887778282165527
2010-11-22,9.944722175598145
2010-11-23,9.798299789428711
2010-11-24,9.960992813110352
2010-11-26,9.863377571105957
2010-11-29,9.838967323303223
2010-11-30,9.741354942321777
2010-12-01,9.948792457580566
2010-12-02,10.066746711730957
2010-12-03,10.091146469116211
2010-12-06,10.091146469116211
2010-12-07,10.103351593017578
2010-12-08,10.188762664794922
2010-12-09,10.1968994140625
2010-12-10,10.245709419250488
2010-12-13,10.225370407104492
2010-12-14,10.241640090942383
2010-12-15,10.200969696044922
2010-12-16,10.21723461151123
2010-12-17,10.23764705657959
2010-12-20,10.245807647705078
2010-12-21,10.307040214538574
2010-12-22,10.294794082641602
2010-12-23,10.29071044921875
2010-12-27,10.311121940612793
2010-12-28,10.298877716064453
2010-12-29,10.319282531738281
2010-12-30,10.294794082641602
2010-12-31,10.282546997070312
2011-01-03,10.396843910217285
2011-01-04,10.437664031982422
2011-01-05,10.498893737792969
2011-01-06,10.560118675231934
2011-01-07,10.511138916015625
2011-01-10,10.51930046081543
2011-01-11,10.502974510192871
2011-01-12,10.596858978271484
2011-01-13,10.588700294494629
2011-01-14,10.682580947875977
2011-01-18,10.69482707977295
2011-01-19,10.617273330688477
2011-01-20,10.560118675231934
2011-01-21,10.498893737792969
2011-01-24,10.645845413208008
2011-01-25,10.69482707977295
2011-01-26,10.756057739257812
2011-01-27,10.792795181274414
2011-01-28,10.543795585632324
2011-01-31,10.609108924865723
2011-02-01,10.788713455200195
2011-02-02,10.809125900268555
2011-02-03,10.825455665588379
2011-02-04,10.89484691619873
2011-02-07,10.947914123535156
2011-02-08,10.992814064025879
2011-02-09,10.972405433654785
2011-02-10,10.923419952392578
2011-02-11,10.980568885803223
2011-02-14,10.996896743774414
2011-02-15,10.95607852935791
2011-02-16,11.017306327819824
2011-02-17,11.037715911865234
2011-02-18,11.02138614654541
2011-02-22,10.751981735229492
2011-02-23,10.625436782836914
2011-02-24,10.662175178527832
2011-02-25,10.796880722045898
2011-02-28,10.841777801513672
2011-03-01,10.633596420288086
2011-03-02,10.6989107131958
2011-03-03,10.870354652404785
2011-03-04,10.784638404846191
2011-03-07,10.645845413208008
2011-03-08,10.735651969909668
2011-03-09,10.690747261047363
2011-03-10,10.490734100341797
2011-03-11,10.531547546386719
2011-03-14,10.482568740844727
2011-03-15,10.3274507522583
2011-03-16,10.074366569519043
2011-03-17,10.180498123168945
2011-03-18,10.198518753051758
2011-03-21,10.370539665222168
2011-03-22,10.354158401489258
2011-03-23,10.411503791809082
2011-03-24,10.575333595275879
2011-03-25,10.59990406036377
2011-03-28,10.575333595275879
2011-03-29,10.649057388305664
2011-03-30,10.694107055664062
2011-03-31,10.673629760742188
2011-04-01,10.653154373168945
2011-04-04,10.616290092468262
2011-04-05,10.59990406036377
2011-04-06,10.677724838256836
2011-04-07,10.6818208694458
2011-04-08,10.620384216308594
2011-04-11,10.604001998901367
2011-04-12,10.51799488067627
2011-04-13,10.583521842956543
2011-04-14,10.563042640686035
2011-04-15,10.542566299438477
2011-04-18,10.44836139678955
2011-04-19,10.477033615112305
2011-04-20,10.698205947875977
2011-04-21,10.792407035827637
2011-04-25,10.8006010055542
2011-04-26,10.890707015991211
2011-04-27,10.956241607666016
2011-04-28,10.960334777832031
2011-04-29,10.952144622802734
2011-05-02,10.911187171936035
2011-05-03,10.915283203125
2011-05-04,10.88251781463623
2011-05-05,10.825173377990723
2011-05-06,10.845656394958496
2011-05-09,10.890707015991211
2011-05-10,10.989007949829102
2011-05-11,10.890707015991211
2011-05-12,10.972623825073242
2011-05-13,10.8374662399292
2011-05-16,10.6818208694458
2011-05-17,10.6818208694458
2011-05-18,10.759645462036133
2011-05-19,10.780120849609375
2011-05-20,10.718681335449219
2011-05-23,10.567140579223633
2011-05-24,10.534374237060547
2011-05-25,10.567140579223633
2011-05-26,10.636770248413086
2011-05-27,10.690016746520996
2011-05-31,10.8374662399292
2011-06-01,10.61219310760498
2011-06-02,10.620384216308594
2011-06-03,10.460650444030762
2011-06-06,10.382828712463379
2011-06-07,10.350062370300293
2011-06-08,10.280433654785156
2011-06-09,10.288622856140137
2011-06-10,10.14527416229248
2011-06-13,10.15346622467041
2011-06-14,10.280433654785156
2011-06-15,10.087936401367188
2011-06-16,10.063356399536133
2011-06-17,10.05431079864502
2011-06-20,10.091318130493164
2011-06-21,10.272258758544922
2011-06-22,10.19823932647705
2011-06-23,10.268145561218262
2011-06-24,10.091318130493164
2011-06-27,10.227023124694824
2011-06-28,10.354501724243164
2011-06-29,10.436744689941406
2011-06-30,10.568338394165039
2011-07-01,10.741044044494629
2011-07-05,10.757493019104004
2011-07-06,10.806845664978027
2011-07-07,10.938434600830078
2011-07-08,10.884974479675293
2011-07-11,10.704036712646484
2011-07-12,10.60945987701416
2011-07-13,10.63413143157959
2011-07-14,10.543661117553711
2011-07-15,10.658802032470703
2011-07-18,10.621792793273926
2011-07-19,10.876750946044922
2011-07-20,10.843852996826172
2011-07-21,10.893200874328613
2011-07-22,10.987781524658203
2011-07-25,10.958993911743164
2011-07-26,11.008340835571289
2011-07-27,10.7163724899292
2011-07-28,10.699926376342773
2011-07-29,10.61357307434082
2011-08-01,10.6053466796875
2011-08-02,10.38328742980957
2011-08-03,10.490203857421875
2011-08-04,10.066646575927734
2011-08-05,10.004964828491211
2011-08-08,9.441596031188965
2011-08-09,9.87337589263916
2011-08-10,9.486827850341797
2011-08-11,9.84870719909668
2011-08-12,9.918607711791992
2011-08-15,10.095436096191406
2011-08-16,10.021416664123535
2011-08-17,9.976181030273438
2011-08-18,9.490942001342773
2011-08-19,9.260660171508789
2011-08-22,9.310004234313965
2011-08-23,9.651321411132812
2011-08-24,9.737674713134766
2011-08-25,9.597858428955078
2011-08-26,9.787017822265625
2011-08-29,10.033750534057617
2011-08-30,10.074872016906738
2011-08-31,10.050201416015625
2011-09-01,9.93917179107666
2011-09-02,9.713001251220703
2011-09-06,9.667767524719238
2011-09-07,9.918607711791992
2011-09-08,9.869263648986816
2011-09-09,9.659541130065918
2011-09-12,9.774683952331543
2011-09-13,9.889822959899902
2011-09-14,10.037863731384277
2011-09-15,10.19823932647705
2011-09-16,10.311342239379883
2011-09-19,10.28657054901123
2011-09-20,10.261808395385742
2011-09-21,10.109078407287598
2011-09-22,9.795357704162598
2011-09-23,9.906815528869629
2011-09-26,10.030649185180664
2011-09-27,10.158613204956055
2011-09-28,10.01413631439209
2011-09-29,9.99349594116211
2011-09-30,9.741700172424316
2011-10-03,9.52292251586914
2011-10-04,9.716935157775879
2011-10-05,9.919196128845215
2011-10-06,10.06779670715332
2011-10-07,10.030649185180664
2011-10-10,10.340235710144043
2011-10-11,10.38564395904541
2011-10-12,10.431047439575195
2011-10-13,10.546628952026367
2011-10-14,10.732378005981445
2011-10-17,10.563139915466309
2011-10-18,10.658082962036133
2011-10-19,10.451688766479492
2011-10-20,10.406277656555176
2011-10-21,10.538372039794922
2011-10-24,10.703485488891602
2011-10-25,10.534244537353516
2011-10-26,10.579649925231934
2011-10-27,10.893366813659668
2011-10-28,10.930517196655273
2011-10-31,10.736507415771484
2011-11-01,10.439306259155273
2011-11-02,10.567270278930664
2011-11-03,10.819060325622559
2011-11-04,10.753020286560059
2011-11-07,10.819060325622559
2011-11-08,10.942900657653809
2011-11-09,10.563139915466309
2011-11-10,10.596163749694824
2011-11-11,10.798422813415527
2011-11-14,10.71586799621582
2011-11-15,10.860344886779785
2011-11-16,10.699355125427246
2011-11-17,10.492965698242188
2011-11-18,10.406277656555176
2011-11-21,10.224655151367188
2011-11-22,10.208148002624512
2011-11-23,9.964603424072266
2011-11-25,9.910942077636719
2011-11-28,10.237041473388672
2011-11-29,10.183382987976074
2011-11-30,10.575522422790527
2011-12-01,10.633316040039062
2011-12-02,10.625057220458984
2011-12-05,10.74476432800293
2011-12-06,10.740635871887207
2011-12-07,10.753020286560059
2011-12-08,10.58377742767334
2011-12-09,10.748892784118652
2011-12-12,10.61267375946045
2011-12-13,10.513604164123535
2011-12-14,10.352619171142578
2011-12-15,10.327852249145508
2011-12-16,10.356459617614746
2011-12-19,10.2569580078125
2011-12-20,10.547172546386719
2011-12-21,10.373048782348633
2011-12-22,10.493271827697754
2011-12-23,10.596921920776367
2011-12-27,10.613504409790039
2011-12-28,10.505711555480957
2011-12-29,10.584484100341797
2011-12-30,10.55132007598877
2012-01-03,10.700567245483398
2012-01-04,10.72958755493164
2012-01-05,10.762754440307617
2012-01-06,10.766902923583984
2012-01-09,10.750322341918945
2012-01-10,10.78763198852539
2012-01-11,10.82080078125
2012-01-12,10.8746976852417
2012-01-13,10.81251335144043
2012-01-17,10.862264633178711
2012-01-18,11.019801139831543
2012-01-19,11.098576545715332
2012-01-20,11.111011505126953
2012-01-23,11.148324012756348
2012-01-24,11.140032768249512
2012-01-25,11.227102279663086
2012-01-26,11.152471542358398
2012-01-27,11.152471542358398
2012-01-30,11.185637474060059
2012-01-31,11.206364631652832
2012-02-01,11.318309783935547
2012-02-02,11.347330093383789
2012-02-03,11.492431640625
2012-02-06,11.49658489227295
2012-02-07,11.525599479675293
2012-02-08,11.596078872680664
2012-02-09,11.708025932312012
2012-02-10,11.620960235595703
2012-02-13,11.695584297180176
2012-02-14,11.716312408447266
2012-02-15,11.654125213623047
2012-02-16,11.824108123779297
2012-02-17,11.824108123779297
2012-02-21,11.873857498168945
2012-02-22,11.83239459991455
2012-02-23,11.87800407409668
2012-02-24,11.948484420776367
2012-02-27,11.969213485717773
2012-02-28,12.05627727508545
2012-02-29,12.0023832321167
2012-03-01,12.07286262512207
2012-03-02,12.05627727508545
2012-03-05,11.952631950378418
2012-03-06,11.83654499053955
2012-03-07,11.923608779907227
2012-03-08,12.043839454650879
2012-03-09,12.097738265991211
2012-03-12,12.1143217086792
2012-03-13,12.354785919189453
2012-03-14,12.400385856628418
2012-03-15,12.433557510375977
2012-03-16,12.427732467651367
2012-03-19,12.519235610961914
2012-03-20,12.506759643554688
2012-03-21,12.502596855163574
2012-03-22,12.473484992980957
2012-03-23,12.473484992980957
2012-03-26,12.656489372253418
2012-03-27,12.652329444885254
2012-03-28,12.606582641601562
2012-03-29,12.581626892089844
2012-03-30,12.544191360473633
2012-04-02,12.67728328704834
2012-04-03,12.668965339660645
2012-04-04,12.519235610961914
2012-04-05,12.548349380493164
2012-04-09,12.461004257202148
2012-04-10,12.286322593688965
2012-04-11,12.357024192810059
2012-04-12,12.51091480255127
2012-04-13,12.3154296875
2012-04-16,12.18649959564209
2012-04-17,12.452691078186035
2012-04-18,12.361187934875488
2012-04-19,12.223931312561035
2012-04-20,12.178180694580078
2012-04-23,12.082513809204102
2012-04-24,12.057564735412598
2012-04-25,12.3986177444458
2012-04-26,12.494278907775879
2012-04-27,12.490120887756348
2012-04-30,12.402777671813965
2012-05-01,12.444368362426758
2012-05-02,12.452691078186035
2012-05-03,12.34870719909668
2012-05-04,12.090834617614746
2012-05-07,12.057564735412598
2012-05-08,12.015968322753906
2012-05-09,12.015968322753906
2012-05-10,11.924468040466309
2012-05-11,11.932785987854004
2012-05-14,11.828804016113281
2012-05-15,11.7955322265625
2012-05-16,11.699869155883789
2012-05-17,11.533501625061035
2012-05-18,11.425361633300781
2012-05-21,11.708189010620117
2012-05-22,11.670755386352539
2012-05-23,11.683234214782715
2012-05-24,11.616684913635254
2012-05-25,11.591731071472168
2012-05-29,11.745626449584961
2012-05-30,11.670755386352539
2012-05-31,11.616684913635254
2012-06-01,11.313060760498047
2012-06-04,11.379606246948242
2012-06-05,11.4503173828125
2012-06-06,11.712347030639648
2012-06-07,11.654117584228516
2012-06-08,11.783055305480957
2012-06-11,11.616684913635254
2012-06-12,11.733142852783203
2012-06-13,11.662433624267578
2012-06-14,11.72066593170166
2012-06-15,11.845512390136719
2012-06-18,11.933192253112793
2012-06-19,12.02504825592041
2012-06-20,12.04593276977539
2012-06-21,11.762001037597656
2012-06-22,11.891439437866211
2012-06-25,11.649270057678223
2012-06-26,11.695194244384766
2012-06-27,11.766178131103516
2012-06-28,11.67014217376709
2012-06-29,11.995818138122559
2012-07-02,12.06262493133545
2012-07-03,12.158662796020508
2012-07-05,12.158662796020508
2012-07-06,11.979120254516602
2012-07-09,11.954063415527344
2012-07-10,11.820455551147461
2012-07-11,11.766178131103516
2012-07-12,11.649270057678223
2012-07-13,11.80375862121582
2012-07-16,11.79123306274414
2012-07-17,11.837156295776367
2012-07-18,12.041753768920898
2012-07-19,12.146136283874512
2012-07-20,12.008347511291504
2012-07-23,11.891439437866211
2012-07-24,11.77035140991211
2012-07-25,11.724425315856934
2012-07-26,11.903964042663574
2012-07-27,12.162835121154785
2012-07-30,12.16701602935791
2012-07-31,12.217116355895996
2012-08-01,12.175362586975098
2012-08-02,12.096030235290527
2012-08-03,12.334027290344238
2012-08-06,12.421707153320312
2012-08-07,12.505215644836426
2012-08-08,12.509392738342285
2012-08-09,12.551141738891602
2012-08-10,12.58037281036377
2012-08-13,12.617956161499023
2012-08-14,12.592902183532715
2012-08-15,12.597075462341309
2012-08-16,12.768266677856445
2012-08-17,12.83924674987793
2012-08-20,12.85177230834961
2012-08-21,12.768266677856445
2012-08-22,12.789141654968262
2012-08-23,12.684757232666016
2012-08-24,12.764086723327637
2012-08-27,12.776619911193848
2012-08-28,12.747389793395996
2012-08-29,12.772440910339355
2012-08-30,12.630477905273438
2012-08-31,12.73068618774414
2012-09-04,12.73068618774414
2012-09-05,12.718159675598145
2012-09-06,13.00208854675293
2012-09-07,12.981210708618164
2012-09-10,12.843423843383789
2012-09-11,12.876826286315918
2012-09-12,12.947805404663086
2012-09-13,13.12317180633545
2012-09-14,13.18580436706543
2012-09-17,13.198328971862793
2012-09-18,13.206677436828613
2012-09-19,13.219206809997559
2012-09-20,13.194150924682617
2012-09-21,13.210925102233887
2012-09-24,13.127068519592285
2012-09-25,12.942594528198242
2012-09-26,12.850356101989746
2012-09-27,13.018059730529785
2012-09-28,12.925823211669922
2012-10-01,12.896477699279785
2012-10-02,12.913247108459473
2012-10-03,12.980326652526855
2012-10-04,13.018059730529785
2012-10-05,12.950983047485352
2012-10-08,12.816816329956055
2012-10-09,12.65330696105957
2012-10-10,12.602992057800293
2012-10-11,12.552685737609863
2012-10-12,12.544296264648438
2012-10-15,12.607186317443848
2012-10-16,12.779083251953125
2012-10-17,12.712003707885742
2012-10-18,12.565260887145996
2012-10-19,12.280159950256348
2012-10-22,12.364015579223633
2012-10-23,12.229849815368652
2012-10-24,12.158574104309082
2012-10-25,12.133419036865234
2012-10-26,12.154382705688477
2012-10-31,12.104070663452148
2012-11-01,12.301126480102539
2012-11-02,12.141806602478027
2012-11-05,12.208887100219727
2012-11-06,12.263394355773926
2012-11-07,11.957332611083984
2012-11-08,11.785436630249023
2012-11-09,11.839937210083008
2012-11-12,11.823164939880371
2012-11-13,11.764470100402832
2012-11-14,11.647080421447754
2012-11-15,11.579996109008789
2012-11-16,11.59676742553711
2012-11-19,11.915401458740234
2012-11-20,11.865093231201172
2012-11-21,11.902825355529785
2012-11-23,12.095690727233887
2012-11-26,12.150193214416504
2012-11-27,12.095690727233887
2012-11-28,12.166963577270508
2012-11-29,12.22565746307373
2012-11-30,12.213080406188965
2012-12-03,12.196310997009277
2012-12-04,12.175347328186035
2012-12-05,12.053759574890137
2012-12-06,12.125036239624023
2012-12-07,12.062145233154297
2012-12-10,12.09149169921875
2012-12-11,12.255009651184082
2012-12-12,12.23404312133789
2012-12-13,12.14599895477295
2012-12-14,12.028606414794922
2012-12-17,12.175347328186035
2012-12-18,12.35562801361084
2012-12-19,12.292741775512695
2012-12-20,12.313701629638672
2012-12-21,12.207436561584473
2012-12-24,12.17370891571045
2012-12-26,12.106239318847656
2012-12-27,12.093589782714844
2012-12-28,11.958658218383789
2012-12-31,12.165274620056152
2013-01-02,12.570079803466797
2013-01-03,12.489962577819824
2013-01-04,12.439362525939941
2013-01-07,12.422494888305664
2013-01-08,12.376108169555664
2013-01-09,12.397194862365723
2013-01-10,12.460443496704102
2013-01-11,12.477313041687012
2013-01-14,12.397194862365723
2013-01-15,12.317079544067383
2013-01-16,12.359241485595703
2013-01-17,12.409845352172852
2013-01-18,12.392977714538574
2013-01-22,12.426713943481445
2013-01-23,12.557429313659668
2013-01-24,12.342375755310059
2013-01-25,12.35503101348877
2013-01-28,12.397194862365723
2013-01-29,12.4140625
2013-01-30,12.376108169555664
2013-01-31,12.397194862365723
2013-02-01,12.536346435546875
2013-02-04,12.371891975402832
2013-02-05,12.515264511108398
2013-02-06,12.511043548583984
2013-02-07,12.511043548583984
2013-02-08,12.620680809020996
2013-02-11,12.645983695983887
2013-02-12,12.603816986083984
2013-02-13,12.599596977233887
2013-02-14,12.565860748291016
2013-02-15,12.557429313659668
2013-02-19,12.641765594482422
2013-02-20,12.468879699707031
2013-02-21,12.367677688598633
2013-02-22,12.519474983215332
2013-02-25,12.342375755310059
2013-02-26,12.4140625
2013-02-27,12.519474983215332
2013-02-28,12.494181632995605
2013-03-01,12.515264511108398
2013-03-04,12.553215026855469
2013-03-05,12.726099014282227
2013-03-06,12.717667579650879
2013-03-07,12.74717903137207
2013-03-08,12.772480010986328
2013-03-11,12.802000045776367
2013-03-12,12.75561809539795
2013-03-13,12.74717903137207
2013-03-14,12.839951515197754
2013-03-15,12.786603927612305
2013-03-18,12.790838241577148
2013-03-19,12.773903846740723
2013-03-20,12.83741283416748
2013-03-21,12.693453788757324
2013-03-22,12.773903846740723
2013-03-25,12.744264602661133
2013-03-26,12.824705123901367
2013-03-27,12.790838241577148
2013-03-28,12.816243171691895
2013-04-01,12.731561660766602
2013-04-02,12.782369613647461
2013-04-03,12.68075180053711
2013-04-04,12.684988021850586
2013-04-05,12.587607383728027
2013-04-08,12.64264965057373
2013-04-09,12.731561660766602
2013-04-10,12.955964088439941
2013-04-11,12.91362476348877
2013-04-12,12.85858154296875
2013-04-15,12.646883010864258
2013-04-16,12.80354118347168
2013-04-17,12.541030883789062
2013-04-18,12.40977954864502
2013-04-19,12.426716804504395
2013-04-22,12.52409839630127
2013-04-23,12.65958309173584
2013-04-24,12.68075180053711
2013-04-25,12.72309684753418
2013-04-26,12.718860626220703
2013-04-29,12.900918960571289
2013-04-30,13.040640830993652
2013-05-01,12.926326751708984
2013-05-02,13.091449737548828
2013-05-03,13.214232444763184
2013-05-06,13.277743339538574
2013-05-07,13.269274711608887
2013-05-08,13.375125885009766
2013-05-09,13.337018013000488
2013-05-10,13.375125885009766
2013-05-13,13.341253280639648
2013-05-14,13.383593559265137
2013-05-15,13.425932884216309
2013-05-16,13.497909545898438
2013-05-17,13.633400917053223
2013-05-20,13.633400917053223
2013-05-21,13.591059684753418
2013-05-22,13.442870140075684
2013-05-23,13.438637733459473
2013-05-24,13.41746711730957
2013-05-28,13.480977058410645
2013-05-29,13.447102546691895
2013-05-30,13.531784057617188
2013-05-31,13.404766082763672
2013-06-03,13.472509384155273
2013-06-04,13.41323471069336
2013-06-05,13.281977653503418
2013-06-06,13.311614990234375
2013-06-07,13.434401512145996
2013-06-10,13.464037895202637
2013-06-11,13.324316024780273
2013-06-12,13.2354097366333
2013-06-13,13.38782787322998
2013-06-14,13.286216735839844
2013-06-17,13.408998489379883
2013-06-18,13.514846801757812
2013-06-19,13.358190536499023
2013-06-20,13.061813354492188
2013-06-21,12.9830904006958
2013-06-24,12.825636863708496
2013-06-25,12.932022094726562
2013-06-26,13.00861930847168
2013-06-27,13.072450637817383
2013-06-28,13.017129898071289
2013-07-01,13.085214614868164
2013-07-02,13.106491088867188
2013-07-03,13.183089256286621
2013-07-05,13.268196105957031
2013-07-08,13.25968074798584
2013-07-09,13.310749053955078
2013-07-10,13.353306770324707
2013-07-11,13.578836441040039
2013-07-12,13.587349891662598
2013-07-15,13.625645637512207
2013-07-16,13.634159088134766
2013-07-17,13.646925926208496
2013-07-18,13.612882614135742
2013-07-19,13.383090019226074
2013-07-22,13.421390533447266
2013-07-23,13.366072654724121
2013-07-24,13.455431938171387
2013-07-25,13.463937759399414
2013-07-26,13.502242088317871
2013-07-29,13.48096752166748
2013-07-30,13.549052238464355
2013-07-31,13.502242088317871
2013-08-01,13.646925926208496
2013-08-02,13.706497192382812
2013-08-05,13.736286163330078
2013-08-06,13.663944244384766
2013-08-07,13.629900932312012
2013-08-08,13.672457695007324
2013-08-09,13.6043701171875
2013-08-12,13.693731307983398
2013-08-13,13.787352561950684
2013-08-14,13.774585723876953
2013-08-15,13.553306579589844
2013-08-16,13.540541648864746
2013-08-19,13.497987747192383
2013-08-20,13.519259452819824
2013-08-21,13.489472389221191
2013-08-22,13.549052238464355
2013-08-23,13.646925926208496
2013-08-26,13.583094596862793
2013-08-27,13.344793319702148
2013-08-28,13.353306770324707
2013-08-29,13.42564582824707
2013-08-30,13.361815452575684
2013-09-03,13.374582290649414
2013-09-04,13.502242088317871
2013-09-05,13.51075267791748
2013-09-06,13.519259452819824
2013-09-09,13.680964469909668
2013-09-10,13.76607608795166
2013-09-11,13.702244758605957
2013-09-12,13.715011596679688
2013-09-13,13.727771759033203
2013-09-16,13.706497192382812
2013-09-17,13.774585723876953
2013-09-18,13.949049949645996
2013-09-19,13.957563400268555
2013-09-20,13.858365058898926
2013-09-23,13.901119232177734
2013-09-24,13.84125804901123
2013-09-25,13.819878578186035
2013-09-26,13.871185302734375
2013-09-27,13.78567123413086
2013-09-30,13.700154304504395
2013-10-01,13.819878578186035
2013-10-02,13.824152946472168
2013-10-03,13.704426765441895
2013-10-04,13.760016441345215
2013-10-07,13.700154304504395
2013-10-08,13.482077598571777
2013-10-09,13.5333890914917
2013-10-10,13.760016441345215
2013-10-11,13.875462532043457
2013-10-14,13.922501564025879
2013-10-15,13.836980819702148
2013-10-16,13.969534873962402
2013-10-17,13.973814964294434
2013-10-18,14.21326732635498
2013-10-21,14.290229797363281
2013-10-22,14.285957336425781
2013-10-23,14.217541694641113
2013-10-24,14.251751899719238
2013-10-25,14.324442863464355
2013-10-28,14.371476173400879
2013-10-29,14.465547561645508
2013-10-30,14.435609817504883
2013-10-31,14.388578414916992
2013-11-01,14.392855644226074
2013-11-04,14.44844913482666
2013-11-05,14.409957885742188
2013-11-06,14.555343627929688
2013-11-07,14.36720085144043
2013-11-08,14.495477676391602
2013-11-11,14.512582778930664
2013-11-12,14.551065444946289
2013-11-13,14.675068855285645
2013-11-14,14.63658332824707
2013-11-15,14.666516304016113
2013-11-18,14.61092758178711
2013-11-19,14.559619903564453
2013-11-20,14.512582778930664
2013-11-21,14.63658332824707
2013-11-22,14.606650352478027
2013-11-25,14.606650352478027
2013-11-26,14.657962799072266
2013-11-27,14.773415565490723
2013-11-29,14.833274841308594
2013-12-02,14.78624153137207
2013-12-03,14.820446968078613
2013-12-04,14.833274841308594
2013-12-05,14.78624153137207
2013-12-06,14.888866424560547
2013-12-09,14.935903549194336
2013-12-10,14.90596866607666
2013-12-11,14.76914119720459
2013-12-12,14.670794486999512
2013-12-13,14.623761177062988
2013-12-16,14.76914119720459
2013-12-17,14.764866828918457
2013-12-18,14.880316734313965
2013-12-19,14.90596866607666
2013-12-20,15.022422790527344
2013-12-23,15.220085144042969
2013-12-24,15.263056755065918
2013-12-26,15.301726341247559
2013-12-27,15.288839340209961
2013-12-30,15.25876235961914
2013-12-31,15.357595443725586
2014-01-02,15.207193374633789
2014-01-03,15.134142875671387
2014-01-06,15.108362197875977
2014-01-07,15.245867729187012
2014-01-08,15.245867729187012
2014-01-09,15.147034645080566
2014-01-10,15.177112579345703
2014-01-13,15.013827323913574
2014-01-14,15.26734733581543
2014-01-15,15.452122688293457
2014-01-16,15.447824478149414
2014-01-17,15.361888885498047
2014-01-21,15.439231872558594
2014-01-22,15.422045707702637
2014-01-23,15.3919677734375
2014-01-24,15.095466613769531
2014-01-27,14.953668594360352
2014-01-28,14.863435745239258
2014-01-29,14.747407913208008
2014-01-30,14.927889823913574
2014-01-31,14.962261199951172
2014-02-03,14.648577690124512
2014-02-04,14.704442977905273
2014-02-05,14.717329025268555
2014-02-06,14.880615234375
2014-02-07,15.082579612731934
2014-02-10,15.11265754699707
2014-02-11,15.297430038452148
2014-02-12,15.357595443725586
2014-02-13,15.469306945800781
2014-02-14,15.499387741088867
2014-02-18,15.507987976074219
2014-02-19,15.4564208984375
2014-02-20,15.507987976074219
2014-02-21,15.447824478149414
2014-02-24,15.507987976074219
2014-02-25,15.46501350402832
2014-02-26,15.47790241241455
2014-02-27,15.602519035339355
2014-02-28,15.619709014892578
2014-03-03,15.452122688293457
2014-03-04,15.654085159301758
2014-03-05,15.675564765930176
2014-03-06,15.69704818725586
2014-03-07,15.649785995483398
2014-03-10,15.624002456665039
2014-03-11,15.589630126953125
2014-03-12,15.615407943725586
2014-03-13,15.404851913452148
2014-03-14,15.310323715209961
2014-03-17,15.490798950195312
2014-03-18,15.692754745483398
2014-03-19,15.62829875946045
2014-03-20,15.748618125915527
2014-03-21,15.66964340209961
2014-03-24,15.656694412231445
2014-03-25,15.751638412475586
2014-03-26,15.561758041381836
2014-03-27,15.505654335021973
2014-03-28,15.566068649291992
2014-03-31,15.686902046203613
2014-04-01,15.872483253479004
2014-04-02,15.881103515625
2014-04-03,15.803427696228027
2014-04-04,15.501343727111816
2014-04-07,15.380508422851562
2014-04-08,15.518600463867188
2014-04-09,15.725743293762207
2014-04-10,15.363242149353027
2014-04-11,15.190616607666016
2014-04-14,15.341667175292969
2014-04-15,15.419342994689941
2014-04-16,15.570394515991211
2014-04-17,15.548809051513672
2014-04-21,15.609222412109375
2014-04-22,15.673962593078613
2014-04-23,15.505654335021973
2014-04-24,15.62649154663086
2014-04-25,15.427982330322266
2014-04-28,15.574706077575684
2014-04-29,15.682596206665039
2014-04-30,15.730066299438477
2014-05-01,15.747320175170898
2014-05-02,15.704164505004883
2014-05-05,15.78615951538086
2014-05-06,15.609222412109375
2014-05-07,15.617857933044434
2014-05-08,15.66101360321045
2014-05-09,15.678278923034668
2014-05-12,15.889731407165527
2014-05-13,15.898370742797852
2014-05-14,15.825006484985352
2014-05-15,15.730066299438477
2014-05-16,15.829312324523926
2014-05-19,15.932891845703125
2014-05-20,15.842257499694824
2014-05-21,15.950153350830078
2014-05-22,15.980360984802246
2014-05-23,16.114147186279297
2014-05-27,16.252243041992188
2014-05-28,16.209087371826172
2014-05-29,16.304027557373047
2014-05-30,16.321290969848633
2014-06-02,16.295394897460938
2014-06-03,16.269498825073242
2014-06-04,16.299713134765625
2014-06-05,16.407594680786133
2014-06-06,16.480966567993164
2014-06-09,16.532747268676758
2014-06-10,16.541379928588867
2014-06-11,16.502544403076172
2014-06-12,16.36013412475586
2014-06-13,16.455068588256836
2014-06-16,16.455068588256836
2014-06-17,16.49390983581543
2014-06-18,16.58021354675293
2014-06-19,16.55000877380371
2014-06-20,16.513591766357422
2014-06-23,16.561281204223633
2014-06-24,16.474578857421875
2014-06-25,16.539602279663086
2014-06-26,16.52226448059082
2014-06-27,16.621976852416992
2014-06-30,16.626310348510742
2014-07-01,16.795400619506836
2014-07-02,16.812740325927734
2014-07-03,16.886438369750977
2014-07-07,16.90378189086914
2014-07-08,16.752038955688477
2014-07-09,16.83441162109375
2014-07-10,16.786725997924805
2014-07-11,16.873432159423828
2014-07-14,16.994827270507812
2014-07-15,16.964473724365234
2014-07-16,17.120548248291016
2014-07-17,16.899438858032227
2014-07-18,17.103208541870117
2014-07-21,17.081533432006836
2014-07-22,17.22460174560547
2014-07-23,17.25494956970215
2014-07-24,17.241943359375
2014-07-25,17.22026252746582
2014-07-28,17.250614166259766
2014-07-29,17.21592903137207
2014-07-30,17.23326873779297
2014-07-31,16.90811538696289
2014-08-01,16.817073822021484
2014-08-04,16.938467025756836
2014-08-05,16.778043746948242
2014-08-06,16.726028442382812
2014-08-07,16.656654357910156
2014-08-08,16.765037536621094
2014-08-11,16.8474178314209
2014-08-12,16.8387508392334
2014-08-13,17.00350570678711
2014-08-14,17.033845901489258
2014-08-15,17.033845901489258
2014-08-18,17.194255828857422
2014-08-19,17.302637100219727
2014-08-20,17.302637100219727
2014-08-21,17.385007858276367
2014-08-22,17.389345169067383
2014-08-25,17.40668487548828
2014-08-26,17.415363311767578
2014-08-27,17.411026000976562
2014-08-28,17.385007858276367
2014-08-29,17.463054656982422
2014-09-02,17.467388153076172
2014-09-03,17.372007369995117
2014-09-04,17.36333465576172
2014-09-05,17.467388153076172
2014-09-08,17.493398666381836
2014-09-09,17.36766815185547
2014-09-10,17.471715927124023
2014-09-11,17.5107364654541
2014-09-12,17.437042236328125
2014-09-15,17.332990646362305
2014-09-16,17.463054656982422
2014-09-17,17.49772834777832
2014-09-18,17.601781845092773
2014-09-19,17.5643367767334
2014-09-22,17.446779251098633
2014-09-23,17.407594680786133
2014-09-24,17.520795822143555
2014-09-25,17.137632369995117
2014-09-26,17.32486343383789
2014-09-29,17.320505142211914
2014-09-30,17.372760772705078
2014-10-01,17.102806091308594
2014-10-02,17.094099044799805
2014-10-03,17.23341941833496
2014-10-06,17.237777709960938
2014-10-07,16.967832565307617
2014-10-08,17.290027618408203
2014-10-09,17.002656936645508
2014-10-10,16.567258834838867
2014-10-13,16.38437843322754
2014-10-14,16.41050910949707
2014-10-15,16.297304153442383
2014-10-16,16.201515197753906
2014-10-17,16.393091201782227
2014-10-20,16.510648727416992
2014-10-21,16.832855224609375
2014-10-22,16.754474639892578
2014-10-23,16.94169807434082
2014-10-24,17.089750289916992
2014-10-27,17.10716438293457
2014-10-28,17.342283248901367
2014-10-29,17.32486343383789
2014-10-30,17.3814640045166
2014-10-31,17.651412963867188
2014-11-03,17.725435256958008
2014-11-04,17.721084594726562
2014-11-05,17.768980026245117
2014-11-06,17.760276794433594
2014-11-07,17.78203773498535
2014-11-10,17.82993507385254
2014-11-11,17.83863639831543
2014-11-12,17.895244598388672
2014-11-13,17.99103546142578
2014-11-14,18.1173095703125
2014-11-17,18.082473754882812
2014-11-18,18.143421173095703
2014-11-19,18.025867462158203
2014-11-20,18.1173095703125
2014-11-21,18.143421173095703
2014-11-24,18.239219665527344
2014-11-25,18.247926712036133
2014-11-26,18.413379669189453
2014-11-28,18.50046157836914
2014-12-01,18.291467666625977
2014-12-02,18.295820236206055
2014-12-03,18.361129760742188
2014-12-04,18.361129760742188
2014-12-05,18.339357376098633
2014-12-08,18.15213966369629
2014-12-09,18.147775650024414
2014-12-10,17.873476028442383
2014-12-11,17.951854705810547
2014-12-12,17.686248779296875
2014-12-15,17.577394485473633
2014-12-16,17.342283248901367
2014-12-17,17.668834686279297
2014-12-18,18.173912048339844
2014-12-19,18.19404411315918
2014-12-22,18.412878036499023
2014-12-23,18.461023330688477
2014-12-24,18.443511962890625
2014-12-26,18.52229881286621
2014-12-29,18.430383682250977
2014-12-30,18.299076080322266
2014-12-31,18.097747802734375
2015-01-02,18.062742233276367
2015-01-05,17.787006378173828
2015-01-06,17.572542190551758
2015-01-07,17.721359252929688
2015-01-08,18.110883712768555
2015-01-09,18.05398178100586
2015-01-12,17.843896865844727
2015-01-13,17.830772399902344
2015-01-14,17.730104446411133
2015-01-15,17.502517700195312
2015-01-16,17.673206329345703
2015-01-20,17.822017669677734
2015-01-21,17.8526554107666
2015-01-22,18.145898818969727
2015-01-23,18.14151954650879
2015-01-26,18.06711196899414
2015-01-27,17.546287536621094
2015-01-28,17.515647888183594
2015-01-29,17.681961059570312
2015-01-30,17.463125228881836
2015-02-02,17.64257049560547
2015-02-03,17.843896865844727
2015-02-04,17.878917694091797
2015-02-05,18.04523468017578
2015-02-06,17.98833465576172
2015-02-09,17.962078094482422
2015-02-10,18.229049682617188
2015-02-11,18.299076080322266
2015-02-12,18.548551559448242
2015-02-13,18.66673469543457
2015-02-17,18.675477981567383
2015-02-18,18.692989349365234
2015-02-19,18.75864028930664
2015-02-20,18.854923248291016
2015-02-23,18.86805534362793
2015-02-24,18.924955368041992
2015-02-25,18.80677604675293
2015-02-26,18.924955368041992
2015-02-27,18.85929298400879
2015-03-02,19.008108139038086
2015-03-03,18.881179809570312
2015-03-04,18.80677604675293
2015-03-05,18.784894943237305
2015-03-06,18.55293083190918
2015-03-09,18.64046287536621
2015-03-10,18.25969123840332
2015-03-11,18.14151954650879
2015-03-12,18.25969123840332
2015-03-13,18.159021377563477
2015-03-16,18.373483657836914
2015-03-17,18.37786102294922
2015-03-18,18.627336502075195
2015-03-19,18.574810028076172
2015-03-20,18.69478988647461
2015-03-23,18.69478988647461
2015-03-24,18.633264541625977
2015-03-25,18.154253005981445
2015-03-26,18.167428970336914
2015-03-27,18.180612564086914
2015-03-30,18.400344848632812
2015-03-31,18.21137809753418
2015-04-01,18.185014724731445
2015-04-02,18.180612564086914
2015-04-06,18.356399536132812
2015-04-07,18.316844940185547
2015-04-08,18.373981475830078
2015-04-09,18.422321319580078
2015-04-10,18.492639541625977
2015-04-13,18.43990135192871
2015-04-14,18.38277244567871
2015-04-15,18.545368194580078
2015-04-16,18.47945785522461
2015-04-17,18.224567413330078
2015-04-20,18.536577224731445
2015-04-21,18.527799606323242
2015-04-22,18.716758728027344
2015-04-23,18.79146957397461
2015-04-24,18.95407485961914
2015-04-27,19.006807327270508
2015-04-28,19.068328857421875
2015-04-29,18.976045608520508
2015-04-30,18.712371826171875
2015-05-01,18.940887451171875
2015-05-04,18.958459854125977
2015-05-05,18.664024353027344
2015-05-06,18.50581932067871
2015-05-07,18.642053604125977
2015-05-08,18.910125732421875
2015-05-11,18.813438415527344
2015-05-12,18.712371826171875
2015-05-13,18.79146957397461
2015-05-14,19.094697952270508
2015-05-15,19.033174514770508
2015-05-18,19.125463485717773
2015-05-19,19.077117919921875
2015-05-20,19.090299606323242
2015-05-21,19.173803329467773
2015-05-22,19.16062355041504
2015-05-26,18.883750915527344
2015-05-27,19.23971939086914
2015-05-28,19.20016860961914
2015-05-29,19.05953598022461
2015-06-01,19.112279891967773
2015-06-02,19.072734832763672
2015-06-03,19.112279891967773
2015-06-04,18.93648910522461
2015-06-05,18.874971389770508
2015-06-08,18.664024353027344
2015-06-09,18.620080947875977
2015-06-10,18.910125732421875
2015-06-11,18.918916702270508
2015-06-12,18.751916885375977
2015-06-15,18.637657165527344
2015-06-16,18.760709762573242
2015-06-17,18.76949691772461
2015-06-18,18.93648910522461
2015-06-19,18.778902053833008
2015-06-22,18.93340492248535
2015-06-23,18.946645736694336
2015-06-24,18.858360290527344
2015-06-25,18.814218521118164
2015-06-26,18.655296325683594
2015-06-29,18.25800323486328
2015-06-30,18.275657653808594
2015-07-01,18.39925765991211
2015-07-02,18.425750732421875
2015-07-06,18.350709915161133
2015-07-07,18.377182006835938
2015-07-08,18.077007293701172
2015-07-09,18.006380081176758
2015-07-10,18.293319702148438
2015-07-13,18.571426391601562
2015-07-14,18.642051696777344
2015-07-15,18.64647102355957
2015-07-16,18.884845733642578
2015-07-17,19.176191329956055
2015-07-20,19.277727127075195
2015-07-21,19.149703979492188
2015-07-22,18.840702056884766
2015-07-23,18.80097007751465
2015-07-24,18.699440002441406
2015-07-27,18.531692504882812
2015-07-28,18.699440002441406
2015-07-29,18.82304573059082
2015-07-30,18.858360290527344
2015-07-31,18.796554565429688
2015-08-03,18.69502830505371
2015-08-04,18.584667205810547
2015-08-05,18.765653610229492
2015-08-06,18.580245971679688
2015-08-07,18.593490600585938
2015-08-10,18.884845733642578
2015-08-11,18.602327346801758
2015-08-12,18.686195373535156
2015-08-13,18.63322639465332
2015-08-14,18.72592544555664
2015-08-17,18.831871032714844
2015-08-18,18.734752655029297
2015-08-19,18.611154556274414
2015-08-20,18.156469345092773
2015-08-21,17.46340560913086
2015-08-24,16.774757385253906
2015-08-25,16.642324447631836
2015-08-26,17.48106575012207
2015-08-27,17.887189865112305
2015-08-28,17.92250633239746
2015-08-31,17.759174346923828
2015-09-01,17.189720153808594
2015-09-02,17.60466957092285
2015-09-03,17.61790657043457
2015-09-04,17.348623275756836
2015-09-08,17.834217071533203
2015-09-09,17.600252151489258
2015-09-10,17.776826858520508
2015-09-11,17.860702514648438
2015-09-14,17.81655502319336
2015-09-15,18.046110153198242
2015-09-16,18.121150970458984
2015-09-17,17.99754524230957
2015-09-18,17.76385498046875
2015-09-21,17.94123649597168
2015-09-22,17.639699935913086
2015-09-23,17.684040069580078
2015-09-24,17.684040069580078
2015-09-25,17.653003692626953
2015-09-28,17.249479293823242
2015-09-29,17.174097061157227
2015-09-30,17.51553726196289
2015-10-01,17.5244083404541
2015-10-02,17.77273178100586
2015-10-05,18.1230411529541
2015-10-06,18.14520835876465
2015-10-07,18.229461669921875
2015-10-08,18.313709259033203
2015-10-09,18.39353370666504
2015-10-12,18.41570281982422
2015-10-13,18.37579917907715
2015-10-14,18.340322494506836
2015-10-15,18.575340270996094
2015-10-16,18.610807418823242
2015-10-19,18.6817626953125
2015-10-20,18.63298797607422
2015-10-21,18.491085052490234
2015-10-22,18.90790557861328
2015-10-23,19.435592651367188
2015-10-26,19.360214233398438
2015-10-27,19.24935531616211
2015-10-28,19.537588119506836
2015-10-29,19.484373092651367
2015-10-30,19.35577964782715
2015-11-02,19.528717041015625
2015-11-03,19.630704879760742
2015-11-04,19.65287208557129
2015-11-05,19.595232009887695
2015-11-06,19.661746978759766
2015-11-09,19.471073150634766
2015-11-10,19.34247589111328
2015-11-11,19.3336124420166
2015-11-12,19.165102005004883
2015-11-13,18.788188934326172
2015-11-16,19.076417922973633
2015-11-17,19.080848693847656
2015-11-18,19.369083404541016
2015-11-19,19.457763671875
2015-11-20,19.59966468811035
2015-11-23,19.484373092651367
2015-11-24,19.48880958557129
2015-11-25,19.42672348022461
2015-11-27,19.471073150634766
2015-11-30,19.493244171142578
2015-12-01,19.666181564331055
2015-12-02,19.542020797729492
2015-12-03,19.289262771606445
2015-12-04,19.763734817504883
2015-12-07,19.666181564331055
2015-12-08,19.617408752441406
2015-12-09,19.329166412353516
2015-12-10,19.38237762451172
2015-12-11,18.978862762451172
2015-12-14,19.12519073486328
2015-12-15,19.209440231323242
2015-12-16,19.471073150634766
2015-12-17,19.165102005004883
2015-12-18,18.793418884277344
2015-12-21,18.985055923461914
2015-12-22,19.123207092285156
2015-12-23,19.283641815185547
2015-12-24,19.274738311767578
2015-12-28,19.261362075805664
2015-12-29,19.52430534362793
2015-12-30,19.359405517578125
2015-12-31,19.087556838989258
2016-01-04,18.837995529174805
2016-01-05,18.788970947265625
2016-01-06,18.557226181030273
2016-01-07,18.009063720703125
2016-01-08,17.866451263427734
2016-01-11,17.982322692871094
2016-01-12,18.19624137878418
2016-01-13,17.706018447875977
2016-01-14,18.040264129638672
2016-01-15,17.53220558166504
2016-01-19,17.550039291381836
2016-01-20,17.411893844604492
2016-01-21,17.50992774963379
2016-01-22,17.995691299438477
2016-01-25,17.786239624023438
2016-01-26,17.96004295349121
2016-01-27,17.59014892578125
2016-01-28,17.817434310913086
2016-01-29,18.37896156311035
2016-02-01,18.445812225341797
2016-02-02,18.11602783203125
2016-02-03,18.093746185302734
2016-02-04,18.111572265625
2016-02-05,17.603517532348633
2016-02-08,17.3494873046875
2016-02-09,17.26927375793457
2016-02-10,17.29601287841797
2016-02-11,17.260353088378906
2016-02-12,17.501012802124023
2016-02-16,17.81297492980957
2016-02-17,18.17841339111328
2016-02-18,18.10710334777832
2016-02-19,18.1204776763916
2016-02-22,18.361135482788086
2016-02-23,18.071460723876953
2016-02-24,18.209617614746094
2016-02-25,18.4368896484375
2016-02-26,18.387876510620117
2016-02-29,18.258628845214844
2016-03-01,18.802331924438477
2016-03-02,18.855819702148438
2016-03-03,18.855819702148438
2016-03-04,18.904844284057617
2016-03-07,18.788970947265625
2016-03-08,18.673097610473633
2016-03-09,18.833532333374023
2016-03-10,18.81570053100586
2016-03-11,19.105384826660156
2016-03-14,19.127670288085938
2016-03-15,19.198974609375
2016-03-16,19.421796798706055
2016-03-17,19.493104934692383
2016-03-18,19.524457931518555
2016-03-21,19.591644287109375
2016-03-22,19.59612464904785
2016-03-23,19.48415184020996
2016-03-24,19.53789710998535
2016-03-28,19.48862648010254
2016-03-29,19.793214797973633
2016-03-30,19.90966796875
2016-03-31,19.869354248046875
2016-04-01,20.021638870239258
2016-04-04,19.945499420166016
2016-04-05,19.752893447875977
2016-04-06,19.945499420166016
2016-04-07,19.658836364746094
2016-04-08,19.658836364746094
2016-04-11,19.605083465576172
2016-04-12,19.739458084106445
2016-04-13,19.941015243530273
2016-04-14,19.936534881591797
2016-04-15,19.860397338867188
2016-04-18,19.945499420166016
2016-04-19,19.833524703979492
2016-04-20,19.87382698059082
2016-04-21,19.80217170715332
2016-04-22,19.4572696685791
2016-04-25,19.461753845214844
2016-04-26,19.367698669433594
2016-04-27,19.278106689453125
2016-04-28,19.036243438720703
2016-04-29,18.870513916015625
2016-05-02,19.009366989135742
2016-05-03,18.83467674255371
2016-05-04,18.776447296142578
2016-05-05,18.785404205322266
2016-05-06,18.924257278442383
2016-05-09,18.924257278442383
2016-05-10,19.170612335205078
2016-05-11,19.031757354736328
2016-05-12,18.978012084960938
2016-05-13,18.906335830688477
2016-05-16,19.170612335205078
2016-05-17,18.978012084960938
2016-05-18,19.01384162902832
2016-05-19,18.91082000732422
2016-05-20,19.139259338378906
2016-05-23,19.103422164916992
2016-05-24,19.461753845214844
2016-05-25,19.59612464904785
2016-05-26,19.658836364746094
2016-05-27,19.752893447875977
2016-05-31,19.793214797973633
2016-06-01,19.74393653869629
2016-06-02,19.726022720336914
2016-06-03,19.68123435974121
2016-06-06,19.717058181762695
2016-06-07,19.797685623168945
2016-06-08,19.838003158569336
2016-06-09,19.842477798461914
2016-06-10,19.690185546875
2016-06-13,19.47071075439453
2016-06-14,19.515499114990234
2016-06-15,19.46623420715332
2016-06-16,19.506547927856445
2016-06-17,19.376468658447266
2016-06-20,19.45748519897461
2016-06-21,19.59250831604004
2016-06-22,19.52499008178711
2016-06-23,19.790552139282227
2016-06-24,19.0299015045166
2016-06-27,18.64731788635254
2016-06-28,19.016393661499023
2016-06-29,19.3089542388916
2016-06-30,19.520503997802734
2016-07-01,19.565505981445312
2016-07-05,19.42148208618164
2016-07-06,19.55650520324707
2016-07-07,19.55650520324707
2016-07-08,19.862567901611328
2016-07-11,19.979595184326172
2016-07-12,20.14162254333496
2016-07-13,20.14612579345703
2016-07-14,20.276649475097656
2016-07-15,20.25865364074707
2016-07-18,20.3936767578125
2016-07-19,20.34866714477539
2016-07-20,20.614219665527344
2016-07-21,20.506202697753906
2016-07-22,20.62772560119629
2016-07-25,20.60072135925293
2016-07-26,20.64572525024414
2016-07-27,20.816770553588867
2016-07-28,20.83026695251465
2016-07-29,20.90679168701172
2016-08-01,20.94729232788086
2016-08-02,20.789756774902344
2016-08-03,20.86176872253418
2016-08-04,20.974288940429688
2016-08-05,21.176837921142578
2016-08-08,21.172334671020508
2016-08-09,21.21734046936035
2016-08-10,21.14983558654785
2016-08-11,21.226341247558594
2016-08-12,21.203842163085938
2016-08-15,21.307363510131836
2016-08-16,21.14983558654785
2016-08-17,21.140827178955078
2016-08-18,21.14983558654785
2016-08-19,21.163339614868164
2016-08-22,21.163339614868164
2016-08-23,21.23984718322754
2016-08-24,21.122825622558594
2016-08-25,21.16783332824707
2016-08-26,21.176837921142578
2016-08-29,21.25785255432129
2016-08-30,21.185840606689453
2016-08-31,21.14983558654785
2016-09-01,21.21734046936035
2016-09-02,21.31186294555664
2016-09-06,21.419893264770508
2016-09-07,21.47389030456543
2016-09-08,21.298355102539062
2016-09-09,20.77625846862793
2016-09-12,21.122825622558594
2016-09-13,20.969783782958984
2016-09-14,21.068811416625977
2016-09-15,21.415390014648438
2016-09-16,21.336746215820312
2016-09-19,21.29607582092285
2016-09-20,21.282514572143555
2016-09-21,21.522050857543945
2016-09-22,21.65311622619629
2016-09-23,21.46329116821289
2016-09-26,21.336746215820312
2016-09-27,21.57176971435547
2016-09-28,21.612436294555664
2016-09-29,21.481365203857422
2016-09-30,21.594364166259766
2016-10-03,21.53108787536621
2016-10-04,21.454256057739258
2016-10-05,21.53108787536621
2016-10-06,21.5808048248291
2016-10-07,21.522050857543945
2016-10-10,21.67119598388672
2016-10-11,21.427135467529297
2016-10-12,21.46329116821289
2016-10-13,21.32770347595215
2016-10-14,21.409053802490234
2016-10-17,21.363866806030273
2016-10-18,21.481365203857422
2016-10-19,21.522050857543945
2016-10-20,21.422618865966797
2016-10-21,21.481365203857422
2016-10-24,21.68927001953125
2016-10-25,21.612436294555664
2016-10-26,21.49040412902832
2016-10-27,21.46329116821289
2016-10-28,21.440692901611328
2016-10-31,21.431663513183594
2016-11-01,21.246353149414062
2016-11-02,21.110769271850586
2016-11-03,20.907386779785156
2016-11-04,20.87123680114746
2016-11-07,21.32318687438965
2016-11-08,21.427135467529297
2016-11-09,21.400020599365234
2016-11-10,21.05653190612793
2016-11-11,21.11980628967285
2016-11-14,20.798919677734375
2016-11-15,21.092693328857422
2016-11-16,21.287031173706055
2016-11-17,21.422618865966797
2016-11-18,21.404537200927734
2016-11-21,21.621471405029297
2016-11-22,21.68927001953125
2016-11-23,21.603403091430664
2016-11-25,21.69378662109375
2016-11-28,21.711870193481445
2016-11-29,21.72542953491211
2016-11-30,21.467815399169922
2016-12-01,21.024898529052734
2016-12-02,21.101734161376953
2016-12-05,21.305112838745117
2016-12-06,21.36838150024414
2016-12-07,21.7751407623291
2016-12-08,21.829378128051758
2016-12-09,21.98756217956543
2016-12-12,21.91976547241211
2016-12-13,22.195459365844727
2016-12-14,22.11862564086914
2016-12-15,22.21805763244629
2016-12-16,22.057357788085938
2016-12-19,22.21623992919922
2016-12-20,22.29795265197754
2016-12-21,22.2525634765625
2016-12-22,22.207164764404297
2016-12-23,22.2298583984375
2016-12-27,22.32065200805664
2016-12-28,22.120912551879883
2016-12-29,22.12545394897461
2016-12-30,21.952951431274414
2017-01-03,22.148149490356445
2017-01-04,22.22532081604004
2017-01-05,22.26163673400879
2017-01-06,22.42505645751953
2017-01-09,22.420516967773438
2017-01-10,22.42505645751953
2017-01-11,22.52946662902832
2017-01-12,22.474990844726562
2017-01-13,22.543088912963867
2017-01-17,22.456830978393555
2017-01-18,22.515850067138672
2017-01-19,22.48406982421875
2017-01-20,22.60663414001465
2017-01-23,22.647499084472656
2017-01-24,22.788219451904297
2017-01-25,23.0061092376709
2017-01-26,22.94255828857422
2017-01-27,23.033349990844727
2017-01-30,22.847232818603516
2017-01-31,22.73374366760254
2017-02-01,22.906238555908203
2017-02-02,22.860849380493164
2017-02-03,23.01064682006836
2017-02-06,23.024272918701172
2017-02-07,23.11505889892578
2017-02-08,23.155912399291992
2017-02-09,23.228548049926758
2017-02-10,23.296630859375
2017-02-13,23.401046752929688
2017-02-14,23.47821617126465
2017-02-15,23.555387496948242
2017-02-16,23.609861373901367
2017-02-17,23.691570281982422
2017-02-21,23.81414031982422
2017-02-22,23.841379165649414
2017-02-23,23.836841583251953
2017-02-24,23.89130973815918
2017-02-27,23.8776912689209
2017-02-28,23.764209747314453
2017-03-01,24.10013198852539
2017-03-02,23.94124984741211
2017-03-03,23.995725631713867
2017-03-06,23.959402084350586
2017-03-07,23.959402084350586
2017-03-08,23.98664665222168
2017-03-09,23.98210334777832
2017-03-10,24.10920524597168
2017-03-13,24.13190460205078
2017-03-14,24.077428817749023
2017-03-15,24.240854263305664
2017-03-16,24.254470825195312
2017-03-17,24.30687141418457
2017-03-20,24.32965660095215
2017-03-21,23.974218368530273
2017-03-22,24.124591827392578
2017-03-23,24.0607967376709
2017-03-24,24.07902717590332
2017-03-27,24.07902717590332
2017-03-28,24.2521915435791
2017-03-29,24.293203353881836
2017-03-30,24.33877182006836
2017-03-31,24.293203353881836
2017-04-03,24.27042007446289
2017-04-04,24.288644790649414
2017-04-05,24.18839454650879
2017-04-06,24.19295310974121
2017-04-07,24.179279327392578
2017-04-10,24.133708953857422
2017-04-11,24.042570114135742
2017-04-12,23.960552215576172
2017-04-13,23.864850997924805
2017-04-17,24.083581924438477
2017-04-18,24.07902717590332
2017-04-19,24.0607967376709
2017-04-20,24.279531478881836
2017-04-21,24.22940444946289
2017-04-24,24.516496658325195
2017-04-25,24.644092559814453
2017-04-26,24.616756439208984
2017-04-27,24.717004776000977
2017-04-28,24.78079605102539
2017-05-01,24.967639923095703
2017-05-02,25.022314071655273
2017-05-03,24.97675132751465
2017-05-04,24.95852279663086
2017-05-05,25.049663543701172
2017-05-08,25.15903091430664
2017-05-09,25.190927505493164
2017-05-10,25.286623001098633
2017-05-11,25.254722595214844
2017-05-12,25.318523406982422
2017-05-15,25.459789276123047
2017-05-16,25.578271865844727
2017-05-17,24.881059646606445
2017-05-18,25.02688217163086
2017-05-19,25.172697067260742
2017-05-22,25.37320899963379
2017-05-23,25.418779373168945
2017-05-24,25.523590087890625
2017-05-25,25.70586395263672
2017-05-26,25.692195892333984
2017-05-30,25.801565170288086
2017-05-31,25.760549545288086
2017-06-01,25.824344635009766
2017-06-02,26.061311721801758
2017-06-05,26.08409309387207
2017-06-06,26.033966064453125
2017-06-07,26.115989685058594
2017-06-08,26.17523193359375
2017-06-09,25.52814292907715
2017-06-12,25.377761840820312
2017-06-13,25.560039520263672
2017-06-14,25.437002182006836
2017-06-15,25.323081970214844
2017-06-16,25.27869987487793
2017-06-19,25.653873443603516
2017-06-20,25.447986602783203
2017-06-21,25.589824676513672
2017-06-22,25.598962783813477
2017-06-23,25.759105682373047
2017-06-26,25.62184715270996
2017-06-27,25.20092010498047
2017-06-28,25.516613006591797
2017-06-29,25.0590877532959
2017-06-30,25.036203384399414
2017-07-03,24.862342834472656
2017-07-05,25.109413146972656
2017-07-06,24.88064193725586
2017-07-07,25.16888999938965
2017-07-10,25.351905822753906
2017-07-11,25.40680503845215
2017-07-12,25.73623275756836
2017-07-13,25.786563873291016
2017-07-14,26.01532554626465
2017-07-17,26.019901275634766
2017-07-18,26.13886070251465
2017-07-19,26.271543502807617
2017-07-20,26.326446533203125
2017-07-21,26.294422149658203
2017-07-24,26.358478546142578
2017-07-25,26.308149337768555
2017-07-26,26.408811569213867
2017-07-27,26.308149337768555
2017-07-28,26.280691146850586
2017-07-31,26.152584075927734
2017-08-01,26.285276412963867
2017-08-02,26.358478546142578
2017-08-03,26.29899787902832
2017-08-04,26.358478546142578
2017-08-07,26.518613815307617
2017-08-08,26.48200798034668
2017-08-09,26.46828269958496
2017-08-10,25.946697235107422
2017-08-11,26.125137329101562
2017-08-14,26.541488647460938
2017-08-15,26.582672119140625
2017-08-16,26.660446166992188
2017-08-17,26.13886070251465
2017-08-18,26.111413955688477
2017-08-21,26.10225486755371
2017-08-22,26.491165161132812
2017-08-23,26.427112579345703
2017-08-24,26.40422821044922
2017-08-25,26.399658203125
2017-08-28,26.44998550415039
2017-08-29,26.56436538696289
2017-08-30,26.756526947021484
2017-08-31,26.916669845581055
2017-09-01,26.893796920776367
2017-09-05,26.65587615966797
2017-09-06,26.67875099182129
2017-09-07,26.770252227783203
2017-09-08,26.550642013549805
2017-09-11,26.925819396972656
2017-09-12,26.989879608154297
2017-09-13,26.953271865844727
2017-09-14,26.86176109313965
2017-09-15,26.971506118774414
2017-09-18,26.994464874267578
2017-09-19,27.113849639892578
2017-09-20,27.00364112854004
2017-09-21,26.85671615600586
2017-09-22,26.87049102783203
2017-09-25,26.553661346435547
2017-09-26,26.65009117126465
2017-09-27,26.920995712280273
2017-09-28,26.95313262939453
2017-09-29,27.136808395385742
2017-10-02,27.17812728881836
2017-10-03,27.242416381835938
2017-10-04,27.224048614501953
2017-10-05,27.48577117919922
2017-10-06,27.527103424072266
2017-10-09,27.595975875854492
2017-10-10,27.62352752685547
2017-10-11,27.715354919433594
2017-10-12,27.64647674560547
2017-10-13,27.779640197753906
2017-10-16,27.880653381347656
2017-10-17,27.880653381347656
2017-10-18,27.94952964782715
2017-10-19,27.866880416870117
2017-10-20,28.05513572692871
2017-10-23,27.92198371887207
2017-10-24,28.000036239624023
2017-10-25,27.848514556884766
2017-10-26,27.963306427001953
2017-10-27,28.716341018676758
2017-10-30,28.780624389648438
2017-10-31,28.904600143432617
2017-11-01,28.909196853637695
2017-11-02,28.922969818115234
2017-11-03,29.152551651000977
2017-11-06,29.216838836669922
2017-11-07,29.23061180114746
2017-11-08,29.391321182250977
2017-11-09,29.157136917114258
2017-11-10,29.157136917114258
2017-11-13,29.147958755493164
2017-11-14,29.088268280029297
2017-11-15,28.872459411621094
2017-11-16,29.27652359008789
2017-11-17,29.088268280029297
2017-11-20,29.198467254638672
2017-11-21,29.506105422973633
2017-11-22,29.451005935668945
2017-11-24,29.616310119628906
2017-11-27,29.616310119628906
2017-11-28,29.712732315063477
2017-11-29,29.056123733520508
2017-11-30,29.313261032104492
2017-12-01,29.161733627319336
2017-12-04,28.69338035583496
2017-12-05,28.702564239501953
2017-12-06,28.8862361907959
2017-12-07,29.065305709838867
2017-12-08,29.20305633544922
2017-12-11,29.45560073852539
2017-12-12,29.446413040161133
2017-12-13,29.45560073852539
2017-12-14,29.418869018554688
2017-12-15,29.75438690185547
2017-12-18,30.01708984375
2017-12-19,29.832740783691406
2017-12-20,29.823518753051758
2017-12-21,29.763608932495117
2017-12-22,29.74517822265625
2017-12-26,29.546995162963867
2017-12-27,29.579246520996094
2017-12-28,29.629955291748047
2017-12-29,29.47325325012207
2018-01-02,29.83735466003418
2018-01-03,30.086219787597656
2018-01-04,30.238300323486328
2018-01-05,30.55632781982422
2018-01-08,30.671541213989258
2018-01-09,30.593177795410156
2018-01-10,30.4871883392334
2018-01-11,30.61162757873535
2018-01-12,30.791370391845703
2018-01-16,30.671541213989258
2018-01-17,31.13241958618164
2018-01-18,31.18773078918457
2018-01-19,31.247634887695312
2018-01-22,31.551815032958984
2018-01-23,31.690093994140625
2018-01-24,31.445816040039062
2018-01-25,31.390504837036133
2018-01-26,31.888263702392578
2018-01-29,31.597900390625
2018-01-30,31.31216812133789
2018-01-31,31.547197341918945
2018-02-01,31.574865341186523
2018-02-02,30.639280319213867
2018-02-05,29.358034133911133
2018-02-06,30.20144271850586
2018-02-07,29.81430435180664
2018-02-08,28.579145431518555
2018-02-09,29.279682159423828
2018-02-12,29.805084228515625
2018-02-13,29.878828048706055
2018-02-14,30.42726707458496
2018-02-15,31.007980346679688
2018-02-16,30.96188735961914
2018-02-20,30.989540100097656
2018-02-21,30.791370391845703
2018-02-22,30.8282470703125
2018-02-23,31.47347640991211
2018-02-26,31.966609954833984
2018-02-27,31.643993377685547
2018-02-28,31.418155670166016
2018-03-01,30.897361755371094
2018-03-02,31.192340850830078
2018-03-05,31.51034164428711
2018-03-06,31.579469680786133
2018-03-07,31.75459098815918
2018-03-08,31.89286994934082
2018-03-09,32.49662399291992
2018-03-12,32.5980224609375
2018-03-13,32.224708557128906
2018-03-14,32.197059631347656
2018-03-15,32.21548080444336
2018-03-16,32.18219757080078
2018-03-19,31.544206619262695
2018-03-20,31.53032875061035
2018-03-21,31.340770721435547
2018-03-22,30.531713485717773
2018-03-23,29.718029022216797
2018-03-26,30.84608268737793
2018-03-27,29.856735229492188
2018-03-28,29.657926559448242
2018-03-29,30.245075225830078
2018-04-02,29.523853302001953
2018-04-03,29.815113067626953
2018-04-04,30.231199264526367
2018-04-05,30.356033325195312
2018-04-06,29.6116943359375
2018-04-09,29.842853546142578
2018-04-10,30.57793617248535
2018-04-11,30.397640228271484
2018-04-12,30.76287078857422
2018-04-13,30.66115951538086
2018-04-16,30.89694595336914
2018-04-17,31.470230102539062
2018-04-18,31.38700294494629
2018-04-19,31.040260314941406
2018-04-20,30.610307693481445
2018-04-23,30.499353408813477
2018-04-24,29.967683792114258
2018-04-25,29.97230339050293
2018-04-26,30.517847061157227
2018-04-27,30.462360382080078
2018-04-30,30.26356315612793
2018-05-01,30.64266586303711
2018-05-02,30.610307693481445
2018-05-03,30.679649353027344
2018-05-04,31.262176513671875
2018-05-07,31.479480743408203
2018-05-08,31.548812866210938
2018-05-09,31.937171936035156
2018-05-10,32.35325622558594
2018-05-11,32.30702590942383
2018-05-14,32.30239486694336
2018-05-15,31.997262954711914
2018-05-16,32.14059066772461
2018-05-17,31.974157333374023
2018-05-18,31.84007453918457
2018-05-21,32.11748123168945
2018-05-22,32.07124328613281
2018-05-23,32.30702590942383
2018-05-24,32.270042419433594
2018-05-25,32.246925354003906
2018-05-29,32.07124328613281
2018-05-30,32.30702590942383
2018-05-31,32.31626892089844
2018-06-01,32.8664436340332
2018-06-04,33.129947662353516
2018-06-05,33.24553680419922
2018-06-06,33.46281814575195
2018-06-07,33.19468688964844
2018-06-08,33.13919448852539
2018-06-11,33.176185607910156
2018-06-12,33.33800506591797
2018-06-13,33.16694259643555
2018-06-14,33.40272903442383
2018-06-15,33.2751350402832
2018-06-18,33.312255859375
2018-06-19,33.140602111816406
2018-06-20,33.210182189941406
2018-06-21,32.95500564575195
2018-06-22,32.84829330444336
2018-06-25,32.16627502441406
2018-06-26,32.29618453979492
2018-06-27,31.85542106628418
2018-06-28,32.245147705078125
2018-06-29,32.23124313354492
2018-07-02,32.51888656616211
2018-07-03,32.1337890625
2018-07-05,32.58847427368164
2018-07-06,32.96891784667969
2018-07-09,33.21946716308594
2018-07-10,33.298336029052734
2018-07-11,33.16842269897461
2018-07-12,33.69270324707031
2018-07-13,33.65559005737305
2018-07-16,33.57670211791992
2018-07-17,33.8272590637207
2018-07-18,33.77157974243164
2018-07-19,33.65093231201172
2018-07-20,33.66022491455078
2018-07-23,33.831886291503906
2018-07-24,34.01747512817383
2018-07-25,34.44431686401367
2018-07-26,33.91539764404297
2018-07-27,33.3354377746582
2018-07-30,32.81582260131836
2018-07-31,32.90397644042969
2018-08-01,33.20091247558594
2018-08-02,33.61847686767578
2018-08-03,33.739097595214844
2018-08-06,33.92003631591797
2018-08-07,34.04995346069336
2018-08-08,34.14273452758789
2018-08-09,34.15666198730469
2018-08-10,33.8829231262207
2018-08-13,33.83654022216797
2018-08-14,34.04530334472656
2018-08-15,33.739097595214844
2018-08-16,33.88756561279297
2018-08-17,33.9385986328125
2018-08-20,33.88756561279297
2018-08-21,33.94324493408203
2018-08-22,34.04530334472656
2018-08-23,34.11954116821289
2018-08-24,34.46287536621094
2018-08-27,34.778377532958984
2018-08-28,34.83866882324219
2018-08-29,35.154178619384766
2018-08-30,35.04745864868164
2018-08-31,35.07530212402344
2018-09-04,34.94074630737305
2018-09-05,34.50463104248047
2018-09-06,34.25409698486328
2018-09-07,34.13810348510742
2018-09-10,34.244815826416016
2018-09-11,34.53710174560547
2018-09-12,34.39327621459961
2018-09-13,34.79691696166992
2018-09-14,34.76908874511719
2018-09-17,34.33297348022461
2018-09-18,34.55103302001953
2018-09-19,34.46287536621094
2018-09-20,34.87116241455078
2018-09-21,34.73335647583008
2018-09-24,34.905609130859375
2018-09-25,34.86370849609375
2018-09-26,34.73335647583008
2018-09-27,34.938194274902344
2018-09-28,35.068546295166016
2018-10-01,35.23613357543945
2018-10-02,35.24079132080078
2018-10-03,35.34786605834961
2018-10-04,34.7100830078125
2018-10-05,34.272483825683594
2018-10-08,33.88610076904297
2018-10-09,34.00713348388672
2018-10-10,32.3591423034668
2018-10-11,31.949481964111328
2018-10-12,32.97365951538086
2018-10-15,32.433624267578125
2018-10-16,33.411251068115234
2018-10-17,33.25762176513672
2018-10-18,32.605873107910156
2018-10-19,32.5919075012207
2018-10-22,32.86191940307617
2018-10-23,32.73623275756836
2018-10-24,31.269794464111328
2018-10-25,32.34517288208008
2018-10-26,31.698095321655273
2018-10-29,31.16273307800293
2018-10-30,31.511882781982422
2018-10-31,32.261390686035156
2018-11-01,32.638458251953125
2018-11-02,32.00068283081055
2018-11-05,31.968109130859375
2018-11-06,32.168277740478516
2018-11-07,33.11330032348633
2018-11-08,33.085384368896484
2018-11-09,32.51276779174805
2018-11-12,31.367565155029297
2018-11-13,31.404809951782227
2018-11-14,31.027721405029297
2018-11-15,31.80515480041504
2018-11-16,31.753952026367188
2018-11-19,30.543560028076172
2018-11-20,29.887168884277344
2018-11-21,30.105974197387695
2018-11-23,29.831310272216797
2018-11-26,30.50632667541504
2018-11-27,30.566850662231445
2018-11-28,31.6375732421875
2018-11-29,31.330324172973633
2018-11-30,31.62826156616211
2018-12-03,32.3265495300293
2018-12-04,31.102209091186523
2018-12-06,31.172035217285156
2018-12-07,30.073383331298828
2018-12-10,30.487699508666992
2018-12-11,30.52495002746582
2018-12-12,30.762372970581055
2018-12-13,30.813575744628906
2018-12-14,30.059417724609375
2018-12-17,29.4216365814209
2018-12-18,29.65440559387207
2018-12-19,29.067827224731445
2018-12-20,28.546438217163086
2018-12-21,27.679122924804688
2018-12-24,26.940391540527344
2018-12-26,28.56747055053711
2018-12-27,28.773195266723633
2018-12-28,28.707746505737305
2018-12-31,28.978925704956055
2019-01-02,28.99762535095215
2019-01-03,27.5341796875
2019-01-04,28.75450325012207
2019-01-07,29.011653900146484
2019-01-08,29.254777908325195
2019-01-09,29.633501052856445
2019-01-10,29.7644100189209
2019-01-11,29.708309173583984
2019-01-14,29.43244743347168
2019-01-15,29.87662696838379
2019-01-16,29.90467643737793
2019-01-17,30.09637451171875
2019-01-18,30.554580688476562
2019-01-22,30.040264129638672
2019-01-23,30.143129348754883
2019-01-24,30.395610809326172
2019-01-25,30.825756072998047
2019-01-28,30.414306640625
2019-01-29,30.087018966674805
2019-01-30,31.022125244140625
2019-01-31,30.989397048950195
2019-02-01,31.171751022338867
2019-02-04,31.672029495239258
2019-02-05,31.93854331970215
2019-02-06,32.04607009887695
2019-02-07,31.60657501220703
2019-02-08,31.78891372680664
2019-02-11,31.774883270263672
2019-02-12,32.19569396972656
2019-02-13,32.237762451171875
2019-02-14,32.293888092041016
2019-02-15,32.55104064941406
2019-02-19,32.56037902832031
2019-02-20,32.597782135009766
2019-02-21,32.61181640625
2019-02-22,33.02792739868164
2019-02-25,33.1869010925293
2019-02-26,33.25703048706055
2019-02-27,33.22429275512695
2019-02-28,33.13078308105469
2019-03-01,33.35520935058594
2019-03-04,33.22898483276367
2019-03-05,33.13078308105469
2019-03-06,32.957801818847656
2019-03-07,32.64453887939453
2019-03-08,32.63987731933594
2019-03-11,33.34119415283203
2019-03-12,33.537567138671875
2019-03-13,33.75731658935547
2019-03-14,33.82743835449219
2019-03-15,34.23693084716797
2019-03-18,34.38235092163086
2019-03-19,34.45270919799805
2019-03-20,34.35888671875
2019-03-21,35.22196578979492
2019-03-22,34.3917236328125
2019-03-25,34.24162292480469
2019-03-26,34.429264068603516
2019-03-27,34.232242584228516
2019-03-28,34.372962951660156
2019-03-29,34.7107048034668
2019-04-01,35.184444427490234
2019-04-02,35.3064079284668
2019-04-03,35.59253692626953
2019-04-04,35.44243240356445
2019-04-05,35.611305236816406
2019-04-08,35.74732208251953
2019-04-09,35.578468322753906
2019-04-10,35.827056884765625
2019-04-11,35.7801513671875
2019-04-12,36.02875900268555
2019-04-15,36.014686584472656
2019-04-16,36.1976203918457
2019-04-17,36.399314880371094
2019-04-18,36.50251007080078
2019-04-22,36.58694076538086
2019-04-23,36.98564147949219
2019-04-24,36.999732971191406
2019-04-25,36.99034118652344
2019-04-26,36.84961700439453
2019-04-29,36.8590087890625
2019-04-30,36.91998291015625
2019-05-01,36.826171875
2019-05-02,36.63384246826172
2019-05-03,36.98095703125
2019-05-06,36.69482421875
2019-05-07,35.90681076049805
2019-05-08,35.864593505859375
2019-05-09,35.62067413330078
2019-05-10,35.733253479003906
2019-05-13,34.38703155517578
2019-05-14,34.94051742553711
2019-05-15,35.32047653198242
2019-05-16,35.64411926269531
2019-05-17,35.357994079589844
2019-05-20,34.743534088134766
2019-05-21,35.17036819458008
2019-05-22,34.987430572509766
2019-05-23,34.372962951660156
2019-05-24,34.38235092163086
2019-05-28,34.28384780883789
2019-05-29,34.0821418762207
2019-05-30,34.293216705322266
2019-05-31,33.720970153808594
2019-06-03,33.129947662353516
2019-06-04,34.23693084716797
2019-06-05,34.68254470825195
2019-06-06,35.08594512939453
2019-06-07,35.73795700073242
2019-06-10,36.10380935668945
2019-06-11,36.10380935668945
2019-06-12,35.90211868286133
2019-06-13,36.00999450683594
2019-06-14,35.695716857910156
2019-06-17,35.723854064941406
2019-06-18,36.37118148803711
2019-06-19,36.50251007080078
2019-06-20,37.03723907470703
2019-06-21,36.86214065551758
2019-06-24,36.9327507019043
2019-06-25,36.25490188598633
2019-06-26,36.645606994628906
2019-06-27,36.73975372314453
2019-06-28,36.735042572021484
2019-07-01,37.31874084472656
2019-07-02,37.41758346557617
2019-07-03,37.70472717285156
2019-07-05,37.634117126464844
2019-07-08,37.34697723388672
2019-07-09,37.47877502441406
2019-07-10,37.77534484863281
2019-07-11,37.916561126708984
2019-07-12,38.19426727294922
2019-07-15,38.32136535644531
2019-07-16,37.96363067626953
2019-07-17,37.86476516723633
2019-07-18,38.1472053527832
2019-07-19,37.982452392578125
2019-07-22,38.42022705078125
2019-07-23,38.632049560546875
2019-07-24,38.952152252197266
2019-07-25,38.79209518432617
2019-07-26,38.87681579589844
2019-07-29,38.8532829284668
2019-07-30,38.60380172729492
2019-07-31,38.02010726928711
2019-08-01,37.827117919921875
2019-08-02,37.210472106933594
2019-08-05,35.6570930480957
2019-08-06,36.25020217895508
2019-08-07,36.47614288330078
2019-08-08,37.370513916015625
2019-08-09,36.946861267089844
2019-08-12,36.462032318115234
2019-08-13,37.375213623046875
2019-08-14,36.22666549682617
2019-08-15,36.1607666015625
2019-08-16,36.848026275634766
2019-08-19,37.40817642211914
2019-08-20,37.21988296508789
2019-08-21,37.657649993896484
2019-08-22,37.56821060180664
2019-08-23,36.32551574707031
2019-08-26,36.82918930053711
2019-08-27,36.772708892822266
2019-08-28,36.80564880371094
2019-08-29,37.445838928222656
2019-08-30,37.43642807006836
2019-09-03,36.97981643676758
2019-09-04,37.61058044433594
2019-09-05,38.39668273925781
2019-09-06,38.36373519897461
2019-09-09,38.07659149169922
2019-09-10,37.883602142333984
2019-09-11,38.27900695800781
2019-09-12,38.48612594604492
2019-09-13,38.20369338989258
2019-09-16,38.10954666137695
2019-09-17,38.26487731933594
2019-09-18,38.26018524169922
2019-09-19,38.344913482666016
2019-09-20,37.89775848388672
2019-09-23,38.01579666137695
2019-09-24,37.647499084472656
2019-09-25,38.09606170654297
2019-09-26,38.13856506347656
2019-09-27,37.628597259521484
2019-09-30,38.02524185180664
2019-10-01,37.67109298706055
2019-10-02,36.96281814575195
2019-10-03,37.41611099243164
2019-10-04,38.034690856933594
2019-10-07,37.8741340637207
2019-10-08,37.180030822753906
2019-10-09,37.73248291015625
2019-10-10,37.992183685302734
2019-10-11,38.51631164550781
2019-10-14,38.492698669433594
2019-10-15,38.91767501831055
2019-10-16,38.64852523803711
2019-10-17,38.572959899902344
2019-10-18,38.20466613769531
2019-10-21,38.61545944213867
2019-10-22,38.09606170654297
2019-10-23,38.12912368774414
2019-10-24,38.686302185058594
2019-10-25,39.153770446777344
2019-10-28,39.64957046508789
2019-10-29,39.29069900512695
2019-10-30,39.53152847290039
2019-10-31,39.50790786743164
2019-11-01,39.98008728027344
2019-11-04,40.18784713745117
2019-11-05,40.14065170288086
2019-11-06,40.121742248535156
2019-11-07,40.43811798095703
2019-11-08,40.66476058959961
2019-11-11,40.683658599853516
2019-11-12,40.820579528808594
2019-11-13,40.910301208496094
2019-11-14,40.86308670043945
2019-11-15,41.1936149597168
2019-11-18,41.31638717651367
2019-11-19,41.39664840698242
2019-11-20,41.14638137817383
2019-11-21,40.938629150390625
2019-11-22,40.886688232421875
2019-11-25,41.481651306152344
2019-11-26,41.5194206237793
2019-11-27,41.750797271728516
2019-11-29,41.628028869628906
2019-12-02,41.033058166503906
2019-12-03,40.66948699951172
2019-12-04,40.834747314453125
2019-12-05,40.98585891723633
2019-12-06,41.43915557861328
2019-12-09,41.221946716308594
2019-12-10,41.25499725341797
2019-12-11,41.53358840942383
2019-12-12,41.977439880371094
2019-12-13,42.256038665771484
2019-12-16,42.633785247802734
2019-12-17,42.53462219238281
2019-12-18,42.52989959716797
2019-12-19,42.836830139160156
2019-12-20,43.08552932739258
2019-12-23,43.20869827270508
2019-12-24,43.22291946411133
2019-12-26,43.545047760009766
2019-12-27,43.54030990600586
2019-12-30,43.28923416137695
2019-12-31,43.4266242980957
2020-01-02,44.24142837524414
2020-01-03,43.744022369384766
2020-01-06,43.84823226928711
2020-01-07,43.82928466796875
2020-01-08,44.298274993896484
2020-01-09,44.800437927246094
2020-01-10,44.696205139160156
2020-01-13,45.255210876464844
2020-01-14,45.042022705078125
2020-01-15,45.094139099121094
2020-01-16,45.70050811767578
2020-01-17,46.0084342956543
2020-01-21,45.9894905090332
2020-01-22,46.15528869628906
2020-01-23,46.373199462890625
2020-01-24,46.15528869628906
2020-01-27,45.05624008178711
2020-01-28,45.918426513671875
2020-01-29,46.036869049072266
2020-01-30,46.434783935546875
2020-01-31,45.16046905517578
2020-02-03,45.757354736328125
2020-02-04,46.95587921142578
2020-02-05,47.23065185546875
2020-02-06,47.6617546081543
2020-02-07,47.225914001464844
2020-02-10,47.86545181274414
2020-02-11,47.70438766479492
2020-02-12,48.220741271972656
2020-02-13,48.092838287353516
2020-02-14,48.30127716064453
2020-02-18,48.12126159667969
2020-02-19,48.69446563720703
2020-02-20,48.18758773803711
2020-02-21,47.107479095458984
2020-02-24,45.16046905517578
2020-02-25,43.715599060058594
2020-02-26,43.91455078125
2020-02-27,41.5459098815918
2020-02-28,41.86331558227539
2020-03-02,44.284061431884766
2020-03-03,42.602333068847656
2020-03-04,44.43093490600586
2020-03-05,43.028682708740234
2020-03-06,42.11913299560547
2020-03-09,38.921470642089844
2020-03-10,41.51748275756836
2020-03-11,39.5562629699707
2020-03-12,35.69538879394531
2020-03-13,39.88313674926758
2020-03-16,34.373680114746094
2020-03-17,36.713897705078125
2020-03-18,35.33061599731445
2020-03-19,35.45852279663086
2020-03-20,33.8336296081543
2020-03-23,33.52457809448242
2020-03-24,36.95798873901367
2020-03-25,36.910362243652344
2020-03-26,39.196128845214844
2020-03-27,37.42466354370117
2020-03-30,39.00088882446289
2020-03-31,38.27229690551758
2020-04-01,36.448448181152344
2020-04-02,37.30085754394531
2020-04-03,36.72465133666992
2020-04-06,39.85804748535156
2020-04-07,39.50091552734375
2020-04-08,40.562835693359375
2020-04-09,40.572357177734375
2020-04-13,40.662841796875
2020-04-14,42.367637634277344
2020-04-15,41.443809509277344
2020-04-16,41.948577880859375
2020-04-17,42.505741119384766
2020-04-20,41.82476806640625
2020-04-21,40.07234573364258
2020-04-22,41.61524200439453
2020-04-23,41.32951736450195
2020-04-24,42.20572280883789
2020-04-27,42.5676383972168
2020-04-28,42.00096893310547
2020-04-29,43.72481155395508
2020-04-30,43.52957534790039
2020-05-01,42.33429718017578
2020-05-04,42.896217346191406
2020-05-05,43.48670959472656
2020-05-06,43.82481002807617
2020-05-07,44.481971740722656
2020-05-08,45.134361267089844
2020-05-11,45.43437194824219
2020-05-12,44.49626541137695
2020-05-13,43.72956848144531
2020-05-14,44.28673553466797
2020-05-15,44.51054000854492
2020-05-18,45.60104751586914
2020-05-19,45.43437194824219
2020-05-20,46.429630279541016
2020-05-21,45.782005310058594
2020-05-22,45.94868087768555
2020-05-26,45.90105056762695
2020-05-27,46.162960052490234
2020-05-28,46.072486877441406
2020-05-29,46.6534538269043
2020-06-01,46.639163970947266
2020-06-02,47.07726287841797
2020-06-03,47.44395065307617
2020-06-04,47.053462982177734
2020-06-05,48.29158020019531
2020-06-08,48.53444290161133
2020-06-09,48.76303482055664
2020-06-10,49.57732009887695
2020-06-11,46.73439407348633
2020-06-12,47.33918380737305
2020-06-15,47.796329498291016
2020-06-16,48.815406799316406
2020-06-17,48.805877685546875
2020-06-18,49.024925231933594
2020-06-19,48.686832427978516
2020-06-22,49.604129791259766
2020-06-23,49.96226501464844
2020-06-24,48.8353271484375
2020-06-25,49.46087646484375
2020-06-26,48.48675537109375
2020-06-29,49.016788482666016
2020-06-30,49.89542007446289
2020-07-01,49.97658920288086
2020-07-02,50.26786804199219
2020-07-06,51.14649963378906
2020-07-07,50.611690521240234
2020-07-08,51.43779373168945
2020-07-09,51.6240119934082
2020-07-10,51.60968017578125
2020-07-13,50.54005813598633
2020-07-14,51.12262725830078
2020-07-15,51.399593353271484
2020-07-16,50.76448440551758
2020-07-17,51.0128059387207
2020-07-20,52.31641387939453
2020-07-21,51.79114532470703
2020-07-22,52.20658493041992
2020-07-23,50.850440979003906
2020-07-24,50.23444366455078
2020-07-27,51.0271110534668
2020-07-28,50.43023681640625
2020-07-29,51.16081619262695
2020-07-30,51.44732666015625
2020-07-31,52.73184585571289
2020-08-03,54.03068923950195
2020-08-04,54.169166564941406
2020-08-05,54.36972427368164
2020-08-06,55.13373565673828
2020-08-07,54.31242370605469
2020-08-10,54.15960693359375
2020-08-11,53.18548583984375
2020-08-12,54.39360046386719
2020-08-13,54.4174690246582
2020-08-14,54.3792724609375
2020-08-17,54.742183685302734
2020-08-18,54.947509765625
2020-08-19,54.88066482543945
2020-08-20,55.61125183105469
2020-08-21,56.31797790527344
2020-08-24,56.80504608154297
2020-08-25,57.09154510498047
2020-08-26,58.25190353393555
2020-08-27,58.299652099609375
2020-08-28,58.81060791015625
2020-08-31,58.99683380126953
2020-09-01,60.123756408691406
2020-09-02,60.6585693359375
2020-09-03,57.201385498046875
2020-09-04,56.40392303466797
2020-09-08,53.854007720947266
2020-09-09,55.61125183105469
2020-09-10,54.35539627075195
2020-09-11,53.93996047973633
2020-09-14,55.0716667175293
2020-09-15,55.616031646728516
2020-09-16,54.75650405883789
2020-09-17,54.30287170410156
2020-09-18,53.3669319152832
2020-09-21,53.81057357788086
2020-09-22,54.662437438964844
2020-09-23,52.958717346191406
2020-09-24,53.25543212890625
2020-09-25,54.5284309387207
2020-09-28,55.57171630859375
2020-09-29,55.38507843017578
2020-09-30,55.84928512573242
2020-10-01,56.43792724609375
2020-10-02,55.007015228271484
2020-10-05,56.2130012512207
2020-10-06,55.34199905395508
2020-10-07,56.35658645629883
2020-10-08,56.64849853515625
2020-10-09,57.51471710205078
2020-10-12,59.08442687988281
2020-10-13,58.70637130737305
2020-10-14,58.39528274536133
2020-10-15,58.132076263427734
2020-10-16,57.964576721191406
2020-10-19,56.90215301513672
2020-10-20,57.09834671020508
2020-10-21,57.0122184753418
2020-10-22,56.74422073364258
2020-10-23,56.6820068359375
2020-10-26,55.45207977294922
2020-10-27,55.72964859008789
2020-10-28,53.36551284790039
2020-10-29,54.25564956665039
2020-10-30,53.054443359375
2020-11-02,53.18843078613281
2020-11-03,54.126434326171875
2020-11-04,56.23214340209961
2020-11-05,57.97892761230469
2020-11-06,58.18473434448242
2020-11-09,57.763580322265625
2020-11-10,56.686790466308594
2020-11-11,58.03157424926758
2020-11-12,57.51471710205078
2020-11-13,58.00285339355469
2020-11-16,58.56279373168945
2020-11-17,58.23736572265625
2020-11-18,57.61521530151367
2020-11-19,58.079437255859375
2020-11-20,57.48122024536133
2020-11-23,57.46686553955078
2020-11-24,58.266082763671875
2020-11-25,58.39051055908203
2020-11-27,58.70157241821289
2020-11-30,59.093997955322266
2020-12-01,59.850154876708984
2020-12-02,59.759220123291016
2020-12-03,59.72092056274414
2020-12-04,60.31914520263672
2020-12-07,60.49143600463867
2020-12-08,60.687644958496094
2020-12-09,59.52471160888672
2020-12-10,59.610862731933594
2020-12-11,59.4864387512207
2020-12-14,59.7017936706543
2020-12-15,60.69721603393555
2020-12-16,61.10879135131836
2020-12-17,61.592140197753906
2020-12-18,61.37678909301758
2020-12-21,61.43819046020508
2020-12-22,61.97064208984375
2020-12-23,61.50055694580078
2020-12-24,61.908267974853516
2020-12-28,62.60863494873047
2020-12-29,62.31120681762695
2020-12-30,62.27763748168945
2020-12-31,62.3687858581543
2021-01-04,61.351844787597656
2021-01-05,61.74998474121094
2021-01-06,60.685081481933594
2021-01-07,62.320804595947266
2021-01-08,62.7237434387207
2021-01-11,62.205684661865234
2021-01-12,61.908267974853516
2021-01-13,62.3016242980957
2021-01-14,61.754783630371094
2021-01-15,61.12158966064453
2021-01-19,61.917884826660156
2021-01-20,63.14585876464844
2021-01-21,63.961326599121094
2021-01-22,63.716697692871094
2021-01-25,64.2491455078125
2021-01-26,64.29232025146484
2021-01-27,63.07870101928711
2021-01-28,63.337745666503906
2021-01-29,61.84591293334961
2021-02-01,63.39530563354492
2021-02-02,64.25394439697266
2021-02-03,64.03328704833984
2021-02-04,65.05502319335938
2021-02-05,64.91110229492188
2021-02-08,65.59227752685547
2021-02-09,65.51551818847656
2021-02-10,65.41959381103516
2021-02-11,66.13912963867188
2021-02-12,66.47969818115234
2021-02-16,66.26382446289062
2021-02-17,65.67859649658203
2021-02-18,65.35723114013672
2021-02-19,65.26127624511719
2021-02-22,63.82221984863281
2021-02-23,63.64473342895508
2021-02-24,64.61851501464844
2021-02-25,62.35919189453125
2021-02-26,62.69015121459961
2021-03-01,64.70963287353516
2021-03-02,63.68311309814453
2021-03-03,62.08096694946289
2021-03-04,60.70906066894531
2021-03-05,61.85551452636719
2021-03-08,60.358890533447266
2021-03-09,62.41194534301758
2021-03-10,62.162513732910156
2021-03-11,63.491268157958984
2021-03-12,63.03554916381836
2021-03-15,63.70708465576172
2021-03-16,64.1867904663086
2021-03-17,64.1340103149414
2021-03-18,62.35439682006836
2021-03-19,62.16730499267578
2021-03-22,63.38972854614258
2021-03-23,62.995567321777344
2021-03-24,62.23126220703125
2021-03-25,62.19279479980469
2021-03-26,63.7742805480957
2021-03-29,63.442604064941406
2021-03-30,62.84172821044922
2021-03-31,63.84157180786133
2021-04-01,65.12503814697266
2021-04-05,66.47100067138672
2021-04-06,66.18737030029297
2021-04-07,66.53829956054688
2021-04-08,67.49970245361328
2021-04-09,68.14865112304688
2021-04-12,67.82176208496094
2021-04-13,68.46110534667969
2021-04-14,67.7352523803711
2021-04-15,68.89852905273438
2021-04-16,68.88409423828125
2021-04-19,68.31208801269531
2021-04-20,67.70640563964844
2021-04-21,68.38900756835938
2021-04-22,67.58622741699219
2021-04-23,68.59569549560547
2021-04-26,68.94660949707031
2021-04-27,68.77837371826172
2021-04-28,68.13903045654297
2021-04-29,68.08135223388672
2021-04-30,67.15360260009766
2021-05-03,66.96611785888672
2021-05-04,65.76438903808594
2021-05-05,65.60574340820312
2021-05-06,66.26432800292969
2021-05-07,66.83152770996094
2021-05-10,65.14427185058594
2021-05-11,64.94718933105469
2021-05-12,63.12052917480469
2021-05-13,63.956947326660156
2021-05-14,65.36540222167969
2021-05-17,64.88470458984375
2021-05-18,64.36554718017578
2021-05-19,64.59148406982422
2021-05-20,65.82686614990234
2021-05-21,65.46635437011719
2021-05-24,66.629638671875
2021-05-25,66.64888763427734
2021-05-26,66.64405822753906
2021-05-27,66.29316711425781
2021-05-28,66.5286865234375
2021-06-01,66.20182037353516
2021-06-02,66.65847778320312
2021-06-03,66.03838348388672
2021-06-04,67.30741119384766
2021-06-07,67.29299926757812
2021-06-08,67.29781341552734
2021-06-09,67.34590148925781
2021-06-10,67.84098052978516
2021-06-11,68.24476623535156
2021-06-14,68.93698120117188
2021-06-15,68.51396942138672
2021-06-16,68.14382934570312
2021-06-17,68.93218231201172
2021-06-18,68.30248260498047
2021-06-21,69.03447723388672
2021-06-22,69.66053771972656
2021-06-23,69.5834732055664
2021-06-24,70.02171325683594
2021-06-25,69.9398422241211
2021-06-28,70.6718521118164
2021-06-29,71.1871337890625
2021-06-30,71.11009216308594
2021-07-01,71.23046875
2021-07-02,72.1695556640625
2021-07-06,72.44405364990234
2021-07-07,72.83895874023438
2021-07-08,72.15028381347656
2021-07-09,72.81484985351562
2021-07-12,72.87267303466797
2021-07-13,73.17121887207031
2021-07-14,73.71061706542969
2021-07-15,73.10380554199219
2021-07-16,72.38146209716797
2021-07-19,71.38457489013672
2021-07-20,72.44405364990234
2021-07-21,73.1423568725586
2021-07-22,73.68172454833984
2021-07-23,74.41370391845703
2021-07-26,74.37519073486328
2021-07-27,73.67208862304688
2021-07-28,73.58057403564453
2021-07-29,73.92251586914062
2021-07-30,73.87433624267578
2021-08-02,73.60948181152344
2021-08-03,74.08142852783203
2021-08-04,74.230712890625
2021-08-05,74.64006042480469
2021-08-06,74.57747650146484
2021-08-09,74.33666229248047
2021-08-10,73.80210876464844
2021-08-11,73.81172180175781
2021-08-12,74.23552703857422
2021-08-13,74.64006042480469
2021-08-16,74.9771728515625
2021-08-17,74.3559341430664
2021-08-18,73.33016967773438
2021-08-19,74.0477066040039
2021-08-20,75.00125122070312
2021-08-23,75.96920013427734
2021-08-24,75.88256072998047
2021-08-25,75.83918762207031
2021-08-26,75.36243438720703
2021-08-27,76.08961486816406
2021-08-30,76.90829467773438
2021-08-31,76.5037612915039
2021-09-01,76.52302551269531
2021-09-02,76.44117736816406
2021-09-03,76.74457550048828
2021-09-07,76.7638168334961
2021-09-08,76.4700698852539
2021-09-09,76.18110656738281
2021-09-10,75.42987060546875
2021-09-13,75.45391082763672
2021-09-14,75.35761260986328
2021-09-15,76.01737976074219
2021-09-16,76.06072998046875
2021-09-17,74.87603759765625
2021-09-20,73.51221466064453
2021-09-21,73.54115295410156
2021-09-22,74.54945373535156
2021-09-23,75.54804992675781
2021-09-24,75.60112762451172
2021-09-27,74.86783599853516
2021-09-28,72.64866638183594
2021-09-29,72.55701446533203
2021-09-30,72.03600311279297
2021-10-01,73.12144470214844
2021-10-04,71.42813873291016
2021-10-05,72.44605255126953
2021-10-06,72.9188232421875
2021-10-07,73.58457946777344
2021-10-08,73.30958557128906
2021-10-11,72.90435028076172
2021-10-12,72.52806091308594
2021-10-13,72.97189331054688
2021-10-14,74.61697387695312
2021-10-15,75.21517181396484
2021-10-18,75.85198211669922
2021-10-19,76.60456848144531
2021-10-20,76.39229583740234
2021-10-21,76.68657684326172
2021-10-22,76.42125701904297
2021-10-25,76.6720962524414
2021-10-26,76.8891830444336
2021-10-27,76.82166290283203
2021-10-28,77.59354400634766
2021-10-29,77.92642974853516
2021-11-01,77.81063079833984
2021-11-02,78.49568176269531
2021-11-03,78.9539794921875
2021-11-04,80.18900299072266
2021-11-05,80.6038818359375
2021-11-08,81.0380630493164
2021-11-09,80.70518493652344
2021-11-10,79.37369537353516
2021-11-11,79.74517822265625
2021-11-12,80.71483612060547
2021-11-15,80.6328353881836
2021-11-16,81.48190307617188
2021-11-17,81.23587036132812
2021-11-18,82.04634094238281
2021-11-19,82.64454650878906
2021-11-22,81.7231216430664
2021-11-23,81.53495788574219
2021-11-24,82.12835693359375
2021-11-26,80.07803344726562
2021-11-29,82.08010864257812
2021-11-30,81.39507293701172
2021-12-01,80.28067016601562
2021-12-02,81.01876831054688
2021-12-03,79.66313171386719
2021-12-06,80.42056274414062
2021-12-07,83.22828674316406
2021-12-08,83.60940551757812
2021-12-09,82.70726013183594
2021-12-10,84.3668212890625
2021-12-13,83.11251068115234
2021-12-14,81.7472152709961
2021-12-15,83.91334533691406
2021-12-16,81.53495788574219
2021-12-17,80.98982238769531
2021-12-20,80.02652740478516
2021-12-21,82.05172729492188
2021-12-22,83.1247329711914
2021-12-23,83.58875274658203
2021-12-27,85.38191986083984
2021-12-28,84.937255859375
2021-12-29,85.00975036621094
2021-12-30,84.44908142089844
2021-12-31,84.03824615478516
2022-01-03,84.83576965332031
2022-01-04,83.9367446899414
2022-01-05,81.35572052001953
2022-01-06,80.94487762451172
2022-01-07,80.20053100585938
2022-01-10,80.21504974365234
2022-01-11,81.1769027709961
2022-01-12,81.5587158203125
2022-01-13,79.44651794433594
2022-01-14,80.11837768554688
2022-01-18,78.19464874267578
2022-01-19,77.10233306884766
2022-01-20,76.10665130615234
2022-01-21,74.59378051757812
2022-01-24,74.98046875
2022-01-25,73.24527740478516
2022-01-26,73.67544555664062
2022-01-27,73.1679458618164
2022-01-28,76.36763763427734
2022-01-31,78.2865219116211
2022-02-01,78.48951721191406
2022-02-02,79.12752532958984
2022-02-03,76.83165740966797
2022-02-04,77.14099884033203
2022-02-07,76.62865447998047
2022-02-08,77.57599639892578
2022-02-09,79.29668426513672
2022-02-10,77.22315979003906
2022-02-11,74.86447143554688
2022-02-14,74.84029388427734
2022-02-15,76.80748748779297
2022-02-16,76.73015594482422
2022-02-17,74.4343032836914
2022-02-18,73.6802749633789
2022-02-22,72.99877166748047
2022-02-23,71.17176055908203
2022-02-24,73.60295867919922
2022-02-25,74.60345458984375
2022-02-28,74.4681396484375
2022-03-01,72.97944641113281
2022-03-02,74.55995178222656
2022-03-03,73.67061614990234
2022-03-04,72.38008880615234
2022-03-07,69.73139190673828
2022-03-08,69.39307403564453
2022-03-09,72.13842010498047
2022-03-10,70.87690734863281
2022-03-11,69.62989807128906
2022-03-14,68.33939361572266
2022-03-15,70.63523864746094
2022-03-16,72.93112182617188
2022-03-17,73.44828033447266
2022-03-18,74.95147705078125
2022-03-21,74.80909729003906
2022-03-22,75.88410186767578
2022-03-23,74.71709442138672
2022-03-24,76.65886688232422
2022-03-25,76.61528778076172
2022-03-28,77.52565002441406
2022-03-29,79.17203521728516
2022-03-30,78.11640930175781
2022-03-31,76.95909881591797
2022-04-01,76.73152923583984
2022-04-04,78.18905639648438
2022-04-05,76.54264831542969
2022-04-06,74.73162841796875
2022-04-07,74.84785461425781
2022-04-08,73.80188751220703
2022-04-11,71.94245910644531
2022-04-12,71.62284851074219
2022-04-13,72.77532196044922
2022-04-14,71.00786590576172
2022-04-18,71.24031829833984
2022-04-19,72.5768051147461
2022-04-20,72.5090103149414
2022-04-21,71.27904510498047
2022-04-22,69.28401947021484
2022-04-25,70.32510375976562
2022-04-26,67.70541381835938
2022-04-27,68.707763671875
2022-04-28,71.45821380615234
2022-04-29,68.48017883300781
2022-05-02,69.52127075195312
2022-05-03,69.6423568725586
2022-05-04,72.08771514892578
2022-05-05,68.62062072753906
2022-05-06,68.06859588623047
2022-05-09,65.43437957763672
2022-05-10,66.431884765625
2022-05-11,64.33513641357422
2022-05-12,63.671756744384766
2022-05-13,65.787841796875
2022-05-16,65.2067642211914
2022-05-17,67.09527587890625
2022-05-18,64.0252456665039
2022-05-19,63.3231201171875
2022-05-20,63.46354293823242
2022-05-23,64.92106628417969
2022-05-24,63.95745849609375
2022-05-25,64.70315551757812
2022-05-26,66.25756072998047
2022-05-27,68.49955749511719
2022-05-31,68.01049041748047
2022-06-01,67.80709838867188
2022-06-02,69.44864654541016
2022-06-03,67.78772735595703
2022-06-06,67.79255676269531
2022-06-07,68.60124969482422
2022-06-08,67.82648468017578
2022-06-09,66.01544189453125
2022-06-10,63.478057861328125
2022-06-13,60.664676666259766
2022-06-14,61.047210693359375
2022-06-15,62.33526611328125
2022-06-16,59.797889709472656
2022-06-17,60.34507369995117
2022-06-21,61.88068771362305
2022-06-22,61.6185188293457
2022-06-23,62.540950775146484
2022-06-24,64.78878784179688
2022-06-27,64.3518295288086
2022-06-28,62.42444610595703
2022-06-29,62.550662994384766
2022-06-30,61.71562194824219
2022-07-01,61.85641098022461
2022-07-05,62.63319396972656
2022-07-06,63.172080993652344
2022-07-07,64.47805786132812
2022-07-08,64.50718688964844
2022-07-11,63.61874008178711
2022-07-12,62.74972152709961
2022-07-13,62.58464431762695
2022-07-14,63.15752029418945
2022-07-15,64.2693099975586
2022-07-18,63.64787292480469
2022-07-19,65.58984375
2022-07-20,66.61422729492188
2022-07-21,67.55121612548828
2022-07-22,66.61907196044922
2022-07-25,66.19670104980469
2022-07-26,65.12376403808594
2022-07-27,67.925048828125
2022-07-28,68.95915222167969
2022-07-29,70.01752471923828
2022-08-01,69.86701965332031
2022-08-02,69.37181854248047
2022-08-03,71.21669006347656
2022-08-04,71.54194641113281
2022-08-05,71.37690734863281
2022-08-08,70.77002716064453
2022-08-09,70.06120300292969
2022-08-10,71.97404479980469
2022-08-11,71.69245147705078
2022-08-12,73.11980438232422
2022-08-15,73.58102416992188
2022-08-16,73.38196563720703
2022-08-17,72.85763549804688
2022-08-18,73.236328125
2022-08-19,71.90607452392578
2022-08-22,69.9010009765625
2022-08-23,69.71651458740234
2022-08-24,69.76021575927734
2022-08-25,70.93994140625
2022-08-26,67.91048431396484
2022-08-29,67.0123291015625
2022-08-30,66.3132095336914
2022-08-31,65.66752624511719
2022-09-01,65.34709167480469
2022-09-02,64.49748992919922
2022-09-06,64.07025146484375
2022-09-07,65.09461975097656
2022-09-08,65.3179702758789
2022-09-09,66.60936737060547
2022-09-12,67.67744445800781
2022-09-13,64.08478546142578
2022-09-14,64.3178482055664
2022-09-15,62.837100982666016
2022-09-16,62.487548828125
2022-09-19,62.997108459472656
2022-09-20,62.627220153808594
2022-09-21,61.64897918701172
2022-09-22,61.02115249633789
2022-09-23,60.222984313964844
2022-09-26,59.8044319152832
2022-09-27,59.88229751586914
2022-09-28,60.5150032043457
2022-09-29,58.93811798095703
2022-09-30,57.808998107910156
2022-10-03,59.60001754760742
2022-10-04,61.60031509399414
2022-10-05,61.804718017578125
2022-10-06,61.29855728149414
2022-10-07,58.77751159667969
2022-10-10,57.789527893066406
2022-10-11,56.90376281738281
2022-10-12,56.728553771972656
2022-10-13,58.4903678894043
2022-10-14,56.84535217285156
2022-10-17,58.57796859741211
2022-10-18,59.07439041137695
2022-10-19,58.904056549072266
2022-10-20,58.93811798095703
2022-10-21,60.5150032043457
2022-10-24,61.35210418701172
2022-10-25,62.525028228759766
2022-10-26,61.133094787597656
2022-10-27,60.4371223449707
2022-10-28,63.06525421142578
2022-10-31,62.23301315307617
2022-11-01,61.712257385253906
2022-11-02,59.58055114746094
2022-11-03,57.82846450805664
2022-11-04,58.88458251953125
2022-11-07,59.867698669433594
2022-11-08,60.44199752807617
2022-11-09,58.86997604370117
2022-11-10,63.70769119262695
2022-11-11,64.79786682128906
2022-11-14,64.24301147460938
2022-11-15,65.02174377441406
2022-11-16,64.131103515625
2022-11-17,64.21382904052734
2022-11-18,64.28684997558594
2022-11-21,63.59572982788086
2022-11-22,64.82707977294922
2022-11-23,65.4013671875
2022-11-25,65.02174377441406
2022-11-28,63.629825592041016
2022-11-29,63.00685119628906
2022-11-30,66.17034149169922
2022-12-01,66.26280975341797
2022-12-02,65.8783187866211
2022-12-05,64.78325653076172
2022-12-06,63.39619445800781
2022-12-07,63.07499694824219
2022-12-08,64.10677337646484
2022-12-09,63.712562561035156
2022-12-12,65.1044921875
2022-12-13,65.87345123291016
2022-12-14,65.3186264038086
2022-12-15,62.875431060791016
2022-12-16,62.043209075927734
2022-12-19,61.21589279174805
2022-12-20,61.308631896972656
2022-12-21,62.32386016845703
2022-12-22,60.7522087097168
2022-12-23,60.81565475463867
2022-12-27,60.239715576171875
2022-12-28,59.268428802490234
2022-12-29,60.82054138183594
2022-12-30,60.737571716308594
2023-01-03,60.16162872314453
2023-01-04,60.317813873291016
2023-01-05,59.14640808105469
2023-01-06,60.879112243652344
2023-01-09,61.58683776855469
2023-01-10,61.9675407409668
2023-01-11,63.04133987426758
2023-01-12,63.50989532470703
2023-01-13,63.690494537353516
2023-01-17,63.97846984863281
2023-01-18,63.15360641479492
2023-01-19,62.41658401489258
2023-01-20,64.10536193847656
2023-01-23,65.56475067138672
2023-01-24,65.53548431396484
2023-01-25,65.3988037109375
2023-01-26,66.44331359863281
2023-01-27,66.72152709960938
2023-01-30,65.44760131835938
2023-01-31,66.36032104492188
2023-02-01,67.92221069335938
2023-02-02,69.77694702148438
2023-02-03,69.19612884521484
2023-02-06,68.35171508789062
2023-02-07,70.06001281738281
2023-02-08,69.21564483642578
2023-02-09,68.83493041992188
2023-02-10,68.51766967773438
2023-02-13,69.70372772216797
2023-02-14,70.00145721435547
2023-02-15,70.32849884033203
2023-02-16,69.10826110839844
2023-02-17,68.24434661865234
2023-02-21,66.62389373779297
2023-02-22,66.52627563476562
2023-02-23,67.62935638427734
2023-02-24,66.42378234863281
2023-02-27,66.78009033203125
2023-02-28,66.6336669921875
2023-03-01,66.14558410644531
2023-03-02,66.96067810058594
2023-03-03,68.4005355834961
2023-03-06,68.72755432128906
2023-03-07,67.8734130859375
2023-03-08,68.43470001220703
2023-03-09,67.45365142822266
2023-03-10,66.26760864257812
2023-03-13,66.6287841796875
2023-03-14,68.16625213623047
2023-03-15,68.20530700683594
2023-03-16,70.11860656738281
2023-03-17,70.02099609375
2023-03-20,70.20979309082031
2023-03-21,70.77725219726562
2023-03-22,70.07284545898438
2023-03-23,71.21259307861328
2023-03-24,71.39847564697266
2023-03-27,70.84571075439453
2023-03-28,70.51307678222656
2023-03-29,71.99037170410156
2023-03-30,72.82684326171875
2023-03-31,73.86875915527344
2023-04-03,73.75135803222656
2023-04-04,73.34534454345703
2023-04-05,72.50887298583984
2023-04-06,72.9197769165039
2023-04-10,72.8806381225586
2023-04-11,72.19581604003906
2023-04-12,71.784912109375
2023-04-13,73.12033081054688
2023-04-14,72.71432495117188
2023-04-17,72.97847747802734
2023-04-18,73.20349884033203
2023-04-19,72.9931411743164
2023-04-20,72.5137710571289
2023-04-21,72.27896881103516
2023-04-24,71.96100616455078
2023-04-25,70.425048828125
2023-04-26,71.47183990478516
2023-04-27,72.9882583618164
2023-04-28,73.78070068359375
2023-05-01,73.8247299194336
2023-05-02,73.13500213623047
2023-05-03,72.51866149902344
2023-05-04,72.1713638305664
2023-05-05,73.98124694824219
2023-05-08,73.94213104248047
2023-05-09,73.37468719482422
2023-05-10,74.2698745727539
2023-05-11,73.93724060058594
2023-05-12,73.83940887451172
2023-05-15,74.45085144042969
2023-05-16,74.52912139892578
2023-05-17,75.52212524414062
2023-05-18,77.06790161132812
2023-05-19,77.03363037109375
2023-05-22,77.18040466308594
2023-05-23,76.0406494140625
2023-05-24,75.4830093383789
2023-05-25,78.37885284423828
2023-05-26,80.60455322265625
2023-05-30,81.03502655029297
2023-05-31,80.35997009277344
2023-06-01,81.17687225341797
2023-06-02,81.64157104492188
2023-06-05,81.17198944091797
2023-06-06,81.15242004394531
2023-06-07,79.93929290771484
2023-06-08,80.80509948730469
2023-06-09,81.20620727539062
2023-06-12,82.97210693359375
2023-06-13,83.4759521484375
2023-06-14,84.33688354492188
2023-06-15,85.4228286743164
2023-06-16,84.7184066772461
2023-06-20,84.14588928222656
2023-06-21,82.90079498291016
2023-06-22,83.5772705078125
2023-06-23,82.67040252685547
2023-06-26,82.07728576660156
2023-06-27,83.69491577148438
2023-06-28,83.74392700195312
2023-06-29,83.89099884033203
2023-06-30,85.22429656982422
2023-07-03,85.04293060302734
2023-07-05,84.5184097290039
2023-07-06,84.29295349121094
2023-07-07,83.92530059814453
2023-07-10,84.14588928222656
2023-07-11,84.32726287841797
2023-07-12,85.28312683105469
2023-07-13,86.3958511352539
2023-07-14,86.2684097290039
2023-07-17,87.37133026123047
2023-07-18,88.36150360107422
2023-07-19,88.14094543457031
2023-07-20,86.38114929199219
2023-07-21,86.33702087402344
2023-07-24,86.4889907836914
2023-07-25,87.47916412353516
2023-07-26,86.3027114868164
2023-07-27,86.052734375
2023-07-28,87.22427368164062
2023-07-31,87.42525482177734
2023-08-01,87.57229614257812
2023-08-02,85.40567016601562
2023-08-03,85.0576400756836
2023-08-04,83.90078735351562
2023-08-07,84.1360855102539
2023-08-08,83.48904418945312
2023-08-09,82.41060638427734
2023-08-10,82.42042541503906
2023-08-11,81.81257629394531
2023-08-14,83.11650085449219
2023-08-15,82.29785919189453
2023-08-16,81.51356506347656
2023-08-17,80.73906707763672
2023-08-18,80.86161804199219
2023-08-21,82.40571594238281
2023-08-22,82.31256103515625
2023-08-23,83.7978515625
2023-08-24,81.86650848388672
2023-08-25,82.69984436035156
2023-08-28,83.37628936767578
2023-08-29,85.0478286743164
2023-08-30,85.68998718261719
2023-08-31,86.10663604736328
2023-09-01,86.37135314941406
2023-09-05,86.68016815185547
2023-09-06,85.76351928710938
2023-09-07,84.5233383178711
2023-09-08,84.69979858398438
2023-09-11,85.1409683227539
2023-09-12,83.59687042236328
2023-09-13,83.80765533447266
2023-09-14,84.41548156738281
2023-09-15,82.79296112060547
2023-09-18,83.19085693359375
2023-09-19,83.14665985107422
2023-09-20,81.83997344970703
2023-09-21,80.59222412109375
2023-09-22,80.76415252685547
2023-09-25,81.0245132446289
2023-09-26,79.56553649902344
2023-09-27,79.68834686279297
2023-09-28,80.2532730102539
2023-09-29,80.52835845947266
2023-10-02,81.39293670654297
2023-10-03,80.01258087158203
2023-10-04,81.0097885131836
2023-10-05,81.11785125732422
2023-10-06,82.63578033447266
2023-10-09,83.06315612792969
2023-10-10,83.19085693359375
2023-10-11,83.96210479736328
2023-10-12,84.04069519042969
2023-10-13,82.8371810913086
2023-10-16,83.63298034667969
2023-10-17,83.24490356445312
2023-10-18,82.39015197753906
2023-10-19,81.91856384277344
2023-10-20,80.53327178955078
2023-10-23,80.6266098022461
2023-10-24,81.18170928955078
2023-10-25,80.22380828857422
2023-10-26,78.69114685058594
2023-10-27,79.14798736572266
2023-10-30,79.99783325195312
2023-10-31,80.56767272949219
2023-11-01,82.12488555908203
2023-11-02,83.51507568359375
2023-11-03,84.37474822998047
2023-11-06,84.92984771728516
2023-11-07,85.8582763671875
2023-11-08,86.34459686279297
2023-11-09,85.9417953491211
2023-11-10,88.18675994873047
2023-11-13,87.67093658447266
2023-11-14,89.42464447021484
2023-11-15,89.53763580322266
2023-11-16,89.98466491699219
2023-11-17,89.79800415039062
2023-11-20,91.09977722167969
2023-11-21,90.3629150390625
2023-11-22,90.76573944091797
2023-11-24,90.58889770507812
2023-11-27,90.58396911621094
2023-11-28,90.75590515136719
2023-11-29,90.82466888427734
2023-11-30,90.95731353759766
2023-12-01,91.16363525390625
2023-12-04,90.05343627929688
2023-12-05,90.59381103515625
2023-12-06,89.82747650146484
2023-12-07,90.91802978515625
2023-12-08,91.69417572021484
2023-12-11,92.49488067626953
2023-12-12,93.10891723632812
2023-12-13,93.92930603027344
2023-12-14,93.69841003417969
2023-12-15,94.16999816894531
2023-12-18,94.45161437988281
2023-12-19,94.81100463867188
2023-12-20,93.37834930419922
2023-12-21,94.427001953125
2023-12-22,94.55007934570312
2023-12-26,94.94393157958984
2023-12-27,94.93899536132812
2023-12-28,95.05225372314453
2023-12-29,94.76177215576172
2024-01-02,92.28047180175781
2024-01-03,91.34014129638672
2024-01-04,90.67057800292969
2024-01-05,90.64596557617188
2024-01-08,92.92049407958984
2024-01-09,93.06818389892578
2024-01-10,93.8608169555664
2024-01-11,94.33836364746094
2024-01-12,94.64361572265625
2024-01-16,94.87991333007812
2024-01-17,94.41222381591797
2024-01-18,96.32733917236328
2024-01-19,98.54771423339844
2024-01-22,98.98096466064453
2024-01-23,99.3797378540039
2024-01-24,100.06405639648438
2024-01-25,100.48253631591797
2024-01-26,99.32556915283203
2024-01-29,100.23638153076172
2024-01-30,99.4092788696289
2024-01-31,97.32183837890625
2024-02-01,98.54771423339844
2024-02-02,99.56681060791016
2024-02-05,99.79327392578125
2024-02-06,99.33543395996094
2024-02-07,100.64990997314453
2024-02-08,100.96500396728516
2024-02-09,102.32380676269531
2024-02-12,101.54592895507812
2024-02-13,99.82282257080078
2024-02-14,100.86653900146484
2024-02-15,100.65483856201172
2024-02-16,99.72928619384766
2024-02-20,98.71509552001953
2024-02-21,98.09477996826172
2024-02-22,101.3047103881836
2024-02-23,101.06838989257812
2024-02-26,101.16685485839844
2024-02-27,101.2554702758789
2024-02-28,100.77791595458984
2024-02-29,101.90039825439453
2024-03-01,103.76138305664062
2024-03-04,103.76138305664062
2024-03-05,101.21115112304688
2024-03-06,102.01364135742188
2024-03-07,103.62352752685547
2024-03-08,102.08257293701172
2024-03-11,101.80194854736328
2024-03-12,103.8893814086914
2024-03-13,102.76689910888672
2024-03-14,102.78659057617188
2024-03-15,101.23577880859375
2024-03-18,101.73335266113281
2024-03-19,102.26100158691406
2024-03-20,103.40506744384766
2024-03-21,103.47904968261719
2024-03-22,103.5135726928711
2024-03-25,102.8281021118164
2024-03-26,102.40401458740234
2024-03-27,102.9267349243164
2024-03-28,102.70482635498047
2024-04-01,102.99085235595703
2024-04-02,101.9996566772461
2024-04-03,102.27086639404297
2024-04-04,100.65339660644531
2024-04-05,101.80731201171875
2024-04-08,101.68898010253906
2024-04-09,102.20183563232422
2024-04-10,100.94927978515625
2024-04-11,102.9661865234375
2024-04-12,101.29938507080078
2024-04-15,99.37616729736328
2024-04-16,99.4945297241211
2024-04-17,98.05950927734375
2024-04-18,96.94010162353516
2024-04-19,94.94291687011719
2024-04-22,95.79109954833984
2024-04-23,97.21131134033203
2024-04-24,97.65513610839844
2024-04-25,97.44309997558594
2024-04-26,98.54277801513672
2024-04-29,98.96688079833984
2024-04-30,96.78721618652344
2024-05-01,95.79601287841797
2024-05-02,97.17680358886719
2024-05-03,99.88410186767578
2024-05-06,101.0577621459961
2024-05-07,100.72734832763672
2024-05-08,101.01338195800781
2024-05-09,100.98379516601562
2024-05-10,101.35856628417969
2024-05-13,101.8368911743164
2024-05-14,102.73933410644531
2024-05-15,105.05213928222656
2024-05-16,104.68721008300781
2024-05-17,104.45545196533203
2024-05-20,105.683349609375
2024-05-21,105.85594177246094
2024-05-22,106.09265899658203
2024-05-23,105.22966003417969
2024-05-24,106.11731719970703
2024-05-28,106.56605529785156
2024-05-29,105.89045715332031
2024-05-30,103.47410583496094
2024-05-31,103.63684844970703
2024-06-03,103.89820098876953
2024-06-04,104.11518859863281
2024-06-05,106.427978515625
2024-06-06,106.07291412353516
2024-06-07,106.31948852539062
2024-06-10,106.59070587158203
2024-06-11,108.57310485839844
2024-06-12,110.97465515136719
2024-06-13,111.8524398803711
2024-06-14,112.2716064453125
2024-06-17,113.97291564941406
2024-06-18,114.1159439086914
2024-06-20,112.83377075195312
2024-06-21,112.63653564453125
2024-06-24,109.87508392333984
2024-06-25,111.89058685302734
2024-06-26,111.76215362548828
2024-06-27,111.81649780273438
2024-06-28,111.7572021484375
2024-07-01,112.60193634033203
2024-07-02,113.16510772705078
2024-07-03,114.6915512084961
2024-07-05,115.04229736328125
2024-07-08,115.8277587890625
2024-07-09,115.73388671875
2024-07-10,117.41348266601562
2024-07-11,114.47419738769531
2024-07-12,115.49676513671875
2024-07-15,115.70425415039062
2024-07-16,115.31892395019531
2024-07-17,110.83341979980469
2024-07-18,110.84330749511719
2024-07-19,109.109375
2024-07-22,111.6929931640625
2024-07-23,111.24838256835938
2024-07-24,106.64431762695312
2024-07-25,105.5031967163086
2024-07-26,106.84193420410156
2024-07-29,106.3676986694336
2024-07-30,103.6951675415039
2024-07-31,108.0867919921875
2024-08-01,104.05577087402344
2024-08-02,101.13130950927734
2024-08-05,97.7622299194336
2024-08-06,99.0910873413086
2024-08-07,97.485595703125
2024-08-08,101.12637329101562
2024-08-09,101.58084106445312
2024-08-12,102.4107666015625
2024-08-13,105.5575180053711
2024-08-14,106.13551330566406
2024-08-15,109.18842315673828
2024-08-16,109.3711929321289
2024-08-19,111.1742935180664
2024-08-20,110.78401947021484
2024-08-21,111.43611145019531
2024-08-22,108.87224578857422
2024-08-23,110.63582611083984
2024-08-26,109.24768829345703
2024-08-27,109.90966033935547
2024-08-28,108.39308166503906
2024-08-29,107.41495513916016
2024-08-30,108.84262084960938
2024-09-03,103.84336853027344
2024-09-04,103.57659149169922
2024-09-05,103.41851806640625
2024-09-06,100.7361068725586
2024-09-09,102.38605499267578
2024-09-10,103.9174575805664
2024-09-11,107.46434783935547
2024-09-12,108.35356140136719
2024-09-13,108.8969497680664
2024-09-16,108.48200988769531
2024-09-17,108.26958465576172
2024-09-18,107.28158569335938
2024-09-19,110.4678726196289
2024-09-20,109.9294204711914
2024-09-23,109.90912628173828
2024-09-24,110.6613540649414
2024-09-25,110.97807312011719
2024-09-26,112.4478988647461
2024-09-27,111.39873504638672
2024-09-30,111.72535705566406
2024-10-01,109.00347900390625
2024-10-02,109.8101577758789
2024-10-03,110.26544189453125
2024-10-04,111.49274444580078
2024-10-07,110.72569274902344
2024-10-08,112.7943115234375
2024-10-09,114.0562744140625
2024-10-10,114.02657318115234
2024-10-11,114.22453308105469
2024-10-14,115.7141342163086
2024-10-15,113.17042541503906
2024-10-16,113.52178955078125
2024-10-17,113.86820983886719
2024-10-18,114.27400970458984
2024-10-21,114.8084945678711
2024-10-22,114.6897201538086
2024-10-23,113.04669189453125
2024-10-24,113.3782730102539
2024-10-25,113.96719360351562
2024-10-28,113.93254089355469
2024-10-29,115.4666976928711
2024-10-30,113.63065338134766
2024-10-31,109.98336029052734
2024-11-01,110.80982208251953
2024-11-04,110.72569274902344
2024-11-05,112.2845687866211
2024-11-06,115.4815444946289
2024-11-07,117.4957275390625
2024-11-08,117.36705780029297
2024-11-11,116.71875762939453
2024-11-12,116.8672103881836
2024-11-13,116.46141052246094
2024-11-14,116.06549835205078
2024-11-15,113.1852798461914
2024-11-18,113.55148315429688
2024-11-19,114.48187255859375
2024-11-20,114.38288879394531
2024-11-21,115.5458755493164
2024-11-22,115.60525512695312
2024-11-25,115.60030364990234
2024-11-26,116.1793212890625
2024-11-27,114.6055908203125
2024-11-29,115.66958618164062
2024-12-02,116.76824188232422
2024-12-03,117.18890380859375
2024-12-04,119.33175659179688
2024-12-05,118.72797393798828
2024-12-06,119.18822479248047
2024-12-09,118.41126251220703
2024-12-10,116.76824188232422
2024-12-11,118.46074676513672
2024-12-12,117.79759979248047
2024-12-13,118.30238342285156
2024-12-16,119.48516845703125
2024-12-17,118.76262664794922
2024-12-18,114.93221282958984
2024-12-19,115.05593872070312
2024-12-20,116.773193359375
2024-12-23,118.01045227050781
2024-12-24,119.22985076904297
2024-12-26,119.30915832519531
2024-12-27,117.72293853759766
2024-12-30,116.22594451904297
2024-12-31,115.25932312011719
2025-01-02,114.9866943359375
2025-01-03,116.86041259765625
2025-01-06,118.3475112915039
2025-01-07,115.97313690185547
2025-01-08,115.93347930908203
2025-01-10,113.40543365478516
2025-01-13,112.6023941040039
2025-01-14,112.8998031616211
2025-01-15,115.14530944824219
2025-01-16,114.25801849365234
2025-01-17,116.04749298095703
2025-01-21,117.01408386230469
2025-01-22,119.6561508178711
2025-01-23,119.86930847167969
2025-01-24,118.62014770507812
2025-01-27,112.80563354492188
2025-01-28,115.81450653076172
2025-01-29,114.8726806640625
2025-01-30,115.08583068847656
2025-01-31,114.41168975830078
2025-02-03,112.87007904052734
2025-02-04,114.4959487915039
2025-02-05,116.08715057373047
2025-02-06,116.4043960571289
2025-02-07,115.40803527832031
2025-02-10,117.09341430664062
2025-02-11,117.14793395996094
2025-02-12,116.89513397216797
2025-02-13,118.55075073242188
2025-02-14,118.95226287841797
2025-02-18,120.037841796875
2025-02-19,120.0477523803711
2025-02-20,119.66606903076172
2025-02-21,116.42420959472656
2025-02-24,114.75868225097656
2025-02-25,113.27156829833984
2025-02-26,114.505859375
2025-02-27,110.33706665039062
2025-02-28,111.79440307617188
2025-03-03,108.39392852783203
2025-03-04,108.3096694946289
2025-03-05,109.83145141601562
2025-03-06,106.78292846679688
2025-03-07,108.3294906616211
2025-03-10,103.7244644165039
2025-03-11,103.30313110351562
2025-03-12,104.92901611328125
2025-03-13,102.93632507324219
2025-03-14,106.0492935180664
2025-03-17,106.78787231445312
2025-03-18,105.1619873046875
2025-03-19,106.53012084960938
2025-03-20,105.7717056274414
2025-03-21,106.05921936035156
2025-03-24,108.06781005859375
2025-03-25,108.42534637451172
2025-03-26,106.0070571899414
2025-03-27,105.0288314819336
2025-03-28,102.48143768310547
2025-03-31,102.53109741210938
2025-04-01,103.28091430664062
2025-04-02,104.0456314086914
2025-04-03,96.9447250366211
2025-04-04,90.55887603759766
2025-04-07,91.10013580322266
2025-04-08,89.24793243408203
2025-04-09,101.23009490966797
2025-04-10,96.5176773071289
2025-04-11,98.4940185546875
2025-04-14,99.3927993774414
2025-04-15,99.75528717041016
2025-04-16,96.28926086425781
2025-04-17,95.76786041259766
2025-04-21,93.29496002197266
2025-04-22,95.56922912597656
2025-04-23,98.34008026123047
2025-04-24,102.00969696044922
2025-04-25,103.51927185058594
2025-04-28,103.35043334960938
2025-04-29,103.83210754394531
2025-04-30,104.26412200927734
2025-05-01,105.79354095458984
2025-05-02,107.56132507324219
2025-05-05,106.99027252197266
2025-05-06,106.10140991210938
2025-05-07,107.16407012939453
2025-05-08,108.18699645996094
2025-05-09,108.05292510986328
2025-05-12,113.06824493408203
2025-05-13,115.5113525390625
2025-05-14,116.26116943359375
2025-05-15,116.4200668334961
2025-05-16,116.63855743408203
2025-05-19,116.4697265625
2025-05-20,116.0327377319336
2025-05-21,113.85282135009766
2025-05-22,113.88260650634766
2025-05-23,112.62629699707031
2025-05-27,115.30278778076172
2025-05-28,114.82609558105469
2025-05-29,115.01974487304688
2025-05-30,114.66222381591797
2025-06-02,115.67522430419922
2025-06-03,117.41320037841797
2025-06-04,117.58700561523438
2025-06-05,117.2542953491211
2025-06-06,118.36164855957031
2025-06-09,118.94263458251953
2025-06-10,119.60802459716797
2025-06-11,119.3448486328125
2025-06-12,120.45219421386719
2025-06-13,118.76386260986328
2025-06-16,120.6855697631836
2025-06-17,119.83148956298828
2025-06-18,119.9754867553711
2025-06-20,119.44414520263672
2025-06-23,120.80601501464844
2025-06-24,122.9746322631836
2025-06-25,124.02412414550781
2025-06-26,124.87964630126953
2025-06-27,124.73042297363281
2025-06-30,125.95399475097656
2025-07-01,124.82989501953125
2025-07-02,126.14797973632812
2025-07-03,127.80925750732422
2025-07-07,126.79458618164062
2025-07-08,127.47600555419922
2025-07-09,128.24197387695312
2025-07-10,127.81922149658203
2025-07-11,127.25716400146484
2025-07-14,127.1527099609375
2025-07-15,128.2817840576172
2025-07-16,128.67970275878906
2025-07-17,129.8485565185547
2025-07-18,129.76400756835938
2025-07-21,129.93313598632812
2025-07-22,128.72943115234375
2025-07-23,129.465576171875
2025-07-24,130.01271057128906
2025-07-25,130.31112670898438
2025-07-28,131.35067749023438
2025-07-29,131.3556671142578
2025-07-30,131.6491241455078
2025-07-31,130.6841583251953
2025-08-01,127.86396789550781
2025-08-04,130.46035766601562
2025-08-05,129.38101196289062
2025-08-06,130.83836364746094
2025-08-07,130.95774841308594
2025-08-08,132.265869140625
2025-08-11,131.3705596923828
2025-08-12,133.4049072265625
2025-08-13,133.4546356201172
2025-08-14,133.16615295410156
2025-08-15,132.1564483642578
2025-08-18,132.43995666503906
2025-08-19,130.12710571289062
2025-08-20,129.24671936035156
2025-08-21,128.7791748046875
2025-08-22,130.5250244140625
2025-08-25,130.23153686523438
2025-08-26,130.82843017578125
2025-08-27,131.5347137451172
2025-08-28,132.57424926757812
2025-08-29,130.5399169921875
2025-09-02,129.2218475341797
2025-09-03,129.99281311035156
2025-09-04,130.63442993164062
2025-09-05,130.74383544921875
2025-09-08,131.7237091064453
2025-09-09,131.97738647460938
2025-09-10,134.3698272705078
2025-09-11,134.82244873046875
2025-09-12,134.73291015625
2025-09-15,135.94656372070312
2025-09-16,135.47402954101562
2025-09-17,135.00648498535156
2025-09-18,137.3392333984375
2025-09-19,138.73194885253906
2025-09-22,140.77285766601562
2025-09-23,139.55767822265625
2025-09-24,138.69606018066406
2025-09-25,138.45204162597656
2025-09-26,138.87039184570312
2025-09-29,139.61245727539062
2025-09-30,140.3744354248047
2025-10-01,141.74899291992188
2025-10-02,142.51596069335938
2025-10-03,141.79881286621094
2025-10-06,143.23312377929688
2025-10-07,142.27691650390625
2025-10-08,144.77203369140625
2025-10-09,144.5279998779297
2025-10-10,138.6462860107422
2025-10-13,142.02291870117188
2025-10-14,140.2001495361328
2025-10-15,141.58963012695312
2025-10-16,141.69422912597656
2025-10-17,141.9432373046875
2025-10-20,143.52696228027344
2025-10-21,143.60166931152344
2025-10-22,142.18228149414062
2025-10-23,143.9751739501953
2025-10-24,146.21133422851562
2025-10-27,148.91065979003906
2025-10-28,150.38482666015625
2025-10-29,151.46554565429688
2025-10-30,149.60293579101562
2025-10-31,149.74734497070312
2025-11-03,150.35992431640625
2025-11-04,146.39064025878906
2025-11-05,146.96336364746094
2025-11-06,144.0100555419922
2025-11-07,143.5120086669922
2025-11-10,147.1824951171875
2025-11-11,145.92745971679688
2025-11-12,146.38067626953125
2025-11-13,142.73011779785156
2025-11-14,143.5070343017578
2025-11-17,141.2609405517578
2025-11-18,138.96502685546875
2025-11-19,139.9311981201172
2025-11-20,135.53857421875
2025-11-21,136.06150817871094
2025-11-24,139.30368041992188
2025-11-25,139.67721557617188
2025-11-26,141.33065795898438
2025-11-28,142.5458526611328
2025-12-01,142.610595703125
2025-12-02,144.07977294921875
2025-12-03,144.4234161376953
2025-12-04,144.96128845214844
2025-12-05,146.0220947265625
2025-12-08,147.04803466796875
2025-12-09,147.4364776611328
2025-12-10,148.14369201660156
2025-12-11,147.3866729736328
2025-12-12,143.12356567382812
2025-12-15,141.73904418945312
2025-12-16,141.9980010986328
2025-12-17,138.84051513671875
2025-12-18,140.98202514648438
2025-12-19,144.0299835205078
2025-12-22,144.8070831298828
2025-12-23,145.5951385498047
2025-12-24,145.94430541992188
2025-12-26,146.17373657226562
2025-12-29,145.51535034179688
2025-12-30,145.0564727783203
2025-12-31,143.61996459960938
2026-01-02,143.94915771484375
2026-01-05,144.26837158203125
2026-01-06,146.29344177246094
2026-01-07,146.17373657226562
2026-01-08,143.88931274414062
2026-01-09,145.79466247558594
2026-01-12,146.43310546875
2026-01-13,146.1238555908203
2026-01-14,144.3481903076172
2026-01-15,145.10635375976562
2026-01-16,145.2659454345703
2026-01-20,141.49513244628906
2026-01-21,143.46035766601562
2026-01-22,144.5277557373047
2026-01-23,144.73724365234375
2026-01-26,145.72483825683594
2026-01-27,147.6900634765625
2026-01-28,148.86717224121094
2026-01-29,146.51292419433594
2026-01-30,143.5301971435547
2026-02-02,144.9068145751953
2026-02-03,141.7345733642578
2026-02-04,137.78419494628906
2026-02-05,135.3002471923828
2026-02-06,140.78688049316406
2026-02-09,143.00148010253906
2026-02-10,142.20343017578125
2026-02-11,142.62240600585938
2026-02-12,138.87155151367188
2026-02-13,139.22068786621094
2026-02-17,139.140869140625
2026-02-18,140.56741333007812
2026-02-19,139.86911010742188
2026-02-20,140.5374755859375
2026-02-23,138.18321228027344
2026-02-24,139.97885131835938
2026-02-25,142.66229248046875
2026-02-26,140.6671600341797
2026-02-27,138.42263793945312
2026-03-02,139.2007293701172
2026-03-03,137.1656951904297
2026-03-04,139.5
2026-03-05,139.83917236328125
2026-03-06,136.95619201660156
2026-03-09,139.42019653320312
2026-03-10,139.42019653320312
2026-03-11,140.08856201171875
2026-03-12,137.50486755371094
2026-03-13,136.4674072265625
2026-03-16,138.4425811767578
2026-03-17,139.2007293701172
2026-03-18,137.6245880126953
2026-03-19,138.0934295654297
2026-03-20,134.96107482910156
2026-03-23,136.78689575195312
2026-03-24,135.9878387451172
2026-03-25,136.5971221923828
2026-03-26,132.34219360351562
2026-03-27,129.76527404785156
2026-03-30,127.34815216064453
2026-03-31,132.74171447753906
2026-04-01,134.74932861328125
2026-04-02,135.8280487060547
2026-04-06,136.61709594726562
2026-04-07,137.2663116455078
2026-04-08,141.52125549316406
2026-04-09,141.9008026123047
2026-04-10,142.45013427734375
2026-04-13,145.43658447265625
2026-04-14,147.76380920410156
2026-04-15,150.12100219726562
2026-04-16,151.83895874023438
2026-04-17,154.1661834716797
2026-04-20,154.37591552734375
2026-04-21,154.50576782226562
2026-04-22,157.90171813964844
2026-04-23,155.65440368652344
2026-04-24,160.02919006347656
2026-04-27,160.37876892089844
2026-04-28,157.66201782226562
2026-04-29,158.92050170898438
2026-04-30,159.31004333496094
2026-05-01,161.67721557617188
2026-05-04,161.8570098876953
2026-05-05,165.4327392578125
2026-05-06,169.82749938964844
2026-05-07,169.4879150390625
2026-05-08,175.31097412109375
2026-05-11,177.66815185546875
2026-05-12,174.99134826660156
2026-05-13,176.63938903808594
2026-05-14,179.28622436523438
2026-05-15,176.05007934570312
2026-05-18,174.15234375
2026-05-19,173.03367614746094
2026-05-20,176.9290313720703
2026-05-21,178.38729858398438
2026-05-22,180.17515563964844
2026-05-26,184.9195098876953
2026-05-27,184.21034240722656
2026-05-28,186.62747192382812
2026-05-29,190.79251098632812
2026-06-01,195.52685546875
2026-06-02,197.9739532470703
2026-06-03,195.9962921142578
2026-06-04,192.93994140625
2026-06-05,180.08526611328125
2026-06-08,183.9606475830078
2026-06-09,180.55471801757812
2026-06-10,176.41964721679688
2026-06-11,182.99180603027344
2026-06-12,184.5799102783203
2026-06-15,191.56158447265625
2026-06-16,186.21795654296875
2026-06-17,185.57872009277344
2026-06-18,191.21200561523438
2026-06-22,192.14999389648438
2026-06-23,184.19000244140625
2026-06-24,183.0500030517578
2026-06-25,184.57000732421875
2026-06-26,181.11000061035156
2026-06-29,185.41000366210938
2026-06-30,190.52000427246094
2026-07-01,185.6199951171875
2026-07-02,180.58999633789062
2026-07-06,183.57000732421875
2026-07-07,179.17999267578125
2026-07-08,181.39999389648438
2026-07-09,185.35000610351562
2026-07-10,185.77999877929688
2026-07-13,181.27999877929688
2026-07-14,183.6199951171875
2026-07-15,181.5800018310547
2026-07-16,177.52000427246094
2026-07-17,175.58999633789062
2026-07-20,175.7100067138672
2026-07-21,180.77999877929688
2026-07-22,180.27000427246094
2026-07-23,178.4499969482422
2026-07-24,175.8800048828125
2026-07-27,174.3000030517578
2026-07-28,171.08999633789062
2026-07-29,166.57000732421875
2026-07-30,175.72999572753906
2026-07-31,175.35000610351562
2026-08-03,178.0399932861328
2026-08-04,186.89999389648438
2026-08-05,185.91000366210938
2026-08-06,185.3300018310547
2026-08-07,187.97000122070312
2026-08-10,186.32000732421875
2026-08-11,186.08999633789062
2026-08-12,188.86000061035156
2026-08-13,190.77000427246094
2026-08-14,190.00999450683594
2026-08-17,190.32000732421875
2026-08-18,185.6199951171875
2026-08-19,183.63999938964844
2026-08-20,183.10000610351562
2026-08-21,183.30999755859375
2026-08-24,180.0500030517578
2026-08-25,181.74000549316406
2026-08-26,182.83999633789062
2026-08-27,188.61000061035156
2026-08-28,185.69000244140625
2026-08-31,186.5
2026-09-01,183.63999938964844
2026-09-02,183.60000610351562
2026-09-03,185.97000122070312
2026-09-04,187.27999877929688
2026-09-08,187.8699951171875