1998-12-22,16.716136932373047
1998-12-23,17.091787338256836
1998-12-24,17.196134567260742
1998-12-28,16.94570541381836
1998-12-29,17.321346282958984
1998-12-30,17.17525863647461
1998-12-31,17.363086700439453
1999-01-04,17.321346282958984
1999-01-05,17.592641830444336
1999-01-06,17.88481330871582
1999-01-07,17.801332473754883
1999-01-08,18.02046012878418
1999-01-11,18.06220245361328
1999-01-12,17.989158630371094
1999-01-13,17.82220458984375
1999-01-14,17.676111221313477
1999-01-15,17.916109085083008
1999-01-19,18.42741584777832
1999-01-20,18.531749725341797
1999-01-21,17.88481330871582
1999-01-22,17.81177520751953
1999-01-25,17.95785140991211
1999-01-26,18.041324615478516
1999-01-27,17.863941192626953
1999-01-28,18.19785499572754
1999-01-29,18.19785499572754
1999-02-01,18.302204132080078
1999-02-02,18.0308895111084
1999-02-03,18.375242233276367
1999-02-04,18.239593505859375
1999-02-05,18.0308895111084
1999-02-08,18.02046012878418
1999-02-09,17.696989059448242
1999-02-10,17.738739013671875
1999-02-11,18.218713760375977
1999-02-12,17.947423934936523
1999-02-16,18.114376068115234
1999-02-17,17.92654800415039
1999-02-18,18.156110763549805
1999-02-19,18.208288192749023
1999-02-22,18.594362258911133
1999-02-23,18.563068389892578
1999-02-24,18.343942642211914
1999-02-25,18.166547775268555
1999-02-26,18.218713760375977
1999-03-01,18.187410354614258
1999-03-02,18.176984786987305
1999-03-03,18.06220245361328
1999-03-04,18.385679244995117
1999-03-05,18.803050994873047
1999-03-08,18.823917388916016
1999-03-09,18.67783546447754
1999-03-10,18.844799041748047
1999-03-11,18.970008850097656
1999-03-12,18.86566925048828
1999-03-15,18.928268432617188
1999-03-16,18.88653564453125
1999-03-17,18.78219223022461
1999-03-18,19.043048858642578
1999-03-19,18.959569931030273
1999-03-22,18.907405853271484
1999-03-23,18.385679244995117
1999-03-24,18.469152450561523
1999-03-25,18.78219223022461
1999-03-26,18.636098861694336
1999-03-29,18.86566925048828
1999-03-30,18.803050994873047
1999-03-31,18.698715209960938
1999-04-01,18.698715209960938
1999-04-05,19.11608123779297
1999-04-06,19.136962890625
1999-04-07,19.502161026000977
1999-04-08,19.700429916381836
1999-04-09,19.763032913208008
1999-04-12,20.263877868652344
1999-04-13,20.055194854736328
1999-04-14,19.867374420166016
1999-04-15,19.366525650024414
1999-04-16,19.178699493408203
1999-04-19,18.656972885131836
1999-04-20,19.01175308227539
1999-04-21,19.449995040893555
1999-04-22,19.846511840820312
1999-04-23,20.295194625854492
1999-04-26,20.263877868652344
1999-04-27,20.284759521484375
1999-04-28,19.742162704467773
1999-04-29,19.512601852416992
1999-04-30,19.366525650024414
1999-05-03,19.742162704467773
1999-05-04,19.366525650024414
1999-05-05,19.533472061157227
1999-05-06,19.6169490814209
1999-05-07,19.554346084594727
1999-05-10,19.512601852416992
1999-05-11,19.825637817382812
1999-05-12,20.01345443725586
1999-05-13,19.88824462890625
1999-05-14,19.533472061157227
1999-05-17,19.40826416015625
1999-05-18,19.19956398010254
1999-05-19,19.42912483215332
1999-05-20,19.689992904663086
1999-05-21,19.470861434936523
1999-05-24,19.01175308227539
1999-05-25,18.823917388916016
1999-05-26,18.844799041748047
1999-05-27,18.636098861694336
1999-05-28,18.771753311157227
1999-06-01,18.823917388916016
1999-06-02,18.76131820678711
1999-06-03,18.907405853271484
1999-06-04,19.366525650024414
1999-06-07,19.19956398010254
1999-06-08,19.043048858642578
1999-06-09,19.053485870361328
1999-06-10,18.89695930480957
1999-06-11,18.67783546447754
1999-06-14,18.78219223022461
1999-06-15,18.990869522094727
1999-06-16,19.366525650024414
1999-06-17,19.460437774658203
1999-06-18,19.366525650024414
1999-06-21,19.27260971069336
1999-06-22,19.24129867553711
1999-06-23,19.283052444458008
1999-06-24,18.928268432617188
1999-06-25,18.949138641357422
1999-06-28,19.15782928466797
1999-06-29,19.345643997192383
1999-06-30,19.59607696533203
1999-07-01,19.6586856842041
1999-07-02,19.6586856842041
1999-07-06,19.6169490814209
1999-07-07,19.742162704467773
1999-07-08,19.700429916381836
1999-07-09,19.78390121459961
1999-07-12,19.825637817382812
1999-07-13,19.78390121459961
1999-07-14,19.825637817382812
1999-07-15,19.919553756713867
1999-07-16,19.929988861083984
1999-07-19,19.846511840820312
1999-07-20,19.763032913208008
1999-07-21,19.721294403076172
1999-07-22,19.40826416015625
1999-07-23,19.24129867553711
1999-07-26,19.262168884277344
1999-07-27,19.6169490814209
1999-07-28,19.470861434936523
1999-07-29,19.136962890625
1999-07-30,19.01175308227539
1999-08-02,18.88653564453125
1999-08-03,18.803050994873047
1999-08-04,18.531749725341797
1999-08-05,18.479583740234375
1999-08-06,18.28131866455078
1999-08-09,18.302204132080078
1999-08-10,17.936994552612305
1999-08-11,18.114376068115234
1999-08-12,18.114376068115234
1999-08-13,18.42741584777832
1999-08-16,18.42741584777832
1999-08-17,18.656972885131836
1999-08-18,18.78219223022461
1999-08-19,18.698715209960938
1999-08-20,18.656972885131836
1999-08-23,18.8343563079834
1999-08-24,18.573501586914062
1999-08-25,18.949138641357422
1999-08-26,18.803050994873047
1999-08-27,18.66741180419922
1999-08-30,18.218713760375977
1999-08-31,18.156110763549805
1999-09-01,18.176984786987305
1999-09-02,17.989158630371094
1999-09-03,18.563068389892578
1999-09-07,18.78219223022461
1999-09-08,18.698715209960938
1999-09-09,18.573501586914062
1999-09-10,18.67783546447754
1999-09-13,18.646535873413086
1999-09-14,18.458723068237305
1999-09-15,18.28131866455078
1999-09-16,18.29176139831543
1999-09-17,18.8134822845459
1999-09-20,18.583921432495117
1999-09-21,18.250024795532227
1999-09-22,18.208288192749023
1999-09-23,18.01003646850586
1999-09-24,17.728294372558594
1999-09-27,17.863941192626953
1999-09-28,17.696989059448242
1999-09-29,17.749156951904297
1999-09-30,17.905683517456055
1999-10-01,17.84307861328125
1999-10-04,18.114376068115234
1999-10-05,17.87437629699707
1999-10-06,18.32306480407715
1999-10-07,18.156110763549805
1999-10-08,18.354368209838867
1999-10-11,18.302204132080078
1999-10-12,17.989158630371094
1999-10-13,17.592641830444336
1999-10-14,17.530044555664062
1999-10-15,17.227439880371094
1999-10-18,17.143962860107422
1999-10-19,17.154394149780273
1999-10-20,17.5717716217041
1999-10-21,17.603071212768555
1999-10-22,17.82220458984375
1999-10-25,17.82220458984375
1999-10-26,17.696989059448242
1999-10-27,17.696989059448242
1999-10-28,18.458723068237305
1999-10-29,18.8134822845459
1999-11-01,18.823917388916016
1999-11-02,18.583921432495117
1999-11-03,18.66741180419922
1999-11-04,18.876087188720703
1999-11-05,18.792619705200195
1999-11-08,18.823917388916016
1999-11-09,18.698715209960938
1999-11-10,18.8134822845459
1999-11-11,19.03261375427246
1999-11-12,19.40826416015625
1999-11-15,19.491737365722656
1999-11-16,19.742162704467773
1999-11-17,19.543907165527344
1999-11-18,19.66912078857422
1999-11-19,19.575206756591797
1999-11-22,19.366525650024414
1999-11-23,19.043048858642578
1999-11-24,19.314340591430664
1999-11-26,19.15782928466797
1999-11-29,19.043048858642578
1999-11-30,19.03261375427246
1999-12-01,18.990869522094727
1999-12-02,19.15782928466797
1999-12-03,19.533472061157227
1999-12-06,19.64825439453125
1999-12-07,19.59607696533203
1999-12-08,19.78390121459961
1999-12-09,20.086503982543945
1999-12-10,19.961294174194336
1999-12-13,19.825637817382812
1999-12-14,19.867374420166016
1999-12-15,19.700429916381836
1999-12-16,19.856943130493164
1999-12-17,20.2012882232666
1999-12-20,20.130577087402344
1999-12-21,20.004640579223633
1999-12-22,20.025625228881836
1999-12-23,20.445457458496094
1999-12-27,20.445457458496094
1999-12-28,20.48743438720703
1999-12-29,20.47694206237793
1999-12-30,20.55040168762207
1999-12-31,20.749828338623047
2000-01-03,20.350994110107422
2000-01-04,19.889183044433594
2000-01-05,19.71076202392578
2000-01-06,19.773740768432617
2000-01-07,20.0151424407959
2000-01-10,22.061782836914062
2000-01-11,21.47402000427246
2000-01-12,21.117172241210938
2000-01-13,21.74690055847168
2000-01-14,21.557987213134766
2000-01-18,21.15915298461914
2000-01-19,21.662948608398438
2000-01-20,21.495014190673828
2000-01-21,21.453031539916992
2000-01-24,20.81279945373535
2000-01-25,20.959735870361328
2000-01-26,20.865272521972656
2000-01-27,20.739322662353516
2000-01-28,20.31950569152832
2000-01-31,20.225048065185547
2000-02-01,20.48743438720703
2000-02-02,20.991228103637695
2000-02-03,21.180147171020508
2000-02-04,21.253610610961914
2000-02-07,20.907262802124023
2000-02-08,21.13816261291504
2000-02-09,20.76032829284668
2000-02-10,20.5819034576416
2000-02-11,20.592391967773438
2000-02-14,20.21454620361328
2000-02-15,20.057117462158203
2000-02-16,19.4903507232666
2000-02-17,19.479860305786133
2000-02-18,18.944576263427734
2000-02-22,18.80814552307129
2000-02-23,19.10200309753418
2000-02-24,18.955080032348633
2000-02-25,18.36731719970703
2000-02-28,18.692686080932617
2000-02-29,18.902599334716797
2000-03-01,19.06003761291504
2000-03-02,18.9760684967041
2000-03-03,19.238454818725586
2000-03-06,18.860618591308594
2000-03-07,18.514253616333008
2000-03-08,18.4198055267334
2000-03-09,18.85012435913086
2000-03-10,18.692686080932617
2000-03-13,18.556243896484375
2000-03-14,18.608720779418945
2000-03-15,18.70318603515625
2000-03-16,19.668781280517578
2000-03-17,19.689769744873047
2000-03-20,20.067615509033203
2000-03-21,20.19355583190918
2000-03-22,20.707843780517578
2000-03-23,20.79180335998535
2000-03-24,20.970230102539062
2000-03-27,20.823286056518555
2000-03-28,20.844289779663086
2000-03-29,20.529417037963867
2000-03-30,20.235544204711914
2000-03-31,20.602882385253906
2000-04-03,20.592391967773438
2000-04-04,20.361494064331055
2000-04-05,20.225048065185547
2000-04-06,20.613384246826172
2000-04-07,20.665857315063477
2000-04-10,20.529417037963867
2000-04-11,20.707843780517578
2000-04-12,20.329999923706055
2000-04-13,19.81572723388672
2000-04-14,18.61922264099121
2000-04-17,18.776655197143555
2000-04-18,19.290937423706055
2000-04-19,19.794729232788086
2000-04-20,19.878698348999023
2000-04-24,19.595306396484375
2000-04-25,20.088600158691406
2000-04-26,20.298505783081055
2000-04-27,20.17256736755371
2000-04-28,20.361494064331055
2000-05-01,20.424461364746094
2000-05-02,20.0151424407959
2000-05-03,19.458866119384766
2000-05-04,19.39589500427246
2000-05-05,19.37489891052246
2000-05-08,19.4168758392334
2000-05-09,19.280431747436523
2000-05-10,19.248952865600586
2000-05-11,19.22795295715332
2000-05-12,19.56382179260254
2000-05-15,19.889183044433594
2000-05-16,20.151580810546875
2000-05-17,19.92068099975586
2000-05-18,19.899682998657227
2000-05-19,19.37489891052246
2000-05-22,19.154499053955078
2000-05-23,18.997060775756836
2000-05-24,19.123008728027344
2000-05-25,18.9760684967041
2000-05-26,18.829126358032227
2000-05-30,19.605810165405273
2000-05-31,19.81572723388672
2000-06-01,19.689769744873047
2000-06-02,20.17256736755371
2000-06-05,20.109601974487305
2000-06-06,19.94166374206543
2000-06-07,19.889183044433594
2000-06-08,19.731754302978516
2000-06-09,20.025625228881836
2000-06-12,19.836706161499023
2000-06-13,19.56382179260254
2000-06-14,19.899682998657227
2000-06-15,20.466449737548828
2000-06-16,20.235544204711914
2000-06-19,20.361494064331055
2000-06-20,20.329999923706055
2000-06-21,20.235544204711914
2000-06-22,20.19355583190918
2000-06-23,19.81572723388672
2000-06-26,19.62679672241211
2000-06-27,19.584810256958008
2000-06-28,19.500843048095703
2000-06-29,19.794729232788086
2000-06-30,19.85770034790039
2000-07-03,19.81572723388672
2000-07-05,19.94166374206543
2000-07-06,19.899682998657227
2000-07-07,20.067615509033203
2000-07-10,19.899682998657227
2000-07-11,19.679275512695312
2000-07-12,20.0466251373291
2000-07-13,20.109601974487305
2000-07-14,20.424461364746094
2000-07-17,20.17256736755371
2000-07-18,19.85770034790039
2000-07-19,19.983652114868164
2000-07-20,20.298505783081055
2000-07-21,19.794729232788086
2000-07-24,19.605810165405273
2000-07-25,19.616294860839844
2000-07-26,19.458866119384766
2000-07-27,19.584810256958008
2000-07-28,19.37489891052246
2000-07-31,19.56382179260254
2000-08-01,19.731754302978516
2000-08-02,19.81572723388672
2000-08-03,19.92068099975586
2000-08-04,20.329999923706055
2000-08-07,20.17256736755371
2000-08-08,20.235544204711914
2000-08-09,20.0466251373291
2000-08-10,20.088600158691406
2000-08-11,20.21454620361328
2000-08-14,20.445457458496094
2000-08-15,20.340499877929688
2000-08-16,20.0466251373291
2000-08-17,20.235544204711914
2000-08-18,20.235544204711914
2000-08-21,20.298505783081055
2000-08-22,20.0466251373291
2000-08-23,20.067615509033203
2000-08-24,20.0151424407959
2000-08-25,20.350994110107422
2000-08-28,20.151580810546875
2000-08-29,20.24603843688965
2000-08-30,20.382471084594727
2000-08-31,20.256540298461914
2000-09-01,20.235544204711914
2000-09-05,19.836706161499023
2000-09-06,19.752735137939453
2000-09-07,19.595306396484375
2000-09-08,19.605810165405273
2000-09-11,19.679275512695312
2000-09-12,19.668781280517578
2000-09-13,19.878698348999023
2000-09-14,19.668781280517578
2000-09-15,19.584810256958008
2000-09-18,19.553327560424805
2000-09-19,19.4273681640625
2000-09-20,19.049549102783203
2000-09-21,19.22795295715332
2000-09-22,19.06003761291504
2000-09-25,19.343412399291992
2000-09-26,19.343412399291992
2000-09-27,19.01805877685547
2000-09-28,19.574317932128906
2000-09-29,19.52184295654297
2000-10-02,19.773740768432617
2000-10-03,19.84720802307129
2000-10-04,20.004640579223633
2000-10-05,20.18307113647461
2000-10-06,19.71076202392578
2000-10-09,19.584810256958008
2000-10-10,19.605810165405273
2000-10-11,19.11250877380371
2000-10-12,18.472274780273438
2000-10-13,18.81863021850586
2000-10-16,18.64020347595215
2000-10-17,17.71658706665039
2000-10-18,18.010469436645508
2000-10-19,18.220386505126953
2000-10-20,18.598230361938477
2000-10-23,18.871116638183594
2000-10-24,18.91309356689453
2000-10-25,18.577234268188477
2000-10-26,18.83962631225586
2000-10-27,19.007549285888672
2000-10-30,19.37489891052246
2000-10-31,19.81572723388672
2000-11-01,19.952165603637695
2000-11-02,20.130577087402344
2000-11-03,20.057117462158203
2000-11-06,20.19355583190918
2000-11-07,20.277528762817383
2000-11-08,20.109601974487305
2000-11-09,19.18597984313965
2000-11-10,19.11250877380371
2000-11-13,18.70318603515625
2000-11-14,19.154499053955078
2000-11-15,19.248952865600586
2000-11-16,19.01805877685547
2000-11-17,18.892107009887695
2000-11-20,18.787145614624023
2000-11-21,18.34634017944336
2000-11-22,18.167905807495117
2000-11-24,18.251873016357422
2000-11-27,18.36731719970703
2000-11-28,18.13641357421875
2000-11-29,18.178403854370117
2000-11-30,18.010469436645508
2000-12-01,18.13641357421875
2000-12-04,18.14690589904785
2000-12-05,18.61922264099121
2000-12-06,18.81863021850586
2000-12-07,18.503765106201172
2000-12-08,18.902599334716797
2000-12-11,19.10200309753418
2000-12-12,19.143997192382812
2000-12-13,19.248952865600586
2000-12-14,19.081024169921875
2000-12-15,18.598230361938477
2000-12-18,18.496614456176758
2000-12-19,18.517601013183594
2000-12-20,17.67780876159668
2000-12-21,17.80377197265625
2000-12-22,18.10820198059082
2000-12-26,18.13968849182129
2000-12-27,18.202678680419922
2000-12-28,18.517601013183594
2000-12-29,18.307653427124023
2001-01-02,17.562328338623047
2001-01-03,18.948009490966797
2001-01-04,19.504369735717773
2001-01-05,18.979501724243164
2001-01-08,18.70655632019043
2001-01-09,18.9375057220459
2001-01-10,19.084476470947266
2001-01-11,19.51486587524414
2001-01-12,19.77730941772461
2001-01-16,19.987258911132812
2001-01-17,20.134220123291016
2001-01-18,20.071231842041016
2001-01-19,19.57785415649414
2001-01-22,19.441389083862305
2001-01-23,19.892776489257812
2001-01-24,19.70383071899414
2001-01-25,19.672332763671875
2001-01-26,19.47287368774414
2001-01-29,19.792415618896484
2001-01-30,19.75210952758789
2001-01-31,19.631174087524414
2001-02-01,19.89320182800293
2001-02-02,19.658050537109375
2001-02-05,19.64461898803711
2001-02-06,19.664777755737305
2001-02-07,19.85288429260254
2001-02-08,19.97382164001465
2001-02-09,19.651336669921875
2001-02-12,19.812576293945312
2001-02-13,19.832731246948242
2001-02-14,19.617746353149414
2001-02-15,19.698352813720703
2001-02-16,19.611024856567383
2001-02-20,19.59087562561035
2001-02-21,19.490100860595703
2001-02-22,19.120580673217773
2001-02-23,19.066835403442383
2001-02-26,19.16761016845703
2001-02-27,19.510234832763672
2001-02-28,19.25495147705078
2001-03-01,19.18777084350586
2001-03-02,19.22135353088379
2001-03-05,19.113861083984375
2001-03-06,19.18104362487793
2001-03-07,19.268383026123047
2001-03-08,19.375883102416992
2001-03-09,19.207918167114258
2001-03-12,18.247190475463867
2001-03-13,18.25391387939453
2001-03-14,17.904558181762695
2001-03-15,18.435300827026367
2001-03-16,18.190040588378906
2001-03-19,18.190040588378906
2001-03-20,17.807018280029297
2001-03-21,17.33664321899414
2001-03-22,16.95362091064453
2001-03-23,17.33664321899414
2001-03-26,17.639034271240234
2001-03-27,18.163164138793945
2001-03-28,17.786861419677734
2001-03-29,18.008604049682617
2001-03-30,18.022045135498047
2001-04-02,17.800308227539062
2001-04-03,17.403839111328125
2001-04-04,17.511356353759766
2001-04-05,17.948131561279297
2001-04-06,17.867496490478516
2001-04-09,18.08924674987793
2001-04-10,18.44538116455078
2001-04-11,18.22364044189453
2001-04-12,18.210193634033203
2001-04-16,18.337865829467773
2001-04-17,18.65369415283203
2001-04-18,19.399574279785156
2001-04-19,19.419727325439453
2001-04-20,19.473485946655273
2001-04-23,19.02327537536621
2001-04-24,19.077028274536133
2001-04-25,19.298776626586914
2001-04-26,19.54068374633789
2001-04-27,19.352535247802734
2001-04-30,19.352535247802734
2001-05-01,19.6549129486084
2001-05-02,19.71538734436035
2001-05-03,19.332372665405273
2001-05-04,19.392860412597656
2001-05-07,19.439899444580078
2001-05-08,19.11734390258789
2001-05-09,19.238296508789062
2001-05-10,19.36597442626953
2001-05-11,19.46004867553711
2001-05-14,19.372695922851562
2001-05-15,19.46004867553711
2001-05-16,19.997615814208984
2001-05-17,20.172327041625977
2001-05-18,20.226089477539062
2001-05-21,20.53519058227539
2001-05-22,20.562074661254883
2001-05-23,20.219358444213867
2001-05-24,20.46798324584961
2001-05-25,20.320165634155273
2001-05-29,20.16560173034668
2001-05-30,20.098411560058594
2001-05-31,20.091691970825195
2001-06-01,20.031221389770508
2001-06-04,20.058095932006836
2001-06-05,20.246252059936523
2001-06-06,20.084972381591797
2001-06-07,20.19921112060547
2001-06-08,20.091691970825195
2001-06-11,19.990894317626953
2001-06-12,19.943864822387695
2001-06-13,19.84977149963379
2001-06-14,19.48021125793457
2001-06-15,19.427770614624023
2001-06-18,19.131977081298828
2001-06-19,19.185766220092773
2001-06-20,19.602556228637695
2001-06-21,19.82439422607422
2001-06-22,19.568939208984375
2001-06-25,19.615999221801758
2001-06-26,19.313491821289062
2001-06-27,19.629444122314453
2001-06-28,19.77734375
2001-06-29,19.86472511291504
2001-07-02,20.005905151367188
2001-07-03,20.005905151367188
2001-07-05,19.770620346069336
2001-07-06,19.400888442993164
2001-07-09,19.29331398010254
2001-07-10,19.29331398010254
2001-07-11,19.279876708984375
2001-07-12,19.468103408813477
2001-07-13,19.602556228637695
2001-07-16,19.508447647094727
2001-07-17,19.642885208129883
2001-07-18,19.447946548461914
2001-07-19,19.333660125732422
2001-07-20,19.380720138549805
2001-07-23,19.004268646240234
2001-07-24,18.9168701171875
2001-07-25,19.024423599243164
2001-07-26,19.582387924194336
2001-07-27,19.60927963256836
2001-07-30,19.60927963256836
2001-07-31,19.468103408813477
2001-08-01,19.447946548461914
2001-08-02,19.649620056152344
2001-08-03,19.4882755279541
2001-08-06,19.360544204711914
2001-08-07,19.41431999206543
2001-08-08,19.279876708984375
2001-08-09,19.192487716674805
2001-08-10,19.226099014282227
2001-08-13,19.373994827270508
2001-08-14,19.125263214111328
2001-08-15,18.863080978393555
2001-08-16,18.957202911376953
2001-08-17,18.748807907104492
2001-08-20,18.889984130859375
2001-08-21,18.997543334960938
2001-08-22,18.92359733581543
2001-08-23,19.024423599243164
2001-08-24,19.367271423339844
2001-08-27,19.125263214111328
2001-08-28,18.856367111206055
2001-08-29,18.688297271728516
2001-08-30,18.30512809753418
2001-08-31,18.47991371154785
2001-09-04,18.39924430847168
2001-09-05,18.412687301635742
2001-09-06,17.874895095825195
2001-09-07,17.52532958984375
2001-09-10,17.29677391052246
2001-09-17,15.851447105407715
2001-09-18,15.562387466430664
2001-09-19,15.306936264038086
2001-09-20,14.722082138061523
2001-09-21,14.768484115600586
2001-09-24,15.225802421569824
2001-09-25,15.118200302124023
2001-09-26,15.259422302246094
2001-09-27,15.494803428649902
2001-09-28,15.80416488647461
2001-10-01,15.508254051208496
2001-10-02,15.71001148223877
2001-10-03,16.29510498046875
2001-10-04,16.24803352355957
2001-10-05,16.07316780090332
2001-10-08,15.952120780944824
2001-10-09,15.80416488647461
2001-10-10,16.147153854370117
2001-10-11,16.530481338500977
2001-10-12,16.382532119750977
2001-10-15,16.443050384521484
2001-10-16,16.60445785522461
2001-10-17,16.10679817199707
2001-10-18,15.851239204406738
2001-10-19,15.797433853149414
2001-10-22,16.241300582885742
2001-10-23,16.34218978881836
2001-10-24,16.079893112182617
2001-10-25,16.17404556274414
2001-10-26,16.31527328491211
2001-10-29,15.898316383361816
2001-10-30,15.67638874053955
2001-10-31,15.884866714477539
2001-11-01,16.10679817199707
2001-11-02,16.194229125976562
2001-11-05,16.443050384521484
2001-11-06,16.644813537597656
2001-11-07,16.550661087036133
2001-11-08,16.691892623901367
2001-11-09,16.591018676757812
2001-11-12,16.631370544433594
2001-11-13,17.115581512451172
2001-11-14,17.31732940673828
2001-11-15,17.519084930419922
2001-11-16,17.519084930419922
2001-11-19,17.82171058654785
2001-11-20,17.82171058654785
2001-11-21,17.64686393737793
2001-11-23,17.720836639404297
2001-11-26,17.94950294494629
2001-11-27,17.88897132873535
2001-11-28,17.61323356628418
2001-11-29,17.653589248657227
2001-11-30,17.72755241394043
2001-12-03,17.74101448059082
2001-12-04,17.969667434692383
2001-12-05,18.595115661621094
2001-12-06,18.66236686706543
2001-12-07,18.554763793945312
2001-12-10,18.131072998046875
2001-12-11,18.25884437561035
2001-12-12,18.178157806396484
2001-12-13,17.78809928894043
2001-12-14,17.75446891784668
2001-12-17,17.922597885131836
2001-12-18,18.18487548828125
2001-12-19,18.090723037719727
2001-12-20,17.868797302246094
2001-12-21,17.839824676513672
2001-12-24,17.920663833618164
2001-12-26,18.055408477783203
2001-12-27,18.257522583007812
2001-12-28,18.439416885375977
2001-12-31,18.156471252441406
2002-01-02,18.311426162719727
2002-01-03,18.39227294921875
2002-01-04,18.60785484313965
2002-01-07,18.628063201904297
2002-01-08,18.7291202545166
2002-01-09,18.628063201904297
2002-01-10,18.681964874267578
2002-01-11,18.560688018798828
2002-01-14,18.425947189331055
2002-01-15,18.655012130737305
2002-01-16,18.19689178466797
2002-01-17,18.311426162719727
2002-01-18,18.169937133789062
2002-01-22,18.122777938842773
2002-01-23,18.055408477783203
2002-01-24,18.203624725341797
2002-01-25,18.223834991455078
2002-01-28,18.257522583007812
2002-01-29,17.9139347076416
2002-01-30,17.839824676513672
2002-01-31,18.021724700927734
2002-02-01,17.988048553466797
2002-02-04,17.64444351196289
2002-02-05,17.738771438598633
2002-02-06,17.64444351196289
2002-02-07,17.988048553466797
2002-02-08,18.358583450317383
2002-02-11,18.527009963989258
2002-02-12,18.358583450317383
2002-02-13,18.661741256713867
2002-02-14,18.715639114379883
2002-02-15,18.425947189331055
2002-02-19,18.122777938842773
2002-02-20,18.560688018798828
2002-02-21,18.425947189331055
2002-02-22,18.59438133239746
2002-02-25,18.917762756347656
2002-02-26,18.863862991333008
2002-02-27,18.796489715576172
2002-02-28,18.85039520263672
2002-03-01,19.207454681396484
2002-03-04,19.4028263092041
2002-03-05,19.375892639160156
2002-03-06,19.64536476135254
2002-03-07,19.497156143188477
2002-03-08,19.699260711669922
2002-03-11,19.60494613647461
2002-03-12,19.53757667541504
2002-03-13,19.470205307006836
2002-03-14,19.60494613647461
2002-03-15,19.964187622070312
2002-03-18,20.139427185058594
2002-03-19,20.119211196899414
2002-03-20,20.125953674316406
2002-03-21,19.997896194458008
2002-03-22,19.890052795410156
2002-03-25,19.593494415283203
2002-03-26,19.478900909423828
2002-03-27,19.768722534179688
2002-03-28,19.943965911865234
2002-04-01,19.761985778808594
2002-04-02,19.64740562438965
2002-04-03,19.391286849975586
2002-04-04,19.66762351989746
2002-04-05,19.903533935546875
2002-04-08,19.984413146972656
2002-04-09,20.011369705200195
2002-04-10,20.193361282348633
2002-04-11,19.856346130371094
2002-04-12,19.923748016357422
2002-04-15,19.91027069091797
2002-04-16,20.045072555541992
2002-04-17,20.092247009277344
2002-04-18,20.301191329956055
2002-04-19,20.462955474853516
2002-04-22,20.36859893798828
2002-04-23,20.220298767089844
2002-04-24,20.355113983154297
2002-04-25,20.415782928466797
2002-04-26,20.08551025390625
2002-04-29,19.627187728881836
2002-04-30,19.82265281677246
2002-05-01,20.17986297607422
2002-05-02,20.11247444152832
2002-05-03,19.984413146972656
2002-05-06,19.60696029663086
2002-05-07,19.64740562438965
2002-05-08,20.08551025390625
2002-05-09,19.856346130371094
2002-05-10,19.593494415283203
2002-05-13,19.82265281677246
2002-05-14,20.17986297607422
2002-05-15,20.355113983154297
2002-05-16,20.409042358398438
2002-05-17,20.40229606628418
2002-05-20,20.220298767089844
2002-05-21,20.045072555541992
2002-05-22,19.923748016357422
2002-05-23,20.105735778808594
2002-05-24,20.024850845336914
2002-05-28,20.00463104248047
2002-05-29,19.991146087646484
2002-05-30,19.950712203979492
2002-05-31,20.0989933013916
2002-06-03,19.755252838134766
2002-06-04,19.70806121826172
2002-06-05,19.876575469970703
2002-06-06,19.60696029663086
2002-06-07,19.74850845336914
2002-06-10,19.788949966430664
2002-06-11,19.64067268371582
2002-06-12,19.236265182495117
2002-06-13,18.885772705078125
2002-06-14,18.744224548339844
2002-06-17,19.269962310791016
2002-06-18,19.35757827758789
2002-06-19,19.290184020996094
2002-06-20,18.777929306030273
2002-06-21,18.38488006591797
2002-06-24,18.526458740234375
2002-06-25,18.23656463623047
2002-06-26,18.539939880371094
2002-06-27,19.011865615844727
2002-06-28,18.661304473876953
2002-07-01,17.879247665405273
2002-07-02,17.47473907470703
2002-07-03,17.501712799072266
2002-07-05,18.08824348449707
2002-07-08,17.865768432617188
2002-07-09,17.05000877380371
2002-07-10,16.261215209960938
2002-07-11,16.57134246826172
2002-07-12,16.78707504272461
2002-07-15,16.48369026184082
2002-07-16,16.36908721923828
2002-07-17,16.726402282714844
2002-07-18,15.93761157989502
2002-07-19,15.283656120300293
2002-07-22,15.155561447143555
2002-07-23,14.872404098510742
2002-07-24,15.836494445800781
2002-07-25,16.37582778930664
2002-07-26,16.73988151550293
2002-07-29,17.488224029541016
2002-07-30,17.616315841674805
2002-07-31,18.121950149536133
2002-08-01,17.616315841674805
2002-08-02,17.47473907470703
2002-08-05,16.726402282714844
2002-08-06,17.137653350830078
2002-08-07,17.7106990814209
2002-08-08,18.37139892578125
2002-08-09,18.344436645507812
2002-08-12,18.37139892578125
2002-08-13,17.933191299438477
2002-08-14,18.38488006591797
2002-08-15,18.512975692749023
2002-08-16,18.36465835571289
2002-08-19,18.6208553314209
2002-08-20,18.38488006591797
2002-08-21,18.695011138916016
2002-08-22,19.281543731689453
2002-08-23,18.782649993896484
2002-08-26,18.99164581298828
2002-08-27,18.452301025390625
2002-08-28,18.303985595703125
2002-08-29,18.351173400878906
2002-08-30,18.2972354888916
2002-09-03,17.535417556762695
2002-09-04,18.074758529663086
2002-09-05,17.865768432617188
2002-09-06,17.865768432617188
2002-09-09,18.06801414489746
2002-09-10,18.135438919067383
2002-09-11,18.169147491455078
2002-09-12,17.82530975341797
2002-09-13,17.960153579711914
2002-09-16,17.960153579711914
2002-09-17,17.690473556518555
2002-09-18,17.791606903076172
2002-09-19,17.191591262817383
2002-09-20,17.326162338256836
2002-09-23,17.1232852935791
2002-09-24,17.10976219177246
2002-09-25,17.596668243408203
2002-09-26,17.907764434814453
2002-09-27,17.245010375976562
2002-09-30,17.163862228393555
2002-10-01,17.69811248779297
2002-10-02,17.711639404296875
2002-10-03,17.644010543823242
2002-10-04,17.089481353759766
2002-10-07,17.048891067504883
2002-10-08,17.549331665039062
2002-10-09,17.366735458374023
2002-10-10,17.583148956298828
2002-10-11,17.792797088623047
2002-10-14,18.259418487548828
2002-10-15,18.584033966064453
2002-10-16,18.638151168823242
2002-10-17,18.868064880371094
2002-10-18,18.874835968017578
2002-10-21,18.93569564819336
2002-10-22,18.584033966064453
2002-10-23,18.462305068969727
2002-10-24,18.157978057861328
2002-10-25,18.489360809326172
2002-10-28,18.408201217651367
2002-10-29,18.178268432617188
2002-10-30,18.300006866455078
2002-10-31,18.164751052856445
2002-11-01,18.347339630126953
2002-11-04,18.374385833740234
2002-11-05,18.604320526123047
2002-11-06,18.9830379486084
2002-11-07,18.901885986328125
2002-11-08,18.780153274536133
2002-11-11,18.52316665649414
2002-11-12,18.536699295043945
2002-11-13,18.320289611816406
2002-11-14,18.6110897064209
2002-11-15,18.78691291809082
2002-11-18,18.685476303100586
2002-11-19,18.66519546508789
2002-11-20,18.83426284790039
2002-11-21,18.93569564819336
2002-11-22,18.80044174194336
2002-11-25,18.7463436126709
2002-11-26,18.448781967163086
2002-11-27,18.80044174194336
2002-11-29,18.726058959960938
2002-12-02,18.55698585510254
2002-12-03,18.435253143310547
2002-12-04,18.604320526123047
2002-12-05,18.49612808227539
2002-12-06,18.577274322509766
2002-12-09,18.49612808227539
2002-12-10,18.56374740600586
2002-12-11,18.536699295043945
2002-12-12,18.347339630126953
2002-12-13,18.245895385742188
2002-12-16,18.42848777770996
2002-12-17,18.185029983520508
2002-12-18,18.130929946899414
2002-12-19,17.955097198486328
2002-12-20,18.11054229736328
2002-12-23,18.225942611694336
2002-12-24,18.327762603759766
2002-12-26,18.015512466430664
2002-12-27,17.777935028076172
2002-12-30,17.940845489501953
2002-12-31,18.02230453491211
2003-01-02,18.511045455932617
2003-01-03,18.701101303100586
2003-01-06,18.90474510192871
2003-01-07,18.633224487304688
2003-01-08,18.490676879882812
2003-01-09,18.680749893188477
2003-01-10,18.673959732055664
2003-01-13,18.68752670288086
2003-01-14,18.673959732055664
2003-01-15,18.463523864746094
2003-01-16,18.40922737121582
2003-01-17,18.395647048950195
2003-01-21,18.259885787963867
2003-01-22,18.21236801147461
2003-01-23,18.26666831970215
2003-01-24,17.86617660522461
2003-01-27,17.472463607788086
2003-01-28,17.77113914489746
2003-01-29,17.940845489501953
2003-01-30,17.60822868347168
2003-01-31,17.961212158203125
2003-02-03,17.88654327392578
2003-02-04,17.67610740661621
2003-02-05,17.54714012145996
2003-02-06,17.513193130493164
2003-02-07,17.479251861572266
2003-02-10,17.60822868347168
2003-02-11,17.404592514038086
2003-02-12,17.207735061645508
2003-02-13,17.004085540771484
2003-02-14,17.187376022338867
2003-02-18,17.60822868347168
2003-02-19,17.526769638061523
2003-02-20,17.32990837097168
2003-02-21,17.506404876708984
2003-02-24,17.275617599487305
2003-02-25,17.391008377075195
2003-02-26,17.29598045349121
2003-02-27,17.513193130493164
2003-02-28,17.560714721679688
2003-03-03,17.472463607788086
2003-03-04,17.282394409179688
2003-03-05,17.445316314697266
2003-03-06,17.479251861572266
2003-03-07,17.648958206176758
2003-03-10,17.35028076171875
2003-03-11,17.119491577148438
2003-03-12,17.173791885375977
2003-03-13,17.41815948486328
2003-03-14,17.275617599487305
2003-03-17,17.76435089111328
2003-03-18,17.954425811767578
2003-03-19,18.158063888549805
2003-03-20,18.137693405151367
2003-03-21,18.60870361328125
2003-03-24,18.08460807800293
2003-03-25,18.445348739624023
2003-03-26,18.302412033081055
2003-03-27,18.370481491088867
2003-03-28,18.397693634033203
2003-03-31,18.186695098876953
2003-04-01,18.43854331970215
2003-04-02,18.71079444885254
2003-04-03,18.66315269470215
2003-04-04,18.738027572631836
2003-04-07,18.57466697692871
2003-04-08,18.595083236694336
2003-04-09,18.350051879882812
2003-04-10,18.31601905822754
2003-04-11,18.227540969848633
2003-04-14,18.527023315429688
2003-04-15,18.411317825317383
2003-04-16,17.975704193115234
2003-04-17,18.152673721313477
2003-04-21,18.200326919555664
2003-04-22,18.506610870361328
2003-04-23,18.66315269470215
2003-04-24,18.77886962890625
2003-04-25,18.52022361755371
2003-04-28,18.669958114624023
2003-04-29,18.785676956176758
2003-04-30,18.785676956176758
2003-05-01,18.840118408203125
2003-05-02,19.125988006591797
2003-05-05,19.153213500976562
2003-05-06,19.18724250793457
2003-05-07,19.023893356323242
2003-05-08,18.955821990966797
2003-05-09,19.16683006286621
2003-05-12,19.35741424560547
2003-05-13,19.398239135742188
2003-05-14,19.36421012878418
2003-05-15,19.54798698425293
2003-05-16,19.50033950805664
2003-05-19,18.840118408203125
2003-05-20,18.60870361328125
2003-05-21,18.744831085205078
2003-05-22,18.955821990966797
2003-05-23,18.88096046447754
2003-05-27,19.153213500976562
2003-05-28,19.11917495727539
2003-05-29,18.962631225585938
2003-05-30,19.173643112182617
2003-06-02,19.023893356323242
2003-06-03,19.173643112182617
2003-06-04,19.507143020629883
2003-06-05,19.690921783447266
2003-06-06,19.86789321899414
2003-06-09,19.6636962890625
2003-06-10,19.813438415527344
2003-06-11,20.038043975830078
2003-06-12,20.07888412475586
2003-06-13,19.95637321472168
2003-06-16,20.5621395111084
2003-06-17,20.970523834228516
2003-06-18,20.91606903076172
2003-06-19,20.466848373413086
2003-06-20,20.614290237426758
2003-06-23,20.272994995117188
2003-06-24,20.286645889282227
2003-06-25,20.17742919921875
2003-06-26,20.464120864868164
2003-06-27,20.15012550354004
2003-06-30,20.020444869995117
2003-07-01,20.129640579223633
2003-07-02,20.32077407836914
2003-07-03,20.197914123535156
2003-07-07,20.341245651245117
2003-07-08,20.348073959350586
2003-07-09,20.225204467773438
2003-07-10,20.006786346435547
2003-07-11,20.238862991333008
2003-07-14,20.2183837890625
2003-07-15,20.143299102783203
2003-07-16,20.027254104614258
2003-07-17,19.897563934326172
2003-07-18,20.08186912536621
2003-07-21,19.76787567138672
2003-07-22,19.733741760253906
2003-07-23,19.87708854675293
2003-07-24,19.720096588134766
2003-07-25,19.87708854675293
2003-07-28,19.82931137084961
2003-07-29,19.74057388305664
2003-07-30,19.822477340698242
2003-07-31,19.720096588134766
2003-08-01,19.419748306274414
2003-08-04,19.45387840270996
2003-08-05,19.133066177368164
2003-08-06,19.119415283203125
2003-08-07,19.42657470703125
2003-08-08,19.501663208007812
2003-08-11,19.46071434020996
2003-08-12,19.515317916870117
2003-08-13,19.235456466674805
2003-08-14,19.221799850463867
2003-08-15,19.18084716796875
2003-08-18,19.310531616210938
2003-08-19,19.208145141601562
2003-08-20,19.15353775024414
2003-08-21,19.044326782226562
2003-08-22,18.757631301879883
2003-08-25,18.894163131713867
2003-08-26,18.907804489135742
2003-08-27,18.921463012695312
2003-08-28,18.935108184814453
2003-08-29,18.98971939086914
2003-09-02,19.276411056518555
2003-09-03,19.201316833496094
2003-09-04,19.249114990234375
2003-09-05,19.201316833496094
2003-09-08,19.542613983154297
2003-09-09,19.604053497314453
2003-09-10,19.631359100341797
2003-09-11,19.74057388305664
2003-09-12,19.781524658203125
2003-09-15,19.7269229888916
2003-09-16,19.849782943725586
2003-09-17,19.802005767822266
2003-09-18,19.870275497436523
2003-09-19,19.710063934326172
2003-09-22,19.443063735961914
2003-09-23,19.60736656188965
2003-09-24,19.258216857910156
2003-09-25,19.128143310546875
2003-09-26,19.03913688659668
2003-09-29,19.128143310546875
2003-09-30,19.03913688659668
2003-10-01,19.381450653076172
2003-10-02,19.511533737182617
2003-10-03,19.422521591186523
2003-10-06,19.34722137451172
2003-10-07,19.333526611328125
2003-10-08,19.230833053588867
2003-10-09,19.258216857910156
2003-10-10,19.210290908813477
2003-10-13,19.265064239501953
2003-10-14,19.292455673217773
2003-10-15,19.251371383666992
2003-10-16,19.354066848754883
2003-10-17,19.134986877441406
2003-10-20,19.230833053588867
2003-10-21,19.408836364746094
2003-10-22,18.888530731201172
2003-10-23,19.080219268798828
2003-10-24,19.134986877441406
2003-10-27,19.08706283569336
2003-10-28,19.237682342529297
2003-10-29,19.182905197143555
2003-10-30,19.004907608032227
2003-10-31,19.169221878051758
2003-11-03,19.114450454711914
2003-11-04,18.991228103637695
2003-11-05,18.970678329467773
2003-11-06,19.06652069091797
2003-11-07,18.89537811279297
2003-11-10,18.75160026550293
2003-11-11,18.79267692565918
2003-11-12,19.14183807373047
2003-11-13,19.58683204650879
2003-11-14,19.87437629699707
2003-11-17,19.81275749206543
2003-11-18,19.696369171142578
2003-11-19,19.901762008666992
2003-11-20,19.641603469848633
2003-11-21,19.401992797851562
2003-11-24,19.716907501220703
2003-11-25,19.621065139770508
2003-11-26,19.621065139770508
2003-11-28,19.579984664916992
2003-12-01,19.894912719726562
2003-12-02,19.908601760864258
2003-12-03,19.956523895263672
2003-12-04,19.990755081176758
2003-12-05,19.84013557434082
2003-12-08,19.990755081176758
2003-12-09,19.908601760864258
2003-12-10,19.771678924560547
2003-12-11,20.01814079284668
2003-12-12,20.079755783081055
2003-12-15,20.045522689819336
2003-12-16,20.120832443237305
2003-12-17,20.161911010742188
2003-12-18,20.31252670288086
2003-12-19,20.280237197875977
2003-12-22,20.27336311340332
2003-12-23,20.287097930908203
2003-12-24,20.348934173583984
2003-12-26,20.40389633178711
2003-12-29,20.568769454956055
2003-12-30,20.623741149902344
2003-12-31,20.713043212890625
2004-01-02,20.761138916015625
2004-01-05,20.857318878173828
2004-01-06,20.919143676757812
2004-01-07,21.049673080444336
2004-01-08,20.960369110107422
2004-01-09,20.82982635498047
2004-01-12,20.795488357543945
2004-01-13,20.7061767578125
2004-01-14,20.82296371459961
2004-01-15,20.877927780151367
2004-01-16,20.926015853881836
2004-01-20,20.857318878173828
2004-01-21,21.207687377929688
2004-01-22,21.248899459838867
2004-01-23,21.145858764648438
2004-01-26,21.41378402709961
2004-01-27,21.27639389038086
2004-01-28,21.090900421142578
2004-01-29,21.400043487548828
2004-01-30,21.283252716064453
2004-02-02,21.558061599731445
2004-02-03,21.69544792175293
2004-02-04,21.764144897460938
2004-02-05,21.654237747192383
2004-02-06,21.819114685058594
2004-02-09,21.606143951416016
2004-02-10,21.702316284179688
2004-02-11,21.90155792236328
2004-02-12,21.764144897460938
2004-02-13,21.667978286743164
2004-02-17,21.805374145507812
2004-02-18,21.709197998046875
2004-02-19,21.633623123168945
2004-02-20,21.51683235168457
2004-02-23,21.475610733032227
2004-02-24,21.571794509887695
2004-02-25,21.599275588989258
2004-02-26,21.571794509887695
2004-02-27,21.509965896606445
2004-03-01,21.571794509887695
2004-03-02,21.434389114379883
2004-03-03,21.523704528808594
2004-03-04,21.619897842407227
2004-03-05,21.72980499267578
2004-03-08,21.709197998046875
2004-03-09,21.46187400817871
2004-03-10,21.132112503051758
2004-03-11,20.72678565979004
2004-03-12,20.7817440032959
2004-03-15,20.59625244140625
2004-03-16,20.740516662597656
2004-03-17,20.71990966796875
2004-03-18,20.69930648803711
2004-03-19,20.372163772583008
2004-03-22,20.117345809936523
2004-03-23,20.186208724975586
2004-03-24,20.07602310180664
2004-03-25,20.186208724975586
2004-03-26,20.26885223388672
2004-03-29,20.54433822631836
2004-03-30,20.496139526367188
2004-03-31,20.613218307495117
2004-04-01,20.757844924926758
2004-04-02,21.005783081054688
2004-04-05,21.24683380126953
2004-04-06,21.177955627441406
2004-04-07,21.08153533935547
2004-04-08,20.93691062927246
2004-04-12,21.109088897705078
2004-04-13,20.923141479492188
2004-04-14,21.13663673400879
2004-04-15,21.522308349609375
2004-04-16,21.68072509765625
2004-04-19,21.591190338134766
2004-04-20,21.23305892944336
2004-04-21,21.48099708557129
2004-04-22,21.653181076049805
2004-04-23,21.591190338134766
2004-04-26,21.47411346435547
2004-04-27,21.556747436523438
2004-04-28,21.363916397094727
2004-04-29,21.23305892944336
2004-04-30,21.25372314453125
2004-05-03,21.529199600219727
2004-05-04,21.494773864746094
2004-05-05,21.618736267089844
2004-05-06,21.536102294921875
2004-05-07,21.391462326049805
2004-05-10,21.115976333618164
2004-05-11,21.13663673400879
2004-05-12,21.2123966217041
2004-05-13,21.184844970703125
2004-05-14,21.143529891967773
2004-05-17,21.08153533935547
2004-05-18,21.074649810791016
2004-05-19,20.8680362701416
2004-05-20,20.73029327392578
2004-05-21,20.77161979675293
2004-05-24,20.668306350708008
2004-05-25,20.8680362701416
2004-05-26,20.97823143005371
2004-05-27,21.191728591918945
2004-05-28,21.184844970703125
2004-06-01,21.295045852661133
2004-06-02,21.4259033203125
2004-06-03,21.370811462402344
2004-06-04,21.41212272644043
2004-06-07,21.625629425048828
2004-06-08,21.653181076049805
2004-06-09,21.398351669311523
2004-06-10,21.405235290527344
2004-06-14,21.25372314453125
2004-06-15,21.281267166137695
2004-06-16,21.28815460205078
2004-06-17,21.322589874267578
2004-06-18,21.31292724609375
2004-06-21,21.167882919311523
2004-06-22,21.07810401916504
2004-06-23,21.20242691040039
2004-06-24,21.209335327148438
2004-06-25,21.022865295410156
2004-06-28,20.91926383972168
2004-06-29,21.02976417541504
2004-06-30,21.105728149414062
2004-07-01,20.808759689331055
2004-07-02,20.794946670532227
2004-07-06,20.64301872253418
2004-07-07,20.594661712646484
2004-07-08,20.546321868896484
2004-07-09,20.49798011779785
2004-07-12,20.40818977355957
2004-07-13,20.573949813842773
2004-07-14,20.649917602539062
2004-07-15,20.422000885009766
2004-07-16,20.242443084716797
2004-07-19,20.1457576751709
2004-07-20,20.228626251220703
2004-07-21,20.00071907043457
2004-07-22,20.0974063873291
2004-07-23,19.97308921813965
2004-07-26,19.772809982299805
2004-07-27,19.855693817138672
2004-07-28,19.80733871459961
2004-07-29,19.897130966186523
2004-07-30,19.97308921813965
2004-08-02,19.952381134033203
2004-08-03,19.931657791137695
2004-08-04,19.890209197998047
2004-08-05,19.524187088012695
2004-08-06,19.254840850830078
2004-08-09,19.165056228637695
2004-08-10,19.448209762573242
2004-08-11,19.772809982299805
2004-08-12,19.662317276000977
2004-08-13,19.5103816986084
2004-08-16,19.772809982299805
2004-08-17,19.80043601989746
2004-08-18,20.06288719177246
2004-08-19,19.993818283081055
2004-08-20,20.159568786621094
2004-08-23,20.118127822875977
2004-08-24,20.131942749023438
2004-08-25,20.325307846069336
2004-08-26,20.297687530517578
2004-08-27,20.442724227905273
2004-08-30,20.18719482421875
2004-08-31,20.297687530517578
2004-09-01,20.380563735961914
2004-09-02,20.587757110595703
2004-09-03,20.546321868896484
2004-09-07,20.6844425201416
2004-09-08,20.636096954345703
2004-09-09,20.553232192993164
2004-09-10,20.525606155395508
2004-09-13,20.546321868896484
2004-09-14,20.705162048339844
2004-09-15,20.622285842895508
2004-09-16,20.61539077758789
2004-09-17,20.67704200744629
2004-09-20,20.44844627380371
2004-09-21,20.552352905273438
2004-09-22,20.296043395996094
2004-09-23,20.15058708190918
2004-09-24,20.206003189086914
2004-09-27,20.088239669799805
2004-09-28,20.240631103515625
2004-09-29,20.330684661865234
2004-09-30,19.942777633666992
2004-10-01,20.129804611206055
2004-10-04,20.21985626220703
2004-10-05,20.157508850097656
2004-10-06,20.13672637939453
2004-10-07,19.679550170898438
2004-10-08,19.40938949584961
2004-10-11,19.541004180908203
2004-10-12,19.506370544433594
2004-10-13,19.298566818237305
2004-10-14,19.166959762573242
2004-10-15,19.194665908813477
2004-10-18,19.37476348876953
2004-10-19,19.05612564086914
2004-10-20,19.049192428588867
2004-10-21,18.869089126586914
2004-10-22,18.730548858642578
2004-10-25,18.62665557861328
2004-10-26,18.97991371154785
2004-10-27,19.478666305541992
2004-10-28,19.444032669067383
2004-10-29,19.499439239501953
2004-11-01,19.319345474243164
2004-11-02,19.17388153076172
2004-11-03,19.74188804626465
2004-11-04,19.783447265625
2004-11-05,19.90120506286621
2004-11-08,19.89427947998047
2004-11-09,19.90120506286621
2004-11-10,19.845802307128906
2004-11-11,19.949691772460938
2004-11-12,19.977418899536133
2004-11-15,20.081323623657227
2004-11-16,19.98434066772461
2004-11-17,19.977418899536133
2004-11-18,19.921995162963867
2004-11-19,19.679550170898438
2004-11-22,19.714181900024414
2004-11-23,19.651832580566406
2004-11-24,19.700332641601562
2004-11-26,19.818098068237305
2004-11-29,19.81116485595703
2004-11-30,19.88043212890625
2004-12-01,20.212923049926758
2004-12-02,20.406879425048828
2004-12-03,20.26833724975586
2004-12-06,20.226783752441406
2004-12-07,20.018964767456055
2004-12-08,20.309904098510742
2004-12-09,20.441513061523438
2004-12-10,20.427658081054688
2004-12-13,20.524641036987305
2004-12-14,20.70475196838379
2004-12-15,20.767080307006836
2004-12-16,21.058015823364258
2004-12-17,20.636259078979492
2004-12-20,20.38612174987793
2004-12-21,20.580671310424805
2004-12-22,20.733543395996094
2004-12-23,20.81690788269043
2004-12-27,20.789119720458984
2004-12-28,21.004518508911133
2004-12-29,21.04620933532715
2004-12-30,21.060100555419922
2004-12-31,20.976726531982422
2005-01-03,20.733543395996094
2005-01-04,20.566774368286133
2005-01-05,20.532033920288086
2005-01-06,20.684898376464844
2005-01-07,20.67099952697754
2005-01-10,20.851654052734375
2005-01-11,20.705745697021484
2005-01-12,20.844697952270508
2005-01-13,20.532033920288086
2005-01-14,20.61542320251465
2005-01-18,20.78217887878418
2005-01-19,20.65015983581543
2005-01-20,20.545930862426758
2005-01-21,20.406963348388672
2005-01-24,20.23326301574707
2005-01-25,20.37222671508789
2005-01-26,20.497297286987305
2005-01-27,20.455610275268555
2005-01-28,20.288850784301758
2005-01-31,20.323585510253906
2005-02-01,20.518136978149414
2005-02-02,20.601516723632812
2005-02-03,20.538982391357422
2005-02-04,20.726577758789062
2005-02-07,20.740489959716797
2005-02-08,20.789119720458984
2005-02-09,20.566774368286133
2005-02-10,20.601516723632812
2005-02-11,20.809961318969727
2005-02-14,20.823863983154297
2005-02-15,20.81690788269043
2005-02-16,20.789119720458984
2005-02-17,20.76132583618164
2005-02-18,21.073997497558594
2005-02-22,20.823863983154297
2005-02-23,20.92113494873047
2005-02-24,21.080947875976562
2005-02-25,21.254653930664062
2005-02-28,20.935033798217773
2005-03-01,21.101791381835938
2005-03-02,21.122634887695312
2005-03-03,21.101791381835938
2005-03-04,21.29633903503418
2005-03-07,21.344987869262695
2005-03-08,21.206012725830078
2005-03-09,21.073997497558594
2005-03-10,21.15043830871582
2005-03-11,20.983667373657227
2005-03-14,21.01840591430664
2005-03-15,20.77522850036621
2005-03-16,20.573732376098633
2005-03-17,20.64321517944336
2005-03-18,20.62299346923828
2005-03-21,20.539321899414062
2005-03-22,20.546297073364258
2005-03-23,20.769399642944336
2005-03-24,20.7763729095459
2005-03-28,20.762432098388672
2005-03-29,20.69271469116211
2005-03-30,21.0203857421875
2005-03-31,20.818204879760742
2005-04-01,20.636930465698242
2005-04-04,20.74150848388672
2005-04-05,21.15982437133789
2005-04-06,21.17377471923828
2005-04-07,21.389896392822266
2005-04-08,21.23651885986328
2005-04-11,21.215608596801758
2005-04-12,21.35503578186035
2005-04-13,21.4526424407959
2005-04-14,21.36898422241211
2005-04-15,21.47356605529785
2005-04-18,21.327157974243164
2005-04-19,21.313209533691406
2005-04-20,21.04827308654785
2005-04-21,21.334125518798828
2005-04-22,21.2574405670166
2005-04-25,21.306236267089844
2005-04-26,21.17377471923828
2005-04-27,21.334125518798828
2005-04-28,21.22954750061035
2005-04-29,21.543289184570312
2005-05-02,21.633928298950195
2005-05-03,21.619985580444336
2005-05-04,21.83610725402832
2005-05-05,21.829139709472656
2005-05-06,21.731521606445312
2005-05-09,21.891887664794922
2005-05-10,21.75244903564453
2005-05-11,21.843082427978516
2005-05-12,21.815189361572266
2005-05-13,21.668785095214844
2005-05-16,21.92674446105957
2005-05-17,21.912797927856445
2005-05-18,21.96160125732422
2005-05-19,21.954631805419922
2005-05-20,21.94068717956543
2005-05-23,21.982519149780273
2005-05-24,22.010400772094727
2005-05-25,21.87096405029297
2005-05-26,21.954631805419922
2005-05-27,21.884916305541992
2005-05-31,21.815189361572266
2005-06-01,21.87096405029297
2005-06-02,21.87096405029297
2005-06-03,21.794273376464844
2005-06-06,21.801254272460938
2005-06-07,21.8082218170166
2005-06-08,21.65483856201172
2005-06-09,21.74547576904297
2005-06-10,21.696670532226562
2005-06-13,21.787296295166016
2005-06-14,21.975547790527344
2005-06-15,21.891887664794922
2005-06-16,22.03132438659668
2005-06-17,22.140411376953125
2005-06-20,22.112442016601562
2005-06-21,22.077476501464844
2005-06-22,22.000545501708984
2005-06-23,21.85369110107422
2005-06-24,21.748802185058594
2005-06-27,21.657882690429688
2005-06-28,21.87467384338379
2005-06-29,21.846704483032227
2005-06-30,21.699846267700195
2005-07-01,21.6718692779541
2005-07-05,21.748802185058594
2005-07-06,21.60894012451172
2005-07-07,21.60193634033203
2005-07-08,21.860689163208008
2005-07-11,21.930618286132812
2005-07-12,21.91663360595703
2005-07-13,21.797752380371094
2005-07-14,21.930618286132812
2005-07-15,22.0355224609375
2005-07-18,21.902650833129883
2005-07-19,21.90964126586914
2005-07-20,22.224334716796875
2005-07-21,21.986568450927734
2005-07-22,21.958589553833008
2005-07-25,21.825727462768555
2005-07-26,21.930618286132812
2005-07-27,22.1334228515625
2005-07-28,22.343225479125977
2005-07-29,22.189367294311523
2005-08-01,22.301254272460938
2005-08-02,22.385168075561523
2005-08-03,22.441120147705078
2005-08-04,22.217342376708984
2005-08-05,22.063493728637695
2005-08-08,21.979572296142578
2005-08-09,22.231325149536133
2005-08-10,22.19635772705078
2005-08-11,22.32923126220703
2005-08-12,22.20335578918457
2005-08-15,22.217342376708984
2005-08-16,22.063493728637695
2005-08-17,22.10545539855957
2005-08-18,22.112442016601562
2005-08-19,21.958589553833008
2005-08-22,21.958589553833008
2005-08-23,21.8187255859375
2005-08-24,21.748802185058594
2005-08-25,21.776763916015625
2005-08-26,21.699846267700195
2005-08-29,21.91663360595703
2005-08-30,21.888654708862305
2005-08-31,22.112442016601562
2005-09-01,22.11944007873535
2005-09-02,22.10545539855957
2005-09-06,22.45510482788086
2005-09-07,22.601970672607422
2005-09-08,22.58797836303711
2005-09-09,22.66490364074707
2005-09-12,22.58797836303711
2005-09-13,22.350210189819336
2005-09-14,22.28727149963379
2005-09-15,22.273283004760742
2005-09-16,22.44583511352539
2005-09-19,22.284515380859375
2005-09-20,22.11616325378418
2005-09-21,22.01094627380371
2005-09-22,22.0600528717041
2005-09-23,22.07408332824707
2005-09-26,22.03900146484375
2005-09-27,21.91274642944336
2005-09-28,21.926773071289062
2005-09-29,21.975881576538086
2005-09-30,21.989912033081055
2005-10-03,22.01094627380371
2005-10-04,22.10213279724121
2005-10-05,21.73738670349121
2005-10-06,21.59009552001953
2005-10-07,21.569047927856445
2005-10-10,21.540996551513672
2005-10-11,21.35861587524414
2005-10-12,21.4077205657959
2005-10-13,21.5129337310791
2005-10-14,21.611129760742188
2005-10-17,21.60411834716797
2005-10-18,21.576065063476562
2005-10-19,21.786479949951172
2005-10-20,21.337575912475586
2005-10-21,21.204299926757812
2005-10-24,21.379655838012695
2005-10-25,21.246387481689453
2005-10-26,20.97984504699707
2005-10-27,20.902690887451172
2005-10-28,21.218334197998047
2005-10-31,21.31653594970703
2005-11-01,21.253398895263672
2005-11-02,21.253398895263672
2005-11-03,21.386682510375977
2005-11-04,21.49890899658203
2005-11-07,21.540996551513672
2005-11-08,21.491891860961914
2005-11-09,21.5129337310791
2005-11-10,21.79351043701172
2005-11-11,21.80052375793457
2005-11-14,21.65321922302246
2005-11-15,21.765459060668945
2005-11-16,21.72336769104004
2005-11-17,21.83558464050293
2005-11-18,21.926773071289062
2005-11-21,21.968862533569336
2005-11-22,21.842609405517578
2005-11-23,21.898717880249023
2005-11-25,21.926773071289062
2005-11-28,21.695301055908203
2005-11-29,21.716346740722656
2005-11-30,21.576065063476562
2005-12-01,21.79351043701172
2005-12-02,21.87066078186035
2005-12-05,21.91274642944336
2005-12-06,21.87066078186035
2005-12-07,21.77947998046875
2005-12-08,21.856632232666016
2005-12-09,21.88469123840332
2005-12-12,21.891700744628906
2005-12-13,22.13019371032715
2005-12-14,22.193326950073242
2005-12-15,22.256452560424805
2005-12-16,22.30852508544922
2005-12-19,22.505578994750977
2005-12-20,22.47742462158203
2005-12-21,22.547794342041016
2005-12-22,22.695585250854492
2005-12-23,22.723745346069336
2005-12-27,22.540760040283203
2005-12-28,22.540760040283203
2005-12-29,22.46335220336914
2005-12-30,22.322603225708008
2006-01-03,22.59705352783203
2006-01-04,22.82225227355957
2006-01-05,22.76596450805664
2006-01-06,22.913747787475586
2006-01-09,23.01930809020996
2006-01-10,22.934858322143555
2006-01-11,22.878557205200195
2006-01-12,22.85744285583496
2006-01-13,22.843372344970703
2006-01-17,22.780038833618164
2006-01-18,22.815221786499023
2006-01-19,22.934858322143555
2006-01-20,22.498544692993164
2006-01-23,22.48447036743164
2006-01-24,22.37889862060547
2006-01-25,22.35074806213379
2006-01-26,22.46335220336914
2006-01-27,22.723745346069336
2006-01-30,22.618175506591797
2006-01-31,22.61113929748535
2006-02-01,22.75188636779785
2006-02-02,22.568912506103516
2006-02-03,22.526689529418945
2006-02-06,22.322603225708008
2006-02-07,22.287403106689453
2006-02-08,22.575952529907227
2006-02-09,22.59705352783203
2006-02-10,22.547794342041016
2006-02-13,22.519651412963867
2006-02-14,22.73781394958496
2006-02-15,22.87151336669922
2006-02-16,23.01930809020996
2006-02-17,23.00522804260254
2006-02-21,22.885589599609375
2006-02-22,23.082637786865234
2006-02-23,22.99818992614746
2006-02-24,22.99818992614746
2006-02-27,23.174131393432617
2006-02-28,22.87151336669922
2006-03-01,22.892621994018555
2006-03-02,22.850412368774414
2006-03-03,22.772991180419922
2006-03-06,22.65335464477539
2006-03-07,22.6603946685791
2006-03-08,22.815221786499023
2006-03-09,22.73781394958496
2006-03-10,22.82225227355957
2006-03-13,22.808181762695312
2006-03-14,22.97004508972168
2006-03-15,23.047447204589844
2006-03-16,23.047447204589844
2006-03-17,23.101821899414062
2006-03-20,23.144180297851562
2006-03-21,23.002973556518555
2006-03-22,23.235971450805664
2006-03-23,23.10887336730957
2006-03-24,23.073572158813477
2006-03-27,22.897058486938477
2006-03-28,22.685256958007812
2006-03-29,22.748802185058594
2006-03-30,22.70643424987793
2006-03-31,22.579349517822266
2006-04-03,22.565227508544922
2006-04-04,22.593467712402344
2006-04-05,22.522851943969727
2006-04-06,22.353410720825195
2006-04-07,22.085111618041992
2006-04-10,22.04275131225586
2006-04-11,21.80269432067871
2006-04-12,21.95096778869629
2006-04-13,21.90154457092285
2006-04-17,21.774444580078125
2006-04-18,21.97921371459961
2006-04-19,21.85211944580078
2006-04-20,22.049814224243164
2006-04-21,22.000391006469727
2006-04-24,21.91566276550293
2006-04-25,21.78151512145996
2006-04-26,21.78151512145996
2006-04-27,21.661476135253906
2006-04-28,21.880353927612305
2006-05-01,21.68973159790039
2006-05-02,21.68973159790039
2006-05-03,21.449665069580078
2006-05-04,21.520282745361328
2006-05-05,21.732091903686523
2006-05-08,21.725017547607422
2006-05-09,21.5696964263916
2006-05-10,21.548519134521484
2006-05-11,21.50616455078125
2006-05-12,21.456729888916016
2006-05-15,21.760337829589844
2006-05-16,21.816810607910156
2006-05-17,21.59088134765625
2006-05-18,21.499099731445312
2006-05-19,21.379074096679688
2006-05-22,21.287281036376953
2006-05-23,21.188432693481445
2006-05-24,21.25197982788086
2006-05-25,21.449665069580078
2006-05-26,21.5696964263916
2006-05-30,21.287281036376953
2006-05-31,21.421430587768555
2006-06-01,21.725017547607422
2006-06-02,21.809757232666016
2006-06-05,21.470857620239258
2006-06-06,21.50616455078125
2006-06-07,21.605003356933594
2006-06-08,21.640302658081055
2006-06-09,21.484973907470703
2006-06-12,21.266109466552734
2006-06-13,21.20960807800293
2006-06-14,21.244924545288086
2006-06-15,21.50616455078125
2006-06-16,21.478513717651367
2006-06-19,21.315534591674805
2006-06-20,21.23758316040039
2006-06-21,21.34388542175293
2006-06-22,21.223411560058594
2006-06-23,21.244672775268555
2006-06-26,21.166719436645508
2006-06-27,20.947044372558594
2006-06-28,20.947044372558594
2006-06-29,21.30844497680664
2006-06-30,21.428911209106445
2006-07-03,21.47142791748047
2006-07-05,21.450170516967773
2006-07-06,21.528114318847656
2006-07-07,21.549388885498047
2006-07-10,21.627330780029297
2006-07-11,21.676937103271484
2006-07-12,21.598989486694336
2006-07-13,21.372222900390625
2006-07-14,21.23758316040039
2006-07-17,21.3226261138916
2006-07-18,21.3226261138916
2006-07-19,21.825748443603516
2006-07-20,21.847002029418945
2006-07-21,21.946216583251953
2006-07-24,22.37139129638672
2006-07-25,22.562715530395508
2006-07-26,22.669004440307617
2006-07-27,22.555641174316406
2006-07-28,22.676101684570312
2006-07-31,22.598148345947266
2006-08-01,22.598148345947266
2006-08-02,22.739879608154297
2006-08-03,22.541460037231445
2006-08-04,22.548547744750977
2006-08-07,22.477685928344727
2006-08-08,22.470605850219727
2006-08-09,22.49185562133789
2006-08-10,22.470605850219727
2006-08-11,22.36430549621582
2006-08-14,22.413909912109375
2006-08-15,22.605228424072266
2006-08-16,22.803659439086914
2006-08-17,22.8603458404541
2006-08-18,22.895780563354492
2006-08-21,22.81782341003418
2006-08-22,22.88869285583496
2006-08-23,22.87451171875
2006-08-24,23.03040885925293
2006-08-25,23.044584274291992
2006-08-28,23.193391799926758
2006-08-29,23.299697875976562
2006-08-30,23.313867568969727
2006-08-31,23.242998123168945
2006-09-01,23.36347007751465
2006-09-05,23.25716781616211
2006-09-06,23.172136306762695
2006-09-07,23.002071380615234
2006-09-08,23.186315536499023
2006-09-11,23.335128784179688
2006-09-12,23.604406356811523
2006-09-13,23.554794311523438
2006-09-14,23.526447296142578
2006-09-15,23.564138412475586
2006-09-18,23.557029724121094
2006-09-19,23.59258270263672
2006-09-20,23.685020446777344
2006-09-21,23.53569221496582
2006-09-22,23.38636589050293
2006-09-25,23.47881317138672
2006-09-26,23.500150680541992
2006-09-27,23.564138412475586
2006-09-28,23.5214786529541
2006-09-29,23.59967803955078
2006-10-02,23.464595794677734
2006-10-03,23.53569221496582
2006-10-04,23.741907119750977
2006-10-05,23.741907119750977
2006-10-06,23.649473190307617
2006-10-09,23.59967803955078
2006-10-10,23.500150680541992
2006-10-11,23.493038177490234
2006-10-12,23.635234832763672
2006-10-13,23.557029724121094
2006-10-16,23.59258270263672
2006-10-17,23.65656852722168
2006-10-18,23.91254997253418
2006-10-19,23.89121437072754
2006-10-20,24.07609748840332
2006-10-23,24.140090942382812
2006-10-24,24.061874389648438
2006-10-25,23.919658660888672
2006-10-26,24.012102127075195
2006-10-27,23.91254997253418
2006-10-30,23.77745819091797
2006-10-31,23.67790412902832
2006-11-01,23.507265090942383
2006-11-02,23.635234832763672
2006-11-03,23.514373779296875
2006-11-06,23.79878807067871
2006-11-07,23.98365020751953
2006-11-08,23.621021270751953
2006-11-09,23.066404342651367
2006-11-10,23.10195541381836
2006-11-13,23.144617080688477
2006-11-14,23.33660125732422
2006-11-15,23.45037078857422
2006-11-16,23.5499210357666
2006-11-17,23.621021270751953
2006-11-20,23.564138412475586
2006-11-21,23.528587341308594
2006-11-22,23.578353881835938
2006-11-24,23.47881317138672
2006-11-27,23.322376251220703
2006-11-28,23.372163772583008
2006-11-29,23.53569221496582
2006-11-30,23.649473190307617
2006-12-01,23.628128051757812
2006-12-04,23.514373779296875
2006-12-05,23.60679817199707
2006-12-06,23.642351150512695
2006-12-07,23.59258270263672
2006-12-08,23.635234832763672
2006-12-11,23.685020446777344
2006-12-12,23.692127227783203
2006-12-13,23.642351150512695
2006-12-14,23.763227462768555
2006-12-15,23.83957862854004
2006-12-18,23.8895263671875
2006-12-19,24.010831832885742
2006-12-20,24.025100708007812
2006-12-21,23.960887908935547
2006-12-22,23.860984802246094
2006-12-26,23.875261306762695
2006-12-27,23.989423751831055
2006-12-28,23.960887908935547
2006-12-29,23.896671295166016
2007-01-03,23.903804779052734
2007-01-04,24.174942016601562
2007-01-05,24.039382934570312
2007-01-08,24.067913055419922
2007-01-09,24.039382934570312
2007-01-10,24.082195281982422
2007-01-11,24.34619903564453
2007-01-12,24.460371017456055
2007-01-16,24.517452239990234
2007-01-17,24.660158157348633
2007-01-18,24.731515884399414
2007-01-19,24.7386531829834
2007-01-22,24.58879852294922
2007-01-23,24.460371017456055
2007-01-24,24.64589500427246
2007-01-25,24.56026268005371
2007-01-26,24.42469024658203
2007-01-29,24.389015197753906
2007-01-30,24.51031494140625
2007-01-31,24.62447738647461
2007-02-01,24.831411361694336
2007-02-02,24.781457901000977
2007-02-05,24.774333953857422
2007-02-06,24.702966690063477
2007-02-07,24.7386531829834
2007-02-08,24.717241287231445
2007-02-09,24.64589500427246
2007-02-12,24.538862228393555
2007-02-13,24.638742446899414
2007-02-14,24.76719093322754
2007-02-15,24.881359100341797
2007-02-16,24.781457901000977
2007-02-20,24.795734405517578
2007-02-21,24.68157196044922
2007-02-22,24.64589500427246
2007-02-23,24.538862228393555
2007-02-26,24.638742446899414
2007-02-27,23.8895263671875
2007-02-28,24.05364990234375
2007-03-01,23.946617126464844
2007-03-02,23.73255729675293
2007-03-05,23.611248016357422
2007-03-06,23.860984802246094
2007-03-07,23.86812400817871
2007-03-08,23.946617126464844
2007-03-09,23.996559143066406
2007-03-12,23.996559143066406
2007-03-13,23.604114532470703
2007-03-14,23.696876525878906
2007-03-15,23.753957748413086
2007-03-16,23.77830696105957
2007-03-19,23.96451759338379
2007-03-20,24.086288452148438
2007-03-21,24.329788208007812
2007-03-22,24.41573715209961
2007-03-23,24.29397964477539
2007-03-26,24.329788208007812
2007-03-27,24.157899856567383
2007-03-28,23.99317741394043
2007-03-29,24.107769012451172
2007-03-30,24.100603103637695
2007-04-02,24.229522705078125
2007-04-03,24.48020362854004
2007-04-04,24.623441696166992
2007-04-05,24.795330047607422
2007-04-09,24.80249786376953
2007-04-10,24.83830451965332
2007-04-11,24.730859756469727
2007-04-12,25.01019859313965
2007-04-13,25.375465393066406
2007-04-16,25.618980407714844
2007-04-17,25.697765350341797
2007-04-18,25.69060516357422
2007-04-19,25.798038482666016
2007-04-20,25.898300170898438
2007-04-23,25.92694664001465
2007-04-24,25.92694664001465
2007-04-25,26.005727767944336
2007-04-26,26.034378051757812
2007-04-27,25.948440551757812
2007-04-30,25.862489700317383
2007-05-01,25.91978645324707
2007-05-02,26.08450698852539
2007-05-03,26.141809463500977
2007-05-04,26.285066604614258
2007-05-07,26.342350006103516
2007-05-08,26.242080688476562
2007-05-09,26.328035354614258
2007-05-10,25.862489700317383
2007-05-11,25.962766647338867
2007-05-14,25.934112548828125
2007-05-15,25.90546417236328
2007-05-16,26.199108123779297
2007-05-17,26.09884262084961
2007-05-18,26.206270217895508
2007-05-21,26.26356315612793
2007-05-22,26.249244689941406
2007-05-23,26.342350006103516
2007-05-24,26.242080688476562
2007-05-25,26.227752685546875
2007-05-29,26.242080688476562
2007-05-30,26.249244689941406
2007-05-31,26.30653953552246
2007-06-01,26.33519172668457
2007-06-04,26.285066604614258
2007-06-05,26.220600128173828
2007-06-06,25.977079391479492
2007-06-07,25.59033203125
2007-06-08,25.6762752532959
2007-06-11,25.68343734741211
2007-06-12,25.497220993041992
2007-06-13,25.70492172241211
2007-06-14,25.776559829711914
2007-06-15,25.97312355041504
2007-06-18,25.821908950805664
2007-06-19,25.821908950805664
2007-06-20,25.497879028320312
2007-06-21,25.56987762451172
2007-06-22,25.181039810180664
2007-06-25,25.13783836364746
2007-06-26,25.26744842529297
2007-06-27,25.476280212402344
2007-06-28,25.497879028320312
2007-06-29,25.425861358642578
2007-07-02,25.56987762451172
2007-07-03,25.613086700439453
2007-07-05,25.60589027404785
2007-07-06,25.66349220275879
2007-07-09,25.584291458129883
2007-07-10,25.368261337280273
2007-07-11,25.45467185974121
2007-07-12,25.929920196533203
2007-07-13,25.86511993408203
2007-07-16,25.89391326904297
2007-07-17,25.814712524414062
2007-07-18,25.742700576782227
2007-07-19,25.60589027404785
2007-07-20,25.368261337280273
2007-07-23,25.56267738342285
2007-07-24,25.30345916748047
2007-07-25,25.2890567779541
2007-07-26,24.770597457885742
2007-07-27,24.180139541625977
2007-07-30,24.482574462890625
2007-07-31,24.21615219116211
2007-08-01,24.381763458251953
2007-08-02,24.590591430664062
2007-08-03,24.252151489257812
2007-08-06,24.727401733398438
2007-08-07,24.842609405517578
2007-08-08,25.130634307861328
2007-08-09,24.540184020996094
2007-08-10,24.410560607910156
2007-08-13,24.482574462890625
2007-08-14,24.28095054626465
2007-08-15,24.223346710205078
2007-08-16,24.230539321899414
2007-08-17,24.288148880004883
2007-08-20,24.403362274169922
2007-08-21,24.468170166015625
2007-08-22,24.590591430664062
2007-08-23,24.74900245666504
2007-08-24,24.900217056274414
2007-08-27,24.727401733398438
2007-08-28,24.475370407104492
2007-08-29,24.6553897857666
2007-08-30,24.6553897857666
2007-08-31,24.770597457885742
2007-09-04,24.986623764038086
2007-09-05,24.936220169067383
2007-09-06,25.01543426513672
2007-09-07,24.74900245666504
2007-09-10,24.770597457885742
2007-09-11,24.957813262939453
2007-09-12,25.065834045410156
2007-09-13,25.123435974121094
2007-09-14,25.051427841186523
2007-09-17,24.97222328186035
2007-09-18,25.41866683959961
2007-09-19,25.51947021484375
2007-09-20,25.490671157836914
2007-09-21,25.615686416625977
2007-09-24,25.565101623535156
2007-09-25,25.478397369384766
2007-09-26,25.622915267944336
2007-09-27,25.724069595336914
2007-09-28,25.54342269897461
2007-10-01,25.933616638183594
2007-10-02,25.789108276367188
2007-10-03,25.890275955200195
2007-10-04,25.861370086669922
2007-10-05,26.193761825561523
2007-10-08,26.013107299804688
2007-10-09,26.229887008666992
2007-10-10,26.27324676513672
2007-10-11,26.04923439025879
2007-10-12,26.193761825561523
2007-10-15,25.911945343017578
2007-10-16,25.716848373413086
2007-10-17,25.738523483276367
2007-10-18,25.745752334594727
2007-10-19,25.435041427612305
2007-10-22,25.435041427612305
2007-10-23,25.731300354003906
2007-10-24,25.54342269897461
2007-10-25,25.695165634155273
2007-10-26,25.7818660736084
2007-10-29,25.890275955200195
2007-10-30,25.861370086669922
2007-10-31,26.020336151123047
2007-11-01,25.659034729003906
2007-11-02,25.586780548095703
2007-11-05,25.572324752807617
2007-11-06,25.709625244140625
2007-11-07,25.124330520629883
2007-11-08,25.290515899658203
2007-11-09,25.225488662719727
2007-11-12,25.290515899658203
2007-11-13,25.622915267944336
2007-11-14,25.724069595336914
2007-11-15,25.565101623535156
2007-11-16,25.68071937561035
2007-11-19,25.53619956970215
2007-11-20,25.586780548095703
2007-11-21,25.015933990478516
2007-11-23,25.420578002929688
2007-11-26,25.225488662719727
2007-11-27,25.550643920898438
2007-11-28,26.157623291015625
2007-11-29,26.316585540771484
2007-11-30,26.352706909179688
2007-12-03,26.1865291595459
2007-12-04,26.179298400878906
2007-12-05,26.38884735107422
2007-12-06,26.569490432739258
2007-12-07,26.555038452148438
2007-12-10,26.605615615844727
2007-12-11,26.193761825561523
2007-12-12,26.20819664001465
2007-12-13,26.193761825561523
2007-12-14,25.796323776245117
2007-12-17,25.521745681762695
2007-12-18,25.716848373413086
2007-12-19,25.702390670776367
2007-12-20,25.85413360595703
2007-12-21,26.013690948486328
2007-12-24,26.100717544555664
2007-12-26,26.07170867919922
2007-12-27,25.803375244140625
2007-12-28,25.701826095581055
2007-12-31,25.607559204101562
2008-01-02,25.339229583740234
2008-01-03,25.49153709411621
2008-01-04,25.230443954467773
2008-01-07,25.730850219726562
2008-01-08,25.941165924072266
2008-01-09,26.40529441833496
2008-01-10,26.369050979614258
2008-01-11,26.448810577392578
2008-01-14,26.245763778686523
2008-01-15,25.94841766357422
2008-01-16,26.013690948486328
2008-01-17,25.513277053833008
2008-01-18,25.143423080444336
2008-01-22,24.229633331298828
2008-01-23,24.4036865234375
2008-01-24,24.309410095214844
2008-01-25,23.925046920776367
2008-01-28,24.229633331298828
2008-01-29,24.294912338256836
2008-01-30,24.012081146240234
2008-01-31,24.439960479736328
2008-02-01,24.555992126464844
2008-02-04,24.643016815185547
2008-02-05,24.193384170532227
2008-02-06,24.258649826049805
2008-02-07,24.164371490478516
2008-02-08,24.012081146240234
2008-02-11,23.939556121826172
2008-02-12,24.287670135498047
2008-02-13,24.25139617919922
2008-02-14,24.149864196777344
2008-02-15,24.171627044677734
2008-02-19,24.476221084594727
2008-02-20,24.4036865234375
2008-02-21,24.149864196777344
2008-02-22,24.200632095336914
2008-02-25,24.512474060058594
2008-02-26,24.294912338256836
2008-02-27,24.4036865234375
2008-02-28,24.12085723876953
2008-02-29,23.787254333496094
2008-03-03,23.780004501342773
2008-03-04,23.80901527404785
2008-03-05,23.765501022338867
2008-03-06,23.286853790283203
2008-03-07,23.018522262573242
2008-03-10,22.481853485107422
2008-03-11,22.69942855834961
2008-03-12,22.69942855834961
2008-03-13,22.6704158782959
2008-03-14,22.24978256225586
2008-03-17,22.220775604248047
2008-03-18,22.9169921875
2008-03-19,22.61965560913086
2008-03-20,22.648061752319336
2008-03-24,22.946731567382812
2008-03-25,22.990446090698242
2008-03-26,22.764610290527344
2008-03-27,22.88117790222168
2008-03-28,22.822895050048828
2008-03-31,22.70633888244629
2008-04-01,23.070573806762695
2008-04-02,22.910316467285156
2008-04-03,22.837467193603516
2008-04-04,23.019582748413086
2008-04-07,23.281827926635742
2008-04-08,23.201696395874023
2008-04-09,23.09242820739746
2008-04-10,23.274545669555664
2008-04-11,22.968591690063477
2008-04-14,22.866605758666992
2008-04-15,22.844745635986328
2008-04-16,22.968591690063477
2008-04-17,22.822895050048828
2008-04-18,23.041440963745117
2008-04-21,22.968591690063477
2008-04-22,22.728193283081055
2008-04-23,22.801042556762695
2008-04-24,22.873882293701172
2008-04-25,23.172563552856445
2008-04-28,23.310976028442383
2008-04-29,23.055994033813477
2008-04-30,22.93217658996582
2008-05-01,23.340105056762695
2008-05-02,23.34739875793457
2008-05-05,23.281827926635742
2008-05-06,23.23812484741211
2008-05-07,23.034149169921875
2008-05-08,22.946731567382812
2008-05-09,22.924877166748047
2008-05-12,23.099712371826172
2008-05-13,22.88117790222168
2008-05-14,23.070573806762695
2008-05-15,23.0050048828125
2008-05-16,23.09242820739746
2008-05-19,23.23812484741211
2008-05-20,23.172563552856445
2008-05-21,22.968591690063477
2008-05-22,23.216266632080078
2008-05-23,22.837467193603516
2008-05-27,22.93217658996582
2008-05-28,22.910316467285156
2008-05-29,23.405670166015625
2008-05-30,23.369243621826172
2008-06-02,23.09242820739746
2008-06-03,23.245399475097656
2008-06-04,23.25269317626953
2008-06-05,23.4566593170166
2008-06-06,22.888452529907227
2008-06-09,22.764610290527344
2008-06-10,22.54607582092285
2008-06-11,22.32024574279785
2008-06-12,22.13084602355957
2008-06-13,22.480510711669922
2008-06-16,22.55335235595703
2008-06-17,22.495079040527344
2008-06-18,22.2401180267334
2008-06-19,22.269254684448242
2008-06-20,21.956016540527344
2008-06-23,22.117033004760742
2008-06-24,22.19753646850586
2008-06-25,22.446365356445312
2008-06-26,21.992610931396484
2008-06-27,22.13898277282715
2008-06-30,22.38050079345703
2008-07-01,22.38050079345703
2008-07-02,22.226808547973633
2008-07-03,22.321950912475586
2008-07-07,22.17558479309082
2008-07-08,22.761070251464844
2008-07-09,22.870847702026367
2008-07-10,22.99527359008789
2008-07-11,22.556154251098633
2008-07-14,22.709836959838867
2008-07-15,22.81962013244629
2008-07-16,22.980636596679688
2008-07-17,23.207508087158203
2008-07-18,23.200193405151367
2008-07-21,22.790346145629883
2008-07-22,23.10505485534668
2008-07-23,23.207508087158203
2008-07-24,23.18555450439453
2008-07-25,23.324602127075195
2008-07-28,23.134336471557617
2008-07-29,23.368528366088867
2008-07-30,23.361202239990234
2008-07-31,23.38315773010254
2008-08-01,23.207508087158203
2008-08-04,23.405118942260742
2008-08-05,24.166263580322266
2008-08-06,24.26139259338379
2008-08-07,23.96865463256836
2008-08-08,24.38581085205078
2008-08-11,24.407772064208984
2008-08-12,24.356542587280273
2008-08-13,24.371179580688477
2008-08-14,24.356542587280273
2008-08-15,24.59806251525879
2008-08-18,24.393129348754883
2008-08-19,24.283361434936523
2008-08-20,24.129669189453125
2008-08-21,23.975976943969727
2008-08-22,24.37850570678711
2008-08-25,23.983301162719727
2008-08-26,23.954011917114258
2008-08-27,23.9906005859375
2008-08-28,24.129669189453125
2008-08-29,23.866193771362305
2008-09-02,23.822275161743164
2008-09-03,23.961334228515625
2008-09-04,23.43439292907715
2008-09-05,23.30997085571289
2008-09-08,23.69786262512207
2008-09-09,23.4929256439209
2008-09-10,23.397804260253906
2008-09-11,23.4929256439209
2008-09-12,23.712499618530273
2008-09-15,23.0538272857666
2008-09-16,23.01722526550293
2008-09-17,22.65129280090332
2008-09-18,22.944042205810547
2008-09-19,23.195470809936523
2008-09-22,22.644073486328125
2008-09-23,22.107383728027344
2008-09-24,22.313228607177734
2008-09-25,22.71759796142578
2008-09-26,22.67348861694336
2008-09-29,22.16619873046875
2008-09-30,22.092679977416992
2008-10-01,22.23971939086914
2008-10-02,22.276477813720703
2008-10-03,21.798599243164062
2008-10-06,20.982532501220703
2008-10-07,20.47524642944336
2008-10-08,20.107650756835938
2008-10-09,18.563730239868164
2008-10-10,17.74765968322754
2008-10-13,19.8870792388916
2008-10-14,20.291452407836914
2008-10-15,18.30640983581543
2008-10-16,19.262174606323242
2008-10-17,19.18865394592285
2008-10-20,19.960613250732422
2008-10-21,19.901792526245117
2008-10-22,19.409212112426758
2008-10-23,18.960742950439453
2008-10-24,18.894575119018555
2008-10-27,18.08585548400879
2008-10-28,19.22540855407715
2008-10-29,19.093074798583984
2008-10-30,19.541542053222656
2008-10-31,19.55625343322754
2008-11-03,19.70328712463379
2008-11-04,19.960613250732422
2008-11-05,19.66653823852539
2008-11-06,19.18865394592285
2008-11-07,19.43125343322754
2008-11-10,19.29157829284668
2008-11-11,18.94603157043457
2008-11-12,18.5269718170166
2008-11-13,19.519481658935547
2008-11-14,18.77694320678711
2008-11-17,18.45345115661621
2008-11-18,18.57843589782715
2008-11-19,17.828533172607422
2008-11-20,17.32124900817871
2008-11-21,17.34330177307129
2008-11-24,17.6888484954834
2008-11-25,17.806476593017578
2008-11-26,18.08585548400879
2008-11-28,18.321121215820312
2008-12-01,17.38006591796875
2008-12-02,17.828533172607422
2008-12-03,18.25495147705078
2008-12-04,17.909399032592773
2008-12-05,18.519624710083008
2008-12-08,18.666658401489258
2008-12-09,18.372575759887695
2008-12-10,18.321121215820312
2008-12-11,18.431396484375
2008-12-12,18.46816062927246
2008-12-15,18.431396484375
2008-12-16,19.15923500061035
2008-12-17,19.041610717773438
2008-12-18,19.181304931640625
2008-12-19,19.29817008972168
2008-12-22,19.165021896362305
2008-12-23,19.172412872314453
2008-12-24,19.10585594177246
2008-12-26,19.12063980102539
2008-12-29,19.0910587310791
2008-12-30,19.460899353027344
2008-12-31,19.638425827026367
2009-01-02,20.037837982177734
2009-01-05,19.94168472290039
2009-01-06,19.616226196289062
2009-01-07,19.43870735168457
2009-01-08,19.549652099609375
2009-01-09,19.342554092407227
2009-01-12,19.0910587310791
2009-01-13,19.2537841796875
2009-01-14,18.980100631713867
2009-01-15,19.113248825073242
2009-01-16,19.27597427368164
2009-01-20,18.809980392456055
2009-01-21,19.209407806396484
2009-01-22,19.290775299072266
2009-01-23,19.290775299072266
2009-01-26,19.18721580505371
2009-01-27,19.58663558959961
2009-01-28,19.889907836914062
2009-01-29,19.608837127685547
2009-01-30,19.401721954345703
2009-02-02,19.527467727661133
2009-02-03,20.030447006225586
2009-02-04,19.94168472290039
2009-02-05,20.111820220947266
2009-02-06,20.27454376220703
2009-02-09,20.215370178222656
2009-02-10,19.542261123657227
2009-02-11,19.78635597229004
2009-02-12,20.015649795532227
2009-02-13,19.712383270263672
2009-02-17,19.37213706970215
2009-02-18,19.364736557006836
2009-02-19,19.32775115966797
2009-02-20,19.12803840637207
2009-02-23,18.750797271728516
2009-02-24,19.02448272705078
2009-02-25,18.63985252380371
2009-02-26,17.707862854003906
2009-02-27,16.997777938842773
2009-03-02,16.265487670898438
2009-03-03,16.228506088256836
2009-03-04,16.69451141357422
2009-03-05,16.25069236755371
2009-03-06,16.48740005493164
2009-03-09,16.18412971496582
2009-03-10,16.768468856811523
2009-03-11,16.46520233154297
2009-03-12,17.271448135375977
2009-03-13,17.848400115966797
2009-03-16,17.65608787536621
2009-03-17,17.929767608642578
2009-03-18,17.9593505859375
2009-03-19,17.522945404052734
2009-03-20,17.52741050720215
2009-03-23,18.16747283935547
2009-03-24,17.929304122924805
2009-03-25,18.048402786254883
2009-03-26,18.249340057373047
2009-03-27,18.055831909179688
2009-03-30,17.951642990112305
2009-03-31,18.01862144470215
2009-04-01,18.01117706298828
2009-04-02,18.085603713989258
2009-04-03,17.787904739379883
2009-04-06,17.959083557128906
2009-04-07,17.758127212524414
2009-04-08,17.87721061706543
2009-04-09,17.959083557128906
2009-04-13,18.100492477416992
2009-04-14,18.01862144470215
2009-04-15,18.122819900512695
2009-04-16,18.204681396484375
2009-04-17,18.413082122802734
2009-04-20,18.055831909179688
2009-04-21,17.884654998779297
2009-04-22,17.691143035888672
2009-04-23,17.70603370666504
2009-04-24,17.68370246887207
2009-04-27,17.87721061706543
2009-04-28,17.944194793701172
2009-04-29,18.01117706298828
2009-04-30,17.99629783630371
2009-05-01,17.966529846191406
2009-05-04,18.264223098754883
2009-05-05,18.472620010375977
2009-05-06,18.36098861694336
2009-05-07,18.73311424255371
2009-05-08,19.045711517333984
2009-05-11,18.718229293823242
2009-05-12,19.023372650146484
2009-05-13,18.97872543334961
2009-05-14,19.001052856445312
2009-05-15,18.852197647094727
2009-05-18,19.03826332092285
2009-05-19,18.896854400634766
2009-05-20,18.971275329589844
2009-05-21,18.800100326538086
2009-05-22,18.822429656982422
2009-05-26,18.993602752685547
2009-05-27,18.800100326538086
2009-05-28,18.896854400634766
2009-05-29,19.224327087402344
2009-06-01,19.35085105895996
2009-06-02,19.469932556152344
2009-06-03,19.42528533935547
2009-06-04,19.1573429107666
2009-06-05,19.194562911987305
2009-06-08,18.986164093017578
2009-06-09,18.889406204223633
2009-06-10,18.80754280090332
2009-06-11,19.008499145507812
2009-06-12,19.07547378540039
2009-06-15,18.48750877380371
2009-06-16,18.56192398071289
2009-06-17,18.986164093017578
2009-06-18,19.35085105895996
2009-06-19,19.5079345703125
2009-06-22,19.1563777923584
2009-06-23,19.096532821655273
2009-06-24,19.193775177001953
2009-06-25,19.724857330322266
2009-06-26,19.724857330322266
2009-06-29,19.844541549682617
2009-06-30,19.679981231689453
2009-07-01,19.732332229614258
2009-07-02,19.261093139648438
2009-07-06,19.410694122314453
2009-07-07,19.33588981628418
2009-07-08,19.515422821044922
2009-07-09,19.268571853637695
2009-07-10,19.178813934326172
2009-07-13,19.515422821044922
2009-07-14,19.60516929626465
2009-07-15,19.77721405029297
2009-07-16,19.904373168945312
2009-07-17,19.844541549682617
2009-07-20,19.889408111572266
2009-07-21,20.181133270263672
2009-07-22,20.10634994506836
2009-07-23,20.510255813598633
2009-07-24,20.86929702758789
2009-07-27,20.85434341430664
2009-07-28,20.99646759033203
2009-07-29,20.981504440307617
2009-07-30,21.01142120361328
2009-07-31,20.846866607666016
2009-08-03,20.974016189575195
2009-08-04,21.026384353637695
2009-08-05,20.727182388305664
2009-08-06,20.577585220336914
2009-08-07,20.667343139648438
2009-08-10,20.83190155029297
2009-08-11,20.80198097229004
2009-08-12,20.9141788482666
2009-08-13,20.891738891601562
2009-08-14,20.891738891601562
2009-08-17,20.809457778930664
2009-08-18,20.79450225830078
2009-08-19,21.08622169494629
2009-08-20,21.235820770263672
2009-08-21,21.45273780822754
2009-08-24,21.602340698242188
2009-08-25,21.602340698242188
2009-08-26,21.60982322692871
2009-08-27,21.602340698242188
2009-08-28,21.445274353027344
2009-08-31,21.40786361694336
2009-09-01,21.06377410888672
2009-09-02,21.108665466308594
2009-09-03,21.01142120361328
2009-09-04,21.310626983642578
2009-09-08,21.213382720947266
2009-09-09,21.460220336914062
2009-09-10,21.62479019165039
2009-09-11,21.632259368896484
2009-09-14,21.714548110961914
2009-09-15,21.520063400268555
2009-09-16,21.714548110961914
2009-09-17,21.699586868286133
2009-09-18,21.607173919677734
2009-09-21,21.817541122436523
2009-09-22,21.749921798706055
2009-09-23,21.441884994506836
2009-09-24,21.419353485107422
2009-09-25,21.434377670288086
2009-09-28,21.66727638244629
2009-09-29,21.69734001159668
2009-09-30,21.539554595947266
2009-10-01,21.231529235839844
2009-10-02,21.148881912231445
2009-10-05,21.28411865234375
2009-10-06,21.4569149017334
2009-10-07,21.471935272216797
2009-10-08,21.49448013305664
2009-10-09,21.69734001159668
2009-10-12,21.802509307861328
2009-10-13,21.592145919799805
2009-10-14,21.922718048095703
2009-10-15,21.98282814025879
2009-10-16,21.96779441833496
2009-10-19,22.155616760253906
2009-10-20,21.94525718688965
2009-10-21,21.659761428833008
2009-10-22,21.79499626159668
2009-10-23,21.569610595703125
2009-10-26,21.336706161499023
2009-10-27,21.4268741607666
2009-10-28,21.208984375
2009-10-29,21.396812438964844
2009-10-30,21.088790893554688
2009-11-02,21.17893409729004
2009-11-03,21.186445236206055
2009-11-04,21.4569149017334
2009-11-05,21.81002426147461
2009-11-06,21.90769386291504
2009-11-09,22.275833129882812
2009-11-10,22.426095962524414
2009-11-11,22.456134796142578
2009-11-12,22.328414916992188
2009-11-13,22.373493194580078
2009-11-16,22.598876953125
2009-11-17,22.65898323059082
2009-11-18,22.78670883178711
2009-11-19,22.67400360107422
2009-11-20,22.831783294677734
2009-11-23,23.042150497436523
2009-11-24,23.22245216369629
2009-11-25,23.365198135375977
2009-11-27,23.132295608520508
2009-11-30,23.04965591430664
2009-12-01,23.455354690551758
2009-12-02,23.40276527404785
2009-12-03,23.29006576538086
2009-12-04,23.27504539489746
2009-12-07,23.244998931884766
2009-12-08,23.064687728881836
2009-12-09,23.260019302368164
2009-12-10,23.500429153442383
2009-12-11,23.500429153442383
2009-12-14,23.718311309814453
2009-12-15,23.725818634033203
2009-12-16,23.605619430541992
2009-12-17,23.38773536682129
2009-12-18,23.516918182373047
2009-12-21,23.735998153686523
2009-12-22,23.84176254272461
2009-12-23,23.766212463378906
2009-12-24,23.766212463378906
2009-12-28,23.8870906829834
2009-12-29,23.856868743896484
2009-12-30,23.788875579833984
2009-12-31,23.471601486206055
2010-01-04,23.879539489746094
2010-01-05,23.64533805847168
2010-01-06,23.8870906829834
2010-01-07,23.97018051147461
2010-01-08,24.007957458496094
2010-01-11,24.143938064575195
2010-01-12,23.97018051147461
2010-01-13,24.2874755859375
2010-01-14,24.506547927856445
2010-01-15,24.340360641479492
2010-01-19,24.92959976196289
2010-01-20,24.718080520629883
2010-01-21,24.181713104248047
2010-01-22,23.917306900024414
2010-01-25,23.917306900024414
2010-01-26,23.781326293945312
2010-01-27,23.947519302368164
2010-01-28,23.796438217163086
2010-01-29,23.630231857299805
2010-02-01,23.766212463378906
2010-02-02,24.257253646850586
2010-02-03,23.932411193847656
2010-02-04,23.32805633544922
2010-02-05,23.290294647216797
2010-02-08,23.176979064941406
2010-02-09,23.358272552490234
2010-02-10,23.214740753173828
2010-02-11,23.373382568359375
2010-02-12,23.32050895690918
2010-02-16,23.524473190307617
2010-02-17,23.70578956604004
2010-02-18,23.81909942626953
2010-02-19,23.81909942626953
2010-02-22,23.75110626220703
2010-02-23,23.524473190307617
2010-02-24,23.69822883605957
2010-02-25,23.713333129882812
2010-02-26,23.720895767211914
2010-03-01,23.947519302368164
2010-03-02,24.03061866760254
2010-03-03,23.932411193847656
2010-03-04,23.856868743896484
2010-03-05,24.189266204833984
2010-03-08,24.04572868347168
2010-03-09,24.03061866760254
2010-03-10,24.04572868347168
2010-03-11,24.234596252441406
2010-03-12,24.05328369140625
2010-03-15,24.211931228637695
2010-03-16,24.279916763305664
2010-03-17,24.2874755859375
2010-03-18,24.453676223754883
2010-03-19,24.444570541381836
2010-03-22,24.6037540435791
2010-03-23,24.72502326965332
2010-03-24,24.45973014831543
2010-03-25,24.361196517944336
2010-03-26,24.17928123474121
2010-03-29,24.436994552612305
2010-03-30,24.436994552612305
2010-03-31,24.353612899780273
2010-04-01,24.49005126953125
2010-04-05,24.421842575073242
2010-04-06,24.40666961669922
2010-04-07,24.30056381225586
2010-04-08,24.20960807800293
2010-04-09,24.315723419189453
2010-04-12,24.247507095336914
2010-04-13,24.27024269104004
2010-04-14,24.186866760253906
2010-04-15,24.118648529052734
2010-04-16,23.974639892578125
2010-04-19,24.171703338623047
2010-04-20,24.224761962890625
2010-04-21,23.800304412841797
2010-04-22,23.527437210083008
2010-04-23,23.762401580810547
2010-04-26,23.51227378845215
2010-04-27,23.239397048950195
2010-04-28,23.3909969329834
2010-04-29,23.70933723449707
2010-04-30,23.40614891052246
2010-05-03,23.519851684570312
2010-05-04,23.383413314819336
2010-05-05,23.459218978881836
2010-05-06,22.830095291137695
2010-05-07,22.526905059814453
2010-05-10,23.133289337158203
2010-05-11,23.087800979614258
2010-05-12,23.277301788330078
2010-05-13,23.027162551879883
2010-05-14,22.71640396118164
2010-05-17,22.71640396118164
2010-05-18,22.53448486328125
2010-05-19,22.48142433166504
2010-05-20,21.77651596069336
2010-05-21,21.829570770263672
2010-05-24,21.77651596069336
2010-05-25,21.685556411743164
2010-05-26,21.549121856689453
2010-05-27,21.988746643066406
2010-05-28,21.882627487182617
2010-06-01,21.64008140563965
2010-06-02,22.110017776489258
2010-06-03,22.23888397216797
2010-06-04,21.587026596069336
2010-06-07,21.556699752807617
2010-06-08,21.609756469726562
2010-06-09,21.51123046875
2010-06-10,21.9205265045166
2010-06-11,22.10243797302246
2010-06-14,22.140342712402344
2010-06-15,22.519325256347656
2010-06-16,22.602699279785156
2010-06-17,22.633024215698242
2010-06-18,22.511892318725586
2010-06-21,22.47380256652832
2010-06-22,22.25286865234375
2010-06-23,22.16146469116211
2010-06-24,22.001466751098633
2010-06-25,22.100505828857422
2010-06-28,22.062416076660156
2010-06-29,21.658649444580078
2010-06-30,21.483430862426758
2010-07-01,21.30058479309082
2010-07-02,21.353925704956055
2010-07-06,21.460573196411133
2010-07-07,21.879579544067383
2010-07-08,22.062416076660156
2010-07-09,22.115734100341797
2010-07-12,22.077659606933594
2010-07-13,22.245254516601562
2010-07-14,22.245254516601562
2010-07-15,22.313814163208008
2010-07-16,21.84910774230957
2010-07-19,21.948143005371094
2010-07-20,21.8872013092041
2010-07-21,21.529138565063477
2010-07-22,21.666261672973633
2010-07-23,21.658649444580078
2010-07-26,21.97100067138672
2010-07-27,21.993852615356445
2010-07-28,21.69674301147461
2010-07-29,21.681503295898438
2010-07-30,21.765310287475586
2010-08-02,22.176694869995117
2010-08-03,22.359525680541992
2010-08-04,22.58045768737793
2010-08-05,22.588075637817383
2010-08-06,22.633785247802734
2010-08-09,22.694732666015625
2010-08-10,22.748056411743164
2010-08-11,22.16146469116211
2010-08-12,22.25286865234375
2010-08-13,22.16907501220703
2010-08-16,22.054794311523438
2010-08-17,22.359525680541992
2010-08-18,22.329055786132812
2010-08-19,21.91767120361328
2010-08-20,21.84148597717285
2010-08-23,21.94052505493164
2010-08-24,21.468198776245117
2010-08-25,21.681503295898438
2010-08-26,21.544374465942383
2010-08-27,21.765310287475586
2010-08-30,21.491052627563477
2010-08-31,21.407249450683594
2010-09-01,21.90243148803711
2010-09-02,22.016706466674805
2010-09-03,22.22239875793457
2010-09-07,22.09288215637207
2010-09-08,22.214773178100586
2010-09-09,22.450950622558594
2010-09-10,22.679494857788086
2010-09-13,22.732818603515625
2010-09-14,22.80900764465332
2010-09-15,23.02231216430664
2010-09-16,22.930896759033203
2010-09-17,22.926301956176758
2010-09-20,23.23259925842285
2010-09-21,23.247913360595703
2010-09-22,23.286203384399414
2010-09-23,23.163681030273438
2010-09-24,23.47764015197754
2010-09-27,23.301515579223633
2010-09-28,23.492956161499023
2010-09-29,23.40871810913086
2010-09-30,23.347455978393555
2010-10-01,23.347455978393555
2010-10-04,23.11773109436035
2010-10-05,23.54654884338379
2010-10-06,23.45466423034668
2010-10-07,23.500606536865234
2010-10-08,23.56186294555664
2010-10-11,23.577177047729492
2010-10-12,23.630783081054688
2010-10-13,23.79924201965332
2010-10-14,23.753305435180664
2010-10-15,23.85284996032715
2010-10-18,24.074914932250977
2010-10-19,23.623125076293945
2010-10-20,23.845186233520508
2010-10-21,23.906448364257812
2010-10-22,23.914112091064453
2010-10-25,24.044282913208008
2010-10-26,23.975366592407227
2010-10-27,23.82988166809082
2010-10-28,23.967708587646484
2010-10-29,23.868160247802734
2010-11-01,23.868160247802734
2010-11-02,24.097883224487305
2010-11-03,24.113204956054688
2010-11-04,24.22806167602539
2010-11-05,24.082571029663086
2010-11-08,24.021310806274414
2010-11-09,23.921768188476562
2010-11-10,23.914112091064453
2010-11-11,23.983022689819336
2010-11-12,23.684385299682617
2010-11-15,23.692045211791992
2010-11-16,23.347455978393555
2010-11-17,23.3857479095459
2010-11-18,23.715017318725586
2010-11-19,23.73798370361328
2010-11-22,23.745647430419922
2010-11-23,23.40105628967285
2010-11-24,23.623125076293945
2010-11-26,23.41637420654297
2010-11-29,23.393402099609375
2010-11-30,23.178998947143555
2010-12-01,23.623125076293945
2010-12-02,23.80690574645996
2010-12-03,23.80690574645996
2010-12-06,23.653759002685547
2010-12-07,23.66907501220703
2010-12-08,23.692045211791992
2010-12-09,23.730329513549805
2010-12-10,23.960054397583008
2010-12-13,23.99833869934082
2010-12-14,24.243371963500977
2010-12-15,24.166805267333984
2010-12-16,24.335269927978516
2010-12-17,24.3768253326416
2010-12-20,24.36912727355957
2010-12-21,24.30755615234375
2010-12-22,24.3768253326416
2010-12-23,24.361438751220703
2010-12-27,24.315250396728516
2010-12-28,24.330642700195312
2010-12-29,24.33834457397461
2010-12-30,24.253673553466797
2010-12-31,24.24597930908203
2011-01-03,24.469192504882812
2011-01-04,24.546167373657227
2011-01-05,24.60004425048828
2011-01-06,24.700109481811523
2011-01-07,24.684715270996094
2011-01-10,24.615434646606445
2011-01-11,24.738595962524414
2011-01-12,24.869449615478516
2011-01-13,24.738595962524414
2011-01-14,24.769380569458008
2011-01-18,24.86174964904785
2011-01-19,24.692415237426758
2011-01-20,24.75398826599121
2011-01-21,24.777074813842773
2011-01-24,24.746295928955078
2011-01-25,24.746295928955078
2011-01-26,24.71550178527832
2011-01-27,24.777074813842773
2011-01-28,24.330642700195312
2011-01-31,24.384519577026367
2011-02-01,24.823257446289062
2011-02-02,24.738595962524414
2011-02-03,24.769380569458008
2011-02-04,24.88484001159668
2011-02-07,24.846357345581055
2011-02-08,24.915632247924805
2011-02-09,24.86174964904785
2011-02-10,24.869449615478516
2011-02-11,24.923330307006836
2011-02-14,25.00800323486328
2011-02-15,24.95410919189453
2011-02-16,25.0849666595459
2011-02-17,25.192724227905273
2011-02-18,25.25429916381836
2011-02-22,24.869449615478516
2011-02-23,24.63083839416504
2011-02-24,24.71550178527832
2011-02-25,24.869449615478516
2011-02-28,25.14653968811035
2011-03-01,24.946422576904297
2011-03-02,25.02338409423828
2011-03-03,25.539094924926758
2011-03-04,25.5006160736084
2011-03-07,25.308181762695312
2011-03-08,25.446739196777344
2011-03-09,25.485218048095703
2011-03-10,25.0849666595459
2011-03-11,25.169633865356445
2011-03-14,25.04647445678711
2011-03-15,24.75398826599121
2011-03-16,24.322954177856445
2011-03-17,24.607742309570312
2011-03-18,24.719863891601562
2011-03-21,24.928632736206055
2011-03-22,24.91316795349121
2011-03-23,24.897693634033203
2011-03-24,25.1915283203125
2011-03-25,25.261112213134766
2011-03-28,25.25338363647461
2011-03-29,25.40029525756836
2011-03-30,25.585866928100586
2011-03-31,25.60133171081543
2011-04-01,25.73278045654297
2011-04-04,25.887426376342773
2011-04-05,25.771438598632812
2011-04-06,25.825565338134766
2011-04-07,25.7791690826416
2011-04-08,25.76371192932129
2011-04-11,25.91061782836914
2011-04-12,25.87969970703125
2011-04-13,25.856504440307617
2011-04-14,25.99566650390625
2011-04-15,26.227642059326172
2011-04-18,25.93381690979004
2011-04-19,26.15032386779785
2011-04-20,26.405488967895508
2011-04-21,26.482803344726562
2011-04-25,26.513734817504883
2011-04-26,26.82301902770996
2011-04-27,27.124582290649414
2011-04-28,27.26375389099121
2011-04-29,27.248291015625
2011-05-02,27.526647567749023
2011-05-03,27.457063674926758
2011-05-04,27.433868408203125
2011-05-05,27.256027221679688
2011-05-06,27.449323654174805
2011-05-09,27.60398292541504
2011-05-10,27.774084091186523
2011-05-11,27.72768783569336
2011-05-12,27.982837677001953
2011-05-13,27.897796630859375
2011-05-16,27.944189071655273
2011-05-17,27.944189071655273
2011-05-18,28.160686492919922
2011-05-19,28.098833084106445
2011-05-20,27.866870880126953
2011-05-23,27.580787658691406
2011-05-24,27.503446578979492
2011-05-25,27.542112350463867
2011-05-26,27.580787658691406
2011-05-27,27.596229553222656
2011-05-31,27.920989990234375
2011-06-01,27.53438949584961
2011-06-02,27.47251319885254
2011-06-03,27.209630966186523
2011-06-06,27.047252655029297
2011-06-07,27.10137367248535
2011-06-08,27.13231658935547
2011-06-09,27.41840362548828
2011-06-10,26.91580581665039
2011-06-13,27.047252655029297
2011-06-14,27.279216766357422
2011-06-15,26.90807342529297
2011-06-16,26.9544734954834
2011-06-17,27.016633987426758
2011-06-20,27.288578033447266
2011-06-21,27.45952796936035
2011-06-22,27.29635238647461
2011-06-23,27.26527976989746
2011-06-24,26.946693420410156
2011-06-27,27.086565017700195
2011-06-28,27.467296600341797
2011-06-29,27.52168846130371
2011-06-30,27.60714340209961
2011-07-01,27.94127082824707
2011-07-05,27.863569259643555
2011-07-06,27.94127082824707
2011-07-07,27.925722122192383
2011-07-08,27.80140495300293
2011-07-11,27.420671463012695
2011-07-12,27.420671463012695
2011-07-13,27.529447555541992
2011-07-14,27.482837677001953
2011-07-15,27.342973709106445
2011-07-18,27.140953063964844
2011-07-19,27.38182258605957
2011-07-20,27.288578033447266
2011-07-21,27.700395584106445
2011-07-22,27.653770446777344
2011-07-25,27.36628532409668
2011-07-26,27.148725509643555
2011-07-27,26.674747467041016
2011-07-28,26.651430130004883
2011-07-29,26.511560440063477
2011-08-01,26.0609073638916
2011-08-02,25.501462936401367
2011-08-03,25.548080444335938
2011-08-04,24.530200958251953
2011-08-05,24.7166690826416
2011-08-08,23.450157165527344
2011-08-09,24.304859161376953
2011-08-10,23.27922248840332
2011-08-11,24.343708038330078
2011-08-12,24.584583282470703
2011-08-15,24.996400833129883
2011-08-16,24.97309684753418
2011-08-17,24.996400833129883
2011-08-18,24.172773361206055
2011-08-19,24.11062240600586
2011-08-22,24.095069885253906
2011-08-23,24.879854202270508
2011-08-24,25.167341232299805
2011-08-25,24.739992141723633
2011-08-26,25.050796508789062
2011-08-29,25.687946319580078
2011-08-30,25.773414611816406
2011-08-31,25.952125549316406
2011-09-01,25.781177520751953
2011-09-02,25.213973999023438
2011-09-06,25.276126861572266
2011-09-07,25.8821964263916
2011-09-08,25.602474212646484
2011-09-09,24.841005325317383
2011-09-12,24.926477432250977
2011-09-13,25.182897567749023
2011-09-14,25.423768997192383
2011-09-15,25.6568603515625
2011-09-16,25.79513931274414
2011-09-19,25.552963256835938
2011-09-20,25.78731918334961
2011-09-21,25.092050552368164
2011-09-22,24.58428192138672
2011-09-23,24.592084884643555
2011-09-26,24.998313903808594
2011-09-27,25.381107330322266
2011-09-28,24.943632125854492
2011-09-29,25.107681274414062
2011-09-30,24.78739356994629
2011-10-03,23.998382568359375
2011-10-04,24.25616455078125
2011-10-05,24.64676856994629
2011-10-06,24.943632125854492
2011-10-07,24.920196533203125
2011-10-10,25.49047088623047
2011-10-11,25.451406478881836
2011-10-12,25.467025756835938
2011-10-13,25.443599700927734
2011-10-14,25.68577003479004
2011-10-17,25.240482330322266
2011-10-18,25.427968978881836
2011-10-19,25.381107330322266
2011-10-20,25.357662200927734
2011-10-21,25.865436553955078
2011-10-24,26.256052017211914
2011-10-25,25.724830627441406
2011-10-26,26.068552017211914
2011-10-27,26.701318740844727
2011-10-28,26.72476577758789
2011-10-31,26.216981887817383
2011-11-01,25.717012405395508
2011-11-02,25.888874053955078
2011-11-03,26.170108795166016
2011-11-04,25.92793846130371
2011-11-07,26.232606887817383
2011-11-08,26.55289649963379
2011-11-09,25.78731918334961
2011-11-10,26.15448570251465
2011-11-11,26.61539077758789
2011-11-14,26.435712814331055
2011-11-15,26.498212814331055
2011-11-16,25.99043083190918
2011-11-17,25.717012405395508
2011-11-18,25.66232681274414
2011-11-21,25.17017936706543
2011-11-22,25.232675552368164
2011-11-23,24.86551284790039
2011-11-25,24.771760940551758
2011-11-28,25.435779571533203
2011-11-29,25.54513931274414
2011-11-30,26.466964721679688
2011-12-01,26.506025314331055
2011-12-02,26.177921295166016
2011-12-05,26.22479820251465
2011-12-06,26.334157943725586
2011-12-07,26.52945899963379
2011-12-08,26.037302017211914
2011-12-09,26.420089721679688
2011-12-12,26.107614517211914
2011-12-13,26.060745239257812
2011-12-14,26.045120239257812
2011-12-15,26.334157943725586
2011-12-16,26.246173858642578
2011-12-19,26.246173858642578
2011-12-20,26.796077728271484
2011-12-21,26.968914031982422
2011-12-22,27.165294647216797
2011-12-23,27.338138580322266
2011-12-27,27.400970458984375
2011-12-28,27.102449417114258
2011-12-29,27.29885482788086
2011-12-30,27.251718521118164
2012-01-03,27.60521697998047
2012-01-04,27.4716739654541
2012-01-05,27.550233840942383
2012-01-06,27.59736442565918
2012-01-09,27.644512176513672
2012-01-10,27.84876251220703
2012-01-11,27.872314453125
2012-01-12,27.95873260498047
2012-01-13,27.833049774169922
2012-01-17,28.005863189697266
2012-01-18,28.162981033325195
2012-01-19,28.162981033325195
2012-01-20,28.162981033325195
2012-01-23,28.037290573120117
2012-01-24,28.045154571533203
2012-01-25,28.249393463134766
2012-01-26,28.123703002929688
2012-01-27,28.13942527770996
2012-01-30,28.10014533996582
2012-01-31,28.123703002929688
2012-02-01,28.398651123046875
2012-02-02,28.288679122924805
2012-02-03,28.453655242919922
2012-02-06,28.296537399291992
2012-02-07,28.398651123046875
2012-02-08,28.398651123046875
2012-02-09,28.249393463134766
2012-02-10,28.131559371948242
2012-02-13,28.343666076660156
2012-02-14,28.461503982543945
2012-02-15,28.406513214111328
2012-02-16,28.56363296508789
2012-02-17,28.469364166259766
2012-02-21,28.265108108520508
2012-02-22,28.265108108520508
2012-02-23,28.288679122924805
2012-02-24,28.430086135864258
2012-02-27,28.485061645507812
2012-02-28,28.595054626464844
2012-02-29,28.422239303588867
2012-03-01,28.571491241455078
2012-03-02,28.524354934692383
2012-03-05,28.461503982543945
2012-03-06,28.09227752685547
2012-03-07,28.217987060546875
2012-03-08,28.532203674316406
2012-03-09,28.650039672851562
2012-03-12,28.650039672851562
2012-03-13,29.058551788330078
2012-03-14,29.050691604614258
2012-03-15,29.09783363342285
2012-03-16,29.09465789794922
2012-03-19,29.086763381958008
2012-03-20,28.936752319335938
2012-03-21,28.920974731445312
2012-03-22,28.82621955871582
2012-03-23,28.91305923461914
2012-03-26,29.418371200561523
2012-03-27,29.47364616394043
2012-03-28,29.41047477722168
2012-03-29,29.47364616394043
2012-03-30,29.694717407226562
2012-04-02,29.7973575592041
2012-04-03,29.78156280517578
2012-04-04,29.62364959716797
2012-04-05,29.615764617919922
2012-04-09,29.244678497314453
2012-04-10,28.91305923461914
2012-04-11,29.01570701599121
2012-04-12,29.173620223999023
2012-04-13,28.881488800048828
2012-04-16,28.889381408691406
2012-04-17,29.315731048583984
2012-04-18,29.236778259277344
2012-04-19,29.28414535522461
2012-04-20,29.44206428527832
2012-04-23,29.213098526000977
2012-04-24,29.315731048583984
2012-04-25,29.62364959716797
2012-04-26,29.615764617919922
2012-04-27,29.63155174255371
2012-04-30,29.615764617919922
2012-05-01,29.726301193237305
2012-05-02,29.67102813720703
2012-05-03,29.560503005981445
2012-05-04,29.173620223999023
2012-05-07,29.236778259277344
2012-05-08,29.244678497314453
2012-05-09,29.04729652404785
2012-05-10,29.252567291259766
2012-05-11,29.220991134643555
2012-05-14,29.126239776611328
2012-05-15,28.952556610107422
2012-05-16,28.99991798400879
2012-05-17,28.731473922729492
2012-05-18,28.478816986083984
2012-05-21,28.75517463684082
2012-05-22,28.67620849609375
2012-05-23,28.549882888793945
2012-05-24,28.82621955871582
2012-05-25,28.75517463684082
2012-05-29,28.84990119934082
2012-05-30,28.684093475341797
2012-05-31,28.5419979095459
2012-06-01,28.03667640686035
2012-06-04,28.099838256835938
2012-06-05,28.25775909423828
2012-06-06,28.699901580810547
2012-06-07,28.7156925201416
2012-06-08,28.889381408691406
2012-06-11,28.636734008789062
2012-06-12,28.905179977416992
2012-06-13,28.873586654663086
2012-06-14,29.307836532592773
2012-06-15,29.418184280395508
2012-06-18,29.616626739501953
2012-06-19,29.88652992248535
2012-06-20,29.807130813598633
2012-06-21,29.394367218017578
2012-06-22,29.70393943786621
2012-06-25,29.33879280090332
2012-06-26,29.426118850708008
2012-06-27,29.743629455566406
2012-06-28,29.60869026184082
2012-06-29,30.17229652404785
2012-07-02,30.267553329467773
2012-07-03,30.25960922241211
2012-07-05,30.0690975189209
2012-07-06,29.87064552307129
2012-07-09,30.029399871826172
2012-07-10,29.88652992248535
2012-07-11,29.862703323364258
2012-07-12,29.934139251708984
2012-07-13,30.267553329467773
2012-07-16,30.323116302490234
2012-07-17,30.712080001831055
2012-07-18,30.759702682495117
2012-07-19,30.759702682495117
2012-07-20,30.362802505493164
2012-07-23,30.005592346191406
2012-07-24,29.672203063964844
2012-07-25,29.815073013305664
2012-07-26,30.100845336914062
2012-07-27,30.823204040527344
2012-07-30,30.664443969726562
2012-07-31,30.47393798828125
2012-08-01,30.489816665649414
2012-08-02,30.196107864379883
2012-08-03,30.553319931030273
2012-08-06,30.561256408691406
2012-08-07,30.489816665649414
2012-08-08,30.600934982299805
2012-08-09,30.585065841674805
2012-08-10,30.712080001831055
2012-08-13,30.63269805908203
2012-08-14,30.712080001831055
2012-08-15,30.783512115478516
2012-08-16,30.70413589477539
2012-08-17,30.545373916625977
2012-08-20,30.608890533447266
2012-08-21,30.50568962097168
2012-08-22,30.529499053955078
2012-08-23,30.489816665649414
2012-08-24,30.751781463623047
2012-08-27,30.783512115478516
2012-08-28,30.735891342163086
2012-08-29,30.839080810546875
2012-08-30,30.735891342163086
2012-08-31,30.831138610839844
2012-09-04,30.8946475982666
2012-09-05,30.902584075927734
2012-09-06,31.394733428955078
2012-09-07,31.37885856628418
2012-09-10,31.267732620239258
2012-09-11,31.283607482910156
2012-09-12,31.299468994140625
2012-09-13,31.61700439453125
2012-09-14,31.4899845123291
2012-09-17,31.67257308959961
2012-09-18,31.775760650634766
2012-09-19,31.807506561279297
2012-09-20,31.942459106445312
2012-09-21,32.061317443847656
2012-09-24,32.149078369140625
2012-09-25,32.125125885009766
2012-09-26,31.957618713378906
2012-09-27,32.14110565185547
2012-09-28,32.00547409057617
2012-10-01,32.196937561035156
2012-10-02,32.34054183959961
2012-10-03,32.61177444458008
2012-10-04,32.811187744140625
2012-10-05,32.84310531616211
2012-10-08,32.81919479370117
2012-10-09,32.42031478881836
2012-10-10,32.18098449707031
2012-10-11,32.20491409301758
2012-10-12,32.15705108642578
2012-10-15,32.6197509765625
2012-10-16,32.97075271606445
2012-10-17,32.97075271606445
2012-10-18,32.97874069213867
2012-10-19,32.388397216796875
2012-10-22,32.41233444213867
2012-10-23,31.981552124023438
2012-10-24,32.03738784790039
2012-10-25,32.29267120361328
2012-10-26,32.16502380371094
2012-10-31,31.933677673339844
2012-11-01,32.196937561035156
2012-11-02,32.02145004272461
2012-11-05,32.03738784790039
2012-11-06,32.069297790527344
2012-11-07,31.534820556640625
2012-11-08,31.159870147705078
2012-11-09,31.247610092163086
2012-11-12,31.407161712646484
2012-11-13,31.287513732910156
2012-11-14,30.91257095336914
2012-11-15,30.824819564819336
2012-11-16,31.05617904663086
2012-11-19,31.383249282836914
2012-11-20,31.558744430541992
2012-11-21,31.534820556640625
2012-11-23,31.925710678100586
2012-11-26,31.78211784362793
2012-11-27,31.590656280517578
2012-11-28,31.83795928955078
2012-11-29,32.061317443847656
2012-11-30,32.1012077331543
2012-12-03,32.029422760009766
2012-12-04,32.1012077331543
2012-12-05,32.20491409301758
2012-12-06,32.18895721435547
2012-12-07,32.29267120361328
2012-12-10,32.428287506103516
2012-12-11,32.771324157714844
2012-12-12,32.723453521728516
2012-12-13,32.44425964355469
2012-12-14,32.31661605834961
2012-12-17,32.5718879699707
2012-12-18,32.8271598815918
2012-12-19,32.47614288330078
2012-12-20,32.52402114868164
2012-12-21,32.25051498413086
2012-12-24,32.1221923828125
2012-12-26,32.0098991394043
2012-12-27,31.961782455444336
2012-12-28,31.64896583557129
2012-12-31,31.985830307006836
2013-01-02,32.61947250366211
2013-01-03,32.6595573425293
2013-01-04,32.80393981933594
2013-01-07,32.908203125
2013-01-08,32.91622543334961
2013-01-09,33.27714920043945
2013-01-10,33.50973129272461
2013-01-11,33.50171661376953
2013-01-14,33.53380584716797
2013-01-15,33.49369430541992
2013-01-16,33.421512603759766
2013-01-17,33.71826934814453
2013-01-18,33.83054733276367
2013-01-22,33.92680358886719
2013-01-23,33.88670349121094
2013-01-24,34.10326385498047
2013-01-25,34.367919921875
2013-01-28,34.24761962890625
2013-01-29,34.616580963134766
2013-01-30,34.51230239868164
2013-01-31,34.41605758666992
2013-02-01,34.688758850097656
2013-02-04,34.30375671386719
2013-02-05,34.68072509765625
2013-02-06,34.672706604003906
2013-02-07,34.54438018798828
2013-02-08,34.80104064941406
2013-02-11,34.728843688964844
2013-02-12,34.688758850097656
2013-02-13,34.66468048095703
2013-02-14,34.736873626708984
2013-02-15,34.81708526611328
2013-02-19,35.03364181518555
2013-02-20,34.8090705871582
2013-02-21,34.648651123046875
2013-02-22,34.80104064941406
2013-02-25,34.41605758666992
2013-02-26,34.50428009033203
2013-02-27,34.8812370300293
2013-02-28,34.84917068481445
2013-03-01,35.11383819580078
2013-03-04,35.30632781982422
2013-03-05,35.61112594604492
2013-03-06,35.683292388916016
2013-03-07,35.659236907958984
2013-03-08,35.723419189453125
2013-03-11,35.90787887573242
2013-03-12,36.06828689575195
2013-03-13,36.0762939453125
2013-03-14,36.10838317871094
2013-03-15,36.03105163574219
2013-03-18,35.79745101928711
2013-03-19,35.82162857055664
2013-03-20,36.11967468261719
2013-03-21,35.91828918457031
2013-03-22,36.1921501159668
2013-03-25,36.08743667602539
2013-03-26,36.50631332397461
2013-03-27,36.69157028198242
2013-03-28,37.013797760009766
2013-04-01,37.11045837402344
2013-04-02,37.650142669677734
2013-04-03,37.42459487915039
2013-04-04,37.59376525878906
2013-04-05,37.384334564208984
2013-04-08,37.41655731201172
2013-04-09,37.537384033203125
2013-04-10,38.16569519042969
2013-04-11,38.53623580932617
2013-04-12,38.60873031616211
2013-04-15,37.90793228149414
2013-04-16,38.45568084716797
2013-04-17,38.2784538269043
2013-04-18,37.811256408691406
2013-04-19,38.34291076660156
2013-04-22,38.576507568359375
2013-04-23,38.818172454833984
2013-04-24,38.14958572387695
2013-04-25,38.3026237487793
2013-04-26,38.29457473754883
2013-04-29,38.415401458740234
2013-04-30,38.12541961669922
2013-05-01,37.722660064697266
2013-05-02,38.14152908325195
2013-05-03,38.399288177490234
2013-05-06,38.14958572387695
2013-05-07,38.270416259765625
2013-05-08,38.383174896240234
2013-05-09,38.431514739990234
2013-05-10,38.81011199951172
2013-05-13,39.132320404052734
2013-05-14,39.52702713012695
2013-05-15,39.73646926879883
2013-05-16,39.325660705566406
2013-05-17,39.55118179321289
2013-05-20,39.27732849121094
2013-05-21,39.70425033569336
2013-05-22,39.70425033569336
2013-05-23,39.68812561035156
2013-05-24,39.56729507446289
2013-05-28,39.970069885253906
2013-05-29,39.34177017211914
2013-05-30,39.62368392944336
2013-05-31,38.75373458862305
2013-06-03,38.96315002441406
2013-06-04,38.72150802612305
2013-06-05,38.15763854980469
2013-06-06,38.713443756103516
2013-06-07,39.06788635253906
2013-06-10,39.12425994873047
2013-06-11,38.96315002441406
2013-06-12,38.56845474243164
2013-06-13,39.16452407836914
2013-06-14,39.10010528564453
2013-06-17,39.188697814941406
2013-06-18,39.518978118896484
2013-06-19,38.890663146972656
2013-06-20,37.89181900024414
2013-06-21,38.26565170288086
2013-06-24,37.941978454589844
2013-06-25,38.13618469238281
2013-06-26,38.68641662597656
2013-06-27,38.82398986816406
2013-06-28,38.52458953857422
2013-07-01,38.629783630371094
2013-07-02,38.548866271972656
2013-07-03,38.49222183227539
2013-07-05,39.01817321777344
2013-07-08,39.23666000366211
2013-07-09,39.34994125366211
2013-07-10,39.60887908935547
2013-07-11,40.118648529052734
2013-07-12,40.36138916015625
2013-07-15,40.401859283447266
2013-07-16,40.167198181152344
2013-07-17,40.27239227294922
2013-07-18,40.385677337646484
2013-07-19,40.91973114013672
2013-07-22,41.12201690673828
2013-07-23,40.976375579833984
2013-07-24,40.91164016723633
2013-07-25,41.11393356323242
2013-07-26,41.38096618652344
2013-07-29,41.259578704833984
2013-07-30,41.26766586303711
2013-07-31,41.283851623535156
2013-08-01,41.542781829833984
2013-08-02,41.5589714050293
2013-08-05,41.50232696533203
2013-08-06,41.30813217163086
2013-08-07,41.34050750732422
2013-08-08,41.34050750732422
2013-08-09,41.19483947753906
2013-08-12,41.024925231933594
2013-08-13,41.17866897583008
2013-08-14,40.85499572753906
2013-08-15,40.167198181152344
2013-08-16,39.981082916259766
2013-08-19,40.05392074584961
2013-08-20,40.167198181152344
2013-08-21,39.924442291259766
2013-08-22,40.18339157104492
2013-08-23,40.28856658935547
2013-08-26,40.345218658447266
2013-08-27,39.689788818359375
2013-08-28,39.859718322753906
2013-08-29,39.981082916259766
2013-08-30,39.82734680175781
2013-09-03,40.0862922668457
2013-09-04,40.54751205444336
2013-09-05,40.604164123535156
2013-09-06,40.6203498840332
2013-09-09,40.87118148803711
2013-09-10,41.13011169433594
2013-09-11,41.40522384643555
2013-09-12,41.34050750732422
2013-09-13,41.43759536743164
2013-09-16,41.80980682373047
2013-09-17,41.8340950012207
2013-09-18,42.09303665161133
2013-09-19,41.955467224121094
2013-09-20,41.876644134521484
2013-09-23,41.58415603637695
2013-09-24,41.37289047241211
2013-09-25,41.04790496826172
2013-09-26,41.19414138793945
2013-09-27,41.19414138793945
2013-09-30,41.10477066040039
2013-10-01,41.624778747558594
2013-10-02,41.52727127075195
2013-10-03,41.16164016723633
2013-10-04,41.616641998291016
2013-10-07,41.153526306152344
2013-10-08,40.56039047241211
2013-10-09,40.487274169921875
2013-10-10,41.429771423339844
2013-10-11,41.624778747558594
2013-10-14,41.925392150878906
2013-10-15,41.65727996826172
2013-10-16,42.510414123535156
2013-10-17,42.867919921875
2013-10-18,42.69728469848633
2013-10-21,42.47791290283203
2013-10-22,42.87602996826172
2013-10-23,42.794795989990234
2013-10-24,42.794795989990234
2013-10-25,42.85166549682617
2013-10-28,42.99790573120117
2013-10-29,43.28229522705078
2013-10-30,43.04667282104492
2013-10-31,42.87602996826172
2013-11-01,43.160423278808594
2013-11-04,43.19292449951172
2013-11-05,43.04667282104492
2013-11-06,42.94915771484375
2013-11-07,42.567283630371094
2013-11-08,43.19292449951172
2013-11-11,43.29854202270508
2013-11-12,43.274173736572266
2013-11-13,43.517913818359375
2013-11-14,43.883548736572266
2013-11-15,44.13542556762695
2013-11-18,43.94042205810547
2013-11-19,43.98918151855469
2013-11-20,44.119163513183594
2013-11-21,44.29792404174805
2013-11-22,44.891048431396484
2013-11-25,45.06980514526367
2013-11-26,44.9398078918457
2013-11-27,44.92355728149414
2013-11-29,44.89918518066406
2013-12-02,44.915443420410156
2013-12-03,44.525421142578125
2013-12-04,44.37105941772461
2013-12-05,44.28981018066406
2013-12-06,44.86669158935547
2013-12-09,44.9560546875
2013-12-10,44.77730178833008
2013-12-11,44.00543212890625
2013-12-12,43.688541412353516
2013-12-13,43.721046447753906
2013-12-16,43.80229568481445
2013-12-17,43.59104919433594
2013-12-18,44.67167282104492
2013-12-19,44.57417297363281
2013-12-20,44.79854965209961
2013-12-23,44.96987533569336
2013-12-24,44.888282775878906
2013-12-26,45.2227783203125
2013-12-27,45.18198776245117
2013-12-30,45.25542068481445
2013-12-31,45.23093795776367
2014-01-02,44.978023529052734
2014-01-03,45.084083557128906
2014-01-06,44.89644241333008
2014-01-07,45.36963653564453
2014-01-08,45.7693977355957
2014-01-09,46.11206817626953
2014-01-10,46.29155349731445
2014-01-13,45.916255950927734
2014-01-14,46.495513916015625
2014-01-15,46.45473098754883
2014-01-16,46.568939208984375
2014-01-17,46.51999282836914
2014-01-21,46.78922653198242
2014-01-22,46.830020904541016
2014-01-23,46.50368118286133
2014-01-24,45.410423278808594
2014-01-27,45.04329299926758
2014-01-28,45.647029876708984
2014-01-29,45.23093795776367
2014-01-30,46.05495834350586
2014-01-31,45.655181884765625
2014-02-03,44.757728576660156
2014-02-04,45.198299407958984
2014-02-05,44.94538497924805
2014-02-06,45.198299407958984
2014-02-07,45.97336959838867
2014-02-10,46.356815338134766
2014-02-11,46.98501205444336
2014-02-12,46.98501205444336
2014-02-13,47.319522857666016
2014-02-14,47.49086380004883
2014-02-18,47.93141555786133
2014-02-19,47.63771438598633
2014-02-20,48.07011795043945
2014-02-21,47.98037338256836
2014-02-24,48.33934783935547
2014-02-25,48.21696853637695
2014-02-26,48.21696853637695
2014-02-27,48.494361877441406
2014-02-28,48.494361877441406
2014-03-03,48.13538360595703
2014-03-04,49.04914855957031
2014-03-05,48.9267578125
2014-03-06,48.624881744384766
2014-03-07,48.502525329589844
2014-03-10,48.70648193359375
2014-03-11,48.608577728271484
2014-03-12,48.600425720214844
2014-03-13,47.93958282470703
2014-03-14,47.67850112915039
2014-03-17,48.14353561401367
2014-03-18,48.65753173828125
2014-03-19,48.51066970825195
2014-03-20,48.51066970825195
2014-03-21,47.63059616088867
2014-03-24,47.09845733642578
2014-03-25,47.51597213745117
2014-03-26,47.5323486328125
2014-03-27,47.42592239379883
2014-03-28,47.24582290649414
2014-03-31,47.88438034057617
2014-04-01,48.187286376953125
2014-04-02,48.400150299072266
2014-04-03,48.29372787475586
2014-04-04,47.491416931152344
2014-04-07,47.016578674316406
2014-04-08,46.631813049316406
2014-04-09,47.63059616088867
2014-04-10,46.04236602783203
2014-04-11,45.60846710205078
2014-04-14,45.86225128173828
2014-04-15,46.35345458984375
2014-04-16,46.58269500732422
2014-04-17,46.57450485229492
2014-04-21,47.131195068359375
2014-04-22,47.646976470947266
2014-04-23,47.4095458984375
2014-04-24,47.33587646484375
2014-04-25,46.98384475708008
2014-04-28,47.26219940185547
2014-04-29,47.54054260253906
2014-04-30,47.58148956298828
2014-05-01,47.687904357910156
2014-05-02,47.278568267822266
2014-05-05,47.589656829833984
2014-05-06,47.17214584350586
2014-05-07,47.303131103515625
2014-05-08,47.0493278503418
2014-05-09,47.33587646484375
2014-05-12,47.818885803222656
2014-05-13,47.892581939697266
2014-05-14,47.92531204223633
2014-05-15,47.44230651855469
2014-05-16,47.60603713989258
2014-05-19,47.90076446533203
2014-05-20,47.59785079956055
2014-05-21,47.99900436401367
2014-05-22,48.28553009033203
2014-05-23,48.31009292602539
2014-05-27,48.57207489013672
2014-05-28,48.43290710449219
2014-05-29,48.81767654418945
2014-05-30,48.94866943359375
2014-06-02,49.0141716003418
2014-06-03,49.104217529296875
2014-06-04,49.24338150024414
2014-06-05,49.300689697265625
2014-06-06,49.25157165527344
2014-06-09,48.99778747558594
2014-06-10,49.16152572631836
2014-06-11,49.104217529296875
2014-06-12,48.858604431152344
2014-06-13,48.81767654418945
2014-06-16,48.91592025756836
2014-06-17,48.891357421875
2014-06-18,49.2843132019043
2014-06-19,49.44804763793945
2014-06-20,49.863861083984375
2014-06-23,49.67485427856445
2014-06-24,49.70773696899414
2014-06-25,50.250099182128906
2014-06-26,50.315818786621094
2014-06-27,50.18435287475586
2014-06-30,49.98713302612305
2014-07-01,50.619873046875
2014-07-02,51.00608444213867
2014-07-03,51.2115364074707
2014-07-07,50.8253288269043
2014-07-08,50.34870147705078
2014-07-09,50.562347412109375
2014-07-10,50.52948760986328
2014-07-11,50.636322021484375
2014-07-14,50.8006591796875
2014-07-15,50.365135192871094
2014-07-16,50.200782775878906
2014-07-17,49.650203704833984
2014-07-18,50.463741302490234
2014-07-21,50.25830078125
2014-07-22,50.69383239746094
2014-07-23,51.104705810546875
2014-07-24,50.997894287109375
2014-07-25,50.80888748168945
2014-07-28,50.85818099975586
2014-07-29,50.89927673339844
2014-07-30,51.104705810546875
2014-07-31,50.05287170410156
2014-08-01,50.09394836425781
2014-08-04,50.307621002197266
2014-08-05,49.82276916503906
2014-08-06,49.798118591308594
2014-08-07,49.15715026855469
2014-08-08,49.740604400634766
2014-08-11,49.71595001220703
2014-08-12,49.67485427856445
2014-08-13,50.27473449707031
2014-08-14,50.866390228271484
2014-08-15,50.91569519042969
2014-08-18,51.31012725830078
2014-08-19,51.64705276489258
2014-08-20,51.63885498046875
2014-08-21,51.71279525756836
2014-08-22,51.76211166381836
2014-08-25,52.15655517578125
2014-08-26,52.345550537109375
2014-08-27,52.30447769165039
2014-08-28,52.28803634643555
2014-08-29,52.47703170776367
2014-09-02,52.4523811340332
2014-09-03,52.690696716308594
2014-09-04,52.42772674560547
2014-09-05,52.731781005859375
2014-09-08,52.73999786376953
2014-09-09,52.60029602050781
2014-09-10,52.9700927734375
2014-09-11,52.822181701660156
2014-09-12,52.43594741821289
2014-09-15,52.296234130859375
2014-09-16,53.01118087768555
2014-09-17,53.05225372314453
2014-09-18,53.44670486450195
2014-09-19,53.50525665283203
2014-09-22,53.216609954833984
2014-09-23,52.90324020385742
2014-09-24,53.826873779296875
2014-09-25,52.94446563720703
2014-09-26,53.109405517578125
2014-09-29,52.99393844604492
2014-09-30,52.70531463623047
2014-10-01,52.15277862548828
2014-10-02,52.045570373535156
2014-10-03,53.117652893066406
2014-10-06,52.8702507019043
2014-10-07,52.029083251953125
2014-10-08,53.35680389404297
2014-10-09,52.25173568725586
2014-10-10,51.93012619018555
2014-10-13,50.70133972167969
2014-10-14,50.321990966796875
2014-10-15,49.90965270996094
2014-10-16,49.65400695800781
2014-10-17,50.4456901550293
2014-10-20,51.055965423583984
2014-10-21,52.40842819213867
2014-10-22,52.14453125
2014-10-23,53.035186767578125
2014-10-24,53.77740478515625
2014-10-27,53.83511734008789
2014-10-28,54.2309684753418
2014-10-29,54.25570297241211
2014-10-30,55.25358200073242
2014-10-31,55.47623825073242
2014-11-03,55.542213439941406
2014-11-04,55.55044937133789
2014-11-05,55.49273681640625
2014-11-06,55.83087158203125
2014-11-07,55.278316497802734
2014-11-10,55.839111328125
2014-11-11,56.0452766418457
2014-11-12,55.962806701660156
2014-11-13,55.921566009521484
2014-11-14,55.459739685058594
2014-11-17,55.731895446777344
2014-11-18,56.63077926635742
2014-11-19,56.31741714477539
2014-11-20,56.07827377319336
2014-11-21,56.34215545654297
2014-11-24,56.63077926635742
2014-11-25,56.70500946044922
2014-11-26,57.0513916015625
2014-11-28,57.405982971191406
2014-12-01,57.26579666137695
2014-12-02,57.900794982910156
2014-12-03,57.99152374267578
2014-12-04,57.91731262207031
2014-12-05,58.379127502441406
2014-12-08,58.58528518676758
2014-12-09,58.33787155151367
2014-12-10,57.43899154663086
2014-12-11,57.603919982910156
2014-12-12,56.72150802612305
2014-12-15,56.20196533203125
2014-12-16,55.55044937133789
2014-12-17,56.58954620361328
2014-12-18,58.13995361328125
2014-12-19,58.28065872192383
2014-12-22,57.72606658935547
2014-12-23,56.401737213134766
2014-12-24,56.81557846069336
2014-12-26,57.22118377685547
2014-12-29,57.41984939575195
2014-12-30,57.17150115966797
2014-12-31,56.600364685058594
2015-01-02,56.807308197021484
2015-01-05,56.51760482788086
2015-01-06,56.32722473144531
2015-01-07,57.65159225463867
2015-01-08,58.6365966796875
2015-01-09,58.1151123046875
2015-01-12,58.13994598388672
2015-01-13,57.88335418701172
2015-01-14,57.79231262207031
2015-01-15,57.17150115966797
2015-01-16,58.2475700378418
2015-01-20,58.2475700378418
2015-01-21,58.36345672607422
2015-01-22,59.05875015258789
2015-01-23,58.71940231323242
2015-01-26,59.02561569213867
2015-01-27,58.603485107421875
2015-01-28,57.759193420410156
2015-01-29,58.2475700378418
2015-01-30,57.33706283569336
2015-02-02,57.65987777709961
2015-02-03,58.04890823364258
2015-02-04,57.32050323486328
2015-02-05,58.2889518737793
2015-02-06,57.759193420410156
2015-02-09,57.08045959472656
2015-02-10,58.040626525878906
2015-02-11,58.098575592041016
2015-02-12,58.305503845214844
2015-02-13,58.53727340698242
2015-02-17,58.95940399169922
2015-02-18,59.02561569213867
2015-02-19,59.12495803833008
2015-02-20,59.74576187133789
2015-02-23,60.018917083740234
2015-02-24,59.94441223144531
2015-02-25,59.91958999633789
2015-02-26,60.08511734008789
2015-02-27,59.7954216003418
2015-03-02,60.33345031738281
2015-03-03,59.787139892578125
2015-03-04,60.076839447021484
2015-03-05,60.292076110839844
2015-03-06,59.10839080810547
2015-03-09,59.472618103027344
2015-03-10,58.81040954589844
2015-03-11,58.777320861816406
2015-03-12,59.55537796020508
2015-03-13,59.43946838378906
2015-03-16,60.755592346191406
2015-03-17,60.58177947998047
2015-03-18,61.36811828613281
2015-03-19,61.724021911621094
2015-03-20,62.170631408691406
2015-03-23,61.99632263183594
2015-03-24,61.45676803588867
2015-03-25,60.336204528808594
2015-03-26,60.19508361816406
2015-03-27,60.62673568725586
2015-03-30,61.240936279296875
2015-03-31,60.17849349975586
2015-04-01,59.57254409790039
2015-04-02,59.755157470703125
2015-04-06,59.84648513793945
2015-04-07,59.98756790161133
2015-04-08,60.49390411376953
2015-04-09,60.95043182373047
2015-04-10,61.473365783691406
2015-04-13,61.14134216308594
2015-04-14,61.240936279296875
2015-04-15,61.39865493774414
2015-04-16,61.365455627441406
2015-04-17,60.834251403808594
2015-04-20,61.20774459838867
2015-04-21,61.614471435546875
2015-04-22,61.71406936645508
2015-04-23,61.94647216796875
2015-04-24,61.74728775024414
2015-04-27,60.62673568725586
2015-04-28,60.92552947998047
2015-04-29,60.369407653808594
2015-04-30,59.52275466918945
2015-05-01,60.32789993286133
2015-05-04,60.70972442626953
2015-05-05,59.94607925415039
2015-05-06,59.71366500854492
2015-05-07,59.9958610534668
2015-05-08,60.9670295715332
2015-05-11,61.000247955322266
2015-05-12,60.610107421875
2015-05-13,60.676513671875
2015-05-14,61.51487731933594
2015-05-15,61.63936996459961
2015-05-18,62.00461959838867
2015-05-19,62.29512405395508
2015-05-20,62.37812805175781
2015-05-21,62.38643264770508
2015-05-22,62.23701858520508
2015-05-26,61.606163024902344
2015-05-27,62.320003509521484
2015-05-28,62.361480712890625
2015-05-29,62.20381546020508
2015-06-01,62.452816009521484
2015-06-02,62.04612350463867
2015-06-03,62.16231155395508
2015-06-04,61.73069381713867
2015-06-05,61.70577621459961
2015-06-08,61.39865493774414
2015-06-09,61.38207244873047
2015-06-10,62.137413024902344
2015-06-11,62.560733795166016
2015-06-12,61.78879165649414
2015-06-15,61.86349868774414
2015-06-16,62.170631408691406
2015-06-17,62.22869873046875
2015-06-18,63.108577728271484
2015-06-19,63.05941390991211
2015-06-22,63.55083465576172
2015-06-23,63.67577362060547
2015-06-24,63.034420013427734
2015-06-25,63.38423538208008
2015-06-26,63.29262161254883
2015-06-29,61.74342346191406
2015-06-30,61.959983825683594
2015-07-01,62.62629318237305
2015-07-02,62.334781646728516
2015-07-06,62.30978012084961
2015-07-07,62.60967254638672
2015-07-08,61.535179138183594
2015-07-09,61.86838150024414
2015-07-10,62.7012825012207
2015-07-13,63.234291076660156
2015-07-14,63.867340087890625
2015-07-15,63.95064163208008
2015-07-16,64.25045776367188
2015-07-17,64.10889434814453
2015-07-20,64.31710052490234
2015-07-21,64.03390502929688
2015-07-22,64.17552947998047
2015-07-23,63.94229507446289
2015-07-24,62.343116760253906
2015-07-27,62.28482437133789
2015-07-28,63.40922164916992
2015-07-29,63.517520904541016
2015-07-30,63.42589569091797
2015-07-31,63.7923698425293
2015-08-03,63.742408752441406
2015-08-04,63.70908737182617
2015-08-05,64.24213409423828
2015-08-06,62.842830657958984
2015-08-07,62.734554290771484
2015-08-10,63.24267578125
2015-08-11,62.70960235595703
2015-08-12,62.75123977661133
2015-08-13,62.60967254638672
2015-08-14,62.7845458984375
2015-08-17,63.41753387451172
2015-08-18,63.32596969604492
2015-08-19,63.06776809692383
2015-08-20,61.601806640625
2015-08-21,59.719444274902344
2015-08-24,57.17909240722656
2015-08-25,56.604393005371094
2015-08-26,58.99481964111328
2015-08-27,60.14424133300781
2015-08-28,59.80276107788086
2015-08-31,58.711639404296875
2015-09-01,57.170753479003906
2015-09-02,58.345184326171875
2015-09-03,57.9287223815918
2015-09-04,57.20409393310547
2015-09-08,58.80326461791992
2015-09-09,57.895389556884766
2015-09-10,58.45343017578125
2015-09-11,58.82825469970703
2015-09-14,58.64500427246094
2015-09-15,59.486244201660156
2015-09-16,59.65283966064453
2015-09-17,60.1942138671875
2015-09-18,59.275535583496094
2015-09-21,58.48976516723633
2015-09-22,58.13031005859375
2015-09-23,58.07179641723633
2015-09-24,57.478275299072266
2015-09-25,55.906742095947266
2015-09-28,53.741695404052734
2015-09-29,54.23489761352539
2015-09-30,55.36339569091797
2015-10-01,55.923465728759766
2015-10-02,57.085418701171875
2015-10-05,57.23587417602539
2015-10-06,55.89003372192383
2015-10-07,56.78447723388672
2015-10-08,56.951663970947266
2015-10-09,57.210792541503906
2015-10-12,57.36126708984375
2015-10-13,56.64236831665039
2015-10-14,56.5336799621582
2015-10-15,57.79593276977539
2015-10-16,58.31420135498047
2015-10-19,58.523193359375
2015-10-20,57.60369110107422
2015-10-21,57.085418701171875
2015-10-22,56.742652893066406
2015-10-23,57.95477294921875
2015-10-26,58.18046569824219
2015-10-27,59.25044250488281
2015-10-28,59.743656158447266
2015-10-29,60.011146545410156
2015-10-30,59.634979248046875
2015-11-02,60.90559387207031
2015-11-03,60.68825912475586
2015-11-04,60.42076110839844
2015-11-05,60.22850799560547
2015-11-06,59.97771453857422
2015-11-09,59.51795196533203
2015-11-10,59.9191780090332
2015-11-11,59.3256721496582
2015-11-12,58.29751205444336
2015-11-13,58.15538787841797
2015-11-16,58.88263702392578
2015-11-17,59.1334342956543
2015-11-18,60.28699493408203
2015-11-19,59.275535583496094
2015-11-20,59.78545379638672
2015-11-23,59.634979248046875
2015-11-24,59.81887435913086
2015-11-25,60.144893646240234
2015-11-27,60.26191711425781
2015-11-30,59.442718505859375
2015-12-01,60.44584274291992
2015-12-02,59.93589782714844
2015-12-03,58.62352752685547
2015-12-04,60.00278854370117
2015-12-07,59.66842269897461
2015-12-08,59.80216598510742
2015-12-09,59.20030212402344
2015-12-10,59.64334487915039
2015-12-11,58.76560974121094
2015-12-14,59.15013122558594
2015-12-15,59.9191780090332
2015-12-16,60.69661331176758
2015-12-17,60.0445671081543
2015-12-18,59.174041748046875
2015-12-21,59.7113151550293
2015-12-22,60.114261627197266
2015-12-23,60.76065444946289
2015-12-24,60.81942367553711
2015-12-28,60.53398513793945
2015-12-29,61.27271270751953
2015-12-30,61.01249313354492
2015-12-31,60.466835021972656
2016-01-04,59.37554168701172
2016-01-05,59.66094207763672
2016-01-06,59.174041748046875
2016-01-07,57.9736213684082
2016-01-08,57.10054016113281
2016-01-11,56.420616149902344
2016-01-12,57.142555236816406
2016-01-13,55.44682693481445
2016-01-14,56.932682037353516
2016-01-15,56.135189056396484
2016-01-19,56.12678527832031
2016-01-20,56.235931396484375
2016-01-21,56.06803512573242
2016-01-22,56.95787811279297
2016-01-25,56.42900466918945
2016-01-26,56.85712432861328
2016-01-27,56.21072769165039
2016-01-28,54.90116500854492
2016-01-29,55.79939651489258
2016-02-01,55.88334655761719
2016-02-02,55.07745361328125
2016-02-03,55.43843460083008
2016-02-04,55.136234283447266
2016-02-05,54.06169509887695
2016-02-08,53.32297134399414
2016-02-09,53.717533111572266
2016-02-10,54.19601821899414
2016-02-11,53.32297134399414
2016-02-12,54.03652572631836
2016-02-16,55.05228805541992
2016-02-17,55.74903106689453
2016-02-18,55.40483474731445
2016-02-19,55.346107482910156
2016-02-22,56.135189056396484
2016-02-23,55.715450286865234
2016-02-24,55.900115966796875
2016-02-25,56.59690475463867
2016-02-26,56.49616622924805
2016-02-29,55.59791946411133
2016-03-01,56.789981842041016
2016-03-02,56.882301330566406
2016-03-03,56.722816467285156
2016-03-04,56.588504791259766
2016-03-07,57.041812896728516
2016-03-08,56.34505081176758
2016-03-09,56.44578552246094
2016-03-10,56.47938537597656
2016-03-11,57.57906723022461
2016-03-14,57.33562469482422
2016-03-15,56.44578552246094
2016-03-16,56.31145095825195
2016-03-17,55.65667724609375
2016-03-18,56.31129455566406
2016-03-21,56.639854431152344
2016-03-22,57.20433044433594
2016-03-23,56.79994583129883
2016-03-24,56.7746696472168
2016-03-28,56.61457824707031
2016-03-29,57.27172088623047
2016-03-30,57.28013229370117
2016-03-31,57.10323715209961
2016-04-01,57.751930236816406
2016-04-04,58.44276428222656
2016-04-05,57.68451690673828
2016-04-06,59.23468780517578
2016-04-07,58.585994720458984
2016-04-08,58.42592239379883
2016-04-11,57.979400634765625
2016-04-12,58.451194763183594
2016-04-13,58.998783111572266
2016-04-14,59.03249740600586
2016-04-15,58.99038314819336
2016-04-18,59.53801345825195
2016-04-19,59.74862289428711
2016-04-20,60.068748474121094
2016-04-21,60.422603607177734
2016-04-22,60.548973083496094
2016-04-25,60.31308364868164
2016-04-26,60.085609436035156
2016-04-27,60.01819610595703
2016-04-28,59.731781005859375
2016-04-29,58.79661560058594
2016-05-02,59.13359832763672
2016-05-03,58.9482536315918
2016-05-04,58.38378143310547
2016-05-05,58.62810516357422
2016-05-06,58.282691955566406
2016-05-09,58.9482536315918
2016-05-10,59.44529724121094
2016-05-11,58.72920608520508
2016-05-12,58.38378143310547
2016-05-13,58.24899673461914
2016-05-16,59.04093551635742
2016-05-17,58.42592239379883
2016-05-18,58.67023468017578
2016-05-19,58.173160552978516
2016-05-20,58.712371826171875
2016-05-23,58.47646713256836
2016-05-24,59.31895065307617
2016-05-25,59.68964767456055
2016-05-26,59.69805908203125
2016-05-27,59.96765899658203
2016-05-31,60.11087417602539
2016-06-01,60.32992172241211
2016-06-02,61.1049919128418
2016-06-03,60.902801513671875
2016-06-06,61.23137283325195
2016-06-07,60.852256774902344
2016-06-08,61.06287384033203
2016-06-09,60.9617805480957
2016-06-10,60.47314453125
2016-06-13,59.99292755126953
2016-06-14,60.085609436035156
2016-06-15,59.67280197143555
2016-06-16,59.883419036865234
2016-06-17,59.26167297363281
2016-06-20,59.633880615234375
2016-06-21,59.43085479736328
2016-06-22,59.600032806396484
2016-06-23,60.37824249267578
2016-06-24,58.627281188964844
2016-06-27,57.84062194824219
2016-06-28,58.96563720703125
2016-06-29,60.09064865112305
2016-06-30,60.65737533569336
2016-07-01,61.038002014160156
2016-07-05,60.97880935668945
2016-07-06,61.66398239135742
2016-07-07,61.57093048095703
2016-07-08,62.332183837890625
2016-07-11,62.16300582885742
2016-07-12,62.467529296875
2016-07-13,62.442161560058594
2016-07-14,62.712833404541016
2016-07-15,62.66208267211914
2016-07-18,62.68747329711914
2016-07-19,62.55210494995117
2016-07-20,63.11886215209961
2016-07-21,63.30497360229492
2016-07-22,63.431819915771484
2016-07-25,63.36417770385742
2016-07-26,63.25419235229492
2016-07-27,63.54180145263672
2016-07-28,63.48258972167969
2016-07-29,63.60945129394531
2016-08-01,64.01547241210938
2016-08-02,63.770164489746094
2016-08-03,63.5925407409668
2016-08-04,63.49949645996094
2016-08-05,63.65175247192383
2016-08-08,63.11039352416992
2016-08-09,63.262657165527344
2016-08-10,63.05120086669922
2016-08-11,63.414939880371094
2016-08-12,63.25419235229492
2016-08-15,63.36417770385742
2016-08-16,62.79743957519531
2016-08-17,62.924320220947266
2016-08-18,62.94969940185547
2016-08-19,62.8989372253418
2016-08-22,63.02580261230469
2016-08-23,63.08502197265625
2016-08-24,62.095367431640625
2016-08-25,61.57093048095703
2016-08-26,61.80775833129883
2016-08-29,61.943092346191406
2016-08-30,61.731624603271484
2016-08-31,61.54554748535156
2016-09-01,61.38481521606445
2016-09-02,61.4525032043457
2016-09-06,61.672428131103516
2016-09-07,61.672428131103516
2016-09-08,61.72315216064453
2016-09-09,60.48821258544922
2016-09-12,61.38481521606445
2016-09-13,60.5643310546875
2016-09-14,60.5643310546875
2016-09-15,61.19027328491211
2016-09-16,61.23188018798828
2016-09-19,61.0110969543457
2016-09-20,61.19791030883789
2016-09-21,61.80931091308594
2016-09-22,62.27633285522461
2016-09-23,62.081031799316406
2016-09-26,61.35926055908203
2016-09-27,61.792327880859375
2016-09-28,61.69889831542969
2016-09-29,60.61200714111328
2016-09-30,61.23188018798828
2016-10-03,61.180931091308594
2016-10-04,61.06206130981445
2016-10-05,61.299842834472656
2016-10-06,61.070560455322266
2016-10-07,61.0280647277832
2016-10-10,61.30830383300781
2016-10-11,59.77134323120117
2016-10-12,59.49111557006836
2016-10-13,59.51661682128906
2016-10-14,59.117515563964844
2016-10-17,58.92222213745117
2016-10-18,59.62700271606445
2016-10-19,59.406211853027344
2016-10-20,59.68644714355469
2016-10-21,59.193931579589844
2016-10-24,59.08354187011719
2016-10-25,58.913719177246094
2016-10-26,58.55706787109375
2016-10-27,58.82880783081055
2016-10-28,57.55509567260742
2016-10-31,57.19844055175781
2016-11-01,56.89274215698242
2016-11-02,56.595550537109375
2016-11-03,56.06058883666992
2016-11-04,56.45119857788086
2016-11-07,57.89473342895508
2016-11-08,58.056087493896484
2016-11-09,60.102535247802734
2016-11-10,60.764862060546875
2016-11-11,59.85626220703125
2016-11-14,59.669471740722656
2016-11-15,59.839271545410156
2016-11-16,59.584529876708984
2016-11-17,59.82229232788086
2016-11-18,59.18544006347656
2016-11-21,59.39772033691406
2016-11-22,58.540103912353516
2016-11-23,58.76935958862305
2016-11-25,58.99861145019531
2016-11-28,58.55706787109375
2016-11-29,58.93921661376953
2016-11-30,58.37876510620117
2016-12-01,57.954185485839844
2016-12-02,58.09005355834961
2016-12-05,57.988155364990234
2016-12-06,58.14948654174805
2016-12-07,57.648468017578125
2016-12-08,57.758853912353516
2016-12-09,58.46367263793945
2016-12-12,58.743892669677734
2016-12-13,59.21939468383789
2016-12-14,58.913719177246094
2016-12-15,59.29585266113281
2016-12-16,59.342735290527344
2016-12-19,59.09542465209961
2016-12-20,59.05274963378906
2016-12-21,58.72014617919922
2016-12-22,58.796913146972656
2016-12-23,59.24039840698242
2016-12-27,59.359798431396484
2016-12-28,58.907779693603516
2016-12-29,59.01012420654297
2016-12-30,58.796913146972656
2017-01-03,59.56448745727539
2017-01-04,60.033573150634766
2017-01-05,60.340599060058594
2017-01-06,60.51115417480469
2017-01-09,60.76703643798828
2017-01-10,60.98025131225586
2017-01-11,60.3661994934082
2017-01-12,60.42588806152344
2017-01-13,60.485591888427734
2017-01-17,60.17853927612305
2017-01-18,60.10179138183594
2017-01-19,59.71797561645508
2017-01-20,59.56448745727539
2017-01-23,59.317161560058594
2017-01-24,58.907779693603516
2017-01-25,59.46213150024414
2017-01-26,59.001590728759766
2017-01-27,59.48773956298828
2017-01-30,59.1977653503418
2017-01-31,60.14442825317383
2017-02-01,60.66468048095703
2017-02-02,60.64764404296875
2017-02-03,60.912017822265625
2017-02-06,60.98025131225586
2017-02-07,61.039947509765625
2017-02-08,60.946144104003906
2017-02-09,61.16789245605469
2017-02-10,61.28730010986328
2017-02-13,61.66253662109375
2017-02-14,62.14867401123047
2017-02-15,62.82244110107422
2017-02-16,62.737159729003906
2017-02-17,62.82244110107422
2017-02-21,63.10386276245117
2017-02-22,63.01008224487305
2017-02-23,63.470645904541016
2017-02-24,63.777671813964844
2017-02-27,64.084716796875
2017-02-28,63.956748962402344
2017-03-01,64.5964126586914
2017-03-02,64.3917236328125
2017-03-03,64.64763641357422
2017-03-06,64.40027618408203
2017-03-07,63.948246002197266
2017-03-08,64.20410919189453
2017-03-09,64.55380249023438
2017-03-10,64.80110931396484
2017-03-13,64.74993133544922
2017-03-14,64.51112365722656
2017-03-15,65.32135772705078
2017-03-16,64.69024658203125
2017-03-17,64.33414459228516
2017-03-20,64.24002838134766
2017-03-21,63.7349853515625
2017-03-22,63.75211715698242
2017-03-23,63.55522918701172
2017-03-24,63.58945083618164
2017-03-27,63.760643005371094
2017-03-28,63.80344009399414
2017-03-29,63.8205680847168
2017-03-30,63.829132080078125
2017-03-31,63.64937973022461
2017-04-03,63.70076370239258
2017-04-04,63.666500091552734
2017-04-05,63.469627380371094
2017-04-06,63.58089828491211
2017-04-07,63.69221496582031
2017-04-10,63.57233810424805
2017-04-11,63.48677062988281
2017-04-12,63.48677062988281
2017-04-13,63.32413864135742
2017-04-17,63.55522918701172
2017-04-18,62.861907958984375
2017-04-19,63.050228118896484
2017-04-20,63.44398880004883
2017-04-21,63.06734085083008
2017-04-24,63.69221496582031
2017-04-25,63.96611022949219
2017-04-26,64.3170166015625
2017-04-27,64.45401000976562
2017-04-28,64.62519073486328
2017-05-01,64.77069854736328
2017-05-02,64.95045471191406
2017-05-03,64.63375091552734
2017-05-04,65.06175231933594
2017-05-05,65.02750396728516
2017-05-08,64.62519073486328
2017-05-09,64.70222473144531
2017-05-10,64.51392364501953
2017-05-11,64.54815673828125
2017-05-12,64.43688201904297
2017-05-15,64.8563003540039
2017-05-16,64.6080551147461
2017-05-17,63.760643005371094
2017-05-18,64.04312896728516
2017-05-19,64.2228775024414
2017-05-22,64.39408111572266
2017-05-23,64.6080551147461
2017-05-24,64.77069854736328
2017-05-25,65.0788345336914
2017-05-26,64.95899963378906
2017-05-30,64.86486053466797
2017-05-31,65.12165069580078
2017-06-01,65.84063720703125
2017-06-02,66.26863098144531
2017-06-05,66.08029174804688
2017-06-06,65.91768646240234
2017-06-07,66.09744262695312
2017-06-08,65.90911865234375
2017-06-09,66.3542251586914
2017-06-12,66.26863098144531
2017-06-13,66.40558624267578
2017-06-14,66.72230529785156
2017-06-15,66.6538314819336
2017-06-16,66.76383209228516
2017-06-19,67.45992279052734
2017-06-20,67.6833267211914
2017-06-21,68.54269409179688
2017-06-22,69.25596618652344
2017-06-23,69.15283203125
2017-06-26,69.08405303955078
2017-06-27,68.4567642211914
2017-06-28,68.81767272949219
2017-06-29,68.19037628173828
2017-06-30,68.09584045410156
2017-07-03,68.21612548828125
2017-07-05,68.62004089355469
2017-07-06,67.73489379882812
2017-07-07,68.07861328125
2017-07-10,67.94973754882812
2017-07-11,67.87239837646484
2017-07-12,68.3364486694336
2017-07-13,68.3965835571289
2017-07-14,68.86064910888672
2017-07-17,68.61144256591797
2017-07-18,68.66299438476562
2017-07-19,69.2215805053711
2017-07-20,69.67703247070312
2017-07-21,69.5997085571289
2017-07-24,69.57392883300781
2017-07-25,69.07549285888672
2017-07-26,68.8434829711914
2017-07-27,68.37080383300781
2017-07-28,68.71453857421875
2017-07-31,68.6543960571289
2017-08-01,68.4997329711914
2017-08-02,68.34504699707031
2017-08-03,68.4567642211914
2017-08-04,68.30207061767578
2017-08-07,68.44815826416016
2017-08-08,68.13019561767578
2017-08-09,68.20755767822266
2017-08-10,67.3567886352539
2017-08-11,67.54581451416016
2017-08-14,68.00130462646484
2017-08-15,68.00130462646484
2017-08-16,68.19037628173828
2017-08-17,67.33959197998047
2017-08-18,67.03023529052734
2017-08-21,67.33098602294922
2017-08-22,68.14738464355469
2017-08-23,67.63176727294922
2017-08-24,67.82942962646484
2017-08-25,67.84660339355469
2017-08-28,68.20755767822266
2017-08-29,68.3364486694336
2017-08-30,68.68878936767578
2017-08-31,69.85752868652344
2017-09-01,69.80596923828125
2017-09-05,69.50518798828125
2017-09-06,69.84034729003906
2017-09-07,70.61373138427734
2017-09-08,70.93171691894531
2017-09-11,71.4817123413086
2017-09-12,71.63639068603516
2017-09-13,71.37000274658203
2017-09-14,71.46452331542969
2017-09-15,71.23596954345703
2017-09-18,71.21871185302734
2017-09-19,70.65808868408203
2017-09-20,70.72706604003906
2017-09-21,70.36480712890625
2017-09-22,70.36480712890625
2017-09-25,70.15782165527344
2017-09-26,70.0456771850586
2017-09-27,70.01980590820312
2017-09-28,70.08016967773438
2017-09-29,70.49419403076172
2017-10-02,71.2101058959961
2017-10-03,71.19283294677734
2017-10-04,71.53783416748047
2017-10-05,71.58959197998047
2017-10-06,71.49470520019531
2017-10-09,71.04619598388672
2017-10-10,71.2101058959961
2017-10-11,71.34809875488281
2017-10-12,71.27046966552734
2017-10-13,71.08930969238281
2017-10-16,70.77882385253906
2017-10-17,71.72760009765625
2017-10-18,71.83109283447266
2017-10-19,72.27096557617188
2017-10-20,72.34860229492188
2017-10-23,72.1674575805664
2017-10-24,71.68448638916016
2017-10-25,71.5809555053711
2017-10-26,70.86507415771484
2017-10-27,70.84781646728516
2017-10-30,70.08880615234375
2017-10-31,69.95941925048828
2017-11-01,70.13192749023438
2017-11-02,69.81278991699219
2017-11-03,70.39068603515625
2017-11-06,70.17506408691406
2017-11-07,70.32166290283203
2017-11-08,70.48556518554688
2017-11-09,70.49419403076172
2017-11-10,70.03705596923828
2017-11-13,70.10604858398438
2017-11-14,69.8214111328125
2017-11-15,69.623046875
2017-11-16,70.3475570678711
2017-11-17,70.07154846191406
2017-11-20,69.77827453613281
2017-11-21,70.39068603515625
2017-11-22,70.36480712890625
2017-11-24,70.52867889404297
2017-11-27,70.58907318115234
2017-11-28,71.1065902709961
2017-11-29,71.46021270751953
2017-11-30,71.9949951171875
2017-12-01,71.84834289550781
2017-12-04,70.96857452392578
2017-12-05,70.84781646728516
2017-12-06,70.78744506835938
2017-12-07,70.8046875
2017-12-08,71.59825134277344
2017-12-11,71.90010833740234
2017-12-12,72.18475341796875
2017-12-13,72.43486785888672
2017-12-14,71.70172882080078
2017-12-15,72.49061584472656
2017-12-18,72.5166015625
2017-12-19,72.43001556396484
2017-12-20,72.1961898803711
2017-12-21,72.03164672851562
2017-12-22,71.79785919189453
2017-12-26,71.81513977050781
2017-12-27,71.93639373779297
2017-12-28,72.04035186767578
2017-12-29,71.59867858886719
2018-01-02,72.40402221679688
2018-01-03,73.09678649902344
2018-01-04,73.20073699951172
2018-01-05,73.82423400878906
2018-01-08,73.5557632446289
2018-01-09,74.4217300415039
2018-01-10,74.2918472290039
2018-01-11,74.61225891113281
2018-01-12,75.18380737304688
2018-01-16,75.55618286132812
2018-01-17,76.2835693359375
2018-01-18,76.30091094970703
2018-01-19,76.58666229248047
2018-01-22,77.08894348144531
2018-01-23,76.716552734375
2018-01-24,76.9417495727539
2018-01-25,77.59986877441406
2018-01-26,79.27119445800781
2018-01-29,79.05470275878906
2018-01-30,77.39204406738281
2018-01-31,76.29225158691406
2018-02-01,76.31822204589844
2018-02-02,75.24442291259766
2018-02-05,71.91040802001953
2018-02-06,72.70710754394531
2018-02-07,72.62049865722656
2018-02-08,70.10053253173828
2018-02-09,71.0964126586914
2018-02-12,71.76319885253906
2018-02-13,71.81513977050781
2018-02-14,72.62915802001953
2018-02-15,73.43453216552734
2018-02-16,73.9627685546875
2018-02-20,73.14875793457031
2018-02-21,72.84566497802734
2018-02-22,72.73308563232422
2018-02-23,73.89350891113281
2018-02-26,74.82874298095703
2018-02-27,74.04936218261719
2018-02-28,72.86296081542969
2018-03-01,71.7026138305664
2018-03-02,72.43001556396484
2018-03-05,73.08815002441406
2018-03-06,72.98423767089844
2018-03-07,73.35659790039062
2018-03-08,73.8501968383789
2018-03-09,74.91532135009766
2018-03-12,74.59493255615234
2018-03-13,74.69019317626953
2018-03-14,74.32648468017578
2018-03-15,74.20525360107422
2018-03-16,74.20523834228516
2018-03-19,73.00601959228516
2018-03-20,73.11030578613281
2018-03-21,72.79743957519531
2018-03-22,70.703125
2018-03-23,69.23446655273438
2018-03-26,70.6683578491211
2018-03-27,69.83409118652344
2018-03-28,70.20779418945312
2018-03-29,70.73785400390625
2018-04-02,69.13018798828125
2018-04-03,70.18170928955078
2018-04-04,71.18107604980469
2018-04-05,71.12893676757812
2018-04-06,69.4169692993164
2018-04-09,70.10350799560547
2018-04-10,71.28533935546875
2018-04-11,70.703125
2018-04-12,71.18107604980469
2018-04-13,71.14633178710938
2018-04-16,71.71117401123047
2018-04-17,72.267333984375
2018-04-18,72.32817840576172
2018-04-19,71.71986389160156
2018-04-20,71.33749389648438
2018-04-23,71.61559295654297
2018-04-24,71.0767822265625
2018-04-25,71.3983154296875
2018-04-26,72.30209350585938
2018-04-27,72.59757995605469
2018-04-30,71.4852523803711
2018-05-01,71.45046997070312
2018-05-02,70.4684829711914
2018-05-03,69.83409118652344
2018-05-04,70.39026641845703
2018-05-07,70.28598022460938
2018-05-08,69.75589752197266
2018-05-09,70.15563201904297
2018-05-10,71.09415435791016
2018-05-11,72.15437316894531
2018-05-14,72.63231658935547
2018-05-15,71.69380950927734
2018-05-16,72.09355163574219
2018-05-17,72.11959838867188
2018-05-18,72.30209350585938
2018-05-21,72.37161254882812
2018-05-22,72.23258209228516
2018-05-23,72.46721649169922
2018-05-24,72.18046569824219
2018-05-25,72.076171875
2018-05-29,71.33749389648438
2018-05-30,72.40637969970703
2018-05-31,71.61559295654297
2018-06-01,72.4411392211914
2018-06-04,72.71054077148438
2018-06-05,72.56278991699219
2018-06-06,73.37969207763672
2018-06-07,73.47527313232422
2018-06-08,73.90109252929688
2018-06-11,74.04012298583984
2018-06-12,73.99667358398438
2018-06-13,74.0140609741211
2018-06-14,74.39643096923828
2018-06-15,74.54122924804688
2018-06-18,73.82596588134766
2018-06-19,74.01789093017578
2018-06-20,74.17488098144531
2018-06-21,73.74747467041016
2018-06-22,74.07894134521484
2018-06-25,73.39862060546875
2018-06-26,73.17183685302734
2018-06-27,72.55252075195312
2018-06-28,72.64846801757812
2018-06-29,72.7967529296875
2018-07-02,73.02352905273438
2018-07-03,73.19795227050781
2018-07-05,73.95684051513672
2018-07-06,75.02096557617188
2018-07-09,75.57044982910156
2018-07-10,75.85830688476562
2018-07-11,75.25646209716797
2018-07-12,76.09380340576172
2018-07-13,76.2333755493164
2018-07-16,75.77108764648438
2018-07-17,76.18973541259766
2018-07-18,76.25080108642578
2018-07-19,75.82340240478516
2018-07-20,75.67512512207031
2018-07-23,75.83213806152344
2018-07-24,76.52117919921875
2018-07-25,77.49812316894531
2018-07-26,77.28003692626953
2018-07-27,76.72180938720703
2018-07-30,76.76541137695312
2018-07-31,77.56787872314453
2018-08-01,77.58531951904297
2018-08-02,77.87315368652344
2018-08-03,78.33544921875
2018-08-06,78.4749984741211
2018-08-07,78.48371887207031
2018-08-08,78.60582733154297
2018-08-09,78.51860809326172
2018-08-10,78.17843627929688
2018-08-13,78.20462036132812
2018-08-14,78.5709457397461
2018-08-15,78.44010925292969
2018-08-16,79.20765686035156
2018-08-17,79.45189666748047
2018-08-20,79.71356964111328
2018-08-21,79.71356964111328
2018-08-22,79.79205322265625
2018-08-23,79.76590728759766
2018-08-24,80.14968872070312
2018-08-27,80.43753051757812
2018-08-28,80.48115539550781
2018-08-29,81.0044937133789
2018-08-30,80.94345092773438
2018-08-31,80.92595672607422
2018-09-04,80.28053283691406
2018-09-05,80.603271484375
2018-09-06,80.603271484375
2018-09-07,80.72537994384766
2018-09-10,80.51602935791016
2018-09-11,80.44625854492188
2018-09-12,80.84748840332031
2018-09-13,81.85055541992188
2018-09-14,81.58014678955078
2018-09-17,81.28361511230469
2018-09-18,81.7546157836914
2018-09-19,81.6412124633789
2018-09-20,82.43495178222656
2018-09-21,82.54615020751953
2018-09-24,82.7125244140625
2018-09-25,82.45861053466797
2018-09-26,82.6424789428711
2018-09-27,83.06278228759766
2018-09-28,83.31670379638672
2018-10-01,83.728271484375
2018-10-02,83.63195037841797
2018-10-03,83.47432708740234
2018-10-04,82.66000366210938
2018-10-05,82.56368255615234
2018-10-08,82.52864074707031
2018-10-09,82.66873931884766
2018-10-10,80.7160873413086
2018-10-11,78.53575897216797
2018-10-12,79.74413299560547
2018-10-15,79.19247436523438
2018-10-16,81.36404418945312
2018-10-17,81.79312133789062
2018-10-18,80.86492919921875
2018-10-19,80.12940216064453
2018-10-22,79.47270202636719
2018-10-23,79.04360961914062
2018-10-24,76.43421936035156
2018-10-25,77.4236831665039
2018-10-26,76.54804229736328
2018-10-29,76.74070739746094
2018-10-30,77.56380462646484
2018-10-31,77.66887664794922
2018-11-01,78.64957427978516
2018-11-02,78.15921783447266
2018-11-05,78.85098266601562
2018-11-06,79.25377655029297
2018-11-07,81.58297729492188
2018-11-08,81.62674713134766
2018-11-09,81.39030456542969
2018-11-12,80.28701782226562
2018-11-13,79.72660827636719
2018-11-14,79.08739471435547
2018-11-15,79.78793334960938
2018-11-16,80.59349060058594
2018-11-19,79.56900787353516
2018-11-20,78.82470703125
2018-11-21,78.37812042236328
2018-11-23,78.49198150634766
2018-11-26,79.25377655029297
2018-11-27,80.07685852050781
2018-11-28,82.00328063964844
2018-11-29,82.27471923828125
2018-11-30,83.9471664428711
2018-12-03,83.54436492919922
2018-12-04,81.67927551269531
2018-12-06,81.37281799316406
2018-12-07,79.29754638671875
2018-12-10,79.60401916503906
2018-12-11,79.84921264648438
2018-12-12,80.5322036743164
2018-12-13,80.61100006103516
2018-12-14,77.89653015136719
2018-12-17,76.34664916992188
2018-12-18,75.6811752319336
2018-12-19,74.69172668457031
2018-12-20,73.64093780517578
2018-12-21,72.72616577148438
2018-12-24,70.9845199584961
2018-12-26,74.08075714111328
2018-12-27,74.8987808227539
2018-12-28,74.98674011230469
2018-12-31,76.09506225585938
2019-01-02,74.9427490234375
2019-01-03,73.42103576660156
2019-01-04,75.61127471923828
2019-01-07,75.90155029296875
2019-01-08,76.49089050292969
2019-01-09,76.83390808105469
2019-01-10,76.98346710205078
2019-01-11,77.23856353759766
2019-01-14,76.38530731201172
2019-01-15,77.75753021240234
2019-01-16,77.61677551269531
2019-01-17,78.30287170410156
2019-01-18,79.23526000976562
2019-01-22,78.68989562988281
2019-01-23,78.77784729003906
2019-01-24,78.1181640625
2019-01-25,78.21492004394531
2019-01-28,77.32649230957031
2019-01-29,77.7047348022461
2019-01-30,78.76907348632812
2019-01-31,79.75421905517578
2019-02-01,79.82460021972656
2019-02-04,79.59590911865234
2019-02-05,79.48155975341797
2019-02-06,79.8421859741211
2019-02-07,78.96258544921875
2019-02-08,79.11213684082031
2019-02-11,79.01535034179688
2019-02-12,80.09728240966797
2019-02-13,80.27320098876953
2019-02-14,80.45793914794922
2019-02-15,81.67178344726562
2019-02-19,81.478271484375
2019-02-20,81.38150024414062
2019-02-21,80.66903686523438
2019-02-22,81.40791320800781
2019-02-25,81.52224731445312
2019-02-26,81.23197174072266
2019-02-27,80.8537368774414
2019-02-28,80.61626434326172
2019-03-01,81.75973510742188
2019-03-04,80.65143585205078
2019-03-05,80.60746002197266
2019-03-06,79.42877960205078
2019-03-07,78.80425262451172
2019-03-08,78.63712310791016
2019-03-11,79.53433227539062
2019-03-12,80.11486053466797
2019-03-13,80.97691345214844
2019-03-14,80.8449478149414
2019-03-15,81.21663665771484
2019-03-18,81.093017578125
2019-03-19,81.737548828125
2019-03-20,81.17250061035156
2019-03-21,81.49034118652344
2019-03-22,80.00709533691406
2019-03-25,79.96293640136719
2019-03-26,80.51034545898438
2019-03-27,79.83934020996094
2019-03-28,80.04241180419922
2019-03-29,81.00474548339844
2019-04-01,81.12834930419922
2019-04-02,80.94294738769531
2019-04-03,80.83700561523438
2019-04-04,80.66925811767578
2019-04-05,81.22547912597656
2019-04-08,81.20782470703125
2019-04-09,80.99592590332031
2019-04-10,81.02239990234375
2019-04-11,80.0247573852539
2019-04-12,79.29197692871094
2019-04-15,79.60980987548828
2019-04-16,77.97647857666016
2019-04-17,75.73393249511719
2019-04-18,75.8575210571289
2019-04-22,75.90167999267578
2019-04-23,77.10240173339844
2019-04-24,77.01411437988281
2019-04-25,77.8087158203125
2019-04-26,78.58563995361328
2019-04-29,78.44439697265625
2019-04-30,78.80636596679688
2019-05-01,78.66510772705078
2019-05-02,79.0006103515625
2019-05-03,79.60096740722656
2019-05-06,80.00709533691406
2019-05-07,78.47086334228516
2019-05-08,78.63862609863281
2019-05-09,78.47086334228516
2019-05-10,78.49736785888672
2019-05-13,77.02294921875
2019-05-14,77.41142272949219
2019-05-15,77.64094543457031
2019-05-16,78.2501220703125
2019-05-17,78.08240509033203
2019-05-20,78.04710388183594
2019-05-21,78.77989196777344
2019-05-22,79.23015594482422
2019-05-23,78.95645904541016
2019-05-24,79.07122802734375
2019-05-28,77.94114685058594
2019-05-29,77.19066619873047
2019-05-30,77.61445617675781
2019-05-31,77.05824279785156
2019-06-03,77.24365997314453
2019-06-04,78.52384185791016
2019-06-05,79.11538696289062
2019-06-06,79.52151489257812
2019-06-07,80.35140991210938
2019-06-10,80.58979797363281
2019-06-11,80.45735168457031
2019-06-12,80.84583282470703
2019-06-13,80.74869537353516
2019-06-14,80.56330108642578
2019-06-17,80.92530059814453
2019-06-18,81.61394500732422
2019-06-19,82.34672546386719
2019-06-20,82.70872497558594
2019-06-21,83.10594177246094
2019-06-24,82.67147064208984
2019-06-25,82.33455657958984
2019-06-26,81.29716491699219
2019-06-27,81.86463165283203
2019-06-28,82.13949584960938
2019-07-01,82.54734802246094
2019-07-02,82.99066162109375
2019-07-03,83.70002746582031
2019-07-05,83.12369537353516
2019-07-08,82.5030288696289
2019-07-09,82.58281707763672
2019-07-10,82.86656188964844
2019-07-11,82.88428497314453
2019-07-12,81.9621810913086
2019-07-15,82.13949584960938
2019-07-16,81.73162841796875
2019-07-17,81.74932098388672
2019-07-18,82.21043395996094
2019-07-19,81.3592300415039
2019-07-22,81.19078063964844
2019-07-23,81.69615173339844
2019-07-24,81.74049377441406
2019-07-25,81.34150695800781
2019-07-26,81.63407897949219
2019-07-29,81.97100067138672
2019-07-30,81.61637878417969
2019-07-31,80.80952453613281
2019-08-01,80.9158935546875
2019-08-02,80.72970581054688
2019-08-05,78.83231353759766
2019-08-06,79.85194396972656
2019-08-07,79.8785400390625
2019-08-08,80.94251251220703
2019-08-09,81.04004669189453
2019-08-12,80.25091552734375
2019-08-13,81.29716491699219
2019-08-14,79.03620910644531
2019-08-15,79.31106567382812
2019-08-16,80.28636932373047
2019-08-19,81.0577621459961
2019-08-20,80.36618041992188
2019-08-21,80.96023559570312
2019-08-22,80.56123352050781
2019-08-23,78.69927215576172
2019-08-26,79.52385711669922
2019-08-27,79.05393981933594
2019-08-28,79.63026428222656
2019-08-29,80.23320007324219
2019-08-30,80.3307113647461
2019-09-03,79.86080932617188
2019-09-04,79.91398620605469
2019-09-05,80.70310974121094
2019-09-06,80.92475128173828
2019-09-09,80.17998504638672
2019-09-10,80.41050720214844
2019-09-11,81.20849609375
2019-09-12,81.18191528320312
2019-09-13,81.1375503540039
2019-09-16,80.96023559570312
2019-09-17,81.08435821533203
2019-09-18,81.07551574707031
2019-09-19,81.4567642211914
2019-09-20,81.91084289550781
2019-09-23,81.47455596923828
2019-09-24,80.72669219970703
2019-09-25,80.33494567871094
2019-09-26,79.8897705078125
2019-09-27,79.53365325927734
2019-09-30,80.24589538574219
2019-10-01,79.46240997314453
2019-10-02,78.30497741699219
2019-10-03,79.00833129882812
2019-10-04,80.24589538574219
2019-10-07,79.97880554199219
2019-10-08,78.45634460449219
2019-10-09,79.02613830566406
2019-10-10,79.41789245605469
2019-10-11,80.07673645019531
2019-10-14,80.0411148071289
2019-10-15,81.50129699707031
2019-10-16,81.39444732666016
2019-10-17,81.99988555908203
2019-10-18,81.69715118408203
2019-10-21,81.60810852050781
2019-10-22,81.78619384765625
2019-10-23,82.2936782836914
2019-10-24,81.87523651123047
2019-10-25,81.9642562866211
2019-10-28,82.81005859375
2019-10-29,83.98530578613281
2019-10-30,84.45719909667969
2019-10-31,84.35926055908203
2019-11-01,84.46610260009766
2019-11-04,84.20790100097656
2019-11-05,83.61138153076172
2019-11-06,83.89629364013672
2019-11-07,84.08325958251953
2019-11-08,84.69758605957031
2019-11-11,84.350341796875
2019-11-12,84.85782623291016
2019-11-13,84.95581817626953
2019-11-14,84.9646987915039
2019-11-15,86.7720718383789
2019-11-18,86.47826385498047
2019-11-19,87.06587982177734
2019-11-20,86.95014953613281
2019-11-21,87.17272186279297
2019-11-22,87.48433685302734
2019-11-25,88.50821685791016
2019-11-26,88.43700408935547
2019-11-27,88.89106750488281
2019-11-29,88.57943725585938
2019-12-02,88.18770599365234
2019-12-03,87.99182891845703
2019-12-04,88.81092071533203
2019-12-05,88.81092071533203
2019-12-06,89.3985595703125
2019-12-09,88.77531433105469
2019-12-10,88.97119140625
2019-12-11,89.05130767822266
2019-12-12,89.87934112548828
2019-12-13,89.8170166015625
2019-12-16,90.7874755859375
2019-12-17,90.68953704833984
2019-12-18,90.81420135498047
2019-12-19,91.17033386230469
2019-12-20,91.81581115722656
2019-12-23,92.18234252929688
2019-12-24,92.06613159179688
2019-12-26,92.00355529785156
2019-12-27,92.03036499023438
2019-12-30,91.47789001464844
2019-12-31,91.6578369140625
2020-01-02,91.90080261230469
2020-01-03,91.09992980957031
2020-01-06,91.66683959960938
2020-01-07,91.48685455322266
2020-01-08,92.08076477050781
2020-01-09,92.47669219970703
2020-01-10,92.50369262695312
2020-01-13,92.17976379394531
2020-01-14,92.7376480102539
2020-01-15,93.53851318359375
2020-01-16,94.02442169189453
2020-01-17,94.02442169189453
2020-01-21,94.1233901977539
2020-01-22,94.24036407470703
2020-01-23,93.76344299316406
2020-01-24,92.1977310180664
2020-01-27,91.49586486816406
2020-01-28,91.9457778930664
2020-01-29,91.69383239746094
2020-01-30,91.02796936035156
2020-01-31,89.21025085449219
2020-02-03,90.02013397216797
2020-02-04,91.60384368896484
2020-02-05,93.3675308227539
2020-02-06,93.44852447509766
2020-02-07,92.7196273803711
2020-02-10,93.21455383300781
2020-02-11,93.7724380493164
2020-02-12,93.88944244384766
2020-02-13,93.44852447509766
2020-02-14,93.52051544189453
2020-02-18,93.18756103515625
2020-02-19,93.6194839477539
2020-02-20,93.01659393310547
2020-02-21,93.0705795288086
2020-02-24,90.1371078491211
2020-02-25,87.40157318115234
2020-02-26,87.392578125
2020-02-27,84.4231185913086
2020-02-28,83.33429718017578
2020-03-02,87.2396011352539
2020-03-03,85.07099914550781
2020-03-04,89.97511291503906
2020-03-05,87.88749694824219
2020-03-06,87.41958618164062
2020-03-09,82.87538146972656
2020-03-10,85.7188720703125
2020-03-11,82.4434585571289
2020-03-12,76.28855895996094
2020-03-13,81.57962036132812
2020-03-16,73.53504180908203
2020-03-17,78.15121459960938
2020-03-18,75.55966186523438
2020-03-19,74.01194763183594
2020-03-20,71.16845703125
2020-03-23,67.4720458984375
2020-03-24,72.67125701904297
2020-03-25,73.63874816894531
2020-03-26,78.53050231933594
2020-03-27,76.84868621826172
2020-03-30,80.44744110107422
2020-03-31,80.09478759765625
2020-04-01,77.04761505126953
2020-04-02,79.18152618408203
2020-04-03,78.46721649169922
2020-04-06,82.58135986328125
2020-04-07,81.90320587158203
2020-04-08,85.27588653564453
2020-04-09,85.74610137939453
2020-04-13,84.99559783935547
2020-04-14,87.81674194335938
2020-04-15,87.36463928222656
2020-04-16,89.27252197265625
2020-04-17,91.12615203857422
2020-04-20,90.40277099609375
2020-04-21,87.65397644042969
2020-04-22,88.99220275878906
2020-04-23,89.48048400878906
2020-04-24,90.6830825805664
2020-04-27,91.84949493408203
2020-04-28,89.99588012695312
2020-04-29,90.59266662597656
2020-04-30,90.17672729492188
2020-05-01,88.45873260498047
2020-05-04,88.41351318359375
2020-05-05,90.3304443359375
2020-05-06,89.43527221679688
2020-05-07,89.42623138427734
2020-05-08,89.88737487792969
2020-05-11,91.43356323242188
2020-05-12,90.04110717773438
2020-05-13,89.0645523071289
2020-05-14,90.04110717773438
2020-05-15,90.80061340332031
2020-05-18,91.55113220214844
2020-05-19,90.4479751586914
2020-05-20,90.55648803710938
2020-05-21,89.88737487792969
2020-05-22,90.07725524902344
2020-05-26,89.91449737548828
2020-05-27,90.84583282470703
2020-05-28,92.03033447265625
2020-05-29,93.14253234863281
2020-06-01,92.22023010253906
2020-06-02,92.75371551513672
2020-06-03,92.5728530883789
2020-06-04,91.8404541015625
2020-06-05,93.32337188720703
2020-06-08,93.96536254882812
2020-06-09,92.9887924194336
2020-06-10,92.84413146972656
2020-06-11,87.68109130859375
2020-06-12,88.25076293945312
2020-06-15,88.44966888427734
2020-06-16,90.6288070678711
2020-06-17,90.53840637207031
2020-06-18,90.23096466064453
2020-06-19,91.09902954101562
2020-06-22,90.74942779541016
2020-06-23,91.13988494873047
2020-06-24,88.76080322265625
2020-06-25,89.63253784179688
2020-06-26,88.54287719726562
2020-06-29,89.3419418334961
2020-06-30,90.86746978759766
2020-07-01,91.56663513183594
2020-07-02,92.25674438476562
2020-07-06,93.1920394897461
2020-07-07,92.38388061523438
2020-07-08,92.3929672241211
2020-07-09,91.6665267944336
2020-07-10,91.44861602783203
2020-07-13,91.9661865234375
2020-07-14,93.7913589477539
2020-07-15,95.00811004638672
2020-07-16,94.85375213623047
2020-07-17,96.15225219726562
2020-07-20,96.13408660888672
2020-07-21,96.07051086425781
2020-07-22,96.93316650390625
2020-07-23,96.49728393554688
2020-07-24,95.43490600585938
2020-07-27,96.15225219726562
2020-07-28,96.04327392578125
2020-07-29,97.05120849609375
2020-07-30,96.3792495727539
2020-07-31,95.82535552978516
2020-08-03,96.81513977050781
2020-08-04,96.38833618164062
2020-08-05,96.83328247070312
2020-08-06,96.3156967163086
2020-08-07,96.62442016601562
2020-08-10,96.29752349853516
2020-08-11,95.68914794921875
2020-08-12,97.29637908935547
2020-08-13,97.16925048828125
2020-08-14,96.97856140136719
2020-08-17,97.55062103271484
2020-08-18,97.52338409423828
2020-08-19,97.20558166503906
2020-08-20,96.8968276977539
2020-08-21,96.99671936035156
2020-08-24,96.5517807006836
2020-08-25,97.20558166503906
2020-08-26,97.08750915527344
2020-08-27,97.85027313232422
2020-08-28,98.06820678710938
2020-08-31,98.30429077148438
2020-09-01,97.42351531982422
2020-09-02,99.37578582763672
2020-09-03,96.66983032226562
2020-09-04,95.97972869873047
2020-09-08,94.39972686767578
2020-09-09,96.07051086425781
2020-09-10,94.59950256347656
2020-09-11,94.97178649902344
2020-09-14,96.33386993408203
2020-09-15,96.46099090576172
2020-09-16,96.29752349853516
2020-09-17,95.97972869873047
2020-09-18,95.83443450927734
2020-09-21,94.06401062011719
2020-09-22,93.86344909667969
2020-09-23,92.8970947265625
2020-09-24,92.4321517944336
2020-09-25,93.91814422607422
2020-09-28,94.76597595214844
2020-09-29,94.6474609375
2020-09-30,96.16080474853516
2020-10-01,95.8326187133789
2020-10-02,94.95742797851562
2020-10-05,96.90837097167969
2020-10-06,95.6229248046875
2020-10-07,97.42799377441406
2020-10-08,97.90205383300781
2020-10-09,98.78634643554688
2020-10-12,99.46097564697266
2020-10-13,98.70430755615234
2020-10-14,98.12995910644531
2020-10-15,97.41886901855469
2020-10-16,98.3852310180664
2020-10-19,96.82630157470703
2020-10-20,96.95394134521484
2020-10-21,96.47077941894531
2020-10-22,97.92940521240234
2020-10-23,98.29407501220703
2020-10-26,97.20010375976562
2020-10-27,96.53459930419922
2020-10-28,93.47142791748047
2020-10-29,92.70565795898438
2020-10-30,92.67829895019531
2020-11-02,94.34661102294922
2020-11-03,95.72321319580078
2020-11-04,99.97149658203125
2020-11-05,100.17207336425781
2020-11-06,100.20854187011719
2020-11-09,101.1475601196289
2020-11-10,101.43925476074219
2020-11-11,101.3116226196289
2020-11-12,100.93785095214844
2020-11-13,102.21415710449219
2020-11-16,102.04094696044922
2020-11-17,101.37540435791016
2020-11-18,99.48832702636719
2020-11-19,99.41539001464844
2020-11-20,99.18746948242188
2020-11-23,98.93223571777344
2020-11-24,99.22393035888672
2020-11-25,98.85929107666016
2020-11-27,99.77095031738281
2020-11-30,100.04444885253906
2020-12-01,100.88313293457031
2020-12-02,101.63982391357422
2020-12-03,101.51217651367188
2020-12-04,102.59706115722656
2020-12-07,101.96800994873047
2020-12-08,102.742919921875
2020-12-09,102.38737487792969
2020-12-10,102.21415710449219
2020-12-11,101.81302642822266
2020-12-14,101.0472412109375
2020-12-15,102.14120483398438
2020-12-16,101.84038543701172
2020-12-17,102.93436431884766
2020-12-18,103.01641082763672
2020-12-21,101.98566436767578
2020-12-22,101.6744155883789
2020-12-23,101.7476577758789
2020-12-24,102.04058074951172
2020-12-28,102.29690551757812
2020-12-29,102.78209686279297
2020-12-30,102.7637710571289
2020-12-31,103.84396362304688
2021-01-04,103.39539337158203
2021-01-05,104.1460189819336
2021-01-06,105.57406616210938
2021-01-07,106.94718933105469
2021-01-08,107.45980072021484
2021-01-11,107.96329498291016
2021-01-12,106.79156494140625
2021-01-13,107.08448028564453
2021-01-14,106.74580383300781
2021-01-15,107.07533264160156
2021-01-19,107.88088989257812
2021-01-20,108.47592163085938
2021-01-21,107.96329498291016
2021-01-22,107.64286804199219
2021-01-25,108.34776306152344
2021-01-26,107.94497680664062
2021-01-27,104.66778564453125
2021-01-28,106.19654846191406
2021-01-29,105.2994384765625
2021-02-01,105.70223236083984
2021-02-02,106.00431823730469
2021-02-03,105.25367736816406
2021-02-04,105.69306945800781
2021-02-05,105.88530731201172
2021-02-08,106.01345825195312
2021-02-09,106.1690673828125
2021-02-10,106.361328125
2021-02-11,106.5627212524414
2021-02-12,107.35911560058594
2021-02-16,106.29723358154297
2021-02-17,106.68170928955078
2021-02-18,106.01345825195312
2021-02-19,104.7319107055664
2021-02-22,104.48472595214844
2021-02-23,104.31080627441406
2021-02-24,105.03398132324219
2021-02-25,103.98125457763672
2021-02-26,103.08415222167969
2021-03-01,104.42981719970703
2021-03-02,104.12772369384766
2021-03-03,102.80953979492188
2021-03-04,101.42724609375
2021-03-05,103.45946502685547
2021-03-08,103.20314025878906
2021-03-09,103.80732727050781
2021-03-10,104.04533386230469
2021-03-11,104.67696380615234
2021-03-12,104.90583038330078
2021-03-15,105.62899017333984
2021-03-16,105.5649185180664
2021-03-17,105.18042755126953
2021-03-18,104.96073913574219
2021-03-19,105.3360595703125
2021-03-22,106.2528076171875
2021-03-23,105.17808532714844
2021-03-24,105.05864715576172
2021-03-25,105.49957275390625
2021-03-26,107.4928970336914
2021-03-29,107.99813842773438
2021-03-30,107.02440643310547
2021-03-31,107.23568725585938
2021-04-01,106.91419982910156
2021-04-05,107.65825653076172
2021-04-06,107.24488067626953
2021-04-07,107.00603485107422
2021-04-08,107.17138671875
2021-04-09,108.34718322753906
2021-04-12,108.45742797851562
2021-04-13,108.90751647949219
2021-04-14,108.89833068847656
2021-04-15,110.7630615234375
2021-04-16,111.58979797363281
2021-04-19,111.61735534667969
2021-04-20,112.04908752441406
2021-04-21,113.371826171875
2021-04-22,112.86663055419922
2021-04-23,113.61067962646484
2021-04-26,113.22486877441406
2021-04-27,112.57268524169922
2021-04-28,112.23278045654297
2021-04-29,111.78269958496094
2021-04-30,111.45199584960938
2021-05-03,112.71965026855469
2021-05-04,112.83904266357422
2021-05-05,113.04114532470703
2021-05-06,113.18812561035156
2021-05-07,113.96891784667969
2021-05-10,114.11589050292969
2021-05-11,112.88499450683594
2021-05-12,111.8194580078125
2021-05-13,112.82988739013672
2021-05-14,113.3993911743164
2021-05-17,113.18812561035156
2021-05-18,113.22486877441406
2021-05-19,113.0319595336914
2021-05-20,114.21694946289062
2021-05-21,114.23532104492188
2021-05-24,114.34556579589844
2021-05-25,114.00567626953125
2021-05-26,113.34428405761719
2021-05-27,113.09626770019531
2021-05-28,113.53717041015625
2021-06-01,111.67247009277344
2021-06-02,111.45199584960938
2021-06-03,111.79187774658203
2021-06-04,112.15013122558594
2021-06-07,112.5543212890625
2021-06-08,112.20523834228516
2021-06-09,113.28916931152344
2021-06-10,115.22740936279297
2021-06-11,114.40984344482422
2021-06-14,114.51090240478516
2021-06-15,114.54763793945312
2021-06-16,114.10671997070312
2021-06-17,114.9793701171875
2021-06-18,113.66577911376953
2021-06-21,115.03150939941406
2021-06-22,115.280517578125
2021-06-23,114.80097961425781
2021-06-24,115.39117431640625
2021-06-25,115.91680145263672
2021-06-28,116.0920181274414
2021-06-29,116.22112274169922
2021-06-30,116.14735412597656
2021-07-01,117.18018341064453
2021-07-02,118.30522155761719
2021-07-06,118.19456481933594
2021-07-07,118.94153594970703
2021-07-08,118.28679656982422
2021-07-09,118.69254302978516
2021-07-12,118.923095703125
2021-07-13,118.81241607666016
2021-07-14,118.7017593383789
2021-07-15,118.28679656982422
2021-07-16,118.60955047607422
2021-07-19,117.36459350585938
2021-07-20,118.79398345947266
2021-07-21,118.98764038085938
2021-07-22,119.86368560791016
2021-07-23,121.24695587158203
2021-07-26,120.4631118774414
2021-07-27,121.02562713623047
2021-07-28,121.45905303955078
2021-07-29,121.75414276123047
2021-07-30,121.86479949951172
2021-08-02,122.03081512451172
2021-08-03,123.72759246826172
2021-08-04,123.20197296142578
2021-08-05,122.69475555419922
2021-08-06,122.59332275390625
2021-08-09,123.06362915039062
2021-08-10,122.77774810791016
2021-08-11,121.56050872802734
2021-08-12,122.51956939697266
2021-08-13,123.28495025634766
2021-08-16,124.68663787841797
2021-08-17,126.16211700439453
2021-08-18,124.24400329589844
2021-08-19,124.8065414428711
2021-08-20,125.5165786743164
2021-08-23,125.56269836425781
2021-08-24,125.12007904052734
2021-08-25,124.77886199951172
2021-08-26,124.29011535644531
2021-08-27,124.15180206298828
2021-08-30,124.8526382446289
2021-08-31,124.68663787841797
2021-09-01,124.7235336303711
2021-09-02,126.0606918334961
2021-09-03,126.19898223876953
2021-09-07,125.46128845214844
2021-09-08,125.40593719482422
2021-09-09,123.95812225341797
2021-09-10,122.82389068603516
2021-09-13,122.06768798828125
2021-09-14,122.04924774169922
2021-09-15,122.84233093261719
2021-09-16,122.52875518798828
2021-09-17,122.6486587524414
2021-09-20,121.3687744140625
2021-09-21,121.55389404296875
2021-09-22,121.75748443603516
2021-09-23,122.63660430908203
2021-09-24,122.13688659667969
2021-09-27,120.39713287353516
2021-09-28,118.33342742919922
2021-09-29,119.26808166503906
2021-09-30,117.80592346191406
2021-10-01,117.83369445800781
2021-10-04,116.03838348388672
2021-10-05,116.7324447631836
2021-10-06,116.51960754394531
2021-10-07,118.06503295898438
2021-10-08,117.47279357910156
2021-10-11,116.5566177368164
2021-10-12,115.99211120605469
2021-10-13,116.17718505859375
2021-10-14,117.84294891357422
2021-10-15,118.42595672607422
2021-10-18,117.62083435058594
2021-10-19,119.16629028320312
2021-10-20,120.86905670166016
2021-10-21,121.35954284667969
2021-10-22,121.8499984741211
2021-10-25,121.9980697631836
2021-10-26,122.59960174560547
2021-10-27,121.62792205810547
2021-10-28,122.64585876464844
2021-10-29,123.83967590332031
2021-11-01,123.69160461425781
2021-11-02,124.46896362304688
2021-11-03,125.20002746582031
2021-11-04,124.33939361572266
2021-11-05,122.9512939453125
2021-11-08,123.68232727050781
2021-11-09,123.2288818359375
2021-11-10,123.58055114746094
2021-11-11,123.21966552734375
2021-11-12,123.83041381835938
2021-11-15,123.06230926513672
2021-11-16,123.58055114746094
2021-11-17,123.7563705444336
2021-11-18,123.80261993408203
2021-11-19,123.05304718017578
2021-11-22,122.4978256225586
2021-11-23,122.62737274169922
2021-11-24,122.58108520507812
2021-11-26,122.12764739990234
2021-11-29,122.46080017089844
2021-11-30,120.05469512939453
2021-12-01,119.84185791015625
2021-12-02,120.42486572265625
2021-12-03,120.64695739746094
2021-12-06,121.33177185058594
2021-12-07,122.89573669433594
2021-12-08,123.8211669921875
2021-12-09,124.1080551147461
2021-12-10,124.54299926757812
2021-12-13,125.71827697753906
2021-12-14,125.20929718017578
2021-12-15,127.77272033691406
2021-12-16,128.5315399169922
2021-12-17,127.63390350341797
2021-12-20,126.86099243164062
2021-12-21,127.3905029296875
2021-12-22,128.87684631347656
2021-12-23,129.4063720703125
2021-12-27,130.77198791503906
2021-12-28,130.42822265625
2021-12-29,131.1714324951172
2021-12-30,131.4408416748047
2021-12-31,130.88343811035156
2022-01-03,129.53643798828125
2022-01-04,127.8271255493164
2022-01-05,126.91671752929688
2022-01-06,125.44891357421875
2022-01-07,124.80794525146484
2022-01-10,126.0899429321289
2022-01-11,127.09319305419922
2022-01-12,126.73091125488281
2022-01-13,124.7614974975586
2022-01-14,124.5478286743164
2022-01-18,122.80134582519531
2022-01-19,122.29971313476562
2022-01-20,121.50079345703125
2022-01-21,120.2745132446289
2022-01-24,119.87507629394531
2022-01-25,119.10404205322266
2022-01-26,118.48159790039062
2022-01-27,118.78816986083984
2022-01-28,121.2127914428711
2022-01-31,121.90953063964844
2022-02-01,122.23468780517578
2022-02-02,123.87895202636719
2022-02-03,123.34944152832031
2022-02-04,122.90354919433594
2022-02-07,122.68985748291016
2022-02-08,123.69316101074219
2022-02-09,124.65001678466797
2022-02-10,122.69915771484375
2022-02-11,120.99916076660156
2022-02-14,119.76359558105469
2022-02-15,121.11061096191406
2022-02-16,121.29639434814453
2022-02-17,119.34557342529297
2022-02-18,118.4537353515625
2022-02-22,118.15648651123047
2022-02-23,117.56193542480469
2022-02-24,118.03569793701172
2022-02-25,121.64942169189453
2022-02-28,120.7297592163086
2022-03-01,120.06086730957031
2022-03-02,121.87236022949219
2022-03-03,122.49478149414062
2022-03-04,123.10794830322266
2022-03-07,120.9620132446289
2022-03-08,118.49089813232422
2022-03-09,120.7297592163086
2022-03-10,120.68328857421875
2022-03-11,119.78218078613281
2022-03-14,120.6275634765625
2022-03-15,123.03358459472656
2022-03-16,124.51065063476562
2022-03-17,126.48009490966797
2022-03-18,127.26045227050781
2022-03-21,127.16352081298828
2022-03-22,127.19145965576172
2022-03-23,124.90838623046875
2022-03-24,126.39937591552734
2022-03-25,126.98648071289062
2022-03-28,127.90900421142578
2022-03-29,128.66384887695312
2022-03-30,128.9154510498047
2022-03-31,127.65742492675781
2022-04-01,128.66384887695312
2022-04-04,127.59217071533203
2022-04-05,127.86239624023438
2022-04-06,129.81002807617188
2022-04-07,132.3074493408203
2022-04-08,133.0995635986328
2022-04-11,130.45303344726562
2022-04-12,129.18569946289062
2022-04-13,129.8193817138672
2022-04-14,129.19497680664062
2022-04-18,127.76922607421875
2022-04-19,128.99000549316406
2022-04-20,130.72329711914062
2022-04-21,129.27886962890625
2022-04-22,124.56358337402344
2022-04-25,125.40227508544922
2022-04-26,123.1937255859375
2022-04-27,122.9234848022461
2022-04-28,124.6195068359375
2022-04-29,121.41385650634766
2022-05-02,120.6590347290039
2022-05-03,121.0411148071289
2022-05-04,123.72492218017578
2022-05-05,121.32069396972656
2022-05-06,120.93860626220703
2022-05-09,117.80750274658203
2022-05-10,118.22683715820312
2022-05-11,117.4440689086914
2022-05-12,118.5809555053711
2022-05-13,119.83898162841797
2022-05-16,120.72425842285156
2022-05-17,122.38301086425781
2022-05-18,119.22394561767578
2022-05-19,119.48487854003906
2022-05-20,120.93860626220703
2022-05-23,122.00093078613281
2022-05-24,122.36437225341797
2022-05-25,122.32711791992188
2022-05-26,122.84893798828125
2022-05-27,124.88973999023438
2022-05-31,123.22168731689453
2022-06-01,121.45114135742188
2022-06-02,122.41095733642578
2022-06-03,120.97588348388672
2022-06-06,120.9945068359375
2022-06-07,122.56937408447266
2022-06-08,121.6002426147461
2022-06-09,118.8511962890625
2022-06-10,116.94086456298828
2022-06-13,113.39974975585938
2022-06-14,112.31876373291016
2022-06-15,113.45565032958984
2022-06-16,111.78759002685547
2022-06-17,111.72236633300781
2022-06-21,114.73004913330078
2022-06-22,116.3209228515625
2022-06-23,118.93183135986328
2022-06-24,120.90637969970703
2022-06-27,121.3555679321289
2022-06-28,119.24065399169922
2022-06-29,120.27938842773438
2022-06-30,120.00801849365234
2022-07-01,121.3555679321289
2022-07-05,120.6537094116211
2022-07-06,121.4678726196289
2022-07-07,121.98258209228516
2022-07-08,122.34751892089844
2022-07-11,122.03871154785156
2022-07-12,120.48526000976562
2022-07-13,119.31550598144531
2022-07-14,118.9692611694336
2022-07-15,121.8421859741211
2022-07-18,119.26872253417969
2022-07-19,121.29942321777344
2022-07-20,120.1015853881836
2022-07-21,122.00125885009766
2022-07-22,121.49595642089844
2022-07-25,122.13228607177734
2022-07-26,122.75927734375
2022-07-27,123.52664947509766
2022-07-28,124.31273651123047
2022-07-29,123.90098571777344
2022-08-01,122.9838638305664
2022-08-02,122.5440444946289
2022-08-03,123.6669921875
2022-08-04,123.05876159667969
2022-08-05,123.01193237304688
2022-08-08,123.30206298828125
2022-08-09,122.92772674560547
2022-08-10,124.26592254638672
2022-08-11,123.46113586425781
2022-08-12,125.04263305664062
2022-08-15,125.66963958740234
2022-08-16,125.33274841308594
2022-08-17,124.60282897949219
2022-08-18,124.05068969726562
2022-08-19,124.38760375976562
2022-08-22,122.75927734375
2022-08-23,121.04676818847656
2022-08-24,121.19649505615234
2022-08-25,122.53466796875
2022-08-26,119.11901092529297
2022-08-29,118.28614044189453
2022-08-30,117.50003814697266
2022-08-31,116.75140380859375
2022-09-01,118.6697998046875
2022-09-02,116.96664428710938
2022-09-06,117.07893371582031
2022-09-07,118.98799133300781
2022-09-08,121.05611419677734
2022-09-09,122.1229476928711
2022-09-12,122.93708801269531
2022-09-13,118.87567901611328
2022-09-14,118.9411849975586
2022-09-15,119.60560607910156
2022-09-16,119.26872253417969
2022-09-19,118.62609100341797
2022-09-20,117.2355728149414
2022-09-21,115.29072570800781
2022-09-22,115.90141296386719
2022-09-23,115.30951690673828
2022-09-26,114.21025848388672
2022-09-27,113.86263275146484
2022-09-28,116.35238647460938
2022-09-29,115.37528228759766
2022-09-30,113.78746795654297
2022-10-03,116.12690734863281
2022-10-04,118.82337951660156
2022-10-05,119.21797180175781
2022-10-06,117.69593811035156
2022-10-07,115.20616912841797
2022-10-10,114.48272705078125
2022-10-11,115.09341430664062
2022-10-12,114.52971649169922
2022-10-13,117.19798278808594
2022-10-14,116.40876770019531
2022-10-17,118.27845001220703
2022-10-18,118.93612670898438
2022-10-19,117.27313232421875
2022-10-20,116.27722930908203
2022-10-21,118.88916015625
2022-10-24,121.18162536621094
2022-10-25,122.1023941040039
2022-10-26,123.45528411865234
2022-10-27,122.80703735351562
2022-10-28,124.82704162597656
2022-10-31,124.72367095947266
2022-11-01,124.7988510131836
2022-11-02,122.67550659179688
2022-11-03,122.15876007080078
2022-11-04,122.90096282958984
2022-11-07,124.21633911132812
2022-11-08,124.83642578125
2022-11-09,123.49290466308594
2022-11-10,126.63095092773438
2022-11-11,125.08074188232422
2022-11-14,125.1934585571289
2022-11-15,125.03373718261719
2022-11-16,124.97735595703125
2022-11-17,124.9209976196289
2022-11-18,126.43366241455078
2022-11-21,126.49002838134766
2022-11-22,127.5892562866211
2022-11-23,128.09661865234375
2022-11-25,128.85768127441406
2022-11-28,127.88990020751953
2022-11-29,127.57047271728516
2022-11-30,130.6145782470703
2022-12-01,130.9904022216797
2022-12-02,131.32864379882812
2022-12-05,130.0696563720703
2022-12-06,129.08314514160156
2022-12-07,130.14480590820312
2022-12-08,131.3192596435547
2022-12-09,129.63748168945312
2022-12-12,131.0186004638672
2022-12-13,131.42257690429688
2022-12-14,131.6292724609375
2022-12-15,129.21466064453125
2022-12-16,127.33557891845703
2022-12-19,126.86013793945312
2022-12-20,126.83179473876953
2022-12-21,128.50167846679688
2022-12-22,128.3223876953125
2022-12-23,128.39788818359375
2022-12-27,128.0677032470703
2022-12-28,127.23748016357422
2022-12-29,128.62428283691406
2022-12-30,128.1620330810547
2023-01-03,127.79407501220703
2023-01-04,128.13375854492188
2023-01-05,126.8223876953125
2023-01-06,127.99221801757812
2023-01-09,125.85067749023438
2023-01-10,126.90731048583984
2023-01-11,127.62425231933594
2023-01-12,127.21863555908203
2023-01-13,127.78468322753906
2023-01-17,127.1903305053711
2023-01-18,125.3978500366211
2023-01-19,125.69975280761719
2023-01-20,126.33177947998047
2023-01-23,126.76578521728516
2023-01-24,125.92615509033203
2023-01-25,125.96389770507812
2023-01-26,126.19972229003906
2023-01-27,125.34123992919922
2023-01-30,124.20915985107422
2023-01-31,125.81292724609375
2023-02-01,126.40727996826172
2023-02-02,125.54878997802734
2023-02-03,125.18085479736328
2023-02-06,124.48273468017578
2023-02-07,125.28463745117188
2023-02-08,124.91667938232422
2023-02-09,123.82234191894531
2023-02-10,124.99217224121094
2023-02-13,126.02992248535156
2023-02-14,125.28463745117188
2023-02-15,124.66197967529297
2023-02-16,123.41667175292969
2023-02-17,124.52045440673828
2023-02-21,122.90723419189453
2023-02-22,122.49211883544922
2023-02-23,122.82232666015625
2023-02-24,121.23741149902344
2023-02-27,120.86946868896484
2023-02-28,119.97323608398438
2023-03-01,119.77513122558594
2023-03-02,120.51097869873047
2023-03-03,121.86004638671875
2023-03-06,121.80343627929688
2023-03-07,119.84115600585938
2023-03-08,119.19964599609375
2023-03-09,117.99207305908203
2023-03-10,117.12415313720703
2023-03-13,118.21849822998047
2023-03-14,119.27513122558594
2023-03-15,119.17133331298828
2023-03-16,120.28456115722656
2023-03-17,118.73736572265625
2023-03-20,120.2423095703125
2023-03-21,120.97156524658203
2023-03-22,119.1436767578125
2023-03-23,118.9163589477539
2023-03-24,120.56432342529297
2023-03-27,121.0567855834961
2023-03-28,120.32754516601562
2023-03-29,120.65901184082031
2023-03-30,121.31249237060547
2023-03-31,122.61001586914062
2023-04-03,123.9832992553711
2023-04-04,124.00223541259766
2023-04-05,126.14266204833984
2023-04-06,126.45520782470703
2023-04-10,126.36995697021484
2023-04-11,126.79613494873047
2023-04-12,126.83403015136719
2023-04-13,128.48196411132812
2023-04-14,127.44963836669922
2023-04-17,127.34545135498047
2023-04-18,126.47411346435547
2023-04-19,126.86244201660156
2023-04-20,126.3415298461914
2023-04-21,127.19392395019531
2023-04-24,127.90421295166016
2023-04-25,126.54044342041016
2023-04-26,124.7409896850586
2023-04-27,125.3944320678711
2023-04-28,126.46466827392578
2023-05-01,127.1181411743164
2023-05-02,126.56883239746094
2023-05-03,126.39837646484375
2023-05-04,125.3944320678711
2023-05-05,126.521484375
2023-05-08,126.24683380126953
2023-05-09,125.4039306640625
2023-05-10,125.75431823730469
2023-05-11,125.36602020263672
2023-05-12,125.19559478759766
2023-05-15,124.97775268554688
2023-05-16,123.9359359741211
2023-05-17,124.08747100830078
2023-05-18,123.78438568115234
2023-05-19,124.36212158203125
2023-05-22,124.48523712158203
2023-05-23,123.12144470214844
2023-05-24,122.27852630615234
2023-05-25,121.02836608886719
2023-05-26,120.78214263916016
2023-05-30,120.03394317626953
2023-05-31,121.06629180908203
2023-06-01,121.86182403564453
2023-06-02,123.42451477050781
2023-06-05,123.86964416503906
2023-06-06,122.83729553222656
2023-06-07,122.35429382324219
2023-06-08,123.140380859375
2023-06-09,123.51922607421875
2023-06-12,123.96436309814453
2023-06-13,124.58941650390625
2023-06-14,123.31086730957031
2023-06-15,125.22396087646484
2023-06-16,125.21452331542969
2023-06-20,125.07376098632812
2023-06-21,125.0927734375
2023-06-22,125.94866943359375
2023-06-23,125.53023529052734
2023-06-26,124.8169937133789
2023-06-27,124.5317153930664
2023-06-28,124.13227844238281
2023-06-29,124.94062805175781
2023-06-30,126.22447204589844
2023-07-03,125.1878890991211
2023-07-05,125.121337890625
2023-07-06,124.12276458740234
2023-07-07,122.67727661132812
2023-07-10,123.64727783203125
2023-07-11,123.67581176757812
2023-07-12,123.34295654296875
2023-07-13,123.3905258178711
2023-07-14,125.24494171142578
2023-07-17,124.67436218261719
2023-07-18,125.59683227539062
2023-07-19,126.1769027709961
2023-07-20,128.2690887451172
2023-07-21,129.5624237060547
2023-07-24,129.27713012695312
2023-07-25,129.22007751464844
2023-07-26,129.13446044921875
2023-07-27,128.1834716796875
2023-07-28,128.56387329101562
2023-07-31,127.57485961914062
2023-08-01,126.90917205810547
2023-08-02,126.99473571777344
2023-08-03,126.35758209228516
2023-08-04,125.91059875488281
2023-08-07,127.36563110351562
2023-08-08,128.3451690673828
2023-08-09,128.30712890625
2023-08-10,128.22154235839844
2023-08-11,129.02035522460938
2023-08-14,129.4102325439453
2023-08-15,128.9347686767578
2023-08-16,127.95524597167969
2023-08-17,126.93769073486328
2023-08-18,126.9852523803711
2023-08-21,127.11836242675781
2023-08-22,126.6714096069336
2023-08-23,127.05181884765625
2023-08-24,125.94866943359375
2023-08-25,126.87114715576172
2023-08-28,127.16593933105469
2023-08-29,128.30712890625
2023-08-30,128.21202087402344
2023-08-31,126.68095397949219
2023-09-01,127.0233154296875
2023-09-05,125.71095275878906
2023-09-06,125.02622985839844
2023-09-07,125.58729553222656
2023-09-08,125.58729553222656
2023-09-11,126.45269775390625
2023-09-12,126.29102325439453
2023-09-13,126.31005096435547
2023-09-14,126.7094955444336
2023-09-15,125.71095275878906
2023-09-18,125.51995849609375
2023-09-19,125.62498474121094
2023-09-20,125.63455200195312
2023-09-21,124.53641510009766
2023-09-22,124.27857971191406
2023-09-25,124.95655822753906
2023-09-26,123.89664459228516
2023-09-27,123.27595520019531
2023-09-28,123.86798858642578
2023-09-29,122.93221282958984
2023-10-02,122.76031494140625
2023-10-03,121.67173767089844
2023-10-04,122.1873779296875
2023-10-05,122.85579681396484
2023-10-06,124.14490509033203
2023-10-09,124.57459259033203
2023-10-10,125.16664123535156
2023-10-11,124.61280059814453
2023-10-12,123.54332733154297
2023-10-13,124.31680297851562
2023-10-16,125.25257110595703
2023-10-17,125.0806884765625
2023-10-18,123.99213409423828
2023-10-19,122.76985931396484
2023-10-20,122.28286743164062
2023-10-23,121.51896667480469
2023-10-24,121.89136505126953
2023-10-25,120.80279541015625
2023-10-26,119.60919952392578
2023-10-27,117.58483123779297
2023-10-30,118.24370574951172
2023-10-31,118.92167663574219
2023-11-01,119.1699447631836
2023-11-02,121.06060791015625
2023-11-03,121.66220092773438
2023-11-06,122.47383880615234
2023-11-07,122.5597915649414
2023-11-08,122.38790893554688
2023-11-09,119.85745239257812
2023-11-10,120.5736312866211
2023-11-13,121.27069854736328
2023-11-14,122.09191131591797
2023-11-15,122.1873779296875
2023-11-16,122.71256256103516
2023-11-17,122.46430206298828
2023-11-20,123.20912170410156
2023-11-21,123.95391845703125
2023-11-22,124.54595947265625
2023-11-24,125.21440124511719
2023-11-27,124.43135833740234
2023-11-28,123.79159545898438
2023-11-29,123.82978057861328
2023-11-30,125.3862533569336
2023-12-01,125.88279724121094
2023-12-04,126.12151336669922
2023-12-05,125.95919799804688
2023-12-06,126.05467987060547
2023-12-07,125.90190887451172
2023-12-08,126.11199951171875
2023-12-11,126.94273376464844
2023-12-12,127.48700714111328
2023-12-13,129.8360595703125
2023-12-14,129.20582580566406
2023-12-15,128.10768127441406
2023-12-18,128.31675720214844
2023-12-19,129.17999267578125
2023-12-20,127.30967712402344
2023-12-21,128.863525390625
2023-12-22,129.5061492919922
2023-12-26,129.79388427734375
2023-12-27,130.34063720703125
2023-12-28,130.67633056640625
2023-12-29,130.81060791015625
2024-01-02,133.11257934570312
2024-01-03,132.89199829101562
2024-01-04,133.5538330078125
2024-01-05,133.43873596191406
2024-01-08,134.61846923828125
2024-01-09,134.5992889404297
2024-01-10,135.21316528320312
2024-01-11,135.1172332763672
2024-01-12,134.7815399169922
2024-01-16,133.97584533691406
2024-01-17,133.70726013183594
2024-01-18,133.6881103515625
2024-01-19,133.7648162841797
2024-01-22,134.3499298095703
2024-01-23,134.25401306152344
2024-01-24,133.02626037597656
2024-01-25,132.82485961914062
2024-01-26,133.5825958251953
2024-01-29,134.52256774902344
2024-01-30,134.8295135498047
2024-01-31,134.6472625732422
2024-02-01,136.39292907714844
2024-02-02,136.19151306152344
2024-02-05,136.613525390625
2024-02-06,138.1002197265625
2024-02-07,138.4743194580078
2024-02-08,138.23451232910156
2024-02-09,138.12901306152344
2024-02-12,138.311279296875
2024-02-13,137.02598571777344
2024-02-14,138.21534729003906
2024-02-15,139.22247314453125
2024-02-16,139.67327880859375
2024-02-20,139.2032928466797
2024-02-21,139.5102081298828
2024-02-22,141.150390625
2024-02-23,141.82179260253906
2024-02-26,141.09283447265625
2024-02-27,140.74754333496094
2024-02-28,140.04734802246094
2024-02-29,138.9059600830078
2024-03-01,140.36386108398438
2024-03-04,140.15284729003906
2024-03-05,139.10736083984375
2024-03-06,140.05694580078125
2024-03-07,140.7091522216797
2024-03-08,140.4501953125
2024-03-11,140.37347412109375
2024-03-12,141.0256805419922
2024-03-13,140.47897338867188
2024-03-14,139.98020935058594
2024-03-15,139.42391967773438
2024-03-18,139.4075164794922
2024-03-19,140.33164978027344
2024-03-20,140.01397705078125
2024-03-21,140.19686889648438
2024-03-22,140.00437927246094
2024-03-25,139.81182861328125
2024-03-26,140.32200622558594
2024-03-27,142.18951416015625
2024-03-28,142.20875549316406
2024-04-01,140.995849609375
2024-04-02,138.80105590820312
2024-04-03,138.64703369140625
2024-04-04,136.64479064941406
2024-04-05,137.8673095703125
2024-04-08,137.42454528808594
2024-04-09,137.91546630859375
2024-04-10,136.29823303222656
2024-04-11,135.7399139404297
2024-04-12,133.71841430664062
2024-04-15,133.44886779785156
2024-04-16,133.49697875976562
2024-04-17,133.26597595214844
2024-04-18,133.25637817382812
2024-04-19,133.7568817138672
2024-04-22,134.26707458496094
2024-04-23,136.0190887451172
2024-04-24,135.59555053710938
2024-04-25,134.69065856933594
2024-04-26,134.7291717529297
2024-04-29,135.18157958984375
2024-04-30,135.08534240722656
2024-05-01,135.3260040283203
2024-05-02,135.22972106933594
2024-05-03,135.566650390625
2024-05-06,136.11532592773438
2024-05-07,137.2416229248047
2024-05-08,136.76992797851562
2024-05-09,137.9443359375
2024-05-10,138.22349548339844
2024-05-13,138.08872985839844
2024-05-14,138.67593383789062
2024-05-15,140.73594665527344
2024-05-16,140.57229614257812
2024-05-17,140.84185791015625
2024-05-20,140.54342651367188
2024-05-21,140.7841033935547
2024-05-22,141.0343475341797
2024-05-23,139.49417114257812
2024-05-24,139.02247619628906
2024-05-28,137.337890625
2024-05-29,136.2693634033203
2024-05-30,136.33676147460938
2024-05-31,138.32937622070312
2024-06-03,139.30165100097656
2024-06-04,139.70596313476562
2024-06-05,140.34127807617188
2024-06-06,140.8033447265625
2024-06-07,140.95733642578125
2024-06-10,141.4771728515625
2024-06-11,140.88998413085938
2024-06-12,140.59153747558594
2024-06-13,140.47604370117188
2024-06-14,140.4279022216797
2024-06-17,140.28350830078125
2024-06-18,140.46640014648438
2024-06-20,140.928466796875
2024-06-21,141.32313537597656
2024-06-24,142.14747619628906
2024-06-25,141.7029571533203
2024-06-26,141.20042419433594
2024-06-27,140.9684600830078
2024-06-28,140.85252380371094
2024-07-01,140.06005859375
2024-07-02,139.54788208007812
2024-07-03,138.48484802246094
2024-07-05,139.55755615234375
2024-07-08,139.40293884277344
2024-07-09,140.07940673828125
2024-07-10,141.40338134765625
2024-07-11,142.39878845214844
2024-07-12,143.287841796875
2024-07-15,142.78530883789062
2024-07-16,144.82440185546875
2024-07-17,145.48153686523438
2024-07-18,142.17648315429688
2024-07-19,142.9012908935547
2024-07-22,143.72271728515625
2024-07-23,143.63577270507812
2024-07-24,144.8340606689453
2024-07-25,144.10928344726562
2024-07-26,144.9210662841797
2024-07-29,145.00802612304688
2024-07-30,145.1336669921875
2024-07-31,144.60215759277344
2024-08-01,146.0807342529297
2024-08-02,145.7908172607422
2024-08-05,141.896240234375
2024-08-06,142.5533905029297
2024-08-07,141.103759765625
2024-08-08,144.22525024414062
2024-08-09,144.94036865234375
2024-08-12,144.38955688476562
2024-08-13,146.1387176513672
2024-08-14,146.66055297851562
2024-08-15,147.5786590576172
2024-08-16,147.7332763671875
2024-08-19,148.63201904296875
2024-08-20,149.23118591308594
2024-08-21,149.48245239257812
2024-08-22,149.57908630371094
2024-08-23,150.22657775878906
2024-08-26,150.14927673339844
2024-08-27,150.38119506835938
2024-08-28,150.55514526367188
2024-08-29,150.8740692138672
2024-08-30,151.91775512695312
2024-09-03,151.62783813476562
2024-09-04,151.366943359375
2024-09-05,149.28916931152344
2024-09-06,148.77699279785156
2024-09-09,149.82070922851562
2024-09-10,150.50685119628906
2024-09-11,150.06228637695312
2024-09-12,150.6034698486328
2024-09-13,150.91273498535156
2024-09-16,151.95643615722656
2024-09-17,150.390869140625
2024-09-18,150.1396026611328
2024-09-19,150.6807861328125
2024-09-20,150.06228637695312
2024-09-23,149.7683868408203
2024-09-24,149.46768188476562
2024-09-25,148.01266479492188
2024-09-26,148.50738525390625
2024-09-27,148.42977905273438
2024-09-30,149.3997802734375
2024-10-01,148.61410522460938
2024-10-02,148.31338500976562
2024-10-03,146.9747772216797
2024-10-04,147.0911865234375
2024-10-07,146.44125366210938
2024-10-08,147.23666381835938
2024-10-09,148.74017333984375
2024-10-10,148.18727111816406
2024-10-11,149.27369689941406
2024-10-14,150.0981903076172
2024-10-15,148.26486206054688
2024-10-16,148.68197631835938
2024-10-17,147.81869506835938
2024-10-18,148.5364990234375
2024-10-21,146.79049682617188
2024-10-22,146.5770721435547
2024-10-23,145.88833618164062
2024-10-24,144.92807006835938
2024-10-25,144.13265991210938
2024-10-28,144.3460693359375
2024-10-29,143.9483642578125
2024-10-30,143.6767578125
2024-10-31,142.46424865722656
2024-11-01,143.30816650390625
2024-11-04,142.3672637939453
2024-11-05,143.41485595703125
2024-11-06,143.5991668701172
2024-11-07,144.63706970214844
2024-11-08,145.6749725341797
2024-11-11,144.8213653564453
2024-11-12,142.8037567138672
2024-11-13,142.4254608154297
2024-11-14,140.18475341796875
2024-11-15,137.5851287841797
2024-11-18,137.68215942382812
2024-11-19,136.9740447998047
2024-11-20,138.59397888183594
2024-11-21,139.70947265625
2024-11-22,139.83555603027344
2024-11-25,141.02867126464844
2024-11-26,141.78526306152344
2024-11-27,142.5418701171875
2024-11-29,142.98806762695312
2024-12-02,142.73585510253906
2024-12-03,142.415771484375
2024-12-04,142.33816528320312
2024-12-05,140.74737548828125
2024-12-06,139.95196533203125
2024-12-09,140.35934448242188
2024-12-10,139.77735900878906
2024-12-11,137.8761749267578
2024-12-12,136.78004455566406
2024-12-13,136.76065063476562
2024-12-16,135.1310272216797
2024-12-17,135.0340576171875
2024-12-18,133.20074462890625
2024-12-19,132.19195556640625
2024-12-20,133.86032104492188
2024-12-23,135.19720458984375
2024-12-24,135.7526092529297
2024-12-26,136.0254364013672
2024-12-27,135.39208984375
2024-12-30,133.7258758544922
2024-12-31,134.0474395751953
2025-01-02,134.08639526367188
2025-01-03,135.40185546875
2025-01-06,135.46031188964844
2025-01-07,136.13262939453125
2025-01-08,136.83419799804688
2025-01-10,136.06442260742188
2025-01-13,137.83782958984375
2025-01-14,136.4152069091797
2025-01-15,136.97061157226562
2025-01-16,137.5162811279297
2025-01-17,136.59060668945312
2025-01-21,138.8511962890625
2025-01-22,138.53936767578125
2025-01-23,140.3907470703125
2025-01-24,140.61485290527344
2025-01-27,143.77186584472656
2025-01-28,142.7682647705078
2025-01-29,141.93026733398438
2025-01-30,143.56724548339844
2025-01-31,143.10928344726562
2025-02-03,143.66470336914062
2025-02-04,143.27493286132812
2025-02-05,144.64883422851562
2025-02-06,143.35289001464844
2025-02-07,142.68055725097656
2025-02-10,142.55389404296875
2025-02-11,142.29080200195312
2025-02-12,142.08619689941406
2025-02-13,142.64158630371094
2025-02-14,141.09230041503906
2025-02-18,140.8194580078125
2025-02-19,142.6513214111328
2025-02-20,143.4503173828125
2025-02-21,142.68055725097656
2025-02-24,143.84007263183594
2025-02-25,145.07757568359375
2025-02-26,144.03497314453125
2025-02-27,143.4503173828125
2025-02-28,145.11654663085938
2025-03-03,145.74989318847656
2025-03-04,144.39549255371094
2025-03-05,145.84735107421875
2025-03-06,145.44786071777344
2025-03-07,145.4575958251953
2025-03-10,143.88880920410156
2025-03-11,142.32000732421875
2025-03-12,140.89743041992188
2025-03-13,140.1471405029297
2025-03-14,141.21897888183594
2025-03-17,143.01185607910156
2025-03-18,143.08006286621094
2025-03-19,143.15802001953125
2025-03-20,143.24569702148438
2025-03-21,142.84620666503906
2025-03-24,143.93685913085938
2025-03-25,142.09791564941406
2025-03-26,141.57948303222656
2025-03-27,141.8044891357422
2025-03-28,141.36428833007812
2025-03-31,142.82176208496094
2025-04-01,140.2100372314453
2025-04-02,141.1490936279297
2025-04-03,140.004638671875
2025-04-04,132.32606506347656
2025-04-07,131.53375244140625
2025-04-08,130.07627868652344
2025-04-09,135.73007202148438
2025-04-10,131.94454956054688
2025-04-11,133.88133239746094
2025-04-14,135.51487731933594
2025-04-15,134.6834259033203
2025-04-16,133.31398010253906
2025-04-17,132.53146362304688
2025-04-21,129.6752471923828
2025-04-22,132.11085510253906
2025-04-23,132.7662353515625
2025-04-24,134.38998413085938
2025-04-25,135.0355682373047
2025-04-28,135.5735626220703
2025-04-29,136.23870849609375
2025-04-30,137.40272521972656
2025-05-01,133.65634155273438
2025-05-02,135.50511169433594
2025-05-05,135.1235809326172
2025-05-06,131.3968048095703
2025-05-07,132.40431213378906
2025-05-08,131.21095275878906
2025-05-09,129.78280639648438
2025-05-12,132.9912109375
2025-05-13,128.99049377441406
2025-05-14,125.95821380615234
2025-05-15,127.6113052368164
2025-05-16,130.1838836669922
2025-05-19,131.4359130859375
2025-05-20,131.7587127685547
2025-05-21,128.70684814453125
2025-05-22,127.6993408203125
2025-05-23,127.4939193725586
2025-05-27,129.274169921875
2025-05-28,128.60902404785156
2025-05-29,129.46981811523438
2025-05-30,129.74371337890625
2025-06-02,129.82196044921875
2025-06-03,130.12518310546875
2025-06-04,130.37948608398438
2025-06-05,130.20343017578125
2025-06-06,131.44569396972656
2025-06-09,131.22071838378906
2025-06-10,132.71731567382812
2025-06-11,132.78578186035156
2025-06-12,133.8226318359375
2025-06-13,133.15750122070312
2025-06-16,132.7466583251953
2025-06-17,130.55557250976562
2025-06-18,130.3306121826172
2025-06-20,129.70455932617188
2025-06-23,129.8913116455078
2025-06-24,131.48350524902344
2025-06-25,131.6014404296875
2025-06-26,131.91595458984375
2025-06-27,131.6309356689453
2025-06-30,132.47616577148438
2025-07-01,134.3632049560547
2025-07-02,133.03639221191406
2025-07-03,133.17396545410156
2025-07-07,132.0535430908203
2025-07-08,132.653076171875
2025-07-09,133.16415405273438
2025-07-10,133.9799041748047
2025-07-11,132.86929321289062
2025-07-14,132.71205139160156
2025-07-15,130.3237762451172
2025-07-16,131.9454345703125
2025-07-17,130.44171142578125
2025-07-18,129.57679748535156
2025-07-21,128.8396759033203
2025-07-22,131.23779296875
2025-07-23,133.93077087402344
2025-07-24,133.42950439453125
2025-07-25,134.13714599609375
2025-07-28,132.9675750732422
2025-07-29,132.12234497070312
2025-07-30,131.88645935058594
2025-07-31,128.19100952148438
2025-08-01,128.87901306152344
2025-08-04,130.72671508789062
2025-08-05,130.22549438476562
2025-08-06,128.26962280273438
2025-08-07,126.79537963867188
2025-08-08,127.9256591796875
2025-08-11,128.05340576171875
2025-08-12,128.93797302246094
2025-08-13,131.0019073486328
2025-08-14,131.66041564941406
2025-08-15,133.87179565429688
2025-08-18,133.55728149414062
2025-08-19,134.41233825683594
2025-08-20,135.13966369628906
2025-08-21,134.6875457763672
2025-08-22,135.7981414794922
2025-08-25,133.86195373535156
2025-08-26,134.69737243652344
2025-08-27,134.61874389648438
2025-08-28,134.0880126953125
2025-08-29,135.0708465576172
2025-09-02,135.1986083984375
2025-09-03,134.55978393554688
2025-09-04,135.0708465576172
2025-09-05,135.53277587890625
2025-09-08,135.48365783691406
2025-09-09,136.2109375
2025-09-10,134.97256469726562
2025-09-11,137.32154846191406
2025-09-12,135.73916625976562
2025-09-15,134.5794219970703
2025-09-16,134.5794219970703
2025-09-17,134.84478759765625
2025-09-18,135.1101531982422
2025-09-19,134.93324279785156
2025-09-22,134.89869689941406
2025-09-23,135.20477294921875
2025-09-24,134.6617431640625
2025-09-25,132.43038940429688
2025-09-26,133.7830047607422
2025-09-29,134.1779327392578
2025-09-30,137.40650939941406
2025-10-01,141.6520233154297
2025-10-02,141.3755645751953
2025-10-03,142.98492431640625
2025-10-06,142.29379272460938
2025-10-07,142.4023895263672
2025-10-08,142.6788330078125
2025-10-09,142.3629150390625
2025-10-10,140.30926513671875
2025-10-13,140.15127563476562
2025-10-14,140.5363311767578
2025-10-15,140.75355529785156
2025-10-16,140.5166015625
2025-10-17,141.45455932617188
2025-10-20,142.95529174804688
2025-10-21,143.29100036621094
2025-10-22,144.1104736328125
2025-10-23,144.189453125
2025-10-24,144.17958068847656
2025-10-27,144.51527404785156
2025-10-28,143.60691833496094
2025-10-29,142.1555633544922
2025-10-30,142.4715118408203
2025-10-31,142.42213439941406
2025-11-03,142.61959838867188
2025-11-04,143.26138305664062
2025-11-05,143.8142852783203
2025-11-06,144.09071350097656
2025-11-07,144.28819274902344
2025-11-10,145.41372680664062
2025-11-11,148.77064514160156
2025-11-12,150.88356018066406
2025-11-13,150.8045654296875
2025-11-14,149.90609741210938
2025-11-17,149.77774047851562
2025-11-18,150.6564483642578
2025-11-19,150.39974975585938
2025-11-20,149.50128173828125
2025-11-21,152.65086364746094
2025-11-24,153.29261779785156
2025-11-25,156.75814819335938
2025-11-26,156.41259765625
2025-11-28,155.65232849121094
2025-12-01,153.32223510742188
2025-12-02,152.40402221679688
2025-12-03,153.1149139404297
2025-12-04,151.94984436035156
2025-12-05,151.31796264648438
2025-12-08,149.5111541748047
2025-12-09,148.05979919433594
2025-12-10,150.212158203125
2025-12-11,151.63392639160156
2025-12-12,152.10781860351562
2025-12-15,154.12197875976562
2025-12-16,152.1177215576172
2025-12-17,151.8412322998047
2025-12-18,151.95973205566406
2025-12-19,152.9766845703125
2025-12-22,153.98507690429688
2025-12-23,153.67770385742188
2025-12-24,154.4808349609375
2025-12-26,154.72872924804688
2025-12-29,154.49075317382812
2025-12-30,154.36184692382812
2025-12-31,153.4893035888672
2026-01-02,154.1932830810547
2026-01-05,153.7272491455078
2026-01-06,156.75144958496094
2026-01-07,158.3081512451172
2026-01-08,156.78118896484375
2026-01-09,155.97804260253906
2026-01-12,156.04745483398438
2026-01-13,155.41287231445312
2026-01-14,156.5233917236328
2026-01-15,155.6310272216797
2026-01-16,154.4213409423828
2026-01-20,154.08421325683594
2026-01-21,156.9199981689453
2026-01-22,156.94973754882812
2026-01-23,156.1466064453125
2026-01-26,156.76136779785156
2026-01-27,154.1337890625
2026-01-28,153.00343322753906
2026-01-29,152.51759338378906
2026-01-30,153.42982482910156
2026-02-02,154.37176513671875
2026-02-03,152.7952423095703
2026-02-04,154.70889282226562
2026-02-05,153.52896118164062
2026-02-06,156.37466430664062
2026-02-09,154.99644470214844
2026-02-10,154.0148162841797
2026-02-11,154.92701721191406
2026-02-12,154.67913818359375
2026-02-13,156.3350067138672
2026-02-17,156.03753662109375
2026-02-18,156.3350067138672
2026-02-19,155.928466796875
2026-02-20,155.49220275878906
2026-02-23,157.1976318359375
2026-02-24,156.53329467773438
2026-02-25,156.49365234375
2026-02-26,156.08712768554688
2026-02-27,158.8435821533203
2026-03-02,157.18771362304688
2026-03-03,155.41287231445312
2026-03-04,155.7202606201172
2026-03-05,152.60684204101562
2026-03-06,151.40708923339844
2026-03-09,152.95387268066406
2026-03-10,151.85325622558594
2026-03-11,151.5558319091797
2026-03-12,148.8885955810547
2026-03-13,148.52171325683594
2026-03-16,149.73138427734375
2026-03-17,148.37298583984375
2026-03-18,145.8941650390625
2026-03-19,145.36863708496094
2026-03-20,144.0994873046875
2026-03-23,144.13433837890625
2026-03-24,144.15423583984375
2026-03-25,145.59788513183594
2026-03-26,145.10008239746094
2026-03-27,142.63095092773438
2026-03-30,143.18850708007812
2026-03-31,145.96624755859375
2026-04-01,147.08132934570312
2026-04-02,146.16537475585938
2026-04-06,145.6376953125
2026-04-07,145.9264373779297
2026-04-08,149.0128173828125
2026-04-09,148.67431640625
2026-04-10,146.66317749023438
2026-04-13,147.32028198242188
2026-04-14,148.17649841308594
2026-04-15,147.12115478515625
2026-04-16,145.96624755859375
2026-04-17,148.14663696289062
2026-04-20,146.77268981933594
2026-04-21,145.27928161621094
2026-04-22,145.7372589111328
2026-04-23,145.59788513183594
2026-04-24,143.5469207763672
2026-04-27,142.83009338378906
2026-04-28,143.20840454101562
2026-04-29,142.21279907226562
2026-04-30,145.34898376464844
2026-05-01,144.5226287841797
2026-05-04,144.09449768066406
2026-05-05,144.66200256347656
2026-05-06,144.7615509033203
2026-05-07,144.0845489501953
2026-05-08,142.85995483398438
2026-05-11,142.41192626953125
2026-05-12,145.2095947265625
2026-05-13,146.06581115722656
2026-05-14,145.9861602783203
2026-05-15,144.462890625
2026-05-18,145.0801544189453
2026-05-19,146.6731414794922
2026-05-20,146.48397827148438
2026-05-21,147.49948120117188
2026-05-22,149.23184204101562
2026-05-26,147.85791015625
2026-05-27,148.1366729736328
2026-05-28,150.21751403808594
2026-05-29,148.81369018554688
2026-06-01,147.1908416748047
2026-06-02,145.75717163085938
2026-06-03,146.90213012695312
2026-06-04,151.4122314453125
2026-06-05,152.33815002441406
2026-06-08,151.97972106933594
2026-06-09,153.8913116455078
2026-06-10,152.17886352539062
2026-06-11,153.4134063720703
2026-06-12,153.13462829589844
2026-06-15,152.2186737060547
2026-06-16,152.26846313476562
2026-06-17,150.04824829101562
2026-06-18,148.74398803710938
2026-06-22,150.05999755859375
2026-06-23,152.17999267578125
2026-06-24,153.35000610351562
2026-06-25,155.6300048828125
2026-06-26,160.33999633789062
2026-06-29,160.74000549316406
2026-06-30,158.66000366210938
2026-07-01,159.5399932861328
2026-07-02,163.74000549316406
2026-07-06,161.9600067138672
2026-07-07,164.44000244140625
2026-07-08,162.3000030517578
2026-07-09,162.1699981689453
2026-07-10,160.83999633789062
2026-07-13,161.41000366210938
2026-07-14,158.2899932861328
2026-07-15,158.2899932861328
2026-07-16,161.8000030517578
2026-07-17,161.08999633789062
2026-07-20,159.25
2026-07-21,160.25
2026-07-22,159.42999267578125
2026-07-23,161.44000244140625
2026-07-24,162.57000732421875
2026-07-27,163.39999389648438
2026-07-28,167.25999450683594
2026-07-29,166.24000549316406
2026-07-30,163.52000427246094
2026-07-31,162.5500030517578
2026-08-03,162.24000549316406
2026-08-04,162.10000610351562
2026-08-05,164.16000366210938
2026-08-06,164.4499969482422
2026-08-07,165.67999267578125
2026-08-10,168.44000244140625
2026-08-11,168.00999450683594
2026-08-12,168.44000244140625
2026-08-13,168.3800048828125
2026-08-14,167.3699951171875
2026-08-17,167.0500030517578
2026-08-18,169.72999572753906
2026-08-19,175.67999267578125
2026-08-20,172.38999938964844
2026-08-21,174.6199951171875
2026-08-24,174.6999969482422
2026-08-25,175.2899932861328
2026-08-26,173.5399932861328
2026-08-27,171.5800018310547
2026-08-28,171.16000366210938
2026-08-31,170.5399932861328
2026-09-01,171.6699981689453
2026-09-02,172.9499969482422
2026-09-03,173.25999450683594
2026-09-04,171.4499969482422
2026-09-08,167.1300048828125